29	185	53ed9125	c_53ed91258ae02f21edd9aadd53e57cb1c1f5cfaa_0.json	1	164.00286865234375
29	70	00809582	c_008095820a47306543a2659e54b74b98880a773e_0.json	2	163.0557098388672
29	215	d3c29775	c_d3c2977592e308a14bd0343586b217141d1c32e8_0.json	3	161.0948944091797
29	10	7e3bcff9	c_7e3bcff98a5e290755664dc27eb9b86ba64330d1_0.json	4	160.99844360351562
29	171	3880640e	c_3880640ee6268a2ecb2912e1ae896153dc2229e5_0.json	5	160.62913513183594
29	329	a2cf820d	c_a2cf820dd69e55050a8db004c305a6133c3feb2e_0.json	6	160.56747436523438
29	243	84d333ab	c_84d333ab1a80231963280a47711086a6b1a56781_0.json	7	160.31703186035156
29	281	0a7160da	c_0a7160dae4a0c9c8d1d59cdc2ce31301e67194c2_0.json	8	160.12255859375
29	122	5b14c5cf	c_5b14c5cfb2f0a9e900b3e581212308db87112782_0.json	9	159.81207275390625
29	187	eb404fe6	c_eb404fe6a4f5486dbcecc243611fd3aafeb7db6e_0.json	10	159.6605224609375
29	308	e366a693	c_e366a69318c97c70bd3278ffd8c61fad3c4a4456_0.json	11	159.44772338867188
29	135	24972c5e	c_24972c5eec9bb74dc7c1617c5df87a7ca60fd371_0.json	12	159.43963623046875
29	193	f04a1fb1	c_f04a1fb1a6453bb22509bd0cc4422af4d3506db4_0.json	13	159.4351348876953
29	89	45c01740	c_45c01740a0bc7f9fcf74c1d0acebb55b139ffcfd_0.json	14	159.28717041015625
29	189	82267287	c_822672873c5bfb4ca130c83c6684381e18a3937b_0.json	15	159.09922790527344
29	163	2ff9573f	c_2ff9573ffb08dd52ec3a55a49f2d77a1e94efbdf_0.json	16	159.067138671875
29	238	e2ba946e	c_e2ba946ea0e01c36c84f97f483e1d22cfd64b917_0.json	17	159.02114868164062
29	249	f641323f	c_f641323f4fed604953fdab54405a98eeaa2b1271_0.json	18	159.0194091796875
29	164	c155cebd	c_c155cebd4127367a7b649ca167c0c69284cc066b_0.json	19	158.76246643066406
29	201	47b2fa57	c_47b2fa57db0f54d71ea4822fdb44b10656002890_0.json	20	158.73748779296875
29	42	c8aa5fb6	c_c8aa5fb6bafc838ad742635d360404d6149c320f_0.json	21	158.68319702148438
29	154	1d040cee	c_1d040cee6c21afb693e1b849ec37712c493dc981_0.json	22	158.67233276367188
29	279	1042ba35	c_1042ba35258c9fcfa9f14ccd240d0d1212a2e3ce_0.json	23	158.3343505859375
29	216	92e4871c	c_92e4871c2ccc39882a1e522bbe8b226ca02752a5_0.json	24	158.32308959960938
29	317	3972aca2	c_3972aca26c57a2301c9fcb67c11d526c0e0fd084_0.json	25	158.31390380859375
29	246	8ee0ed53	c_8ee0ed532e4ddbf2746d802f9926b9e3d0116cc5_0.json	26	158.2594757080078
29	26	469e7179	c_469e71799a438ccb2d0925e50d4bb9dce37cdba2_0.json	27	158.1775360107422
29	257	0a8de54f	c_0a8de54ff89093fc8c5a2b00f7c0c856c5cbe57d_0.json	28	158.14532470703125
29	83	9a282e71	c_9a282e71e0a7c3333d7818dd9b7c6e23e4081516_0.json	29	158.09133911132812
29	188	b4b029ff	c_b4b029ff6870f823eba96c98411c27529869aab7_0.json	30	157.90240478515625
29	194	1b0a32df	c_1b0a32df8c9d7011d01a27b5fc682f48714b0d9b_0.json	31	157.81390380859375
29	24	83b7cebf	c_83b7cebfb619359348f9f56658aa94bd999d159f_0.json	32	157.7151641845703
29	248	81fe7161	c_81fe71619e9e96906d50c4dda64714b62353a2bd_0.json	33	157.67088317871094
29	123	42b00e99	c_42b00e9972d7abcf2001fc641d4c824b38b2a75c_0.json	34	157.6045684814453
29	62	326ac6df	c_326ac6df53e07b7090164c6b5d19db7554ec8d60_0.json	35	157.58892822265625
29	261	9c5ce350	c_9c5ce3501938cff01d78b7a1fff10a60abe9e0cf_0.json	36	157.57696533203125
29	284	880a9f6c	c_880a9f6c45dbcb14215bb35de21fdbbfaeb89c2e_0.json	37	157.52528381347656
29	327	10b14afb	c_10b14afb9ff42a3f216296f526f65d001b545e3f_0.json	38	157.37135314941406
29	136	099a4540	c_099a4540e153fdb81689d66ce2f4ac060c70b040_0.json	39	157.33694458007812
29	322	f4369852	c_f43698527ef2b5ba15fe85d46d2d505418f68243_0.json	40	157.31326293945312
29	198	4729315c	c_4729315c88e18a531c151162f42544d525e36752_0.json	41	157.19471740722656
29	199	ca1e681a	c_ca1e681ac7ce142befe950df5506e81c1935252d_0.json	42	157.19471740722656
29	146	111821a9	c_111821a90c84973a98511372ca024dc1a61f0126_0.json	43	157.18719482421875
29	309	58d89c0a	c_58d89c0a5b5eb446cae4c494eeb6180b9ac965ae_0.json	44	157.14144897460938
29	182	97744806	c_97744806d59820b096fb502b1d51ca54b5d0921d_0.json	45	157.10621643066406
29	268	147df44f	c_147df44faa4eb12ffd4a0063fc3284f784ea67c8_0.json	46	157.0886993408203
29	61	fc2253e2	c_fc2253e286a8fac3d1091f187428a3f258aea6c0_0.json	47	157.0703887939453
29	318	0cebfb4c	c_0cebfb4cdd85a968f76bca830bcfab8c094d8949_0.json	48	156.9920196533203
29	315	94f50c09	c_94f50c098ff5bede66ab67d56176c2329f21e758_0.json	49	156.9873809814453
29	46	0c281fb0	c_0c281fb0977c8bc7ac8c9e98cf9ff45bec6cf257_0.json	50	156.98275756835938
29	103	107ea069	c_107ea069b95617c3c3e537abdaffe11b858d3e16_0.json	51	156.9244842529297
29	31	d30f12f8	c_d30f12f8fc30ddc2c30a08beea0c10d6d8f2029b_0.json	52	156.90292358398438
29	271	9cd78b4c	c_9cd78b4c83df53ba302baadac4c976ca84f428f9_0.json	53	156.8709259033203
29	251	2391d470	c_2391d4701954389c3b51ac2357202cc335225189_0.json	54	156.84982299804688
29	304	27cf61e2	c_27cf61e22583db8e796e7c14f1f20fbc9538b1ef_0.json	55	156.80137634277344
29	27	04490af0	c_04490af06faa8fd1be15da88172beb32218dd336_0.json	56	156.73129272460938
29	156	d5c05da1	c_d5c05da1d75d6926e56269a5bfefb8e763f1a9e4_0.json	57	156.6812286376953
29	212	665386dc	c_665386dce6e8804408871eb35040bec6d42da528_0.json	58	156.67420959472656
29	319	6a999186	c_6a999186695d404ccb6c1528df68fe2eb42863c2_0.json	59	156.67254638671875
29	102	1f984e2b	c_1f984e2b4fd36b1619c4c99983a8344a29d74f00_0.json	60	156.65940856933594
29	179	1545ae48	c_1545ae48a67ad7f2c18942f4c2dfaf9ab8f7eccd_0.json	61	156.60446166992188
29	93	1314233d	c_1314233dde6b3f73c888fe4274e45d654b7639aa_0.json	62	156.5323486328125
29	155	7054900f	c_7054900f3187c70c60e9e86f1c2bcd4c13d7878f_0.json	63	156.5313262939453
29	244	34869394	c_34869394d0dcb4fc6bcb31027657b346bbc2afac_0.json	64	156.43003845214844
29	241	4727b372	c_4727b372ec04b648e55ce434747fd19de7fbfcde_0.json	65	156.39315795898438
29	109	43369022	c_43369022c5babd048535386e3773dbc1f67a5117_0.json	66	156.38375854492188
29	25	4fbf5978	c_4fbf5978d9473a2504a554cbe53dc29c49dd67b5_0.json	67	156.34043884277344
29	202	d7868443	c_d7868443b4071ef79e31b8f1b18501d7ad3e8ded_0.json	68	156.33193969726562
29	325	bc5f93f0	c_bc5f93f062d83ba1407c707725bfb5d55dc0a86a_0.json	69	156.2017364501953
29	9	5e987625	c_5e9876251049e7580a948cd7a1f019444599d554_0.json	70	156.18917846679688
29	3	e56f1e19	c_e56f1e194d5832c7d74bc5142fbcd1afc72ab54e_0.json	71	156.0945281982422
29	92	798f9e5c	c_798f9e5c5c508d2edf86300b8fc00687d4a4f914_0.json	72	156.06488037109375
29	80	b75a08c7	c_b75a08c7fb0d7088cd263606b2322cdb41740833_0.json	73	156.06314086914062
29	1	4cca25d7	c_4cca25d72b216bfc8f2e75e4a99afb608ceb6df8_0.json	74	156.0615997314453
29	181	08cf0f5d	c_08cf0f5d990cdc0daa251fd1a84d011e8cbecc9a_0.json	75	156.0585174560547
29	168	79a1091b	c_79a1091bd0a2dba7decacd23beac8104f3b5a5cb_0.json	76	156.0518798828125
29	231	d029367b	c_d029367b15c4ea8f6d4ef60e95d1eda4493dd167_0.json	77	156.03662109375
29	159	58107ae9	c_58107ae990fea55d1f8e1c7c30409d4ad11ed4cb_0.json	78	155.92825317382812
29	107	b92abb24	c_b92abb2404801d931c42d55f25749ad862947ea3_0.json	79	155.85781860351562
29	19	5aa47b70	c_5aa47b707d299503caf33e9ee1b44903b3a13eee_0.json	80	155.85394287109375
29	106	0c5f4058	c_0c5f40589c4978f952db05ff9fa9258a0ca99381_0.json	81	155.82754516601562
29	204	c221842a	c_c221842ad13b572d9ab6e896664e3c09ce57e4a6_0.json	82	155.8177947998047
29	218	9f086c53	c_9f086c536256675a6ca900999fdb54ec06e71f71_0.json	83	155.8026580810547
29	272	d89e42ab	c_d89e42ab8c7a35853a48833d7f84294ab66f00ff_0.json	84	155.75921630859375
29	97	249ba6c8	c_249ba6c8d44720bc697400961a18f935110526b1_0.json	85	155.72671508789062
29	207	298804b7	c_298804b71d4e5f8b621f48a300f421229a3f5c86_0.json	86	155.72537231445312
29	240	20dfc60e	c_20dfc60e4c04d9fd69fdedbcbe50020c7e798f3a_0.json	87	155.71585083007812
29	307	d26c4299	c_d26c429922ccd67aa270cf5a6cae7c36e7dc285a_0.json	88	155.70721435546875
29	157	7e7e4d85	c_7e7e4d85577cd94e159a99160c357d1337494b44_0.json	89	155.6988067626953
29	305	c1b7d4cc	c_c1b7d4ccd8d500879aae6b0c6d202e2b0f5007cc_0.json	90	155.6687774658203
29	67	f72129b3	c_f72129b3ef1cdcd83565cf1f925a8a134aad615f_0.json	91	155.57180786132812
29	253	c338c8ac	c_c338c8aca40d43efda580057f6d41ba228e26ec1_0.json	92	155.55453491210938
29	217	0149b8ad	c_0149b8ade6ca4994531a54603472e7bd43d07b3f_0.json	93	155.55029296875
29	239	538fb688	c_538fb6889f0387a40b821cfb315685e929110736_0.json	94	155.51251220703125
29	296	b0c92c04	c_b0c92c04fe83ff9348221ac6964f73badffd9b90_0.json	95	155.45574951171875
29	285	043c62bf	c_043c62bffd422755c68475b8d66d280dac6c2a97_0.json	96	155.41030883789062
29	234	d4e64e2b	c_d4e64e2bd02759b4f5c01c888a3787d6c526f687_0.json	97	155.274169921875
29	59	3fd1eb0f	c_3fd1eb0f0b58e61775dd5fee98d1a00eb53363de_0.json	98	155.24708557128906
29	173	7d52b84b	c_7d52b84bd4399872c37c6c0fc3936ff7a7415c6a_0.json	99	155.201904296875
29	69	7411e1ff	c_7411e1ff1bd0baf352683e67ac779bc9b0f2d54f_0.json	100	155.2010498046875
29	160	37ead87c	c_37ead87cdd8de8ddb6cbb2f8f091eb572565080c_0.json	101	155.189208984375
29	147	8576b533	c_8576b5331ce810a2349bea05b6a266f9dbd37c49_0.json	102	155.1745147705078
29	190	f3f97332	c_f3f97332ec76c66891c516cbaf3b53cedfdfcdfc_0.json	103	155.14288330078125
29	169	b599e124	c_b599e124a373de091bb6e5b0d771505efccc444d_0.json	104	155.13677978515625
29	247	8f8639f6	c_8f8639f6a2606f45c130d7d9b65248248fc431c1_0.json	105	155.08706665039062
29	282	e79254e9	c_e79254e91509806d466364b27756f9fb08b02af1_0.json	106	155.08082580566406
29	191	7a759b5f	c_7a759b5f2c7b9e2874d008d2138604aa3644884f_0.json	107	155.07858276367188
29	44	db906786	c_db90678631fe5ea639563960b5bb51a31abb80fc_0.json	108	155.06869506835938
29	262	c8606251	c_c8606251c904dfaf5303f71b788e12f7fff15fab_0.json	109	155.06704711914062
29	213	f887e8b6	c_f887e8b6e2ebb519c6d0e51b1ddae6bd356dc3c0_0.json	110	155.06422424316406
29	214	10195f22	c_10195f227a2285d8213eea422996aadda00ba7cd_0.json	111	155.0146942138672
29	245	28a8c187	c_28a8c187f1423b5f10654aba41dc2e8ad4719c81_0.json	112	154.9886016845703
29	233	7efb32e5	c_7efb32e5ab2acecf30ca344857c420a4e7133c95_0.json	113	154.98226928710938
29	297	4141904a	c_4141904a4bc95471d2f80ecf35d012e7fcf34bb3_0.json	114	154.93125915527344
29	77	94dff209	c_94dff209382d395434924a7914f677fbfaae8656_0.json	115	154.92689514160156
29	211	2490250f	c_2490250f9b3044e4cd946f11b46694f943f5814d_0.json	116	154.92552185058594
29	328	3433f467	c_3433f467554985a6bd9bf530a4810376be6fe250_0.json	117	154.91806030273438
29	263	b1331806	c_b1331806960001da95424315b6103d755107b519_0.json	118	154.8911590576172
29	267	73b2b5bc	c_73b2b5bc1c8ba94cbf4fe95ed900b11fcc05ee7b_0.json	119	154.8607177734375
29	58	9b2b8038	c_9b2b8038b52be022e42c8c7fdf26e236888f94c5_0.json	120	154.81646728515625
29	15	e56c41bc	c_e56c41bcf610081622b663fc053521552705909f_0.json	121	154.77713012695312
29	312	b4b0fb12	c_b4b0fb12338b7b3e240b4d8d9663bdea3bed06a4_0.json	122	154.76800537109375
29	32	f1a32a54	c_f1a32a54f9ccc6895f94122aa32937167cbc3d3c_0.json	123	154.76565551757812
29	221	51f4ee70	c_51f4ee70a4f5a8a921557b2a53413fb19c52b918_0.json	124	154.74862670898438
29	79	6e9aaf2c	c_6e9aaf2c13738c98df616641ef036ea2d4e52c45_0.json	125	154.73800659179688
29	195	3fc3de95	c_3fc3de95a9090a99b864d60041c7b187e6859214_0.json	126	154.73681640625
29	54	5470bcaa	c_5470bcaa9d75d73fb9c687fa13e12d642c75984f_0.json	127	154.73170471191406
29	298	84234a65	c_84234a65638f0e9e4be73dfcccaa6530a5b571af_0.json	128	154.67825317382812
29	326	180a16de	c_180a16def56be368c2c33a56c1778b8d7ce170c7_0.json	129	154.57772827148438
29	174	9c27a7e6	c_9c27a7e68c42b176eda9cd2df0ef95d166a7aa45_0.json	130	154.5483856201172
29	116	cc7da5a7	c_cc7da5a77900d67237c96b35a33ee6a5efff12e8_0.json	131	154.53768920898438
29	242	3011f7bc	c_3011f7bc688fa2f89650352617950a7f03a5c50b_0.json	132	154.45565795898438
29	273	363f8abe	c_363f8abe502848af3b844936f9e2d5181084c0b0_0.json	133	154.45042419433594
29	162	b0e1b80b	c_b0e1b80b6d4a10a9c9f46539bc4c7a3cce55886e_0.json	134	154.43109130859375
29	108	39591cd3	c_39591cd3b26cc893a69f2304d2dff91683fb5e0f_0.json	135	154.42596435546875
29	0	aae50c58	c_aae50c585ec3ac33c6a9af792e80378904a73195_0.json	136	154.41302490234375
29	235	b8f82593	c_b8f825936796e2f5b6663de021aefa53fa728f67_0.json	137	154.39727783203125
29	29	745d1a53	c_745d1a535c9cf45d24455afc150b808981c8e0df_0.json	138	154.391845703125
29	283	b20a8e9f	c_b20a8e9fd4d7d63621bf61ffaa43b51ea2fca3c7_0.json	139	154.3661651611328
29	299	eeb83e4d	c_eeb83e4d69f835a5a1da54f6fd1f541d9ed7a80d_0.json	140	154.35079956054688
29	269	c16ce246	c_c16ce246fae8f2b699b90656cca27f35c6c50b42_0.json	141	154.3479461669922
29	118	86f58230	c_86f582300c76520151e98bb70b898b8dbb2299c0_0.json	142	154.33656311035156
29	23	f9df5184	c_f9df51847e354190206432ba87661586e6dc814d_0.json	143	154.3140411376953
29	90	9903ac85	c_9903ac8576124325025a7219ba15bd51836e942e_0.json	144	154.2259521484375
29	180	7220ac2f	c_7220ac2f6b0dd525e5384e2d5708fb63475f836c_0.json	145	154.17279052734375
29	274	67289747	c_67289747fc56e79ee9092a47cd2ff5bd0c688a29_0.json	146	154.16156005859375
29	56	be7dfa5b	c_be7dfa5b0a0e0bf609ac77ae45aeb2c3287ad453_0.json	147	154.1114501953125
29	7	66d0ae62	c_66d0ae6216730abd8bd736e210be73229c8e807b_0.json	148	154.10885620117188
29	252	b7b2069f	c_b7b2069f9d846c6aea5fee98508ec1491fdf1123_0.json	149	154.10736083984375
29	210	d72a578a	c_d72a578a8949e4b1c437ec55997d8786836f139c_0.json	150	154.00209045410156
29	287	8c323927	c_8c3239277edbfbe8584c3f2b951eb16cf4448f54_0.json	151	153.9596710205078
29	78	667f17a8	c_667f17a8305c3ee6ac0fb01e91c62569ec162690_0.json	152	153.95578002929688
29	259	cfbb46ad	c_cfbb46adb163d9b8af00e9a29e6b42d597f8804f_0.json	153	153.86764526367188
29	167	3dc96b8c	c_3dc96b8c65512372b4ab3d2936ae8433f06cedbe_0.json	154	153.8475341796875
29	37	c08f7383	c_c08f73835beda155421d78ee4f96d9e11c501159_0.json	155	153.7799072265625
29	99	e543edc2	c_e543edc2a488729baea94cc554631cec3fb62b74_0.json	156	153.72393798828125
29	57	6dffb657	c_6dffb657aa427151ba9bf2b832977c42f8c01f7a_0.json	157	153.7200927734375
29	50	0f52eff0	c_0f52eff086c74ad246c23a82f01b39a39c107ffa_0.json	158	153.68215942382812
29	4	08a1eabc	c_08a1eabc26336b225cfadd3f90b2582dd2c50500_0.json	159	153.64244079589844
29	306	aa2434d3	c_aa2434d301c49d100f50af544333886a6767ce9d_0.json	160	153.55667114257812
29	53	beb276cf	c_beb276cf237cd5d21286f522b56338ee6d31199f_0.json	161	153.50621032714844
29	87	43c4f66d	c_43c4f66d93a9cc09eb4e8cdd17f71fe151edae9c_0.json	162	153.49069213867188
29	28	dde69934	c_dde69934d7f0bee13e4cd1fc99a7d60ce95a0c78_0.json	163	153.48199462890625
29	104	b75b00a5	c_b75b00a56fe738c55abbd70addf2f7128d979245_0.json	164	153.42762756347656
29	310	0e45f911	c_0e45f911c8269f0888596fe62be35a18e6e3fb82_0.json	165	153.4272918701172
29	275	ae2ff1d1	c_ae2ff1d12efd8f0f55bfa1febd8c77af4bb433c7_0.json	166	153.40869140625
29	229	05e7cd0a	c_05e7cd0a3266cb9d1a425be5107beb27fe171c2a_0.json	167	153.40736389160156
29	8	929f3973	c_929f3973abd81100e7dd6cd1714bddd65a133d57_0.json	168	153.40451049804688
29	65	c2309ac5	c_c2309ac5b35772af1dcf5a3626a0763e13608b01_0.json	169	153.39466857910156
29	254	a9313916	c_a93139165b160af1c908c85a06b0af6b3dda3387_0.json	170	153.36968994140625
29	236	aa050a69	c_aa050a69b2395f496f953f4f9c4f63a475dcf430_0.json	171	153.3573455810547
29	113	c969cb74	c_c969cb74f20b48ed7f002ddf45f2990b790290ea_0.json	172	153.35598754882812
29	278	634bad00	c_634bad006b48f86588829323ae9dfd8832de175e_0.json	173	153.3538055419922
29	33	5c427ddc	c_5c427ddc8fc5a36bcc21021eccfb0e82063bef3c_0.json	174	153.26470947265625
29	200	d3a34db8	c_d3a34db8cedf5bc9306abf60b9c8d346145e29d0_0.json	175	153.25315856933594
29	264	99aa05af	c_99aa05af2bfef3980ad8f94230cd077e8d30c5ea_0.json	176	153.21597290039062
29	117	3a93ea2a	c_3a93ea2aca3f922db5fad09547908cfc559e9937_0.json	177	153.19444274902344
29	203	c8510918	c_c851091864d903229ebd16656a40b28de6e56846_0.json	178	153.18704223632812
29	76	7fb448fe	c_7fb448fe0afe4fe9d49e9a05e7e208ebe06b2fee_0.json	179	153.16758728027344
29	115	18cf7990	c_18cf7990899da4d0e5c4c1ec311a952420b54dc1_0.json	180	153.1306915283203
29	133	d7b3db12	c_d7b3db12bec1b028cf659cdfc7c8640facc88728_0.json	181	153.10336303710938
29	64	bd813d59	c_bd813d59ee787ad02916b51a1854e5366864dfab_0.json	182	153.0189971923828
29	255	eed25612	c_eed25612b11caf1f4e6e572e58db4306f31803c9_0.json	183	153.00547790527344
29	5	09474659	c_094746596cb39b2bfbd1843233b7dd2009736c00_0.json	184	152.96197509765625
29	18	fbc0bd02	c_fbc0bd02b0d9d97ae044aebbbfbc5b13d3eacafe_0.json	185	152.95362854003906
29	172	6f972cf5	c_6f972cf56d7a3054bac902fecb6d3dd5ee310dea_0.json	186	152.91293334960938
29	45	436ef8b2	c_436ef8b2ff7381e797436fc50d087d70b8032f40_0.json	187	152.9032745361328
29	6	f24d6a43	c_f24d6a437b9eb4ed3eebfe3bd2267a51df1e3912_0.json	188	152.8602752685547
29	120	b120308e	c_b120308e5307a4a4fec6d4f1c6b0a5390d6c4558_0.json	189	152.72708129882812
29	66	213c137b	c_213c137b7515e71abf006611d8927b4fa68bd62b_0.json	190	152.70645141601562
29	130	ae8e1d82	c_ae8e1d82dfc046b4054b6158cf818d1bfe6584ec_0.json	191	152.68580627441406
29	222	33abc034	c_33abc034037e3ef5d85d1b03010122617c386827_0.json	192	152.6683807373047
29	13	c7127329	c_c7127329dad2c5d6284532da09ddc0fdefd67436_0.json	193	152.62152099609375
29	321	135281e9	c_135281e95ce1616ba42a18691282be9d8d4af73b_0.json	194	152.54183959960938
29	280	f1e3d9db	c_f1e3d9db8fe9efd30ecadc466a2009524fc1710a_0.json	195	152.50506591796875
29	48	3b8e3de5	c_3b8e3de5b7599a6165d48103f94f3a830361188d_0.json	196	152.46524047851562
29	256	f104dd06	c_f104dd060c6c88450ac9ee9eb818b26374512440_0.json	197	152.4228973388672
29	258	8d450c90	c_8d450c9096426d4419d07f67f260067e42e5a76e_0.json	198	152.40245056152344
29	98	a8a8ec06	c_a8a8ec06a85a1090d560dc6cf236663da580863e_0.json	199	152.4011688232422
29	225	1c6da3c7	c_1c6da3c7f3f6005f3de725807ba9b0396ef20be9_0.json	200	152.25888061523438
29	139	4b0bfcfa	c_4b0bfcfa66b01f6d5e8ccf6225bd483bb27d879b_0.json	201	152.25802612304688
29	40	872f1d5b	c_872f1d5b21aae8a374249d5fabd026ec14b27c5a_0.json	202	152.2330780029297
29	300	ac6e754e	c_ac6e754ecfc86822aa1ab74d657b0b3f0222b2e6_0.json	203	152.19595336914062
29	137	5ad6ce22	c_5ad6ce22f851b3a05b370890686b45997182effa_0.json	204	152.1697540283203
29	14	991e627d	c_991e627d88b40d246f0fe29367994cbec0c1d3ff_0.json	205	152.13233947753906
29	20	16b91ad2	c_16b91ad2b9f5f524b2b07ba4515c65479999f7ee_0.json	206	152.10006713867188
29	132	6b7691b5	c_6b7691b583f10c92258d2ca1960896af187bbcd9_0.json	207	152.0194854736328
29	311	ace122cc	c_ace122cc24c7e7b396b7071654702d857bbd23ab_0.json	208	152.0102996826172
29	237	459f2d09	c_459f2d0921b1659dfb3579881831449059f7add4_0.json	209	151.9861602783203
29	96	5db7cc6d	c_5db7cc6d0dacef08622701220a562508f23624ae_0.json	210	151.96522521972656
29	30	fc0723b7	c_fc0723b7aa9d4f05dd7ac5fb6131efe419da31d1_0.json	211	151.91323852539062
29	295	4745ade0	c_4745ade0eb9450e51476269ad3d55db52df677e6_0.json	212	151.899658203125
29	91	cb8c4573	c_cb8c4573aa89c9097d9b91effb66d91e13b4449c_0.json	213	151.81126403808594
29	86	e4925b28	c_e4925b286a8e73ab64041c1266463ef1955efb51_0.json	214	151.80677795410156
29	12	7c571fe3	c_7c571fe33b6f07a0529f515819d54700227342c2_0.json	215	151.72166442871094
29	16	70a7b5fe	c_70a7b5fe868e872348374741cc27d2d453fb49bd_0.json	216	151.72166442871094
29	35	821b85fe	c_821b85fe781d57c9bd5851d3c95f3497ea397c17_0.json	217	151.70130920410156
29	22	1060ee73	c_1060ee73965dc30d92afbad80525bd4cdabe9153_0.json	218	151.62603759765625
29	320	4c971f08	c_4c971f08861e8cefb8ca9ac20799bfdad4e973a4_0.json	219	151.59326171875
29	288	0f964c63	c_0f964c63c8f60f7ae7ac671565ed73c0f3fd9023_0.json	220	151.57815551757812
29	71	5904ffa8	c_5904ffa88dddfe622884cebec904dca975ce0b2c_0.json	221	151.53128051757812
29	47	4c34483e	c_4c34483ea18c6a4f259f19a6d18637bb1fbae1e8_0.json	222	151.50230407714844
29	36	b1efd861	c_b1efd861095ee4f0a13337fa4e83e900a297d0bd_0.json	223	151.49757385253906
29	314	aa9f4de4	c_aa9f4de4650ac323fa6b0bb7c9d1a58affe07858_0.json	224	151.47010803222656
29	196	4ee0d6c4	c_4ee0d6c4f1b553858aeabf3ee6fb37d764f263e2_0.json	225	151.41087341308594
29	121	c193918c	c_c193918cab8d7fce175fd58aa5fee346f3cf838c_0.json	226	151.3641357421875
29	49	347bbeb8	c_347bbeb8f98a49744501ac50850457ba8751d545_0.json	227	151.3506317138672
29	149	279e5a9c	c_279e5a9c468a48574a55db31f0a6e33d9309a667_0.json	228	151.31524658203125
29	302	6a585453	c_6a585453d385449dc23d90479488f92f02cd6b83_0.json	229	151.3115997314453
29	301	02dd7c20	c_02dd7c20646bf67dcfb6f7da6beeb7cdffc6ac22_0.json	230	151.2285614013672
29	150	fe4b5459	c_fe4b54595b1a9ac9e6abfd2ce31ddb348ae2df77_0.json	231	151.22601318359375
29	166	d35f2fa7	c_d35f2fa7a06457469a617677eeb4c1dc21484006_0.json	232	151.22216796875
29	291	88cf9e4a	c_88cf9e4ab6e1b127de46fb2540f4d1fffac56442_0.json	233	151.15992736816406
29	266	0823e110	c_0823e1100abd395aa022285dc97d2dc0dd9472ef_0.json	234	151.06314086914062
29	230	3d11b55c	c_3d11b55c1c5b33af7f4a822987aad5d2e18fd39e_0.json	235	151.05882263183594
29	232	0158f772	c_0158f772b3ea94000054cd5b1fc0d0cda2f29a1b_0.json	236	151.01620483398438
29	209	df8f8e16	c_df8f8e160c5fc9b955c627c4b65c7ba67088b7ac_0.json	237	150.8841094970703
29	17	7f90b98c	c_7f90b98c1f77a0c1af9c774a12e8e257d7a0d1ac_0.json	238	150.82122802734375
29	303	e66e2de3	c_e66e2de3fafbdce55f51c942b970d4fbc0370a77_0.json	239	150.73748779296875
29	100	648c03ad	c_648c03ad0f852812cb9d056159313f4de713faac_0.json	240	150.69320678710938
29	270	028893da	c_028893dad71e4823f67a427903699999d6eedd4b_0.json	241	150.63258361816406
29	105	8ee4b573	c_8ee4b573a3ad381d13adaa945d62371d557da957_0.json	242	150.61685180664062
29	170	f7895947	c_f78959477b207bf710049aa35730ef7659f0a1b9_0.json	243	150.58889770507812
29	151	3864adf9	c_3864adf9edcafbabd48fc8b228acf7f4d9a27558_0.json	244	150.56886291503906
29	178	a52a9af7	c_a52a9af7c135b93a2f8c2480916ec5f5bad226ec_0.json	245	150.55307006835938
29	52	6bcbf153	c_6bcbf153c4497c38c4c36c3a04c1eac1f4cc153b_0.json	246	150.51675415039062
29	324	e7c21984	c_e7c2198454153e0d74535e21cafbf1583a92de55_0.json	247	150.5045166015625
29	63	c0d5c79f	c_c0d5c79f572fc44c527e842f94bbbe9e4b12701d_0.json	248	150.4422149658203
29	290	6c740e79	c_6c740e79cb07ec9074b2c77822732c0678690ae9_0.json	249	150.42178344726562
29	11	4dcbfa67	c_4dcbfa673771c8fcd2477cf7dd122ef8fe8967b7_0.json	250	150.3862762451172
29	226	8214cec4	c_8214cec49675d881c49a22172a20edee09add6f7_0.json	251	150.2981414794922
29	205	6a6bb488	c_6a6bb48840aa0043200a5d9f6fffea47aea1a8db_0.json	252	150.2189178466797
29	34	79d5a462	c_79d5a462977cd1ded406e11f67a105978f7b11c7_0.json	253	150.19419860839844
29	316	ce3a9625	c_ce3a962527c403b7a2ee285830df47caaef56359_0.json	254	150.18740844726562
29	126	5606f004	c_5606f004a69c67c4a9dfbe199818ec92ea7f502e_0.json	255	150.06117248535156
29	265	535beb12	c_535beb125f0627c5399fc365208d3be24da81048_0.json	256	150.00062561035156
29	124	e3f4d1c0	c_e3f4d1c0f2ef2ac9a4a33f49368b7386f8913c2d_0.json	257	149.92205810546875
29	2	ead3757e	c_ead3757ef361f85cfb92754e808dafd74eb15702_0.json	258	149.76785278320312
29	140	976f6ae1	c_976f6ae13f850fe840f57babf5b08ae1226a40e3_0.json	259	149.7142791748047
29	323	8fd05b58	c_8fd05b58d8fea56b61c15f3a9c0b67fd5f095188_0.json	260	149.64593505859375
29	260	cf06f677	c_cf06f677daf09348e0595b50dc19f7e32f1521b9_0.json	261	149.57142639160156
29	313	32c9109d	c_32c9109d429f01e299ded69756644501191d33ac_0.json	262	149.52198791503906
29	128	dff95ba8	c_dff95ba80396e9b9d6f1e1142fb85840ff552ef8_0.json	263	149.47637939453125
29	183	bfe6bd86	c_bfe6bd8634895645aa71d6a6dc668545297d7413_0.json	264	149.4699249267578
29	43	43a35455	c_43a35455d2e62a7a4ea2820e7e05fbebc2a84f3e_0.json	265	149.39352416992188
29	223	d36adebd	c_d36adebd3547279b709960c902c3fb7b89a9a4ef_0.json	266	149.35658264160156
29	95	fe5fd7e9	c_fe5fd7e9cb8482c8ae5ae08e3679390781f425aa_0.json	267	149.26885986328125
29	152	c967bd6c	c_c967bd6c9b990cc8b70fd6ef771e2d0829552337_0.json	268	149.2631378173828
29	219	5f8a5705	c_5f8a5705f94be11bbaaf6f6845d11814b02400c2_0.json	269	149.04632568359375
29	208	fea35870	c_fea35870b69c0d37ab36ab6783edbc7aacc0842c_0.json	270	148.96713256835938
29	228	ead1f16f	c_ead1f16f5983e080e4abc98b9b5aba288f2c320f_0.json	271	148.94607543945312
29	94	9cb37e0e	c_9cb37e0e0363bc71646a146b1dac6ac59b6a629e_0.json	272	148.78021240234375
29	84	6270b291	c_6270b291e3e1b9d829656c9134ef968e13aa2d81_0.json	273	148.76885986328125
29	292	2ddaae14	c_2ddaae14dd23643a4b5f71f8274534b0b34556a4_0.json	274	148.6307830810547
29	85	30623711	c_30623711dbb452d26fca945c08d86675b544db5b_0.json	275	148.6298370361328
29	192	4e5351db	c_4e5351db96d4640e93bd52b95e03e951ab601871_0.json	276	148.6236572265625
29	250	c49b5fe1	c_c49b5fe1cbce7809a20535ef2e2910e10d485756_0.json	277	148.4723358154297
29	81	e9224920	c_e9224920fa2f47eaba256a264b0f29dfff1fa150_0.json	278	148.46286010742188
29	68	8f95e4a7	c_8f95e4a724350f9f80429c2af1c3ac9bb2b2c2db_0.json	279	148.42852783203125
29	119	c51e61f8	c_c51e61f888f37b4536c2a667881fdae450ae9c43_0.json	280	148.36753845214844
29	75	fd3362fb	c_fd3362fb2cbe9fecb4a79654972b33088750630b_0.json	281	148.31143188476562
29	165	85248e8a	c_85248e8ae52232ed75c2b4c52d4071bdf192db37_0.json	282	148.2545623779297
29	177	c29455d2	c_c29455d2608f77b546093e9b021950645a37fabc_0.json	283	148.21841430664062
29	134	234ae35d	c_234ae35d4fc177e27e25269c2774e20f444b8a58_0.json	284	148.15281677246094
29	158	536b3f6a	c_536b3f6a1a7d89ed07e580fb2e2e9cf89c84d0d9_0.json	285	148.1465606689453
29	125	cce36ecc	c_cce36eccbc144814d3cef1d4c54cad1bcb75c150_0.json	286	148.09336853027344
29	289	e34eebb9	c_e34eebb948ad79404871c3ff78ece471eecbf295_0.json	287	147.8448486328125
29	41	a0212835	c_a0212835ed42e03a01c2c930a695e478a0884f68_0.json	288	147.78277587890625
29	143	f671febe	c_f671febe85e806a04b791c797b4645784c386400_0.json	289	147.77577209472656
29	184	4cf1b71f	c_4cf1b71f9f9b7a102fafaa6e03825aa3eaffca7e_0.json	290	147.7206268310547
29	161	0bcfa8d3	c_0bcfa8d31caf293b712a694906f511962d0d34fd_0.json	291	147.68275451660156
29	276	db4a638c	c_db4a638cf642fd7d031fcaebffa306b0a16ba771_0.json	292	147.55587768554688
29	186	062ee682	c_062ee682595d9cd42a93a7476956a119d4f2ab2e_0.json	293	147.45680236816406
29	129	96b70343	c_96b70343ac75bc9f71e9c3a6f0460704baf4907b_0.json	294	147.44166564941406
29	114	cf25dd1b	c_cf25dd1b71923b13af6a72328916161d4a4aaac2_0.json	295	147.34017944335938
29	206	4f407378	c_4f407378c93b9e2a8e24c855e8bed5eb12bf7a06_0.json	296	147.1836395263672
29	112	823dfdd1	c_823dfdd16943a76ae9b6d70dcd03cb34d2a852fd_0.json	297	147.05087280273438
29	110	8bd594f4	c_8bd594f4f437a969a5d9a89e1d62cebd59472961_0.json	298	146.92808532714844
29	145	1452fbbc	c_1452fbbc3421891c93831293705926e168e43299_0.json	299	146.88104248046875
29	220	cb3b8455	c_cb3b84558257d6c9868ae797a50ef806d08692fd_0.json	300	146.79576110839844
29	141	d5a2b871	c_d5a2b871f38badc9d06e555478b9f522f46feaf5_0.json	301	146.74722290039062
29	39	62670f56	c_62670f565aa434b6cb614c1054a8ea5bc3715f25_0.json	302	146.67825317382812
29	38	f5771830	c_f577183054dd835d31a3f40026fe63831c140791_0.json	303	146.58843994140625
29	227	b6cfdf96	c_b6cfdf9648f6f09f76e9bc686fd79ccfdd1d6102_0.json	304	146.5636749267578
29	142	d5d9daf2	c_d5d9daf235c7a223df7a765bd3aa78b1d15de893_0.json	305	146.45721435546875
29	153	08002a78	c_08002a783fd06ff75decd877e4e8bed1556c73f0_0.json	306	146.4231719970703
29	101	083189d6	c_083189d6835464b71fff4d36caa3d55de2087825_0.json	307	146.4087371826172
29	224	b736fcf7	c_b736fcf7c59cfee084e65d06e85cb2c4caf2e9d1_0.json	308	146.40623474121094
29	127	e503a076	c_e503a076f584ca4aacbd8fa785111262f7411098_0.json	309	146.3923797607422
29	138	ba3db969	c_ba3db969a6dc7a346b0c11912483264af9d80554_0.json	310	145.98507690429688
29	148	e2e94724	c_e2e9472412b3a88f698c80127c4883d9fe78c5f5_0.json	311	145.97035217285156
29	55	7e6dedb3	c_7e6dedb3098a6704422cf2ded3c099bdc0e0c6a0_0.json	312	145.92747497558594
29	21	e6ca08f0	c_e6ca08f00a87ad141ab46c8739374adfd396782b_0.json	313	145.8805694580078
29	131	9a3f8e0c	c_9a3f8e0cad47a90f8f648abee54159b00f334a85_0.json	314	145.86949157714844
29	277	4e4db7b3	c_4e4db7b36b883405058a25575a0f7cf5c24ac243_0.json	315	145.8492889404297
29	175	efb671d4	c_efb671d4eeb460f38cb61ef80abcba75b8af5bc6_0.json	316	145.37188720703125
29	88	96923d14	c_96923d146a098512857b19c745c32109cc18bd81_0.json	317	145.26687622070312
29	60	500e99fe	c_500e99fe45960b7fceae35bb0bc1e01e45df602a_0.json	318	145.0509796142578
29	197	56ba9c6b	c_56ba9c6b01b0a05fef2c4731d7e6225e9c71ca30_0.json	319	145.0182647705078
29	51	5dae7698	c_5dae7698bb51736f18290b9c565f144854d03e18_0.json	320	144.98072814941406
29	176	c6339063	c_c63390639c1ccd848400f178d189e7e66aa117c9_0.json	321	144.1505889892578
29	144	b3ca31bc	c_b3ca31bc9ead69510a671456a5c973d6dd01f9aa_0.json	322	143.93682861328125
29	82	832d7af8	c_832d7af86e7db6441a11fe6cb860b51b67531e7b_0.json	323	143.80418395996094
29	72	dd78531f	c_dd78531ffab00b772a8fb0e0a284f5fabbe72ca1_0.json	324	143.29490661621094
29	73	3d5dd241	c_3d5dd2414b0be49c4ed4286ff97254ed569263d9_0.json	325	143.16964721679688
29	74	8a1f0cd1	c_8a1f0cd108efac40b6c3634129871963849b280e_0.json	326	142.073486328125
29	293	d1121d3a	c_d1121d3ad3154e3564e150555dcedb368ad3aa94_0.json	327	141.91143798828125
29	294	a3e71622	c_a3e716227a66fb02fc9cce926b8820a7b1c5f2c4_0.json	328	141.27406311035156
29	286	a1618324	c_a1618324da56da5a9c6dd3287f5366027c08868f_0.json	329	140.30801391601562
29	111	cc6b4048	c_cc6b4048a07001cc7e6586038d78249b5affd849_0.json	330	139.4957733154297
