bc53a66,c_bc53a66311b9b22e471dd74860c7df75eebe9837_0.json,1,0.30563615814805134
e861775,c_e861775d80ff2ae3f4eb0b3f3844bc4d3934e872_0.json,2,0.22313061641639542
413edb7,c_413edb7f5000c8f53914bcaf73058d763adfd525_0.json,3,0.21801369683139227
3ec25ca,c_3ec25ca8751eba756316184f4f8d3be1361a0027_0.json,4,0.21576711486139666
39b19d3,c_39b19d33418245cf67dd1ce97d472b65b14e8d3d_0.json,5,0.2134689490573508
0d5fc09,c_0d5fc09a748227a3574d817fd4abfdb62fb8c57d_0.json,6,0.21111173698404917
34b7a47,c_34b7a47ae949c763178a457582a5df2cb564f53d_0.json,7,0.20331298689711308
cc0637b,c_cc0637b2a262c45f047d3f273d2100bd138bf169_0.json,8,0.1980031059497538
fab38ab,c_fab38abb27f2f92b9340cfc232eb5517434bf138_0.json,9,0.1886063663375861
9c73abd,c_9c73abdb5ab03982427f71b677987aaecd558aef_0.json,10,0.18751592467815537
a723ec0,c_a723ec0c1ab4b6d29b1b00868fe281a227b09551_0.json,11,0.16596199576144333
2078897,c_20788974c6526a914382c06641048949cbb43d72_0.json,12,0.16421653996673602
e199848,c_e199848bb242b4eff258f41ea06bb1e4a1cea9b2_0.json,13,0.16416362103939686
d52ff34,c_d52ff3460273690514d70e716be1ff3201dca8c8_0.json,14,0.16375902244032803
48e1a07,c_48e1a07f2923036311b3ecc0ac90f4eb812d805d_0.json,15,0.16211743756133767
7048cac,c_7048cacf72013ed3dcac2b60755aad10cb8bb2b9_0.json,16,0.1598122124228556
34d1c6c,c_34d1c6cad33a94c24e55d456b550302db4914130_0.json,17,0.15924625185030028
d18306f,c_d18306f1ea97b252744c051c8add384e56689d34_0.json,18,0.15895986454198063
c3067ae,c_c3067aea39182add4de48b5ef9e92cae3bd32d23_0.json,19,0.158451213607685
a78dc45,c_a78dc45a3795e3b9666daed8c13ccc7f4ff48806_0.json,20,0.15598724829158628
a0849ed,c_a0849ed9a4368948696a472afb57ba6938007e88_0.json,21,0.15456961882583808
207c6dd,c_207c6dd98407506ff367d072be25b56f37989215_0.json,22,0.1528266091846151
4218f8b,c_4218f8bb9c6947e58ed8d2df53e927f81517b310_0.json,23,0.152711942031157
323e8b2,c_323e8b214459b3977973c01a048a979dc778f100_0.json,24,0.15064013742845894
ecf573e,c_ecf573e1f80cd86060a2fcd23181cde3f67c9fdd_0.json,25,0.14723521917626825
65bf4da,c_65bf4da7590edc460ec68e18f35d201ec685bf86_0.json,26,0.14647157023891744
af69a89,c_af69a899246ea9aaf87a8ab581fb9cdb87e444d9_0.json,27,0.14605689464595306
4fc265a,c_4fc265a938e1e9d13c407d4668ec8c864e85d799_0.json,28,0.14572460991784109
e98d5f1,c_e98d5f163f23e9310df7a282c56d2a50edf6512f_0.json,29,0.14337538999982125
bdf423f,c_bdf423f27a76d2006ffe1058d6530eebf619c877_0.json,30,0.14315309008532173
c5808a9,c_c5808a90cd91bc01d78c7f3da8718b6dcf429fa0_0.json,31,0.14195208068935372
a6e246c,c_a6e246c774fb91eefeadf28c46a10e768ac8cc7b_0.json,32,0.14154020838382997
3b6b30a,c_3b6b30adb846a9f2f0fa070f9c8c848f04d8b37f_0.json,33,0.14139483146968768
508b814,c_508b814837fdca522c17838e9a750812c5cdcc8c_0.json,34,0.1407654562289481
163440e,c_163440e05f7cd4680973e99144f7d60f343ebeaa_0.json,35,0.14011030576005412
7554837,c_75548377c5f5821be2ca75eb247a6ddd4bbb6a88_0.json,36,0.13711788992986873
a966d3b,c_a966d3b853aa757fd5556191c6ea18ffa6591ce1_0.json,37,0.1360472498260945
d0b44a4,c_d0b44a455070e7c245d329d302344cd997290bf4_0.json,38,0.13460902552193477
b8780b1,c_b8780b1aa2eff978c3612fa43b58efb5b9ca50a0_0.json,39,0.13450986498492234
ecb571f,c_ecb571fc93e4a7bed9545a295c177d1ab4b1f4bf_0.json,40,0.13288577251536804
706bd31,c_706bd3170bc91f523b04cfcb120576701b5c7028_0.json,41,0.1317871770962291
7c43512,c_7c43512bdd5cb27df373eca47c11a28a8b161046_0.json,42,0.13169004394899397
ce272ae,c_ce272ae94782474f58d0c18e0f1a8c9a7a8dda42_0.json,43,0.13078935756834875
f1b2808,c_f1b28080e607adfe2f636296ce6a96d224629e09_0.json,44,0.13035748071326436
99010fc,c_99010fc9693bdb6c19d2c1624fc1eac50f8416f9_0.json,45,0.1300525706621568
5d2e020,c_5d2e0209dcf8bbf4da152b042320ca07d57722f1_0.json,46,0.129940799627427
2327c42,c_2327c42440cd4927ac5fc91ed93756cb0c87c96d_0.json,47,0.12888957284257718
3f4b928,c_3f4b9289b916bb1e9e4653021473cefdc9ab0aa2_0.json,48,0.12777467870883363
7d07031,c_7d07031398b3e9e0062d597d0ace291a58b59bfe_0.json,49,0.12777374140700604
945f00e,c_945f00e7eabc214a96ceb743ffdf062793be0deb_0.json,50,0.12654504175308445
fdfd506,c_fdfd50689b311e21a99b11380ea941df3d153802_0.json,51,0.12617003450175235
438d305,c_438d305ba52f7498660668cfc439d9a9a0f3cc2a_0.json,52,0.12614751036515193
77af585,c_77af585d9f0e629db4ecf8d468ef7b71c9d98e39_0.json,53,0.12596376254387587
1dbf965,c_1dbf9650044aa3134e3fb0a156af6e343d15590d_0.json,54,0.12541039164568935
632e722,c_632e72228ad994efa19c0a9ae84923718f259cdf_0.json,55,0.12488431517186926
ec798e9,c_ec798e97745ee2c294d374b873308065948dded4_0.json,56,0.12465102696418906
2b10da9,c_2b10da9e9638311a3be08668c213040636ddffc9_0.json,57,0.12309369717541241
ebe4357,c_ebe43573039242c0997bef4938cb1e2d81d08ea0_0.json,58,0.12281899449510303
b309e5f,c_b309e5f13acc315b4fd18dc8d151a61f46d7d7f7_0.json,59,0.12270129417179199
5e833a2,c_5e833a276a407c491b2b931b875e80296003b9b1_0.json,60,0.12208199825139365
989fbe2,c_989fbe2e44ad4e994dc810fa54290636a7339712_0.json,61,0.12147041811744419
2d4907e,c_2d4907ebb2c652cb55dc145cff9f9cce097e3fb8_0.json,62,0.12126847531527896
9a33344,c_9a33344e5c8c8ec5f6bb091cac10bd9201ecd8d1_0.json,63,0.12060290076747249
d36e894,c_d36e894cb61100284b81027d6765e66181f982b5_0.json,64,0.12025045607110574
faad15d,c_faad15dbcae827aa037bd7183ad5727724a21918_0.json,65,0.12008093212728799
f293948,c_f29394859dec11a4f037668aa33edae26338fb73_0.json,66,0.11964870642821479
98df9ad,c_98df9adaf51b4dadaf20fa9a807eca4004ac6b35_0.json,67,0.1192200559891361
594ff3b,c_594ff3b180fd1ac7addb40e2c32a15e4567eed3c_0.json,68,0.11868846881784878
112774e,c_112774edae824e6e07ed9d64f637b4b7c19cea3b_0.json,69,0.1176524902935896
0da12e5,c_0da12e5cbc03819d7f2ef8399d43100c54fe06b5_0.json,70,0.11758417286174061
02d8160,c_02d8160f14dd155a86bb1022cd6fdd5dbee7421c_0.json,71,0.11715350731765839
074cc88,c_074cc8809cf0884f38bb22622d81209778a02b32_0.json,72,0.11707907830195763
a66195b,c_a66195bec37dd299daac0570cd6ee9b3dfd98046_0.json,73,0.1166386017344977
9f91243,c_9f912437a14392f8d4c98aa811e9134fbf7b5a52_0.json,74,0.11619230463969077
daeea69,c_daeea69aae6138bf6400d1fdde2f0299c0ed96df_0.json,75,0.11604572230886179
b1e1383,c_b1e1383fd8c33fc246ee253e6a9f7a047d3da38a_0.json,76,0.114913606858709
f2a27fe,c_f2a27fe7e7f663e44314e846f3b8ba3bdff1f902_0.json,77,0.11413055370771497
430fdd0,c_430fdd01e75a5e681274aa65adeb2d9826ee45a8_0.json,78,0.11352276676965978
f3b163c,c_f3b163c5107229c2a512b5146b70483cc8c97987_0.json,79,0.11292517788409828
a83a71b,c_a83a71ba25fa7567f11a9d43755ab3efd837cb35_0.json,80,0.11223760147436157
6f2f15a,c_6f2f15a10b8d846e984f1604a4bfd85baeb8d079_0.json,81,0.11221399070805482
52cc86a,c_52cc86abf4a4228892a052e5d018dc4bb13b5169_0.json,82,0.11184542000317288
5fbb823,c_5fbb8234e518017765048e2cb32a24dbc2b03260_0.json,83,0.11172091909097293
d93e05d,c_d93e05d9afaf538d8f72e6fdc8bd9cb1d27e5162_0.json,84,0.11164479948577544
d1c2ae2,c_d1c2ae2b56e1eb4cb22caea0ba06bda89e5d0b4e_0.json,85,0.1112688865394369
71a7cbb,c_71a7cbb20a55156056c0015bc89cba6246217501_0.json,86,0.11088585597314538
a222e71,c_a222e71520b5653e06b9142efed42a28adf6cca5_0.json,87,0.11075219525533608
b1e3f52,c_b1e3f525dd1e218cc9378eebf8ccb74dd7ebe43f_0.json,88,0.11071985892362313
2735dfc,c_2735dfce721fbf083b91b3b7695d8672c28200ae_0.json,89,0.110681469195132
540be90,c_540be90e1c0359428d2fa03553d4e1f8f7d57e3e_0.json,90,0.10998698875827051
83d4c23,c_83d4c2344d79492419ebb66d71b5e4ecad1637b1_0.json,91,0.10961477394107955
30e4fdd,c_30e4fdde61866403ce8912dfb8afe328502c4d20_0.json,92,0.10952337700880022
d0a64d1,c_d0a64d141367867db5b745734f5c7330644b71ca_0.json,93,0.10895467485935884
ad1fac2,c_ad1fac2acdf18b55b550c1d953c074a2658fc43a_0.json,94,0.10856768175174203
7ca04fd,c_7ca04fdfcd6a821b024376d41dcb51ed50280d13_0.json,95,0.10836171224374902
f3eb197,c_f3eb1977debfe1fd0704d78285e99243e6b7aa07_0.json,96,0.10820865825700854
907ab10,c_907ab1054dc2a2c9c5e248aae74996d7a4ab1f6e_0.json,97,0.10806048263122048
53d31f1,c_53d31f111b8da35fa198126d813cc0f0d376f385_0.json,98,0.10700886793246278
5a7f9b8,c_5a7f9b87479786fcff369492d1fbcdbc67985010_0.json,99,0.10495017592785272
348acab,c_348acabaadc57e04f25de5c79c72bc34a4e41723_0.json,100,0.104803890032243
9d8c290,c_9d8c290e25903113309f0cdcffee93cbc1e7cc74_0.json,101,0.10479513674495622
8a8545d,c_8a8545ddd784bca69bd9d1277663915b957e0232_0.json,102,0.10440309238906409
aa27fa0,c_aa27fa0ec5fab4247136a2233b6c4b0be0087962_0.json,103,0.10386795778516356
6ff8b63,c_6ff8b63f6ab36abcbe49ddfe2c73d3e1a4e43ac0_0.json,104,0.10366988569836921
092f813,c_092f813c88ecbf67625f11743e914f9f174e0224_0.json,105,0.10366126704364276
beba5c0,c_beba5c0705a2441d6add3ab54f03d50d1a976c6e_0.json,106,0.10312103400129746
d023d4e,c_d023d4e6a68d5f85261fb794c094d0e47053fe46_0.json,107,0.1027487729705081
58b0867,c_58b0867cf0cb12e44d319dbd5893dfa786670145_0.json,108,0.10213966118781304
04d6674,c_04d66747e69273ed8ed520ddfefb86d85755e4b1_0.json,109,0.10180424534730093
d3698ca,c_d3698cab8589ced4c494bf35d459ea3212b961d1_0.json,110,0.10090448612743097
f44e1d6,c_f44e1d6b03276472423df71e151b2c23c11522f7_0.json,111,0.10086315084198128
4ab5b9e,c_4ab5b9e453d0e0ef51fc1d36a5e21aaf21b44c81_0.json,112,0.1004449932475514
2cff9ca,c_2cff9ca4984e054467e6b0efb20d7c462762635a_0.json,113,0.10042163617134048
a3e590e,c_a3e590e95b0200e58068cab4b1ea91c5313d46ee_0.json,114,0.10004386466133619
e2fc81a,c_e2fc81a168891ac4fff974989f0fd7b2519fcbbe_0.json,115,0.09995361578005735
7da3da7,c_7da3da7f04c7b032bdb8b7cebdc353bdede42353_0.json,116,0.09982057902666175
e7ecdaf,c_e7ecdaf5a2ea7c59b20edfbc92dfc31d6002945a_0.json,117,0.09830178125255673
ac6fc82,c_ac6fc829306192f9d038765ee01b7a7be8837a84_0.json,118,0.09722431712040658
74a4ab2,c_74a4ab2acf4c22d48fe72f6c1afabde42c7317f6_0.json,119,0.0969624363136995
e7e9416,c_e7e9416133d270304cdbb567af88c62166a0be9a_0.json,120,0.0967657192992637
73f1fff,c_73f1fffe48c5f26e2c29280385bf0e8f2b9627ac_0.json,121,0.09646146422808677
9871c3f,c_9871c3f7a3db48cb9d627eb527d2adb58a692287_0.json,122,0.09607158584241704
8db08a6,c_8db08a60e18b57c7bb61521acf7d53d086a7dd5e_0.json,123,0.09595070187642996
34e73b6,c_34e73b6483b08da2d793eb613520e23c3d6afeb1_0.json,124,0.09437988216810833
d5a5163,c_d5a51635e77e49efbf18c5b51834f533e7972953_0.json,125,0.09378867863005746
d73d9bf,c_d73d9bf24a5fb76383f519e5d4df00f9b634c19b_0.json,126,0.0930771452756628
e5a284c,c_e5a284c0486a8b2a4289605939074cc6ddf9df44_0.json,127,0.09255251652964536
bdbe018,c_bdbe018e7dea67afe7f52643c88a76e7cc8c74d6_0.json,128,0.092000026277681
76a8d6d,c_76a8d6decc230df07bd42fe0ec64b1742942749b_0.json,129,0.09193083351655185
ab914f4,c_ab914f400352a3a525ba0a5d189eb2e4e1ade268_0.json,130,0.09184049670137051
5659f6c,c_5659f6cff55102c7cb7d6a1f6b575dcf33df4a5b_0.json,131,0.09159456625862705
9d0a382,c_9d0a382341c4adc5d207b0d795d27367a4098ad3_0.json,132,0.0915677948425182
d57be94,c_d57be94d908082a1c22abbce37de2a46a9069526_0.json,133,0.09120738775481263
013629a,c_013629ad4de56ce8266fcf6897b8061a238d8314_0.json,134,0.09119989275998219
e602a8f,c_e602a8f729bd55f12d6d33daefa2ee1504bc35cc_0.json,135,0.09119178706142317
2b59f56,c_2b59f56fe188f2a6569b9fbb136e80299a603c90_0.json,136,0.0911695820775601
8fee99c,c_8fee99cc659d18a52c06bd27146650789609105e_0.json,138,0.09069381571930857
bdad5fe,c_bdad5fece9aab24999d25beb23591778d57bf8ec_0.json,138,0.09069381571930857
43eabba,c_43eabbabfd78e9877246cdb15ebaa28132b37f6c_0.json,139,0.09064431542772411
90874f8,c_90874f851fd6e9a8dcd8e0bda36ad817fdeeb2f3_0.json,140,0.09039239851414327
b59050d,c_b59050d6f0fe675ddc8555b99fc83915b4a20079_0.json,141,0.09029897200825332
da8e4fc,c_da8e4fc3fba1fc8ad7be0aef040702e53a25b412_0.json,142,0.08989716628448186
cccfd4a,c_cccfd4a962dd14129a3a6d6f3c338753d1bfed03_0.json,143,0.08926952481224337
7188647,c_71886475c020639aa58be577ab5dc019333ae408_0.json,144,0.08872978200084924
2130b27,c_2130b277556eeb1ee97fbd4adc1c4e41c8994275_0.json,145,0.08835220348966266
ac549ce,c_ac549ce85746a5e53ef16d2de4e61fe7682e8528_0.json,146,0.08764179910612546
fbc0337,c_fbc0337a6886409f66f10b6571f16ac855cf29fb_0.json,147,0.08729618088575952
0cf3356,c_0cf3356260dd7b3f16b837db340285baff047955_0.json,148,0.08674623987763175
818e461,c_818e461fa92020d6c4450a8daefb0de46a920463_0.json,149,0.08598578220941067
7ab48af,c_7ab48afabbb6ae99af9fee262a3af2def485bd7e_0.json,150,0.08492523162295573
1da214f,c_1da214ffc187e6afda771b77baa71df054d3ee4d_0.json,151,0.0843449930272947
d4c77d8,c_d4c77d86319c20203256e83fd411329e908477da_0.json,152,0.08403719876329396
cb815cb,c_cb815cbd63f8b03cc7d7a38eb8a303ff6a9ad934_0.json,153,0.08304592486808715
a38161b,c_a38161b41945d7cbe79efa58f88212752253c5f4_0.json,154,0.08288952473296507
36ba364,c_36ba36456c7dceccb7b6539a33c180e6cc171974_0.json,155,0.08276526775834936
0cf7446,c_0cf7446b6a5d91dcb87327db39b8623203d44203_0.json,156,0.08275523443331112
af29beb,c_af29beb2518f46e18de3e82c304b5ea9b0e6d090_0.json,157,0.08269059151449931
36f069c,c_36f069cec063cf1638cc07c3e886ac27f3f1557c_0.json,158,0.08228739114299444
3b0fea6,c_3b0fea68434107890dbe896324b8e862c3c4a9ee_0.json,159,0.08141932307030242
8fcda41,c_8fcda41e657484e717800af9b63de7787dbd240a_0.json,160,0.08086622603098637
a1f15e0,c_a1f15e0df331f424e3a993754ae6e072e12ff921_0.json,161,0.08053605629240512
4c6beac,c_4c6beac38fe605d651cf42b08c4b22f06492193a_0.json,162,0.0804612461330646
1366ef0,c_1366ef0f0af09e6744e5f54d93e2241ff999069c_0.json,163,0.08012124668216758
301243c,c_301243c9ea777977c3c37172b746d3a65b8ad949_0.json,164,0.07962363725537003
1ae44e7,c_1ae44e7228754d8fc827c8e16c12b8c6dd4bfb28_0.json,165,0.07939491484403316
6b2fdb6,c_6b2fdb626af2547caa0ddda0e89d162f4605d924_0.json,166,0.07921448505235285
5dd281e,c_5dd281e9639a3e59607610ea7f84f7f63a239a18_0.json,167,0.0789063862786592
984778f,c_984778f3c264df5d608eb9697df2a268122ac66f_0.json,168,0.07876104254759875
6b424e9,c_6b424e974f9e68987125d1d489731366bee87031_0.json,169,0.07803746358351105
f636a25,c_f636a25d9df08e6aef0283a1c5ccb60e03783eef_0.json,170,0.0776454979474357
5706325,c_57063255566c2a3a4006d29fb41534e6f63ad9d2_0.json,171,0.07720521950226145
8bdc976,c_8bdc976fbc725bba1cc16b77f12b85bbfa008bc5_0.json,172,0.07715875872084155
676b30c,c_676b30c741b745987141be65406995c477e12559_0.json,173,0.07605454264949829
c0c25f8,c_c0c25f8124087822a43d085f2ec791a5c2c7858c_0.json,174,0.0760040792913963
a7eb98e,c_a7eb98e24f8b9edd8b18aad012480ac8b8418673_0.json,175,0.07583127495115527
0f6e852,c_0f6e852a0bce6f051383f3003f41f99bcd816b31_0.json,176,0.07546021189651109
bacfe15,c_bacfe155a8de2c044b8cfb2daa875623240bfe06_0.json,177,0.07538377237996052
885fb67,c_885fb67a4ecf7c64696d679762b8a28489ead61f_0.json,178,0.07515733281978809
0d3a388,c_0d3a38881a4b1b8130d4e40fb0eefa8fc1a1556b_0.json,179,0.07513484731119036
42c4ae8,c_42c4ae87ac925e3a997aa8b94a82cb0f76a36351_0.json,180,0.07480363362282527
70fe93a,c_70fe93a445b86dcebc53d56fb9c65be5a3b2e750_0.json,181,0.07458904051345283
c6d36b4,c_c6d36b46057b4d441556e6275bcd7d13d242fa02_0.json,182,0.0743609110105925
0ad04d8,c_0ad04d883e2101706dd003d4643477e4aaafe7d7_0.json,183,0.07427784922974767
7975d63,c_7975d634c5646e5378e034d5335d6c35bba241ff_0.json,184,0.07427075370489389
6ce06b5,c_6ce06b5c91cdc603476e9cdb2bf2b97655892d93_0.json,185,0.07293722226962474
d3a0834,c_d3a0834f291d72323d211ad19ad4a3aba8dc32aa_0.json,186,0.07198152791819723
26ed002,c_26ed002f4905b94a6a4275f9ad263cb8a2cadf00_0.json,187,0.0714527806576487
d3eb290,c_d3eb29045072cee861cc9759e0b5618ce3fbcf12_0.json,189,0.07135118553833941
da198cf,c_da198cf58feef59ae708f87423458c813e3f99a8_0.json,189,0.07135118553833941
de1521a,c_de1521a69afe8ef8ce02fb2431cc008cfd6f17b2_0.json,190,0.07075779754186151
ff95445,c_ff95445e7f18e18f3ca78037965af1f4e6055af4_0.json,191,0.06979223833611292
2962ae1,c_2962ae198015d4a26500a858b34d3d780738d4a8_0.json,192,0.06952613709674693
efe4df0,c_efe4df0ad5c07a08751a4f95b06704e456d47ec3_0.json,193,0.06813008862777925
e6dfb75,c_e6dfb7560bb8eb1952dbc50197d1d301940690c1_0.json,194,0.06811569293385089
b9a7a1e,c_b9a7a1ec8c43a9eb76753ffab3c04d2aa04e2ca7_0.json,195,0.06806967383078244
0905e87,c_0905e87937cafced49e174b350854842d67d0f50_0.json,196,0.067444003013867
933c907,c_933c907118f066c4b3a15fd316be71fd86872254_0.json,197,0.06737685404956473
bd5a8a7,c_bd5a8a717f62fbe602c59f92ff18766da392b15a_0.json,198,0.06643891322159534
76ebe95,c_76ebe95238b7f12374429bc81e7aa3e6abe9a8a4_0.json,199,0.06550758705749482
dbd593d,c_dbd593dfa515f210517ebf3631b5ec8c36a242c1_0.json,200,0.06428150196112625
f463ebc,c_f463ebc4d5c8e906500ebe0803c790fffcce925b_0.json,201,0.06326211226247858
be0fb21,c_be0fb2155777f7d9333ed9547d4a86342800e966_0.json,202,0.062414297372891614
e584ddc,c_e584ddcb8a932851a0dbfd3857aeec639b0b09c9_0.json,203,0.062354646568455685
007868a,c_007868a884485514216fca5cbf17443dbf58d308_0.json,204,0.06226900526560253
0d7e7dc,c_0d7e7dc5d0d27a43b01770f8a7f7c860eacdbbd1_0.json,205,0.06215313533169187
5daa84b,c_5daa84bffadb43f33f6719baaff3dfc20c91628a_0.json,206,0.06207795561581353
0aff5ae,c_0aff5aea4d2be318d737c6aa8707f3ee8ded6c29_0.json,207,0.061096800536373785
0800049,c_08000491c6d0cbbe751b5f92d291740376be4e54_0.json,208,0.06091975552073514
571b8d4,c_571b8d452b48a5bf2d3a4769de2480b74895f501_0.json,209,0.06082715504084657
745fb47,c_745fb47b2135800a4d5fdfdf180c03215669487c_0.json,210,0.060790694018495794
e6b562c,c_e6b562c6eca79b82a57a4532768d775d76f48694_0.json,211,0.06057323740625986
7890291,c_7890291e37577b1cb1505b2c8f43d2077019edd1_0.json,212,0.06022757118861122
a9dc500,c_a9dc500b81484091d906e13a1a6fe58a82a2accf_0.json,213,0.05987735876445055
fcf387e,c_fcf387e0aec41f43294c0bcddefeab66650ab96b_0.json,214,0.05898687987364426
150079f,c_150079fa731dc3b8adca5ca5175e9a6c80c7af7c_0.json,215,0.05895954845625406
30d7b3a,c_30d7b3a62bd76b498815673ac463edea8e3bcc65_0.json,216,0.0587688347427221
16ffc6e,c_16ffc6e594c2eb4260135f2fa637a0bce1669875_0.json,217,0.0582814232108545
7b914c0,c_7b914c03b7c6f09844bc1a923f0f4b042193c79a_0.json,218,0.05822367165784492
16d9bce,c_16d9bce98acc7ddb7257228ce790725cacadd144_0.json,219,0.05813743746193867
38e010f,c_38e010fe0a172c77b7497bb40c215b28c4624e39_0.json,220,0.05805359249409647
9d8c0fe,c_9d8c0fe0c12845c111d3cb1b0b11126839e764f5_0.json,221,0.057766478845751035
d856f54,c_d856f5476226f91c8531ec19deb8fadf9905c11a_0.json,222,0.05776262682872091
fca9fd2,c_fca9fd233a4c021d54ff7609fa8fb8b8333129f8_0.json,223,0.05737740736692387
716c03b,c_716c03b3b12ec106974898451b149f6eb79c65da_0.json,224,0.05721179572603652
b5225ea,c_b5225ea81fd5446418f13d058545751bfb1b8e83_0.json,225,0.05710167099529284
e97593b,c_e97593b5fc9a6f5096f767adaa392dd99986b074_0.json,226,0.05601546678658298
5bbe586,c_5bbe586b1063ebafc02e20ca0b6b47465c9b9f06_0.json,227,0.05566117796323078
aadb43b,c_aadb43be4cd1369c2911892387cbb31f3a5855d8_0.json,228,0.05532930854840812
a9497c7,c_a9497c789cc868427507faebad9498ebdacbe70c_0.json,229,0.05300333976376037
28bdd22,c_28bdd22d2249fa8335b45fef830681b11d9480e2_0.json,230,0.05071677746894199
2afb75f,c_2afb75f6bd8896153bc4abe0e3b4640b0a7bcd63_0.json,231,0.047018465573053225
2039bf3,c_2039bf3ac4ac5a777e0ac7cf453eff025b7f3417_0.json,232,0.04655667002046748
1958e0c,c_1958e0c3d887d3cd5a6fd0f5c9afef15fc3845de_0.json,233,0.043709995758586806
e2b855e,c_e2b855e2fa0285679dfc2a9a11121c69f7f494d5_0.json,234,0.04148508048190058
5eb29ba,c_5eb29ba7901ab88e8388095a8696c4ae13a2c163_0.json,235,0.03716025027673053
