5	205	fbc0337a	c_fbc0337a6886409f66f10b6571f16ac855cf29fb_0.json	1	150.2602081298828
5	206	0d7e7dc5	c_0d7e7dc5d0d27a43b01770f8a7f7c860eacdbbd1_0.json	2	148.79815673828125
5	188	0ad04d88	c_0ad04d883e2101706dd003d4643477e4aaafe7d7_0.json	3	147.79132080078125
5	222	4218f8bb	c_4218f8bb9c6947e58ed8d2df53e927f81517b310_0.json	4	146.06761169433594
5	202	fab38abb	c_fab38abb27f2f92b9340cfc232eb5517434bf138_0.json	5	145.72296142578125
5	150	26ed002f	c_26ed002f4905b94a6a4275f9ad263cb8a2cadf00_0.json	6	145.49267578125
5	92	074cc880	c_074cc8809cf0884f38bb22622d81209778a02b32_0.json	7	145.45767211914062
5	175	676b30c7	c_676b30c741b745987141be65406995c477e12559_0.json	8	145.38502502441406
5	126	0da12e5c	c_0da12e5cbc03819d7f2ef8399d43100c54fe06b5_0.json	9	145.31349182128906
5	70	d0b44a45	c_d0b44a455070e7c245d329d302344cd997290bf4_0.json	10	145.07177734375
5	73	30d7b3a6	c_30d7b3a62bd76b498815673ac463edea8e3bcc65_0.json	11	144.68463134765625
5	157	d73d9bf2	c_d73d9bf24a5fb76383f519e5d4df00f9b634c19b_0.json	12	144.0612030029297
5	91	e199848b	c_e199848bb242b4eff258f41ea06bb1e4a1cea9b2_0.json	13	143.93626403808594
5	13	20788974	c_20788974c6526a914382c06641048949cbb43d72_0.json	14	143.8806915283203
5	75	daeea69a	c_daeea69aae6138bf6400d1fdde2f0299c0ed96df_0.json	15	143.82888793945312
5	211	984778f3	c_984778f3c264df5d608eb9697df2a268122ac66f_0.json	16	143.77317810058594
5	68	a83a71ba	c_a83a71ba25fa7567f11a9d43755ab3efd837cb35_0.json	17	143.77122497558594
5	230	2afb75f6	c_2afb75f6bd8896153bc4abe0e3b4640b0a7bcd63_0.json	18	143.75892639160156
5	56	9a33344e	c_9a33344e5c8c8ec5f6bb091cac10bd9201ecd8d1_0.json	19	143.73574829101562
5	38	d3698cab	c_d3698cab8589ced4c494bf35d459ea3212b961d1_0.json	20	143.4868621826172
5	142	90874f85	c_90874f851fd6e9a8dcd8e0bda36ad817fdeeb2f3_0.json	21	143.34974670410156
5	144	99010fc9	c_99010fc9693bdb6c19d2c1624fc1eac50f8416f9_0.json	22	143.23768615722656
5	130	0aff5aea	c_0aff5aea4d2be318d737c6aa8707f3ee8ded6c29_0.json	23	143.21755981445312
5	102	1da214ff	c_1da214ffc187e6afda771b77baa71df054d3ee4d_0.json	24	142.96380615234375
5	133	818e461f	c_818e461fa92020d6c4450a8daefb0de46a920463_0.json	25	142.87750244140625
5	69	da8e4fc3	c_da8e4fc3fba1fc8ad7be0aef040702e53a25b412_0.json	26	142.8116455078125
5	37	fcf387e0	c_fcf387e0aec41f43294c0bcddefeab66650ab96b_0.json	27	142.79087829589844
5	207	ac549ce8	c_ac549ce85746a5e53ef16d2de4e61fe7682e8528_0.json	28	142.4298553466797
5	159	a0849ed9	c_a0849ed9a4368948696a472afb57ba6938007e88_0.json	29	142.3090362548828
5	110	d4c77d86	c_d4c77d86319c20203256e83fd411329e908477da_0.json	30	142.21983337402344
5	64	e6b562c6	c_e6b562c6eca79b82a57a4532768d775d76f48694_0.json	31	142.10214233398438
5	158	9d8c290e	c_9d8c290e25903113309f0cdcffee93cbc1e7cc74_0.json	32	142.0970001220703
5	43	ac6fc829	c_ac6fc829306192f9d038765ee01b7a7be8837a84_0.json	33	141.78335571289062
5	173	e861775d	c_e861775d80ff2ae3f4eb0b3f3844bc4d3934e872_0.json	34	141.77615356445312
5	107	74a4ab2a	c_74a4ab2acf4c22d48fe72f6c1afabde42c7317f6_0.json	35	141.6369171142578
5	131	e98d5f16	c_e98d5f163f23e9310df7a282c56d2a50edf6512f_0.json	36	141.6349639892578
5	67	f3b163c5	c_f3b163c5107229c2a512b5146b70483cc8c97987_0.json	37	141.6195831298828
5	120	0905e879	c_0905e87937cafced49e174b350854842d67d0f50_0.json	38	141.5026397705078
5	227	3b0fea68	c_3b0fea68434107890dbe896324b8e862c3c4a9ee_0.json	39	141.3087158203125
5	151	98df9ada	c_98df9adaf51b4dadaf20fa9a807eca4004ac6b35_0.json	40	141.25323486328125
5	124	6b424e97	c_6b424e974f9e68987125d1d489731366bee87031_0.json	41	140.78671264648438
5	204	716c03b3	c_716c03b3b12ec106974898451b149f6eb79c65da_0.json	42	140.67718505859375
5	179	42c4ae87	c_42c4ae87ac925e3a997aa8b94a82cb0f76a36351_0.json	43	140.60595703125
5	195	301243c9	c_301243c9ea777977c3c37172b746d3a65b8ad949_0.json	44	140.52151489257812
5	181	7890291e	c_7890291e37577b1cb1505b2c8f43d2077019edd1_0.json	45	140.45993041992188
5	119	a222e715	c_a222e71520b5653e06b9142efed42a28adf6cca5_0.json	46	139.91981506347656
5	52	013629ad	c_013629ad4de56ce8266fcf6897b8061a238d8314_0.json	47	139.8439178466797
5	117	71886475	c_71886475c020639aa58be577ab5dc019333ae408_0.json	48	139.5538787841797
5	177	7b914c03	c_7b914c03b7c6f09844bc1a923f0f4b042193c79a_0.json	49	139.51686096191406
5	105	f1b28080	c_f1b28080e607adfe2f636296ce6a96d224629e09_0.json	50	139.2901153564453
5	101	bd5a8a71	c_bd5a8a717f62fbe602c59f92ff18766da392b15a_0.json	51	139.23263549804688
5	53	007868a8	c_007868a884485514216fca5cbf17443dbf58d308_0.json	52	139.0160369873047
5	216	ce272ae9	c_ce272ae94782474f58d0c18e0f1a8c9a7a8dda42_0.json	53	138.99070739746094
5	115	2cff9ca4	c_2cff9ca4984e054467e6b0efb20d7c462762635a_0.json	54	138.96377563476562
5	233	0d5fc09a	c_0d5fc09a748227a3574d817fd4abfdb62fb8c57d_0.json	55	138.76791381835938
5	129	ad1fac2a	c_ad1fac2acdf18b55b550c1d953c074a2658fc43a_0.json	56	138.74862670898438
5	84	d5a51635	c_d5a51635e77e49efbf18c5b51834f533e7972953_0.json	57	138.67044067382812
5	224	9f912437	c_9f912437a14392f8d4c98aa811e9134fbf7b5a52_0.json	58	138.6058807373047
5	5	2735dfce	c_2735dfce721fbf083b91b3b7695d8672c28200ae_0.json	59	138.44094848632812
5	36	b1e3f525	c_b1e3f525dd1e218cc9378eebf8ccb74dd7ebe43f_0.json	60	138.30194091796875
5	40	f636a25d	c_f636a25d9df08e6aef0283a1c5ccb60e03783eef_0.json	61	138.28431701660156
5	215	2130b277	c_2130b277556eeb1ee97fbd4adc1c4e41c8994275_0.json	62	138.264404296875
5	136	885fb67a	c_885fb67a4ecf7c64696d679762b8a28489ead61f_0.json	63	138.02586364746094
5	191	c5808a90	c_c5808a90cd91bc01d78c7f3da8718b6dcf429fa0_0.json	64	137.967529296875
5	193	2b10da9e	c_2b10da9e9638311a3be08668c213040636ddffc9_0.json	65	137.9466552734375
5	109	02d8160f	c_02d8160f14dd155a86bb1022cd6fdd5dbee7421c_0.json	66	137.9263916015625
5	196	d023d4e6	c_d023d4e6a68d5f85261fb794c094d0e47053fe46_0.json	67	137.9076385498047
5	76	48e1a07f	c_48e1a07f2923036311b3ecc0ac90f4eb812d805d_0.json	68	137.75396728515625
5	162	7ca04fdf	c_7ca04fdfcd6a821b024376d41dcb51ed50280d13_0.json	69	137.75216674804688
5	171	9871c3f7	c_9871c3f7a3db48cb9d627eb527d2adb58a692287_0.json	70	137.7130126953125
5	61	571b8d45	c_571b8d452b48a5bf2d3a4769de2480b74895f501_0.json	71	137.69313049316406
5	90	2b59f56f	c_2b59f56fe188f2a6569b9fbb136e80299a603c90_0.json	72	137.62124633789062
5	134	2d4907eb	c_2d4907ebb2c652cb55dc145cff9f9cce097e3fb8_0.json	73	137.61135864257812
5	160	d52ff346	c_d52ff3460273690514d70e716be1ff3201dca8c8_0.json	74	137.55694580078125
5	140	52cc86ab	c_52cc86abf4a4228892a052e5d018dc4bb13b5169_0.json	75	137.5521240234375
5	60	508b8148	c_508b814837fdca522c17838e9a750812c5cdcc8c_0.json	76	137.50946044921875
5	154	08000491	c_08000491c6d0cbbe751b5f92d291740376be4e54_0.json	77	137.49241638183594
5	98	3f4b9289	c_3f4b9289b916bb1e9e4653021473cefdc9ab0aa2_0.json	78	137.45591735839844
5	39	e2fc81a1	c_e2fc81a168891ac4fff974989f0fd7b2519fcbbe_0.json	79	137.43157958984375
5	31	6ff8b63f	c_6ff8b63f6ab36abcbe49ddfe2c73d3e1a4e43ac0_0.json	80	137.3442840576172
5	21	b8780b1a	c_b8780b1aa2eff978c3612fa43b58efb5b9ca50a0_0.json	81	137.29859924316406
5	114	83d4c234	c_83d4c2344d79492419ebb66d71b5e4ecad1637b1_0.json	82	137.24246215820312
5	149	1366ef0f	c_1366ef0f0af09e6744e5f54d93e2241ff999069c_0.json	83	137.18553161621094
5	45	70fe93a4	c_70fe93a445b86dcebc53d56fb9c65be5a3b2e750_0.json	84	137.15501403808594
5	104	b309e5f1	c_b309e5f13acc315b4fd18dc8d151a61f46d7d7f7_0.json	85	137.06228637695312
5	54	cc0637b2	c_cc0637b2a262c45f047d3f273d2100bd138bf169_0.json	86	136.93426513671875
5	18	989fbe2e	c_989fbe2e44ad4e994dc810fa54290636a7339712_0.json	87	136.8871307373047
5	24	f2939485	c_f29394859dec11a4f037668aa33edae26338fb73_0.json	88	136.814208984375
5	83	f2a27fe7	c_f2a27fe7e7f663e44314e846f3b8ba3bdff1f902_0.json	89	136.76971435546875
5	14	16d9bce9	c_16d9bce98acc7ddb7257228ce790725cacadd144_0.json	90	136.7675323486328
5	96	594ff3b1	c_594ff3b180fd1ac7addb40e2c32a15e4567eed3c_0.json	91	136.7552490234375
5	57	b9a7a1ec	c_b9a7a1ec8c43a9eb76753ffab3c04d2aa04e2ca7_0.json	92	136.6994171142578
5	88	04d66747	c_04d66747e69273ed8ed520ddfefb86d85755e4b1_0.json	93	136.69833374023438
5	51	5e833a27	c_5e833a276a407c491b2b931b875e80296003b9b1_0.json	94	136.68927001953125
5	63	1958e0c3	c_1958e0c3d887d3cd5a6fd0f5c9afef15fc3845de_0.json	95	136.68826293945312
5	106	8fee99cc	c_8fee99cc659d18a52c06bd27146650789609105e_0.json	96	136.6424102783203
5	20	0f6e852a	c_0f6e852a0bce6f051383f3003f41f99bcd816b31_0.json	97	136.62644958496094
5	62	28bdd22d	c_28bdd22d2249fa8335b45fef830681b11d9480e2_0.json	98	136.56539916992188
5	127	dbd593df	c_dbd593dfa515f210517ebf3631b5ec8c36a242c1_0.json	99	136.5548095703125
5	35	5659f6cf	c_5659f6cff55102c7cb7d6a1f6b575dcf33df4a5b_0.json	100	136.52626037597656
5	143	a66195be	c_a66195bec37dd299daac0570cd6ee9b3dfd98046_0.json	101	136.5001220703125
5	132	cb815cbd	c_cb815cbd63f8b03cc7d7a38eb8a303ff6a9ad934_0.json	102	136.48683166503906
5	95	430fdd01	c_430fdd01e75a5e681274aa65adeb2d9826ee45a8_0.json	103	136.47109985351562
5	112	438d305b	c_438d305ba52f7498660668cfc439d9a9a0f3cc2a_0.json	104	136.4534912109375
5	80	5daa84bf	c_5daa84bffadb43f33f6719baaff3dfc20c91628a_0.json	105	136.45213317871094
5	10	d0a64d14	c_d0a64d141367867db5b745734f5c7330644b71ca_0.json	106	136.43736267089844
5	146	2962ae19	c_2962ae198015d4a26500a858b34d3d780738d4a8_0.json	107	136.43218994140625
5	81	76ebe952	c_76ebe95238b7f12374429bc81e7aa3e6abe9a8a4_0.json	108	136.43084716796875
5	42	ebe43573	c_ebe43573039242c0997bef4938cb1e2d81d08ea0_0.json	109	136.42955017089844
5	219	30e4fdde	c_30e4fdde61866403ce8912dfb8afe328502c4d20_0.json	110	136.4270782470703
5	152	7da3da7f	c_7da3da7f04c7b032bdb8b7cebdc353bdede42353_0.json	111	136.4136505126953
5	128	a1f15e0d	c_a1f15e0df331f424e3a993754ae6e072e12ff921_0.json	112	136.41229248046875
5	161	e7ecdaf5	c_e7ecdaf5a2ea7c59b20edfbc92dfc31d6002945a_0.json	113	136.39862060546875
5	48	beba5c07	c_beba5c0705a2441d6add3ab54f03d50d1a976c6e_0.json	114	136.39340209960938
5	25	112774ed	c_112774edae824e6e07ed9d64f637b4b7c19cea3b_0.json	115	136.38673400878906
5	44	aadb43be	c_aadb43be4cd1369c2911892387cbb31f3a5855d8_0.json	116	136.36561584472656
5	178	16ffc6e5	c_16ffc6e594c2eb4260135f2fa637a0bce1669875_0.json	117	136.36326599121094
5	23	a38161b4	c_a38161b41945d7cbe79efa58f88212752253c5f4_0.json	118	136.34410095214844
5	46	2039bf3a	c_2039bf3ac4ac5a777e0ac7cf453eff025b7f3417_0.json	119	136.34088134765625
5	7	7048cacf	c_7048cacf72013ed3dcac2b60755aad10cb8bb2b9_0.json	120	136.2313690185547
5	89	43eabbab	c_43eabbabfd78e9877246cdb15ebaa28132b37f6c_0.json	121	136.22254943847656
5	118	7d070313	c_7d07031398b3e9e0062d597d0ace291a58b59bfe_0.json	122	136.18905639648438
5	199	36f069ce	c_36f069cec063cf1638cc07c3e886ac27f3f1557c_0.json	123	136.1670379638672
5	190	fca9fd23	c_fca9fd233a4c021d54ff7609fa8fb8b8333129f8_0.json	124	136.16702270507812
5	100	fdfd5068	c_fdfd50689b311e21a99b11380ea941df3d153802_0.json	125	136.1474609375
5	27	c6d36b46	c_c6d36b46057b4d441556e6275bcd7d13d242fa02_0.json	126	136.10452270507812
5	32	8a8545dd	c_8a8545ddd784bca69bd9d1277663915b957e0232_0.json	127	136.0126953125
5	148	5d2e0209	c_5d2e0209dcf8bbf4da152b042320ca07d57722f1_0.json	128	135.94114685058594
5	108	f3eb1977	c_f3eb1977debfe1fd0704d78285e99243e6b7aa07_0.json	129	135.9329071044922
5	125	9d0a3823	c_9d0a382341c4adc5d207b0d795d27367a4098ad3_0.json	130	135.89642333984375
5	182	ecb571fc	c_ecb571fc93e4a7bed9545a295c177d1ab4b1f4bf_0.json	131	135.8827362060547
5	15	65bf4da7	c_65bf4da7590edc460ec68e18f35d201ec685bf86_0.json	132	135.85398864746094
5	9	3ec25ca8	c_3ec25ca8751eba756316184f4f8d3be1361a0027_0.json	133	135.85011291503906
5	55	e6dfb756	c_e6dfb7560bb8eb1952dbc50197d1d301940690c1_0.json	134	135.82135009765625
5	74	d18306f1	c_d18306f1ea97b252744c051c8add384e56689d34_0.json	135	135.81536865234375
5	145	71a7cbb2	c_71a7cbb20a55156056c0015bc89cba6246217501_0.json	136	135.7886962890625
5	78	7ab48afa	c_7ab48afabbb6ae99af9fee262a3af2def485bd7e_0.json	137	135.78848266601562
5	66	a3e590e9	c_a3e590e95b0200e58068cab4b1ea91c5313d46ee_0.json	138	135.78817749023438
5	139	6f2f15a1	c_6f2f15a10b8d846e984f1604a4bfd85baeb8d079_0.json	139	135.78709411621094
5	59	745fb47b	c_745fb47b2135800a4d5fdfdf180c03215669487c_0.json	140	135.77957153320312
5	198	c3067aea	c_c3067aea39182add4de48b5ef9e92cae3bd32d23_0.json	141	135.74835205078125
5	99	a723ec0c	c_a723ec0c1ab4b6d29b1b00868fe281a227b09551_0.json	142	135.72976684570312
5	138	cccfd4a9	c_cccfd4a962dd14129a3a6d6f3c338753d1bfed03_0.json	143	135.68899536132812
5	3	163440e0	c_163440e05f7cd4680973e99144f7d60f343ebeaa_0.json	144	135.66061401367188
5	232	0cf33562	c_0cf3356260dd7b3f16b837db340285baff047955_0.json	145	135.64956665039062
5	82	d93e05d9	c_d93e05d9afaf538d8f72e6fdc8bd9cb1d27e5162_0.json	146	135.59054565429688
5	65	1dbf9650	c_1dbf9650044aa3134e3fb0a156af6e343d15590d_0.json	147	135.52206420898438
5	156	e97593b5	c_e97593b5fc9a6f5096f767adaa392dd99986b074_0.json	148	135.449951171875
5	72	d1c2ae2b	c_d1c2ae2b56e1eb4cb22caea0ba06bda89e5d0b4e_0.json	149	135.44476318359375
5	137	b5225ea8	c_b5225ea81fd5446418f13d058545751bfb1b8e83_0.json	150	135.4350128173828
5	103	2327c424	c_2327c42440cd4927ac5fc91ed93756cb0c87c96d_0.json	151	135.3735809326172
5	79	a9497c78	c_a9497c789cc868427507faebad9498ebdacbe70c_0.json	152	135.3666229248047
5	180	8db08a60	c_8db08a60e18b57c7bb61521acf7d53d086a7dd5e_0.json	153	135.3496551513672
5	169	57063255	c_57063255566c2a3a4006d29fb41534e6f63ad9d2_0.json	154	135.2123260498047
5	121	bdf423f2	c_bdf423f27a76d2006ffe1058d6530eebf619c877_0.json	155	135.10833740234375
5	170	945f00e7	c_945f00e7eabc214a96ceb743ffdf062793be0deb_0.json	156	135.0844268798828
5	28	323e8b21	c_323e8b214459b3977973c01a048a979dc778f100_0.json	157	134.95858764648438
5	41	58b0867c	c_58b0867cf0cb12e44d319dbd5893dfa786670145_0.json	158	134.88392639160156
5	8	5fbb8234	c_5fbb8234e518017765048e2cb32a24dbc2b03260_0.json	159	134.8350830078125
5	113	348acaba	c_348acabaadc57e04f25de5c79c72bc34a4e41723_0.json	160	134.7661590576172
5	141	ecf573e1	c_ecf573e1f80cd86060a2fcd23181cde3f67c9fdd_0.json	161	134.7508087158203
5	87	efe4df0a	c_efe4df0ad5c07a08751a4f95b06704e456d47ec3_0.json	162	134.60696411132812
5	135	0cf7446b	c_0cf7446b6a5d91dcb87327db39b8623203d44203_0.json	163	134.54693603515625
5	33	706bd317	c_706bd3170bc91f523b04cfcb120576701b5c7028_0.json	164	134.47190856933594
5	50	ab914f40	c_ab914f400352a3a525ba0a5d189eb2e4e1ade268_0.json	165	134.10867309570312
5	167	bacfe155	c_bacfe155a8de2c044b8cfb2daa875623240bfe06_0.json	166	134.0601348876953
5	16	a6e246c7	c_a6e246c774fb91eefeadf28c46a10e768ac8cc7b_0.json	167	134.05125427246094
5	94	76a8d6de	c_76a8d6decc230df07bd42fe0ec64b1742942749b_0.json	168	133.9495086669922
5	200	ff95445e	c_ff95445e7f18e18f3ca78037965af1f4e6055af4_0.json	169	133.885498046875
5	164	75548377	c_75548377c5f5821be2ca75eb247a6ddd4bbb6a88_0.json	170	133.87448120117188
5	85	36ba3645	c_36ba36456c7dceccb7b6539a33c180e6cc171974_0.json	171	133.86265563964844
5	17	907ab105	c_907ab1054dc2a2c9c5e248aae74996d7a4ab1f6e_0.json	172	133.83499145507812
5	6	b59050d6	c_b59050d6f0fe675ddc8555b99fc83915b4a20079_0.json	173	133.82711791992188
5	12	d57be94d	c_d57be94d908082a1c22abbce37de2a46a9069526_0.json	174	133.75430297851562
5	30	de1521a6	c_de1521a69afe8ef8ce02fb2431cc008cfd6f17b2_0.json	175	133.65440368652344
5	1	ec798e97	c_ec798e97745ee2c294d374b873308065948dded4_0.json	176	133.63327026367188
5	174	5dd281e9	c_5dd281e9639a3e59607610ea7f84f7f63a239a18_0.json	177	133.47293090820312
5	71	af69a899	c_af69a899246ea9aaf87a8ab581fb9cdb87e444d9_0.json	178	133.46408081054688
5	58	9d8c0fe0	c_9d8c0fe0c12845c111d3cb1b0b11126839e764f5_0.json	179	133.4447784423828
5	77	bdbe018e	c_bdbe018e7dea67afe7f52643c88a76e7cc8c74d6_0.json	180	133.38467407226562
5	29	53d31f11	c_53d31f111b8da35fa198126d813cc0f0d376f385_0.json	181	133.37039184570312
5	153	092f813c	c_092f813c88ecbf67625f11743e914f9f174e0224_0.json	182	133.27577209472656
5	122	5bbe586b	c_5bbe586b1063ebafc02e20ca0b6b47465c9b9f06_0.json	183	132.88775634765625
5	166	540be90e	c_540be90e1c0359428d2fa03553d4e1f8f7d57e3e_0.json	184	132.79757690429688
5	218	e2b855e2	c_e2b855e2fa0285679dfc2a9a11121c69f7f494d5_0.json	185	132.7606201171875
5	176	933c9071	c_933c907118f066c4b3a15fd316be71fd86872254_0.json	186	132.61386108398438
5	234	d856f547	c_d856f5476226f91c8531ec19deb8fadf9905c11a_0.json	187	132.54701232910156
5	221	1ae44e72	c_1ae44e7228754d8fc827c8e16c12b8c6dd4bfb28_0.json	188	132.27915954589844
5	19	3b6b30ad	c_3b6b30adb846a9f2f0fa070f9c8c848f04d8b37f_0.json	189	132.14236450195312
5	111	e5a284c0	c_e5a284c0486a8b2a4289605939074cc6ddf9df44_0.json	190	132.13076782226562
5	208	d3a0834f	c_d3a0834f291d72323d211ad19ad4a3aba8dc32aa_0.json	191	132.02740478515625
5	165	6b2fdb62	c_6b2fdb626af2547caa0ddda0e89d162f4605d924_0.json	192	131.97377014160156
5	184	4c6beac3	c_4c6beac38fe605d651cf42b08c4b22f06492193a_0.json	193	131.79769897460938
5	226	d36e894c	c_d36e894cb61100284b81027d6765e66181f982b5_0.json	194	131.42144775390625
5	172	9c73abdb	c_9c73abdb5ab03982427f71b677987aaecd558aef_0.json	195	131.33944702148438
5	34	38e010fe	c_38e010fe0a172c77b7497bb40c215b28c4624e39_0.json	196	131.1333770751953
5	220	e602a8f7	c_e602a8f729bd55f12d6d33daefa2ee1504bc35cc_0.json	197	130.9175567626953
5	209	8bdc976f	c_8bdc976fbc725bba1cc16b77f12b85bbfa008bc5_0.json	198	130.1334228515625
5	192	0d3a3888	c_0d3a38881a4b1b8130d4e40fb0eefa8fc1a1556b_0.json	199	130.09860229492188
5	163	b1e1383f	c_b1e1383fd8c33fc246ee253e6a9f7a047d3da38a_0.json	200	129.9367218017578
5	155	4fc265a9	c_4fc265a938e1e9d13c407d4668ec8c864e85d799_0.json	201	129.74612426757812
5	147	7c43512b	c_7c43512bdd5cb27df373eca47c11a28a8b161046_0.json	202	129.62100219726562
5	186	da198cf5	c_da198cf58feef59ae708f87423458c813e3f99a8_0.json	203	129.5178985595703
5	49	73f1fffe	c_73f1fffe48c5f26e2c29280385bf0e8f2b9627ac_0.json	204	129.18087768554688
5	189	39b19d33	c_39b19d33418245cf67dd1ce97d472b65b14e8d3d_0.json	205	129.06324768066406
5	47	632e7222	c_632e72228ad994efa19c0a9ae84923718f259cdf_0.json	206	128.9120330810547
5	197	413edb7f	c_413edb7f5000c8f53914bcaf73058d763adfd525_0.json	207	128.48477172851562
5	228	e584ddcb	c_e584ddcb8a932851a0dbfd3857aeec639b0b09c9_0.json	208	128.45623779296875
5	201	a78dc45a	c_a78dc45a3795e3b9666daed8c13ccc7f4ff48806_0.json	209	128.36976623535156
5	123	77af585d	c_77af585d9f0e629db4ecf8d468ef7b71c9d98e39_0.json	210	127.77243041992188
5	11	34b7a47a	c_34b7a47ae949c763178a457582a5df2cb564f53d_0.json	211	127.71211242675781
5	0	bc53a663	c_bc53a66311b9b22e471dd74860c7df75eebe9837_0.json	212	127.40072631835938
5	26	aa27fa0e	c_aa27fa0ec5fab4247136a2233b6c4b0be0087962_0.json	213	127.33214569091797
5	168	af29beb2	c_af29beb2518f46e18de3e82c304b5ea9b0e6d090_0.json	214	127.1662368774414
5	185	8fcda41e	c_8fcda41e657484e717800af9b63de7787dbd240a_0.json	215	126.99847412109375
5	183	f44e1d6b	c_f44e1d6b03276472423df71e151b2c23c11522f7_0.json	216	126.87849426269531
5	93	a966d3b8	c_a966d3b853aa757fd5556191c6ea18ffa6591ce1_0.json	217	126.56669616699219
5	22	34d1c6ca	c_34d1c6cad33a94c24e55d456b550302db4914130_0.json	218	126.55279541015625
5	2	207c6dd9	c_207c6dd98407506ff367d072be25b56f37989215_0.json	219	126.54828643798828
5	229	faad15db	c_faad15dbcae827aa037bd7183ad5727724a21918_0.json	220	126.38774108886719
5	225	a9dc500b	c_a9dc500b81484091d906e13a1a6fe58a82a2accf_0.json	221	126.22689056396484
5	214	6ce06b5c	c_6ce06b5c91cdc603476e9cdb2bf2b97655892d93_0.json	222	126.1866455078125
5	212	5a7f9b87	c_5a7f9b87479786fcff369492d1fbcdbc67985010_0.json	223	125.54074096679688
5	86	e7e94161	c_e7e9416133d270304cdbb567af88c62166a0be9a_0.json	224	124.964111328125
5	213	7975d634	c_7975d634c5646e5378e034d5335d6c35bba241ff_0.json	225	124.76471710205078
5	223	bdad5fec	c_bdad5fece9aab24999d25beb23591778d57bf8ec_0.json	226	124.63253784179688
5	210	34e73b64	c_34e73b6483b08da2d793eb613520e23c3d6afeb1_0.json	227	122.28221130371094
5	4	a7eb98e2	c_a7eb98e24f8b9edd8b18aad012480ac8b8418673_0.json	228	121.6688003540039
5	194	150079fa	c_150079fa731dc3b8adca5ca5175e9a6c80c7af7c_0.json	229	121.15092468261719
5	231	f463ebc4	c_f463ebc4d5c8e906500ebe0803c790fffcce925b_0.json	230	120.78724670410156
5	203	5eb29ba7	c_5eb29ba7901ab88e8388095a8696c4ae13a2c163_0.json	231	120.60753631591797
5	187	d3eb2904	c_d3eb29045072cee861cc9759e0b5618ce3fbcf12_0.json	232	119.59608459472656
5	97	be0fb215	c_be0fb2155777f7d9333ed9547d4a86342800e966_0.json	233	119.16629028320312
5	116	4ab5b9e4	c_4ab5b9e453d0e0ef51fc1d36a5e21aaf21b44c81_0.json	234	117.79090881347656
5	217	c0c25f81	c_c0c25f8124087822a43d085f2ec791a5c2c7858c_0.json	235	114.8238525390625
