1	99	660f37a2	c_660f37a20a357901217136116f06629a75f694a6_0.json	1	170.22042846679688
1	93	4f3ef66c	c_4f3ef66ce3f030c1f45b9426908da32e462e6bac_0.json	2	168.70594787597656
1	125	bbb2da1b	c_bbb2da1b69cdd6c44407d0192ecb1129d4c81e39_0.json	3	167.86683654785156
1	56	c6bdecab	c_c6bdecabd82eebc9efce450aa4057b668984479e_0.json	4	166.3074188232422
1	57	fe5bd51f	c_fe5bd51f8adf11116f0cea83bd7cbe55b7488269_0.json	5	165.42074584960938
1	23	68e75ee1	c_68e75ee16dc6ac983df44ca0c9b1628a9e111caa_0.json	6	165.21046447753906
1	51	cfcca024	c_cfcca024a5a74f96c9892cfa579fafd07783f4ff_0.json	7	164.88092041015625
1	52	6b422c82	c_6b422c82bdb39da4ca3ee4e0f8d2fbe0e8a28d46_0.json	8	164.31759643554688
1	127	1746b747	c_1746b7475d2400d85f5a7c70e1a4ecf821c683ff_0.json	9	163.65402221679688
1	33	ee4962c1	c_ee4962c1eca66bc02bead363d1f042dee9c05872_0.json	10	163.64230346679688
1	25	5cbfe40c	c_5cbfe40c585bcf524ff263c79a9b694383678398_0.json	11	163.28115844726562
1	21	4ed7299b	c_4ed7299b5e0788f851ba5fb5e9c9e364e0420cc8_0.json	12	162.84278869628906
1	112	afc831bc	c_afc831bcb837030d83f58c7cd6bd41588bfa194c_0.json	13	162.5594024658203
1	62	e6e80741	c_e6e80741d86f4f28a6645394dce3244966e6615e_0.json	14	162.2268524169922
1	133	d45289f3	c_d45289f384e3e939c4025b59521e82f41d926685_0.json	15	161.78163146972656
1	114	637426c5	c_637426c50d753bcbfd46577172dbdd9e8d8ca6a1_0.json	16	161.32351684570312
1	134	aee6c50e	c_aee6c50e2830c007a572cc96a57bc105308acc49_0.json	17	161.2696990966797
1	110	94b9f8dc	c_94b9f8dc957d3a2276232c8e6f3acc6fe633b00a_0.json	18	160.96792602539062
1	63	43b777b9	c_43b777b9829141a3eb417ebf3ce49c8444884af0_0.json	19	160.8651885986328
1	13	0558a35d	c_0558a35d9198e0f076f86630c8dcab1e0b0868f2_0.json	20	160.65371704101562
1	58	1166ca60	c_1166ca605bcc035654771f1ddc1092d86f2ec1e8_0.json	21	160.14974975585938
1	42	e1377ddc	c_e1377ddc671e208e090b08eb0357c823b579b886_0.json	22	160.0936279296875
1	120	3cb5801a	c_3cb5801a985c0d6a9ca3dc794b4e89a292b4a9c6_0.json	23	160.0150604248047
1	117	8033a710	c_8033a710b00d911882385ed604a7ad423716758b_0.json	24	159.66558837890625
1	107	7ccc4c7c	c_7ccc4c7c010b0a091448ca45c1b4e135a08ae52a_0.json	25	159.6312255859375
1	68	42476f4b	c_42476f4b08fe4b075aa36f688f0801857f3635d9_0.json	26	159.59481811523438
1	20	ddda2af0	c_ddda2af0666e199e0e6e267833449223b9e738e1_0.json	27	159.59323120117188
1	139	c9dedff1	c_c9dedff12e98a34ab4225bc65f810c0954207f11_0.json	28	159.53286743164062
1	66	d90fa381	c_d90fa381c4b3aaf290724ff7aabdd4ef55dd600b_0.json	29	159.4256591796875
1	5	f047581f	c_f047581f9526aad1c9c9e624710a4e860f88ecaa_0.json	30	159.38441467285156
1	101	5e129033	c_5e12903325795ae5678db28f57b4ce4ddfeaf936_0.json	31	159.3040313720703
1	104	a65806a1	c_a65806a126d71477b3538b571c45f27de054ff84_0.json	32	159.0959014892578
1	115	d2c8f908	c_d2c8f90800f45a0bf99e539180147e5157951428_0.json	33	159.09512329101562
1	129	35b954ed	c_35b954ed36494f64b27b495ded6e66b409d0ed79_0.json	34	159.04751586914062
1	1	4b5faabe	c_4b5faabefd896ef24b21d7f9d3dc20741f6b89b8_0.json	35	158.97373962402344
1	18	2b7bae9f	c_2b7bae9f170c200f13d29506f83964e254baa11f_0.json	36	158.93194580078125
1	30	bf186393	c_bf186393db6502561f54b09a09766a0287335b5c_0.json	37	158.91973876953125
1	44	40fb601c	c_40fb601cbfd2f6cf0e4d7648faed672745c1bafc_0.json	38	158.85818481445312
1	126	0ea36036	c_0ea3603628a516226d71204bc4f599a7303bdace_0.json	39	158.75962829589844
1	71	16bfec07	c_16bfec07ffd785e5abbabdc4145eeac5cccc2c79_0.json	40	158.5867919921875
1	89	e7434e5c	c_e7434e5cb57088ee4d5a06e846cab7c4bed7cd10_0.json	41	158.46017456054688
1	49	6eddaf8b	c_6eddaf8b0c0cb4fe1ece10fc7da6f3b2835dd9df_0.json	42	158.15536499023438
1	35	1d7ebab2	c_1d7ebab2118a4bb4ed542dd67380c3ab8abc485b_0.json	43	157.9802703857422
1	97	ca7bbae4	c_ca7bbae40ef89e561f74d1a00776e3a9f697bd37_0.json	44	157.9509735107422
1	29	3c08f7a5	c_3c08f7a5c47f9d19bc2e473b33d2fbe6c9f047f1_0.json	45	157.86465454101562
1	59	c9aeca5c	c_c9aeca5c39033c95c26c1475dcf0fd2ea86672e8_0.json	46	157.7966766357422
1	37	b55fb21d	c_b55fb21d78e30748ae19f1c8d16902439643799a_0.json	47	157.47943115234375
1	70	cbcfb729	c_cbcfb72912f41d1fac3f6d26ca27406cca94da9e_0.json	48	157.40530395507812
1	74	9cb66ca7	c_9cb66ca7fb213f8936f32749d23294b154fe5964_0.json	49	157.38742065429688
1	64	cacb79da	c_cacb79dab96cc98209cf14bf1b1fc6eb6f357c88_0.json	50	157.2776641845703
1	47	4dfc8ed0	c_4dfc8ed0747f5d7cd10ba35621add0fe4891a545_0.json	51	157.22877502441406
1	65	be3cb017	c_be3cb017eb7db3806a66afff05e32e75e2d56c84_0.json	52	157.1249542236328
1	24	87d5f878	c_87d5f8780622c8f0d507b732194e3db0b76af61a_0.json	53	156.97952270507812
1	6	eac54a22	c_eac54a225bc974157e914cf66cfa598171022018_0.json	54	156.91403198242188
1	60	165a5dca	c_165a5dcaf41b490cd80e90c65738453140c0ef61_0.json	55	156.90281677246094
1	19	b73040f2	c_b73040f2bccdee43261d9f34229040630b70179c_0.json	56	156.8682861328125
1	123	b30da445	c_b30da4450fdaec0e542755f4a8a283c3cbe50d8d_0.json	57	156.83587646484375
1	92	516b82b4	c_516b82b4712da79bcefbeeb06b8a59f17aa99976_0.json	58	156.4417724609375
1	81	7bd9d1d9	c_7bd9d1d970b04a8439fee0bd5224159f57cb2512_0.json	59	156.42312622070312
1	17	8d8502ae	c_8d8502ae8caa3b2b133bdce221ea8a955a6bf97f_0.json	60	156.40335083007812
1	28	1c642fc7	c_1c642fc7ecea497c92b961614ebba569ac151aa8_0.json	61	156.30224609375
1	2	0e1f0adb	c_0e1f0adb716515aba5e98e5690779f2fb73ad716_0.json	62	155.88946533203125
1	40	9acb622a	c_9acb622adf15a97c58f26da62a23f9d2278faa4a_0.json	63	155.82008361816406
1	100	78d3d984	c_78d3d984062ddc85cf26e065ae25186d1f402aa1_0.json	64	155.8144989013672
1	90	6cf4a36a	c_6cf4a36a4e2e4b69ed59b6f9637bebf11eea053e_0.json	65	155.79611206054688
1	14	d7e94581	c_d7e94581d784067fccddd34e19ae46aea526f9fa_0.json	66	155.74241638183594
1	61	5f1aa667	c_5f1aa66714f4d5e16bcccde012c2d47b22c86e23_0.json	67	155.7103271484375
1	73	045dbbbe	c_045dbbbe4ab84618cee8ba27d00b9283ce0a2715_0.json	68	155.4978790283203
1	95	00d0def6	c_00d0def6953d414af6ecf36a9584c5453ee39c29_0.json	69	155.37225341796875
1	109	740a1b69	c_740a1b699338923098486fc16d8df967be388160_0.json	70	155.31570434570312
1	72	a7bd28c4	c_a7bd28c496457aa7c32db4ea529c4f3df7e78fe9_0.json	71	155.16412353515625
1	83	a53c76b4	c_a53c76b43ac003cb7f741d59d2f705f562d28008_0.json	72	155.15216064453125
1	46	02b21463	c_02b21463e68e7b3d5f3d9980746d131a08a08eed_0.json	73	155.1219482421875
1	27	05fdf22a	c_05fdf22a6c0e142a985ebe0e2a295e9a46a43041_0.json	74	154.9644775390625
1	48	0d63758e	c_0d63758e095d2a671d0ba10fc8cae141add29a45_0.json	75	154.8033447265625
1	103	72d6e797	c_72d6e797caf2b1a1d033305c1baf4e43eee5f1ea_0.json	76	154.78567504882812
1	98	194e21c2	c_194e21c283fa857bf1a121b8f37ba3346a11cf2e_0.json	77	154.57667541503906
1	118	ecf59bef	c_ecf59bef6e5bfcfe7dd048babd848bd7906a3a95_0.json	78	154.53826904296875
1	108	883780bc	c_883780bcf69e7842b781632c98ac32caf824aa16_0.json	79	154.18777465820312
1	22	a05816d2	c_a05816d2e7fba8780067ff0e005588074bd78f2c_0.json	80	154.1412353515625
1	32	7faf4509	c_7faf4509000e4c4d32af15b0c81b5ec9bcfd928e_0.json	81	154.09530639648438
1	15	adaccbce	c_adaccbcef4b94de8a445cd6af608e829605563e9_0.json	82	154.0172119140625
1	79	c7f90f93	c_c7f90f93c6251809428bae0585c4dd56b8a4dd3c_0.json	83	153.99623107910156
1	36	d3b38ab1	c_d3b38ab190426b3bb32038faecc70835fc45c39a_0.json	84	153.8648681640625
1	113	9141cb39	c_9141cb39e6659340574a96b41d7f463ebdc2610e_0.json	85	153.83924865722656
1	132	3362f9c9	c_3362f9c9d8b1b36e16ba9528ed566f6a27f7ba5b_0.json	86	153.76638793945312
1	131	186e9f98	c_186e9f98047b2c8b298709a59a40df3e049ae8fa_0.json	87	153.65682983398438
1	11	ce341968	c_ce34196827e6ac834b4c566e1e6fbe863c8e8d1c_0.json	88	153.6035614013672
1	94	60709c20	c_60709c20402533f86bb2374241cdac3b4f0fcba2_0.json	89	153.6010284423828
1	67	fc4ccb42	c_fc4ccb426eb3934ee1656db9b18c7d797ac6bd1d_0.json	90	153.5467529296875
1	88	e80b8112	c_e80b8112a719b6b213e833bd0d1ee27f55bfe5f4_0.json	91	153.51600646972656
1	38	086f4343	c_086f434320e68a82ce1adcac69668ffcd7f48e52_0.json	92	153.48760986328125
1	16	a0f10ed5	c_a0f10ed5495800b1df7a5e70fcc043ce05735bbf_0.json	93	153.4236297607422
1	78	70337bef	c_70337bef8f5eacd4ecac22b2625a20224f77ff20_0.json	94	153.32681274414062
1	41	1b0ccbe4	c_1b0ccbe4c7d5a183913063429198e8c51bb768f9_0.json	95	153.22434997558594
1	69	cb99634a	c_cb99634ab3d6143dffc90938fc68e15c7f9d25b8_0.json	96	153.2091827392578
1	12	637ef14e	c_637ef14ee4aa842fe689b166e36d2e88363d5c20_0.json	97	153.20675659179688
1	138	9a705d86	c_9a705d8605583b9614bfd7ad8117e01dc8f3e13a_0.json	98	152.9789581298828
1	91	9dd3dda0	c_9dd3dda09f09c6baa7e053b39043bc9e2ef47ee0_0.json	99	152.95411682128906
1	75	2417ea6c	c_2417ea6c4e32eaf36241265727b4b63465877216_0.json	100	152.93746948242188
1	31	20d3ec46	c_20d3ec46fd2c07eba4bfbefacd9fe868849828ae_0.json	101	152.93734741210938
1	39	ee95ad7a	c_ee95ad7a13b3d69096bac45ad344575e2cb54c1a_0.json	102	152.92323303222656
1	137	d422c1a8	c_d422c1a8b5a7f4567ae138ae7c1fd68077f94776_0.json	103	152.6087646484375
1	43	2afbbfbd	c_2afbbfbdc03864cc5c8fe8bbfd91e96eee313383_0.json	104	152.51492309570312
1	45	f444c7cd	c_f444c7cd3b069434c451eb644a10f2f1251090fd_0.json	105	152.3721160888672
1	119	f8294d2d	c_f8294d2d225600e29720c7a1c5c33cda00591bf6_0.json	106	152.08126831054688
1	105	2ec4c994	c_2ec4c994c0458ef893af9bd518849bec21b2dec4_0.json	107	151.97109985351562
1	26	415218fb	c_415218fb6d84408dd239231e3b7fb310f86793e9_0.json	108	151.9122772216797
1	9	561adc64	c_561adc6440cb832fe064554e3dc017e0ff5327a1_0.json	109	151.53623962402344
1	136	530c9339	c_530c93392ca9113fcdf3acd1dd21b1c3348b9b38_0.json	110	151.4178009033203
1	10	98e075b2	c_98e075b22d6127826804a1379196ba4555c2cfca_0.json	111	151.29931640625
1	102	ac6e8579	c_ac6e85792f3ca00a11a85426901f9b61f7366374_0.json	112	151.2216033935547
1	54	339c2a68	c_339c2a689c0c02264ec633bae12c089806b13423_0.json	113	151.15655517578125
1	128	861da51f	c_861da51f243e29ecbe30891174c2bc54b01ce402_0.json	114	151.03648376464844
1	55	58149e21	c_58149e21ad7452ed45ce77b8095c0c2c7414d55b_0.json	115	150.6692657470703
1	0	e23e79e0	c_e23e79e0ceacf38d3298e7f5207c4518ad2b5955_0.json	116	150.63394165039062
1	82	fa5dca3b	c_fa5dca3be144dcfd855384471f1687fa2dc95aca_0.json	117	150.5690460205078
1	76	9acd5cd4	c_9acd5cd4d32f3f14440a6fbea766f90c71f49b10_0.json	118	150.4693145751953
1	135	7d07c191	c_7d07c1915c7fbabb9deb83c3ecb0d04d7ba15b55_0.json	119	150.42041015625
1	87	fafacd17	c_fafacd179d4a564b3176014039eef05669a26ffb_0.json	120	150.26644897460938
1	77	2598862d	c_2598862d94b7f6f3dfae057193b4f0cb5be8dee8_0.json	121	150.14759826660156
1	50	b1edd537	c_b1edd537c70143026ebb9eb2c9eca0d7417a398d_0.json	122	149.91851806640625
1	116	18d70603	c_18d706032ac850979833165b66439c2c764c3b33_0.json	123	149.88885498046875
1	96	898b7f96	c_898b7f9629f8f9a02b9d4785d4c287b4549c3990_0.json	124	149.62997436523438
1	130	38670dbe	c_38670dbe9232dc9b56d6464c42293e745974cf60_0.json	125	149.44451904296875
1	7	45d972fe	c_45d972fe5b7807db5f5bb6fed182f107993da5a4_0.json	126	149.41641235351562
1	4	389fcd21	c_389fcd218eca6fd7e2826cafb08933fcb1ae8faa_0.json	127	149.40379333496094
1	8	f6f9fc1d	c_f6f9fc1d480e85839c80d0890fa5ebed74971dc7_0.json	128	148.94842529296875
1	124	31896b6d	c_31896b6d4326ad1a76fed349781c5e641e9fa014_0.json	129	148.6409149169922
1	53	822e653a	c_822e653a0e8ff9f7d6a9e605193302123333ec59_0.json	130	148.38536071777344
1	3	366598c7	c_366598c77c097855b4b2e790ab6c4353031747e9_0.json	131	148.17300415039062
1	80	312f5b03	c_312f5b033e7e9d532dd841eec3a179bf5659c85b_0.json	132	148.07675170898438
1	86	323b7aed	c_323b7aedaea1c57dc225fa2ca64613a3672156d0_0.json	133	147.84776306152344
1	106	84e46bd5	c_84e46bd5857e56596f0a52b18686dc467c3350fe_0.json	134	147.8088836669922
1	122	eb6ffbb7	c_eb6ffbb7f3d658b8b57258e706f30fc749db70d8_0.json	135	147.3082733154297
1	34	14182380	c_14182380d59abc9c5a18504833c5c93d27fd0f8e_0.json	136	147.07028198242188
1	111	12b600c2	c_12b600c2520093d83d0b67ae9b3eacfae466455e_0.json	137	146.8470458984375
1	84	1a355418	c_1a35541867c086cae9166a0b0dc9901ea0e12812_0.json	138	146.46754455566406
1	85	f6c0433b	c_f6c0433b65a97745b9a3044cebe3ddc6e28c1836_0.json	139	146.1643829345703
1	121	f7220c40	c_f7220c40b18193ffa4b02fb6645b1e14db38cc44_0.json	140	143.98703002929688
