10	958	5e3d4320	c_5e3d4320cf735b4940a63f79eeb586ea549cb1c1_0.json	1	145.29962158203125
10	544	ad5ff0f2	c_ad5ff0f2d9c08fb25d821bdc038934642c3c7367_0.json	2	144.2620086669922
10	875	1de2ace0	c_1de2ace065963ca1d9d3715b92743f706bc35659_0.json	3	144.20852661132812
10	643	052c9ce0	c_052c9ce0ce7dc0e9c8c98e1902d0fdac97f6af52_0.json	4	143.8108367919922
10	732	d4a1e49e	c_d4a1e49e463091ed3793930815fde75bb766d030_0.json	5	143.33819580078125
10	808	6d90f0d8	c_6d90f0d894c468bc2f5b1e138ef21174ae644a0b_0.json	6	143.2879180908203
10	564	e19672d0	c_e19672d0a394d552469147e12a70bf81413f0076_0.json	7	143.121337890625
10	618	47a36fd0	c_47a36fd0952d8b9a884ad7b2948a93011b4d667e_0.json	8	143.0768280029297
10	841	bf549f05	c_bf549f0589105a42f159c78a621fc28087561d16_0.json	9	142.9596710205078
10	164	82771f00	c_82771f006cad2047df9b30cdc35338599c31da45_0.json	10	142.69354248046875
10	850	edf66083	c_edf66083e6245abfab4a85dce03c0bf79a66f474_0.json	11	142.56822204589844
10	849	7f6a0960	c_7f6a0960300792f47ee6c153595e0681ea07cd91_0.json	12	142.47828674316406
10	276	de0f8da1	c_de0f8da151abae70dada849f4d941ba3333fd063_0.json	13	142.0530548095703
10	632	5db4caee	c_5db4caeec5bc538bcfaecefc8ade8b4dafd184a3_0.json	14	141.8212890625
10	840	67d512ee	c_67d512ee7db6eca139622591cd7ea5e46fa39c01_0.json	15	141.807373046875
10	683	8f8e69a3	c_8f8e69a36444022da48d40966549fa9eb78f5751_0.json	16	141.5240936279297
10	874	60b2370c	c_60b2370c74e65fa5a0a89e18a95428ee19dfc363_0.json	17	141.49337768554688
10	555	3aeb70e0	c_3aeb70e0305a598a9ceddc0390d693874dcc892d_0.json	18	141.407958984375
10	603	3f261441	c_3f261441651fe6a5f57cf4e6aa655f9661dc606a_0.json	19	141.32135009765625
10	876	b6a625fb	c_b6a625fb6cb7e46a01938fef79ac6ea26c93a8dc_0.json	20	141.22457885742188
10	400	52288d71	c_52288d712730a50f13fc6c2bf07d339642d06846_0.json	21	141.21005249023438
10	585	b90b43ea	c_b90b43ea474cd32f1aa6d68aeb4fbe19e1e7ca9d_0.json	22	141.1988525390625
10	459	4bd261ae	c_4bd261ae060edac514882b4f9026a7aba4c7ecaa_0.json	23	141.05982971191406
10	165	18b301df	c_18b301dfeb91ca4468e0955d4cafcb32186efe1e_0.json	24	140.65365600585938
10	620	d3f927eb	c_d3f927eb42c9e22d86ba8f729b2b8e5ef05d3fcd_0.json	25	140.55007934570312
10	653	7e760143	c_7e760143fdc8b689daeebdee33ad6ea7d0a62a56_0.json	26	140.47659301757812
10	839	7c97ac29	c_7c97ac2944748ed2d609821f41e3f3e33e0c73b5_0.json	27	140.4242401123047
10	842	b9998e51	c_b9998e511f3a3c19d52c104d66d78037eaff88ec_0.json	28	140.27406311035156
10	630	65df3b97	c_65df3b97ba7352fd1d6afc925b9c30f5067a3f53_0.json	29	140.1589813232422
10	72	11a29b63	c_11a29b63b0af33c340072091db9d036c6311f6a1_0.json	30	140.1419677734375
10	417	861e047a	c_861e047a6222d581ecf1f617599629bbf8654d34_0.json	31	140.08148193359375
10	3	5520d20c	c_5520d20c416188d175a94b326a01cb1564fca7c0_0.json	32	139.92919921875
10	546	57ea7ff9	c_57ea7ff9f36409039ede0012680a8b0d3a2c02a2_0.json	33	139.77560424804688
10	528	f276d138	c_f276d1382775e962d1a0a4b9e7e3e08496252861_0.json	34	139.71372985839844
10	982	79a00cd9	c_79a00cd90695c9ab72f301ca30fe2cbbc1fe8e36_0.json	35	139.6925811767578
10	685	8ee2c24f	c_8ee2c24f616b1a3c133611091ef352caceb065aa_0.json	36	139.6566162109375
10	411	ba0cd254	c_ba0cd254a931c01ee753d1f4c744c3dfa151d097_0.json	37	139.59120178222656
10	714	bd937fe7	c_bd937fe7b54392d7c9c7bac591bd813f510f5bfa_0.json	38	139.58786010742188
10	882	0c3b9670	c_0c3b9670f0907e36a4fcb435410dfad62873693b_0.json	39	139.52943420410156
10	517	3c4d121d	c_3c4d121dc8736c7359731f9cb99098e2999f8575_0.json	40	139.49569702148438
10	756	7a5cef93	c_7a5cef93050be46ca738c6589c067b78ee79fd78_0.json	41	139.41604614257812
10	321	dea7ab89	c_dea7ab89fe3e4c5b71c41a9733b102ccdc30b902_0.json	42	139.38597106933594
10	587	c71e61cf	c_c71e61cf4830ee950b8fbc601ccadfe4d7ab6d1a_0.json	43	139.2899627685547
10	542	e9a971f6	c_e9a971f6806e5bebd2f6e677c3b126efad68a01c_0.json	44	139.19692993164062
10	738	dd86d634	c_dd86d63436c5ea9d90df52af049e82d25461d19f_0.json	45	139.17391967773438
10	271	dc60cb19	c_dc60cb193123b2564bac0c2de9a998e4649fea30_0.json	46	139.07223510742188
10	862	f9a302e2	c_f9a302e22a24c5a6a58f582bdaf80e7df7bc904d_0.json	47	139.06800842285156
10	81	a18a7512	c_a18a751240fc1058f82eda2581298335e6e77c5f_0.json	48	139.06768798828125
10	661	f39ac8d9	c_f39ac8d946aab1451995cf46875395705c8a03a8_0.json	49	139.01937866210938
10	903	f0bf15eb	c_f0bf15eb7a687077222aaa8012b0345b6efe125b_0.json	50	139.0039520263672
10	902	18674570	c_1867457030d3c149566e95a019033cce4ff3cf90_0.json	51	139.0039520263672
10	617	cf155652	c_cf15565243dc20e2b9fb27dcfcd65566fed261c7_0.json	52	138.90834045410156
10	717	d7fbac03	c_d7fbac03844aa86dbb1c65a8ba50ac364c4b2050_0.json	53	138.7530975341797
10	625	de835d4d	c_de835d4dcd27da9bf319e46a9f28c3de998e0e9d_0.json	54	138.73785400390625
10	386	fb7bd7b1	c_fb7bd7b1b7bbc0ba75b74c2861807852cf43b30d_0.json	55	138.72381591796875
10	34	cc90a682	c_cc90a68241aa3ab849c0886b479da3a6449ba210_0.json	56	138.6613311767578
10	463	49e7ee05	c_49e7ee05fcd6113d569d3ca20d7a806603c4a91f_0.json	57	138.53054809570312
10	312	2b993d83	c_2b993d83b6dc502f47022ee3390d11d8c74e3f62_0.json	58	138.44354248046875
10	28	9dfa454f	c_9dfa454f6da6e88b51dba7840881feb874dbbdef_0.json	59	138.27847290039062
10	478	f291c4d3	c_f291c4d33ea5fcc52afcfa5713e519e663378bda_0.json	60	138.04812622070312
10	722	bcaf5607	c_bcaf56079c25d1bef89394ed1b2e1bdd5aaa392f_0.json	61	138.0088653564453
10	918	31f80d86	c_31f80d86590e523af1360a1a3d0f330989434286_0.json	62	137.95896911621094
10	535	2813385c	c_2813385c33c34c3758f4bba863526551add0c58e_0.json	63	137.92120361328125
10	957	c935f89b	c_c935f89b23c69e7c9d6d98df87f81635b3eb3700_0.json	64	137.9117889404297
10	460	854b92a7	c_854b92a78f3747f1e8874cc0b7eb485693f3cb54_0.json	65	137.78794860839844
10	599	2f0fbf6b	c_2f0fbf6bcc32f5931d1ae93b7201aaec0c07da6d_0.json	66	137.72344970703125
10	626	38ce5376	c_38ce53766ee5c98e5b9aeac58d8db14eca6de8a4_0.json	67	137.72007751464844
10	731	796a3812	c_796a3812791d3d2ac3d70c63f0d02a04131fe5b4_0.json	68	137.57730102539062
10	270	89c18452	c_89c18452aee5242646ae7d5562fb73b4795f6c58_0.json	69	137.51129150390625
10	490	e79bcde8	c_e79bcde8bf95a6f19f85f74d9f448c70fae19141_0.json	70	137.50509643554688
10	706	c01fc5c9	c_c01fc5c9352b34024fd19d296c814051d334a564_0.json	71	137.4955291748047
10	579	cdd5d80b	c_cdd5d80b85155c21c61f888fb3e70c65e72edef7_0.json	72	137.47998046875
10	725	ecdf9150	c_ecdf9150f6cc820dafddea5b545f456fed47472f_0.json	73	137.4257354736328
10	640	90c9eadd	c_90c9eadda162e0e9056d8d5137b4c9e0db598f3e_0.json	74	137.35044860839844
10	848	6e8d3cd6	c_6e8d3cd65e2777da196513d91b796d3e03e203d1_0.json	75	137.2829132080078
10	867	f4185289	c_f4185289f64a703b5c696d8f44a17f26bda7f00d_0.json	76	137.28207397460938
10	607	8b21c777	c_8b21c7770b85dae64fa6da181546a73378158a13_0.json	77	137.12828063964844
10	600	3b3a60d3	c_3b3a60d301a66dfd1599c796c7f5b92e93972816_0.json	78	137.09506225585938
10	367	db3f19e8	c_db3f19e881ba7a86faa97e291be874c5405eedda_0.json	79	137.09469604492188
10	595	467011c7	c_467011c7ab2de2341ee4b11d00f515d1f1ddb36f_0.json	80	137.07687377929688
10	373	8380d28e	c_8380d28e6fd1c320ad3f13aef257a907b8f04a47_0.json	81	137.06240844726562
10	543	fc99556f	c_fc99556f22b476057f95c04a1648b3bbddc130b5_0.json	82	137.00167846679688
10	823	26016ca6	c_26016ca66e8cb76ada0a01fa9420a88a8d346f68_0.json	83	136.95474243164062
10	448	f36c1bc2	c_f36c1bc222d5450f9c3f9a1203b2a6bed4f57026_0.json	84	136.86827087402344
10	556	6029afb7	c_6029afb72d6dfaf42b4b655b5a32dadaa81db3a1_0.json	85	136.8428955078125
10	684	f3c14b46	c_f3c14b4614a6c68291d5d9a38860f9d77bd281a3_0.json	86	136.81271362304688
10	100	05f54f35	c_05f54f35520bb0718dcaa12333520f4c2aaf3cc7_0.json	87	136.73287963867188
10	845	67af0dd8	c_67af0dd8f860b3997ed039e00062e3eb8ddd5a3c_0.json	88	136.6904296875
10	547	70965eae	c_70965eae0397636368dbfcc606a1319722c4a3dd_0.json	89	136.6194610595703
10	624	70abd0ba	c_70abd0ba874054189b3cb0800013ab989712d621_0.json	90	136.59811401367188
10	95	859af002	c_859af0025cb63fba5da3a4a6b85f432cc2a41c47_0.json	91	136.586181640625
10	533	f1f8b666	c_f1f8b666ec665b41446ddb3d68de115d8ce91d2f_0.json	92	136.54873657226562
10	789	411c5c0b	c_411c5c0b502401c7af381a64e94253972b7db5f2_0.json	93	136.4678192138672
10	534	5c620c7e	c_5c620c7e0a1f3e89dd0b42463aa4611950f282f1_0.json	94	136.45152282714844
10	941	e5b3f636	c_e5b3f6368db33c846b094b0d695d3a1b826e3892_0.json	95	136.4176025390625
10	942	9e5f86d1	c_9e5f86d10b3b3ff4ba0dfe7ba0722c9e640fcc20_0.json	96	136.4176025390625
10	19	add96064	c_add960644ac204fffbb112d7d01097dbaba38e8f_0.json	97	136.3999786376953
10	672	1c09e242	c_1c09e24220471828234fe4e772c00a5668887d87_0.json	98	136.37498474121094
10	844	f88eee09	c_f88eee094c2fb5d3b43509ef42f72b345ff00883_0.json	99	136.3385772705078
10	578	f50cce6d	c_f50cce6d142e4e0b4bc6c9b52bf6ed82a9c7afaa_0.json	100	136.33538818359375
10	613	6c0566bd	c_6c0566bd220e342364facc29078c6c3f325d5276_0.json	101	136.322021484375
10	137	2034090b	c_2034090b15cfef51d81e860b1d49340147378618_0.json	102	136.22630310058594
10	457	05ae10a1	c_05ae10a144dffde88ddfb4b0a7563892ffce9b58_0.json	103	136.19168090820312
10	329	b8d82440	c_b8d8244016a5e8a03c456ec4aed4c02bb1bc4a24_0.json	104	136.17494201660156
10	550	84c71409	c_84c71409da812c1ccc62196ac2ff71f761bbf31b_0.json	105	136.16925048828125
10	581	a98d6eae	c_a98d6eae472df67317d58d34f13438bb958668b1_0.json	106	136.1412353515625
10	727	498049b3	c_498049b3048901ea96715dd2ef8fd5f71027d3d7_0.json	107	136.12994384765625
10	968	23e29169	c_23e2916947940864f828505531aa130fba6d8743_0.json	108	136.09579467773438
10	969	57b08bbc	c_57b08bbc31421653481762507cc88ee3eb373563_0.json	109	136.09579467773438
10	686	f602bce9	c_f602bce9f536df971b8bfa01b7ffb111e2896c97_0.json	110	135.99005126953125
10	233	70797998	c_70797998909a6561a32e16e29c54321fd05d176b_0.json	111	135.96937561035156
10	116	764e4d9a	c_764e4d9aca8139540f3b37ec3977c07e3e705127_0.json	112	135.92239379882812
10	656	d391584d	c_d391584d48ce87a36c88e804711a5f187e0b9086_0.json	113	135.91302490234375
10	538	6e3bf073	c_6e3bf0730037fb3cb7aab7fe607fbe61ba5fe5e6_0.json	114	135.91030883789062
10	443	56b7ab1b	c_56b7ab1b715f972c07b42c61e929601e343faa17_0.json	115	135.86941528320312
10	870	7f8f490f	c_7f8f490fdc95fb087e735dc582a2af07cee46078_0.json	116	135.8248748779297
10	402	baf9591d	c_baf9591d3b0eea51434f1e2ef726c29bd35c85d5_0.json	117	135.8189697265625
10	682	26ab4045	c_26ab404599643fac25442646b829a65a7f86bca1_0.json	118	135.81756591796875
10	734	bb8dca71	c_bb8dca71c4dd7a69d3df17418d337bdab81c7877_0.json	119	135.81707763671875
10	49	cf2a457a	c_cf2a457af7b0422e7728e0d55a4e794048af5a6b_0.json	120	135.73471069335938
10	275	ed838ec1	c_ed838ec104463fd496077df2186acc7ee762ba35_0.json	121	135.66876220703125
10	257	6728c742	c_6728c742d2e41d63cffbefbb8fede77b89d25960_0.json	122	135.65704345703125
10	532	d70fb90e	c_d70fb90ef77be3d34686a98335fb1747f66b448b_0.json	123	135.63780212402344
10	719	740d03ef	c_740d03ef0eb329dc7d046b903c985704587be081_0.json	124	135.62380981445312
10	470	9bfe4439	c_9bfe4439505db695ff8e1a24e0d0ca1a494b8aa3_0.json	125	135.62188720703125
10	873	e652ec0d	c_e652ec0dd9b37a9c68173b650bad3ccd62619326_0.json	126	135.5865020751953
10	115	6a80791f	c_6a80791f13e5003c09a342d7a3c443c031d7d408_0.json	127	135.55081176757812
10	593	d20df34b	c_d20df34b8b65067b54138639678cc11391d3c47a_0.json	128	135.53746032714844
10	104	cc334475	c_cc334475b0ab3fdcff3061f58474775bd09cbe4f_0.json	129	135.45953369140625
10	800	c25278b4	c_c25278b4d6036a0e0ae758b13194813936d9e911_0.json	130	135.4528350830078
10	671	1794182a	c_1794182a560588973c6ec131e9c24bd39508433d_0.json	131	135.4472198486328
10	981	c731abb2	c_c731abb293e79b26e53db3264306768fb86ef4c4_0.json	132	135.443603515625
10	985	dea30550	c_dea305503ad8827121e8212248c271f1f2f90048_0.json	133	135.443603515625
10	204	839b0c2f	c_839b0c2f94746b89c08212b9d199a174ae2c407b_0.json	134	135.43850708007812
10	816	6a69c603	c_6a69c603c0686e20cc71d73689080dc9e1239ab8_0.json	135	135.3515625
10	328	4a852043	c_4a852043b37a6c8849026d0d39189a466dc49b9f_0.json	136	135.2886199951172
10	557	4f6a36d6	c_4f6a36d68fbc38f9fb4a84a43875e64676a73139_0.json	137	135.2501220703125
10	634	b892c859	c_b892c859090522526b624ba53b8bd4bb884c2021_0.json	138	135.1731414794922
10	235	e6496fdd	c_e6496fddd6b0cee8bb8ac254e486467811a55be5_0.json	139	135.1410675048828
10	562	9db0c532	c_9db0c5321710f1cebb6ae297b2d7c35ef15b56ce_0.json	140	135.06301879882812
10	809	b0531e16	c_b0531e1649843ee68475c13a49f91585d2881d67_0.json	141	135.0545654296875
10	545	f7121ad8	c_f7121ad87d2916c72a854f746b37d62aead1ff0b_0.json	142	135.04022216796875
10	359	520259fe	c_520259fefae64a39f41d58c31c19e669718fe394_0.json	143	135.02723693847656
10	468	5770be4e	c_5770be4ed21473a77196c3457e9fded852796cf6_0.json	144	134.99803161621094
10	604	2236c95c	c_2236c95c37e4ac882c20ac080e4ebc68b85b296c_0.json	145	134.9908447265625
10	864	117d8ea6	c_117d8ea68ff953a271c492736ba3eed3bb209da2_0.json	146	134.95301818847656
10	391	114633fb	c_114633fbf933c3085a189d20c62fadae0398fb39_0.json	147	134.92095947265625
10	669	d1de4cf6	c_d1de4cf676f669fe6771d12dd220e1a9f8d1a42a_0.json	148	134.91094970703125
10	354	eac15056	c_eac1505670eb03586389a14b860c6b90dc2fe898_0.json	149	134.8518524169922
10	726	46d2d79b	c_46d2d79ba7bb2bfe17e992689fca369d1490870b_0.json	150	134.80447387695312
10	586	915c5d4d	c_915c5d4d6f46ca65f60430b7a9b403be87453243_0.json	151	134.79086303710938
10	210	2bddd575	c_2bddd575b3d0c018f5243354c7b399bd51be203c_0.json	152	134.7652587890625
10	138	85f7c939	c_85f7c939f69fa131d06872c94fbe2ff82fd62df5_0.json	153	134.76263427734375
10	635	194c18d2	c_194c18d20c6a05c9454ca9e0bc5503f2581ee3ea_0.json	154	134.7625274658203
10	704	214234e2	c_214234e2029919dd7d25c4a90e2fac825795c022_0.json	155	134.75755310058594
10	108	e2cfc0cc	c_e2cfc0cc19fb917ad5d9923706fe33846628ca36_0.json	156	134.74008178710938
10	217	de6af441	c_de6af4411ba1179bcbaec48fdbbbcfadf7f8d04d_0.json	157	134.73944091796875
10	526	37abcf36	c_37abcf36379f9f24efb2dea8b4d1dd1577a10db1_0.json	158	134.7086181640625
10	911	eb79ec73	c_eb79ec73f01d31853e411843f64172ee1c5703d0_0.json	159	134.66744995117188
10	912	87717662	c_87717662f72436f547333a270d289743f79622aa_0.json	160	134.66744995117188
10	539	1885ba7d	c_1885ba7dec27dd99fd8c9dc48bb6623708286584_0.json	161	134.65109252929688
10	496	60e7c481	c_60e7c481fd1fcbd8b0ecec1b4238fdc51b008009_0.json	162	134.62442016601562
10	979	edaf59e1	c_edaf59e178301fc2cdc5523cd703121cfcd4c009_0.json	163	134.59519958496094
10	980	a52828cd	c_a52828cde7578933a8cbb2d3ff3794ee107d450c_0.json	164	134.59519958496094
10	56	2250afe8	c_2250afe82558df09b4d20f006bcb1840b64f619e_0.json	165	134.5659942626953
10	125	8f456831	c_8f456831d4d3bfa00f0fc72191480cdc2fb828dd_0.json	166	134.55389404296875
10	598	c1bac6de	c_c1bac6debf8ce1f5f76346b6cef6bbe06996bc7c_0.json	167	134.494384765625
10	427	ad921a0e	c_ad921a0ee85303f639e5ce27e9a255125351d031_0.json	168	134.47447204589844
10	208	10c39317	c_10c39317a108dd1721924f871f7c62721dcadc82_0.json	169	134.46641540527344
10	826	6f0a6a46	c_6f0a6a4662c2cc692faddacd3f59fc3addc01a68_0.json	170	134.43988037109375
10	597	81854db4	c_81854db4ac8c50aa65ffb5ad7b66747cdea4ab4c_0.json	171	134.42977905273438
10	641	94d59b55	c_94d59b550ead8ad81259505def3759cf5926c3df_0.json	172	134.42221069335938
10	228	ebf24fbd	c_ebf24fbda51cd8391791fb89499a6d732a36d835_0.json	173	134.351318359375
10	637	31964507	c_31964507c1caabc9a70e3270fa56aaee29eff6b2_0.json	174	134.34744262695312
10	594	8217aca9	c_8217aca9250c59fef8dbe3b7fe7fd4da86ab1ae0_0.json	175	134.34173583984375
10	531	566c27cf	c_566c27cf211fcf307bcb94b47dbbe992fbe0d2d9_0.json	176	134.29830932617188
10	572	e7566085	c_e7566085683827ae9278880c38e21a80ccd573d9_0.json	177	134.29747009277344
10	788	a973837d	c_a973837dd4027cff97b863797618ecdc56cde2c3_0.json	178	134.25962829589844
10	50	b6f767bf	c_b6f767bf054dbc006ce1f098ca785112effa8519_0.json	179	134.22276306152344
10	622	ed2b25dd	c_ed2b25ddefa15b571d2c5d4c82506632f694fed5_0.json	180	134.20921325683594
10	589	882c14a3	c_882c14a36782889b54fc284c43e386252ae2de23_0.json	181	134.2082061767578
10	691	0b734e46	c_0b734e46e180a452e4bff45878ac60441be6ff74_0.json	182	134.18234252929688
10	953	47cc3454	c_47cc34548d2ede1f294ff72ae02c05e2b0eae404_0.json	183	134.1658935546875
10	959	e48c7803	c_e48c780389e62a8ace3a59f52935c8e79cef134c_0.json	184	134.1658935546875
10	688	91be9440	c_91be944022883646433237e4c1001747fa0ba955_0.json	185	134.1243896484375
10	563	ba283925	c_ba283925ae8503ca72f326486a3518fb517df5b7_0.json	186	134.0998077392578
10	689	296d843a	c_296d843afd575a75d7959474aad76ac05afa0706_0.json	187	134.07101440429688
10	596	f9b6c209	c_f9b6c2095f3409b2324579e9edea25cd64a2ceb1_0.json	188	134.05613708496094
10	937	7d1973e6	c_7d1973e6c5e270c0c94eaf6a3e81f4f2c5b2a699_0.json	189	134.0485382080078
10	938	fe101c10	c_fe101c10bc3597d8e715a31d94d2cc0cc54b660f_0.json	190	134.0485382080078
10	612	1bb01055	c_1bb01055f001833017e52d479b608c2a96b665e1_0.json	191	134.02374267578125
10	591	2780a2a9	c_2780a2a9bf5b0bf7eb6b14fc6ec27916c1c867fc_0.json	192	133.9628143310547
10	451	52bf1448	c_52bf144859d7584fe96c79b5672683f0bb795bdc_0.json	193	133.96240234375
10	766	42e35e9f	c_42e35e9f90bcc1745191c419b120eb3c724e49bc_0.json	194	133.9546356201172
10	712	b28e518c	c_b28e518c7e19f5ad1f881144c3651e7c3f9c759a_0.json	195	133.9074249267578
10	219	338758a0	c_338758a0d3b30d47a31571e2315c3f2b34e9e894_0.json	196	133.89712524414062
10	540	e04d3fa8	c_e04d3fa882e7829fc2b1d174a28e4e3640306696_0.json	197	133.88055419921875
10	549	a85f9b81	c_a85f9b81b0c207042b05e1162c270488821a856b_0.json	198	133.8721923828125
10	163	66649a1a	c_66649a1a628bf84c6b2dcaa9312cbdb911c0b042_0.json	199	133.86473083496094
10	529	b922500c	c_b922500c239406c755149e9a9ca1164a2e2e2c90_0.json	200	133.8545684814453
10	652	a92cf394	c_a92cf394e827089f8a10853ca5d5f0da6c23654c_0.json	201	133.85382080078125
10	216	60ef777e	c_60ef777efcf683f28b33497995d6746bfe13bf45_0.json	202	133.85263061523438
10	692	b19e187b	c_b19e187bdda7765f008e0fcdcb4fd184bdd87e00_0.json	203	133.807861328125
10	628	01661426	c_01661426f91322bce8bc34842a0283a5add5e0be_0.json	204	133.77735900878906
10	385	b883f8f4	c_b883f8f4aaa7ae906b4298cc43223060495fc6ff_0.json	205	133.76141357421875
10	884	fdaa6b05	c_fdaa6b05c4b418b567d33041c07f9d14b8e45dfe_0.json	206	133.71937561035156
10	724	4057b98b	c_4057b98babf5ecb7ad1583d23a90abe7b7fede12_0.json	207	133.69949340820312
10	222	102f8b3a	c_102f8b3a71fa33cdac09d0e6ecdf8881702c10a7_0.json	208	133.69015502929688
10	590	b5f8ef6e	c_b5f8ef6e16d615f48c35ed3c6826db0616e1fb53_0.json	209	133.67678833007812
10	79	cbc6b4d9	c_cbc6b4d939202b6970f19fbe19e7f4d6624d59e4_0.json	210	133.6159210205078
10	83	6dbdb272	c_6dbdb272c0950d1bd17c3e3b5e38b385d1373eb2_0.json	211	133.58712768554688
10	288	fa40b4c6	c_fa40b4c63a57e92e87b3fb6079b01fd5304a01c1_0.json	212	133.57240295410156
10	675	bc68d729	c_bc68d7293c437fd2e5bbcd4bffff4414b03b74a6_0.json	213	133.5718536376953
10	381	edc71130	c_edc71130c44e82fec4a3b4712f44b1912d374036_0.json	214	133.5409698486328
10	690	d5ed0716	c_d5ed0716db573e5785e55d140ade5ab9a3062410_0.json	215	133.52865600585938
10	6	973696cb	c_973696cbf5d261d313b17930a5e2e19378c085c5_0.json	216	133.5188446044922
10	493	3d50a6b7	c_3d50a6b72aabd4f3eb4a309a0df51c6d0db619d9_0.json	217	133.5051727294922
10	229	15fa1094	c_15fa10943c6e9db6d5db147efdec9640e86838a9_0.json	218	133.49951171875
10	384	2b9f81e8	c_2b9f81e8b5623dd07f3fe5f34a8ada56b13aea8d_0.json	219	133.451171875
10	639	339d3dd4	c_339d3dd4d01a726ca2686c6def4f0a4f9385954b_0.json	220	133.43289184570312
10	584	6b2c275b	c_6b2c275b5caa122bc25797cc71d154a598431a16_0.json	221	133.4175567626953
10	261	16c28325	c_16c2832588481eb935dba5163ce277a1480c5f2b_0.json	222	133.41452026367188
10	325	4413c299	c_4413c299ea09c57b94af8647eec901554c2f5c50_0.json	223	133.40646362304688
10	750	9be0fd9e	c_9be0fd9ecc91ba0eacf885faeec5f3d1d82fa99f_0.json	224	133.3677520751953
10	677	ddde79c8	c_ddde79c861cd2a3f62c33650698942cac1bb961c_0.json	225	133.33798217773438
10	423	337d89cf	c_337d89cf3feec17918ea7739fc00edb52ed5527e_0.json	226	133.30340576171875
10	831	f29d5bc3	c_f29d5bc37b52c4b8d2ad15a10bb0c7f684c1d45d_0.json	227	133.26315307617188
10	728	6c78bf52	c_6c78bf5247828219d4383c1b5dd13d494fa65cec_0.json	228	133.26132202148438
10	865	6a3e83a7	c_6a3e83a741f543b9bd39d35d46b5d4e60f09ff11_0.json	229	133.17921447753906
10	984	1ab73ffd	c_1ab73ffd21d8c08bbe734154921a936e4a8cb091_0.json	230	133.1656951904297
10	554	9fb39c89	c_9fb39c89ea06ce5472d6979e264de5d9cc031c91_0.json	231	133.16336059570312
10	36	9245bebd	c_9245bebdba9a3227674f3c0b08d86165891f02cc_0.json	232	133.15164184570312
10	735	efde6674	c_efde6674e19612241740f8775ad5011f84b84c24_0.json	233	133.1348876953125
10	561	a8133efe	c_a8133efeb812badc14f00c1e641ee9891bc803b8_0.json	234	133.1212615966797
10	601	b2d5940a	c_b2d5940a9baf82c6aa796adf710b86fe64fe14e7_0.json	235	133.12124633789062
10	794	01bd0d92	c_01bd0d92e2838d3a42cfa322dc406f6f0a5f8483_0.json	236	133.10972595214844
10	820	edd6c196	c_edd6c19670b7d56700b2093071122a0015c06e95_0.json	237	133.106689453125
10	131	68f3899c	c_68f3899c1aedc5ee1c97f0c54e0d951df5d4a9a0_0.json	238	133.07620239257812
10	442	feb9617b	c_feb9617bf087738ddb5becffdcaf16efeb187478_0.json	239	133.0660400390625
10	758	dc4e43bb	c_dc4e43bb237c3878d12902e562ac352cbf463333_0.json	240	133.0658416748047
10	251	e7e2e59f	c_e7e2e59f73430436ea929ea8ba7025db055b46ae_0.json	241	133.02383422851562
10	762	4816941f	c_4816941f0d76f2dc5d5b0b7b5fb3206d6fef641d_0.json	242	133.0013885498047
10	140	149604f0	c_149604f0be6c05a822e8b02c1c1f00d87ba515da_0.json	243	132.9580841064453
10	295	e656954c	c_e656954c162c9411904cc0090f0c124f6fd80c2b_0.json	244	132.9559326171875
10	819	af6aa5f7	c_af6aa5f782dcfc38a060d2de9476337e14ffedcb_0.json	245	132.94869995117188
10	30	7aa1d0f6	c_7aa1d0f6aa144d04389eab2faab603c853b23909_0.json	246	132.93373107910156
10	188	3b1056c0	c_3b1056c097cd615c531c1ffd5ccb772d65d2e814_0.json	247	132.89987182617188
10	168	3b0f8f43	c_3b0f8f4340c68d8fde0840befbc1b89afa14933f_0.json	248	132.87953186035156
10	746	4c629347	c_4c629347da72dd07610ebce89a1ec32bcf79ced6_0.json	249	132.84713745117188
10	63	d6d1daee	c_d6d1daeedd50b05ff3319cd0f154cbef2e235cc8_0.json	250	132.81216430664062
10	355	f1e278c4	c_f1e278c4c018c72efeabbde122bdd4c645d12070_0.json	251	132.8025665283203
10	18	2b9fd47b	c_2b9fd47b720f0743d69dfcc48bc04b471e37d240_0.json	252	132.78375244140625
10	42	e4ea6b1f	c_e4ea6b1fd052705a8c2088ce36ee84db1961b4af_0.json	253	132.76846313476562
10	871	f2591b66	c_f2591b666419e06017b2327f7729440c122bf675_0.json	254	132.74325561523438
10	511	95a34523	c_95a345234fb1d51ada03f37d50769cd5198b5af3_0.json	255	132.7156524658203
10	560	f67940cb	c_f67940cb638fcf4d3443b057176bb1b84d054ac0_0.json	256	132.69406127929688
10	114	2cec661f	c_2cec661ff0ae9cc88a1908e71247de86d22f4145_0.json	257	132.66455078125
10	872	d6c8c1e3	c_d6c8c1e3cf6749258e3f98d2bc03c973385e31a7_0.json	258	132.64938354492188
10	695	61a549b7	c_61a549b74d0103f6531886e465d4dcedb9ff6d52_0.json	259	132.59194946289062
10	577	ee9ffa80	c_ee9ffa808a24d690dbffedb6bda4a18876c29fbd_0.json	260	132.5623779296875
10	224	610580b8	c_610580b8d959a6fead380e681b9337534c7403db_0.json	261	132.5599822998047
10	135	e340801d	c_e340801d258e18f733620b0fd03d65fffb8df6c3_0.json	262	132.54898071289062
10	390	ea48a1de	c_ea48a1debfaa863d29dac8ddee9a4dd5a55ed785_0.json	263	132.53408813476562
10	305	c01fd85a	c_c01fd85adb8887410f9429dc708828656b34b3b0_0.json	264	132.53309631347656
10	245	9c8e8bd7	c_9c8e8bd77e391dbf7d1cc81ab2d4c6b8d09da0ac_0.json	265	132.49952697753906
10	272	24fd66f6	c_24fd66f64574f581cadfb946622af3923fc632b7_0.json	266	132.4881591796875
10	156	64172d1d	c_64172d1dac3563a4019f3f8d9558aa2448d3cf0d_0.json	267	132.46986389160156
10	259	b2af57d2	c_b2af57d288514dba466241d75f33e7c55dd44cdc_0.json	268	132.46282958984375
10	43	9a69560d	c_9a69560d9f1f8ab89277259c221193acf7cfcffd_0.json	269	132.4358367919922
10	405	e26a6d5c	c_e26a6d5c187228d5f8152db6a8cbbd157a28b0a5_0.json	270	132.40455627441406
10	44	dfad0a36	c_dfad0a3612a1753cb595dd41e6b1de8263536fef_0.json	271	132.38970947265625
10	992	0c7e3998	c_0c7e39981975fa88fbab012d42047ba5bc9522fd_0.json	272	132.36106872558594
10	991	34d7521d	c_34d7521d9581b025c23bd5e4880a1b3a687b3da0_0.json	273	132.36106872558594
10	553	f9976f4b	c_f9976f4b0125ffb6482728448e56c917dd6b35a7_0.json	274	132.34059143066406
10	507	62675b7f	c_62675b7f46e805fe15a04a7b8b252da6dac00c15_0.json	275	132.327392578125
10	824	a3f11150	c_a3f11150cc1110289d65ce121701374ccf6948a1_0.json	276	132.3271026611328
10	334	83539c53	c_83539c534c3cade5a05e633944420615b0b478ed_0.json	277	132.2888946533203
10	962	b45cd98e	c_b45cd98ea1a3c5d884c3353aa71392d465752db2_0.json	278	132.26588439941406
10	960	bcd52a1f	c_bcd52a1fdc4883731ee25b79e2c3f6a7d578bf92_0.json	279	132.26588439941406
10	124	809e3b5e	c_809e3b5e2103a6eb1dacefa32d7917c2dcc3592a_0.json	280	132.24057006835938
10	175	19ae6c07	c_19ae6c0763cffe5d4a9a020902ae7d9ecbb2d6ea_0.json	281	132.2222442626953
10	169	50eb5826	c_50eb582657b5a07aa4aec22f11c9f3071eb631a8_0.json	282	132.20587158203125
10	25	9f5a2086	c_9f5a2086deafa340ac12e78d44c8c23b19483f9d_0.json	283	132.19329833984375
10	412	a9507250	c_a9507250f96766525c5fbde5648b228d032bf064_0.json	284	132.17515563964844
10	409	0c35edab	c_0c35edab6584a01d89ec5533ee6acac8f7002a8b_0.json	285	132.13214111328125
10	201	d416361a	c_d416361ac58046af0bbba29ed1a6158f640ebc9e_0.json	286	132.1111602783203
10	33	70c77282	c_70c7728218bafe63c6ef6242a84f474a576ae4c0_0.json	287	132.0911407470703
10	569	f3c0a96f	c_f3c0a96f444bd553b137144141ad20434e545322_0.json	288	132.08653259277344
10	153	4f0728f6	c_4f0728f6a09063ab9f2121dd6077634a316c9401_0.json	289	132.05062866210938
10	655	777e17c7	c_777e17c723fa2c87d703326f6bcf1195645893bd_0.json	290	132.0091552734375
10	445	50b4e3f4	c_50b4e3f4b9fda3494c07221547eac505deb6f7eb_0.json	291	132.0091094970703
10	414	279c0e87	c_279c0e87edffe9ec675c37c8405f3add06879b36_0.json	292	132.00601196289062
10	127	a595032a	c_a595032a902c0758610a1cb38379b5e91a01adbd_0.json	293	132.00120544433594
10	678	4c06b013	c_4c06b013697d06b327f3c537e23181887aeab774_0.json	294	131.992431640625
10	472	c894fb6c	c_c894fb6c2321231c3793a2092650596d53f37e41_0.json	295	131.98486328125
10	869	ea17ccc6	c_ea17ccc651bdf122e8946240610b9372696ed820_0.json	296	131.9695281982422
10	408	912add07	c_912add077989dc06977fe31209d4d8d125bce8d4_0.json	297	131.9627227783203
10	58	1e7f3ebe	c_1e7f3ebe7a6ec1002fe7a23d42f37827dfa3a9e3_0.json	298	131.92208862304688
10	649	172143df	c_172143df7c37482f8c1d43ac4bff769d40ee5ac9_0.json	299	131.91600036621094
10	32	3f53e8b2	c_3f53e8b223c95d673524ff38ea5c5ac7e054092f_0.json	300	131.88845825195312
10	950	00cf46cd	c_00cf46cde434d8a9909bc13ead6664acf1b6240f_0.json	301	131.87254333496094
10	128	4fc6400f	c_4fc6400f5c31c0731f950fd617c4a55f57303c56_0.json	302	131.86898803710938
10	407	ef7bd4c9	c_ef7bd4c999c6d4d3d418138a03bd98e2efe4ca63_0.json	303	131.84262084960938
10	670	3cbe355c	c_3cbe355cb6b1ab5d84ddb75837430c3d9584119b_0.json	304	131.83953857421875
10	148	6e59e502	c_6e59e502c2461c11d0e6099f10f65c666acabc45_0.json	305	131.83323669433594
10	769	35c13173	c_35c13173b0c509fd7088566fcc8f75473d5a3b7c_0.json	306	131.82545471191406
10	454	c8bd121d	c_c8bd121db2b382cc0e15d317b19178e6db373d9b_0.json	307	131.8234405517578
10	881	f0f9ce42	c_f0f9ce42f499a3f4eccf53ad0bc2470cfef08a6d_0.json	308	131.8009490966797
10	536	5fc2db9e	c_5fc2db9e7266701959129e88aa7ed8baeb493adc_0.json	309	131.7957000732422
10	7	7da18b96	c_7da18b96e819a347eedc7c84b29645b128de3cf6_0.json	310	131.7920684814453
10	102	3690d362	c_3690d362b9e3007e390d38092ce339e8a1145781_0.json	311	131.77310180664062
10	234	e3af076f	c_e3af076ff271968a1a639c5bbdc1ba967b11ea94_0.json	312	131.7548828125
10	432	f718784f	c_f718784f33c6f52416325039381833645651d2a2_0.json	313	131.72348022460938
10	857	06282a4d	c_06282a4d136b2603b923b10b69f7a5e5216ac6f6_0.json	314	131.72117614746094
10	101	e839336e	c_e839336eea7aa7e414108a6d33703349adc7a705_0.json	315	131.71876525878906
10	754	3df2db1f	c_3df2db1f1696c49dc01d1e8a60073e5a7f39a999_0.json	316	131.71571350097656
10	846	0922af5b	c_0922af5be609ff6d5559c0b534bc10cc78bd925c_0.json	317	131.70132446289062
10	804	1e18dce0	c_1e18dce002158992bbda1d3a19952fdf07f308f4_0.json	318	131.69216918945312
10	73	0b5f3dc8	c_0b5f3dc8255a4811df48817dc9b899d67e8725fa_0.json	319	131.66720581054688
10	372	883ce465	c_883ce465d5514ee9fd28a73c0891869d0b744d4a_0.json	320	131.63722229003906
10	748	14ebcc4e	c_14ebcc4ead0b0714fa3dd5c1af697cee8013b94f_0.json	321	131.61642456054688
10	485	572421b7	c_572421b7712bf2f369ec9f529416ddef5235d975_0.json	322	131.57925415039062
10	205	b6348045	c_b634804533ab68697b6f5414e8c93c3613850bf2_0.json	323	131.53619384765625
10	441	a1471648	c_a1471648520e70b3b33e6421ca30796ff3b258a3_0.json	324	131.525634765625
10	592	44022402	c_4402240294300515e8f4141adba42732395b5c21_0.json	325	131.5147705078125
10	133	c9cb05fc	c_c9cb05fc720a8b041a7fbcf1068beb85a134674a_0.json	326	131.4907989501953
10	23	646d94d4	c_646d94d420e04f1eaf3465c5df91900e558d6c5f_0.json	327	131.4495391845703
10	946	cc54e4db	c_cc54e4dbdd16c6d269eb6686f472999445cba22b_0.json	328	131.43350219726562
10	106	02decace	c_02decace2685790a1a826756bfe7951e56b3ef81_0.json	329	131.39968872070312
10	771	9c4b23b3	c_9c4b23b39ad8bb0e42b0b3324a929bbb8b52158f_0.json	330	131.38162231445312
10	345	f6a33297	c_f6a332971f1f27be44fc40d2e8d9b8a34017f776_0.json	331	131.2566375732422
10	185	fbefa59b	c_fbefa59b66152ed9db730a528ed2bb5834de5c86_0.json	332	131.24197387695312
10	611	9ce9c62b	c_9ce9c62b4452f6cc9fbb89058a28abd8cddbafe9_0.json	333	131.22695922851562
10	575	d22e11b1	c_d22e11b1846d43efef5179851a131f6ebb9cf1a9_0.json	334	131.22412109375
10	674	9a80d095	c_9a80d095d9afb3aedcde4c275fb4a8619a5e3a35_0.json	335	131.20037841796875
10	476	e60274ed	c_e60274ed353ebdb1100a41b6d9bc9938ca4e71ec_0.json	336	131.18540954589844
10	811	84201c01	c_84201c015fae7aaa34744074f6b7526ff0c5112a_0.json	337	131.17164611816406
10	370	6818edec	c_6818edecf95ab35b05c3459a25b4df3eedc07e84_0.json	338	131.1524658203125
10	659	f777a192	c_f777a192ee13fd59048aa7ba640cc8023051c89d_0.json	339	131.1150665283203
10	371	d1ddab2e	c_d1ddab2e6ffcd938ac0d133fd46caf5fb2417009_0.json	340	131.09588623046875
10	780	b0a17294	c_b0a172944afe21e6986bfddadc43daaa1127bd41_0.json	341	131.09054565429688
10	583	4a6c084e	c_4a6c084ef73e5e8a3fca12f9bb829a218fad7a84_0.json	342	131.06057739257812
10	160	f4f596ec	c_f4f596ec3daee1cb1890d4655c7f7ca15b557df3_0.json	343	131.0301513671875
10	420	b819307d	c_b819307de8b6bf24241c8ee75acbf90f88489c56_0.json	344	131.0269012451172
10	515	041d499a	c_041d499a7c4af1b70617001ded11dbc01732d97f_0.json	345	131.0249481201172
10	247	ad0e0d6f	c_ad0e0d6f54058335714256f5b8b9433c6c10a8cc_0.json	346	131.00131225585938
10	576	1bb48694	c_1bb48694f4fe9daff299d5c4a057dcb739b79575_0.json	347	130.98550415039062
10	605	46e65a77	c_46e65a77c5856d21f2d5e7c90306dbbd894da57e_0.json	348	130.9797821044922
10	518	4b042671	c_4b042671af018f308c2a261145dc6712e39b96e7_0.json	349	130.95484924316406
10	306	d3eda04f	c_d3eda04f33ed9386140bb8c3066716916e2de831_0.json	350	130.9468231201172
10	4	64fd7baf	c_64fd7baf25ec5ce83e91729987cc705f1c43c5b3_0.json	351	130.93536376953125
10	633	0e02cbb3	c_0e02cbb33ec43b301b6835a99db020a2df3c6f51_0.json	352	130.9290771484375
10	744	ad3489f5	c_ad3489f557d951ebd4574d04adf4b0bb4108d05f_0.json	353	130.9269256591797
10	541	64dc53ff	c_64dc53ffc40ac80925be50523e3c2cea6ad97da9_0.json	354	130.88674926757812
10	10	0b9c739a	c_0b9c739a7b2a2dcbeb264a30a271dcb67b72f773_0.json	355	130.88185119628906
10	559	ea9c0236	c_ea9c0236c79134cd2ecdd1b6d244a584e7fc6c22_0.json	356	130.87091064453125
10	174	82974376	c_82974376103243addbedd1eb034ca46e2db47046_0.json	357	130.86282348632812
10	47	7e360b95	c_7e360b95e7aca387bca775f1fa80d52c707ccefe_0.json	358	130.85531616210938
10	39	bcd1baef	c_bcd1baefd5ce2ac649cf1cb51deba706c75bfb5a_0.json	359	130.85057067871094
10	398	3d006c90	c_3d006c90a2d2e53f786acdba64f48d9b12ab0ed3_0.json	360	130.83279418945312
10	238	2bcc832a	c_2bcc832adeff81c48991274f4c7fe4f9b4cc1599_0.json	361	130.81954956054688
10	172	c6f762f3	c_c6f762f36be0496874d05c733593ac030409eb4e_0.json	362	130.8052520751953
10	280	7a7bbf75	c_7a7bbf754cfabbcb56d090b982bf4b128e15938d_0.json	363	130.78904724121094
10	502	f74dffc6	c_f74dffc6fd90fb5efdaa982bd7ba0e8a42c31c6f_0.json	364	130.78591918945312
10	413	7b223a89	c_7b223a89835aea968be91f1b5a0dd57ba19bfe34_0.json	365	130.78091430664062
10	93	73117fe6	c_73117fe65256dadd2eb9e882b7212e9e878493b7_0.json	366	130.773681640625
10	290	747e3c30	c_747e3c3051153779954e49b7dbc475daa678e1f4_0.json	367	130.74256896972656
10	783	46b73632	c_46b73632b0f7591ef1328ee7ddd1e883916fec1e_0.json	368	130.720458984375
10	434	46a8e9b4	c_46a8e9b4119992d73e61dc1ce37f2b94d53c819e_0.json	369	130.69781494140625
10	715	82f18a25	c_82f18a257faafa4501d91003e72a33fdafe85bd0_0.json	370	130.67918395996094
10	832	e4508227	c_e4508227c53749b48318366c1272119031851887_0.json	371	130.64816284179688
10	351	f2e09112	c_f2e091127f989001a9e2cbf8c0e2d4cdb4d86ad3_0.json	372	130.59849548339844
10	940	55b4a3f9	c_55b4a3f9b0adc2d494ae0b3bf747afb398f3b9dd_0.json	373	130.5915985107422
10	939	7abeb160	c_7abeb1608064abd19129ef7bcaf781dbd3ed26e9_0.json	374	130.5915985107422
10	802	fd4fbe41	c_fd4fbe41322c39329245b6a1311ae42bd10827ad_0.json	375	130.56060791015625
10	244	a7e3971f	c_a7e3971fddc7512fb1bd00aa2ea4388664656b2b_0.json	376	130.5452117919922
10	920	b82e1b09	c_b82e1b09319550bd7b377e5c766f104721e777f2_0.json	377	130.52296447753906
10	919	e81f3eba	c_e81f3eba2731bac5b7b5a50e7218f9847a170d83_0.json	378	130.52296447753906
10	482	0bcd1b34	c_0bcd1b341f2f4f7d93738272f5a6a2c3d2dfb0f7_0.json	379	130.513916015625
10	934	b395da26	c_b395da26b7761d46b25db6e6b15ffbd0a45ac17c_0.json	380	130.48941040039062
10	721	4cb1b881	c_4cb1b88115d1290cacf38436dc3e7ec983e99e5a_0.json	381	130.4773712158203
10	933	339c783b	c_339c783b4af158558e1e054594f1180f07950485_0.json	382	130.41432189941406
10	936	2b15334a	c_2b15334a4981d4e0bd4f2c2d34b8978a4167f36a_0.json	383	130.41432189941406
10	37	bc2c25f2	c_bc2c25f235808c7e90d9bde6b2795997405af0cf_0.json	384	130.4033660888672
10	740	f40ac23e	c_f40ac23e882ac4cce830b38a027c4cb255c3a8a0_0.json	385	130.36033630371094
10	29	3cd665b1	c_3cd665b199ff77bbeb4aa45d1e1816ec37d942c7_0.json	386	130.3407745361328
10	424	0adf7f5e	c_0adf7f5e1797baf3ac44a369fa13ad4126096d4a_0.json	387	130.3106231689453
10	158	b7cbfc5c	c_b7cbfc5c347869a271270ab98b8238428813517f_0.json	388	130.2993621826172
10	662	e23973af	c_e23973afec37fd1691f87a8c25dc8307c11b97e9_0.json	389	130.28866577148438
10	525	60e6ed91	c_60e6ed912d52716f46a1ba71923ef203c4248857_0.json	390	130.2775115966797
10	358	822d1bc7	c_822d1bc75e70538f01638955bf766316e416499c_0.json	391	130.2621612548828
10	801	714ac8e6	c_714ac8e64399eb156abc4ce3e517185c098fb7e6_0.json	392	130.24032592773438
10	65	c9e48097	c_c9e48097ece2f2e3b16c6bb726218c7967af4e8c_0.json	393	130.2339630126953
10	393	6e81cfdb	c_6e81cfdbb4c156e53013af07023991987073eced_0.json	394	130.22987365722656
10	40	40b77dfa	c_40b77dfa6b514b4036dbe746cfed710489359b82_0.json	395	130.21609497070312
10	199	1da3ef98	c_1da3ef98916a360f6af703da0ac0a26b3a459ddb_0.json	396	130.19383239746094
10	687	756131d8	c_756131d869465ac70abb9595653ea967e6812231_0.json	397	130.1879425048828
10	484	d93825ba	c_d93825ba72e0ccbc6a3ec2fa0bcb2d72678333a4_0.json	398	130.1830596923828
10	296	2b1f3eec	c_2b1f3eec15969d5771a957ba810e3c3a80519a3e_0.json	399	130.1808319091797
10	291	202bbfee	c_202bbfeef0a7829ddac75f28b8077e2f1534c461_0.json	400	130.15573120117188
10	255	ba015486	c_ba0154867d8469991fdba21467743b7cfdfee70f_0.json	401	130.14163208007812
10	375	1e2fbd81	c_1e2fbd81f500671670885b7fc110d3c6a160aa78_0.json	402	130.14138793945312
10	681	2da01fb1	c_2da01fb183d56531b21a9b976aed017312b94422_0.json	403	130.126708984375
10	410	e57ef090	c_e57ef0908b6aa422819511dd640584ed71ac846d_0.json	404	130.10116577148438
10	851	c53e2551	c_c53e2551058b445b6adf5bc588456c2b33548e28_0.json	405	130.05099487304688
10	62	9bcbb4cf	c_9bcbb4cfdc7f178afff5a06fd7dfb268b311796a_0.json	406	130.03799438476562
10	761	6575cdeb	c_6575cdebca64244f400c86989a5b4957eb49d773_0.json	407	130.02880859375
10	730	323dfa0a	c_323dfa0af5401130de9f4278593fcacb9e5cda1c_0.json	408	130.02716064453125
10	551	bafc43af	c_bafc43afae04d33bf50f112c05661bf4a402aa69_0.json	409	129.9834442138672
10	582	51a9596d	c_51a9596d066a4b38f7da2975ba659e8400728208_0.json	410	129.98074340820312
10	694	eb2230ca	c_eb2230caf0c8d1e2d9ea67e7c4afce72f1eccc3f_0.json	411	129.9793701171875
10	503	9196b232	c_9196b2325126988f72248a7d35ffcb44744e0134_0.json	412	129.93630981445312
10	944	64107353	c_64107353a37e623ed1f8fecb4422c24212cf6fe1_0.json	413	129.87808227539062
10	943	fef43b2a	c_fef43b2aaa4fd7cb8f0dff395980c69f614635af_0.json	414	129.87808227539062
10	177	e9a2a1d0	c_e9a2a1d0f7e4f326207413cdc37eb5b9d4f15246_0.json	415	129.86712646484375
10	337	7b99419a	c_7b99419aead602bb7c6c9fc08a5556deaaf77d77_0.json	416	129.84756469726562
10	67	b90228dc	c_b90228dcc096c88b176e53f93b6069f29abccc5a_0.json	417	129.83570861816406
10	571	fede584b	c_fede584b9811f35432a936af0c9441f4e05df80a_0.json	418	129.8333740234375
10	853	14ba59fa	c_14ba59fa8858126dbe0c3e645a84c7de3bf2361a_0.json	419	129.83090209960938
10	447	7c42ef3e	c_7c42ef3e5d736ae1a74c88f0dc5fc1207c55c8af_0.json	420	129.81378173828125
10	527	3331dcda	c_3331dcdab08792f6281ab6343532031a52f54003_0.json	421	129.7572479248047
10	269	08d3827d	c_08d3827daee728f6082785d3177bdf868ca9cf1c_0.json	422	129.75277709960938
10	162	cbcf7def	c_cbcf7defa344ad1dee63baa0767613a5f9848e86_0.json	423	129.73733520507812
10	35	eaa43b76	c_eaa43b76e44d2491dfbabb69e9d20beceffd9822_0.json	424	129.72793579101562
10	96	458f2baa	c_458f2baa2f79bbfe78d3db3dfa1dd7866d7cf7a9_0.json	425	129.71307373046875
10	382	a526da7c	c_a526da7cdd2529eb3d13cfbd35664ee82a02d565_0.json	426	129.66629028320312
10	570	6f6d3b22	c_6f6d3b221e563a1706727fce8bc26e83fee3144a_0.json	427	129.64173889160156
10	803	22c835f2	c_22c835f2bcd5ee39fd58556e01324f334c5f0cb7_0.json	428	129.6414794921875
10	38	0b6bbaf5	c_0b6bbaf5f182acfddb696096fbf56366f1e8c72a_0.json	429	129.63748168945312
10	433	523f4898	c_523f489863812d6831bc33443fe699c2903a450f_0.json	430	129.63465881347656
10	406	b489f4fb	c_b489f4fb01ad2558319bde03fcf3103ede56d193_0.json	431	129.55780029296875
10	246	1925fb96	c_1925fb966cb54913709ff4c88dfdb0a849d2d9bd_0.json	432	129.5525360107422
10	516	9cf579ef	c_9cf579ef01e66dad2ffe907350d2d088497138a8_0.json	433	129.52215576171875
10	71	b9e81f93	c_b9e81f93c1e32eb5568f306db317ea907813596e_0.json	434	129.51480102539062
10	59	2effd579	c_2effd579765ad470e2cd9670ad96324d86895ed1_0.json	435	129.49349975585938
10	404	43137b6b	c_43137b6b4f005e70561a147b868284d94527069f_0.json	436	129.45846557617188
10	394	b649f276	c_b649f2768c2e3f313b3f08ec54a39746bd43cfe6_0.json	437	129.4368133544922
10	464	c5c7c5bb	c_c5c7c5bb649cb875769d1e25ea44435311ca93b4_0.json	438	129.4301300048828
10	453	8d3bfc0f	c_8d3bfc0f4715cbe00ce0865d2de5018a7207f687_0.json	439	129.428466796875
10	352	a1228669	c_a12286698b273e2f66fed386da333cc031b7ccd8_0.json	440	129.41412353515625
10	299	6825477d	c_6825477d75b45e724c6f91bb9f11d2cc5df1ff20_0.json	441	129.4046630859375
10	461	457b37f0	c_457b37f08e3cf81299be9dc1f409eaf9c217a1dc_0.json	442	129.3939971923828
10	189	c64b79c0	c_c64b79c0f9e81ebeeec18fa27e2be7468916f078_0.json	443	129.3939666748047
10	705	2ef77162	c_2ef7716209043289880d5f1d5bbb9a658b93f2da_0.json	444	129.3464813232422
10	134	4f727df7	c_4f727df749b9ad97dfd0dd108a67539b7f163ee2_0.json	445	129.33172607421875
10	488	5d315584	c_5d31558428466ebe531a1255271dfc6b800f36a0_0.json	446	129.32272338867188
10	892	f7abd59a	c_f7abd59a3b349d5c926507705f439afff54ed301_0.json	447	129.3212432861328
10	893	8e570ee3	c_8e570ee3a2b5dc637c0fd270e09f67e72de35f83_0.json	448	129.3212432861328
10	736	2e6b22fa	c_2e6b22fa2ef077b630edb36292e002823a54cfab_0.json	449	129.32037353515625
10	956	05b17f92	c_05b17f92714ac8ad716bb379eea13a2b4ed4ce4e_0.json	450	129.3122100830078
10	78	0993d729	c_0993d729e463779fb06281932058c94bb4b41e3b_0.json	451	129.30810546875
10	947	caef7625	c_caef762530f61de5c41b497200d1b98019b073a1_0.json	452	129.30740356445312
10	232	058f7344	c_058f7344db3187014e20de5d560c30e795839df6_0.json	453	129.29263305664062
10	710	b5ae3c94	c_b5ae3c945af88a0aa366c55d2717cd350b412553_0.json	454	129.2782745361328
10	397	4c41b11f	c_4c41b11fce30bdabf8d276b934d4161d0e186db4_0.json	455	129.27244567871094
10	646	016261d9	c_016261d9cfdcab859a674f90c1b53858dee44f36_0.json	456	129.2274932861328
10	813	6dc6b4be	c_6dc6b4be9208221caad81b52aec665f133b5e9af_0.json	457	129.2237091064453
10	446	2fb8c928	c_2fb8c92812fc385a79bc54f6214c7ac801d2c06a_0.json	458	129.17041015625
10	994	a477f4f0	c_a477f4f0ca9405ec85e65e1d9b8f2454e9ff1a0d_0.json	459	129.16282653808594
10	993	9c4f3523	c_9c4f3523206468746ef5ee135f2bced4e45b33b5_0.json	460	129.16282653808594
10	327	681281e7	c_681281e772614282c8d6e07ee1e3b5ec9ca3faf3_0.json	461	129.1597442626953
10	885	299ee898	c_299ee89852f8e3ac510a939a2583515a6f1c3e87_0.json	462	129.1515350341797
10	209	93b00084	c_93b0008486b3186f5a0113062dd566076a1df60a_0.json	463	129.1504669189453
10	258	8aedbc84	c_8aedbc84dbf580531ec43a33729526b3ed038306_0.json	464	129.1127471923828
10	807	b4d51db7	c_b4d51db776325cd0da58d96d973175dc1b86b256_0.json	465	129.08200073242188
10	282	d5741b32	c_d5741b321f6a1c543fb330a8bc11a9fc882748d7_0.json	466	129.0784912109375
10	565	a7e9ac36	c_a7e9ac36123ad66ec4ac9a7dff3197276b55d5d1_0.json	467	129.0397186279297
10	868	c5dc3b79	c_c5dc3b791b2beb3950fd121b20981b87009a263e_0.json	468	129.03146362304688
10	505	d347128e	c_d347128e6fbfbe307cfbfde384235f43c80045f1_0.json	469	129.0250701904297
10	452	b4eb8103	c_b4eb810347ac073c29b62bb0fc2c70c40376aafb_0.json	470	129.01785278320312
10	567	99801915	c_99801915aa324c4d07b852e23debfbcefb1a3007_0.json	471	128.99366760253906
10	45	ad1c1a73	c_ad1c1a731d4a2f4fb11fa057521179a3b24bb757_0.json	472	128.96534729003906
10	774	b96d2d98	c_b96d2d983793ee6c70f059936cf95f325519ca7a_0.json	473	128.96112060546875
10	152	6d50bcea	c_6d50bcea8711642c90caa6db6b1f13ccd38290c1_0.json	474	128.9566650390625
10	94	54a48077	c_54a480774df435be94d5bda4115845da361d4986_0.json	475	128.95452880859375
10	709	a3ca4e13	c_a3ca4e13126bcf03449794889df606eb96d026b8_0.json	476	128.94618225097656
10	21	56311328	c_5631132892de1bfbbe61e4fbe527367949c8d050_0.json	477	128.94241333007812
10	418	6d3e0e92	c_6d3e0e92a5695f47628d2f7d3fcff207c22c1825_0.json	478	128.9290771484375
10	471	97d00f49	c_97d00f49309dec6cc92b248a7f08408bd6aeb3e1_0.json	479	128.91310119628906
10	183	933a3e51	c_933a3e515021e9d3dea4a18326479a42df353494_0.json	480	128.90682983398438
10	619	1470f20f	c_1470f20fc040539a6e22232f17eb84330e9ba6c0_0.json	481	128.90536499023438
10	297	1a4bea73	c_1a4bea73346135ce36422788c28fce11c3c5bbbb_0.json	482	128.8921356201172
10	487	540d36e4	c_540d36e4bd1fa94a7aa8f72eef0d9272f013fbb0_0.json	483	128.88818359375
10	437	bf4ab044	c_bf4ab04413ce091971175ff594c794116925b44a_0.json	484	128.8838348388672
10	680	ec42d600	c_ec42d600af5080d98283db7eac890de16cd43798_0.json	485	128.87718200683594
10	880	0e3708be	c_0e3708be82830ab1862cc8c752e9efa841e0fae7_0.json	486	128.86868286132812
10	97	f923f7f5	c_f923f7f537d019728fc4eda0fa7e9a7af2c920ee_0.json	487	128.86753845214844
10	978	02838e1e	c_02838e1e304b3742d90e89e574041a9eff3e1146_0.json	488	128.858642578125
10	977	aa209fa2	c_aa209fa2555271215a89fe382a4b9078102e6abd_0.json	489	128.858642578125
10	580	25c6ae17	c_25c6ae177b1ca56db7f3c29eb574bdd032a06165_0.json	490	128.830810546875
10	206	e9c156b0	c_e9c156b01661b53e3a33f63fb45c0beda5bfa731_0.json	491	128.8058319091797
10	278	5bffa1f6	c_5bffa1f6790b2a5e8bc0996240c1b12317793324_0.json	492	128.78634643554688
10	693	e2e67274	c_e2e672740a6e58f81924406decba024a239fb8a5_0.json	493	128.77732849121094
10	855	c6752fc4	c_c6752fc47ad0268480a5ef49fc6cbd485447ce23_0.json	494	128.7384490966797
10	627	de727d8c	c_de727d8c4811209b2fdc6dbfa367f8bb7f78ba4e_0.json	495	128.697998046875
10	149	abf4ab2d	c_abf4ab2d78b2a7f3108fd7560145f45886f6b301_0.json	496	128.67861938476562
10	89	51881c7f	c_51881c7f4a60d62e0b71ff0dfef78c18bdb1005f_0.json	497	128.66415405273438
10	353	4d873d5d	c_4d873d5dd7fc33487eaa6cf5edf24e31cd1204f7_0.json	498	128.6465301513672
10	512	c6bef300	c_c6bef300579d96fe90e5be8240ee595ae8da66f1_0.json	499	128.6392059326172
10	945	7821b732	c_7821b73202a878bea091d4bc97195fdd87d76382_0.json	500	128.6333465576172
10	916	aa107894	c_aa107894dd900531e17a05991f70c50c2b0249d0_0.json	501	128.6190185546875
10	915	618343fd	c_618343fd1bae998ac9ebfde37a56eb4f498a59d7_0.json	502	128.6190185546875
10	146	b44bbbf5	c_b44bbbf5e70d2589e3293be1c91c63dba6b5bbfb_0.json	503	128.61361694335938
10	226	33e816dc	c_33e816dcf01c5d149cfa633f1fa13ad5b9e7f71b_0.json	504	128.6104736328125
10	729	641590b5	c_641590b5b66d379597d120eb0488a041e6ef9c8c_0.json	505	128.6057586669922
10	212	e37add78	c_e37add7836afe3768f1e517eed3ffbf440bff6bb_0.json	506	128.59066772460938
10	913	fbb8696e	c_fbb8696e83065cba8c2eb223371db5f650b9fbca_0.json	507	128.51634216308594
10	914	b9738875	c_b9738875c049ed22a029b15180ed4ad117676f0a_0.json	508	128.51634216308594
10	894	45754161	c_457541611c0f95979ab6b9227fc688730439f2d6_0.json	509	128.46336364746094
10	900	d805f221	c_d805f221668989d63c3c0e70bab678f0fb80ef5b_0.json	510	128.46336364746094
10	489	f2eb76ea	c_f2eb76eac92ac79323fa6add427fd9123552a312_0.json	511	128.3649444580078
10	142	cee6c749	c_cee6c74960a5176d921eb16458cd053f39833639_0.json	512	128.35171508789062
10	147	01278910	c_01278910810adfd32ecb18e27f1273aa1aab1b5e_0.json	513	128.34226989746094
10	510	c5f1df10	c_c5f1df10175c254b823fc019832bf1bf7b71e929_0.json	514	128.33042907714844
10	340	0b4bf770	c_0b4bf7706a8f997a9279ad70c656fe5bfa221df2_0.json	515	128.31260681152344
10	430	5e74daba	c_5e74dabad9acaed40c2c0db88680f09bbbdbf28d_0.json	516	128.29428100585938
10	262	58704f9a	c_58704f9aad53025ff8aa6b865bba851cc1bc4cc1_0.json	517	128.2776641845703
10	399	4be9767a	c_4be9767a283af799188056a89c0af839140b4689_0.json	518	128.26651000976562
10	668	d1cee844	c_d1cee8443f82504893bbf0d79f0b07db2c62dcf7_0.json	519	128.2538299560547
10	877	8d5a4132	c_8d5a41329ec2f4db3aed02c20d379baf92840b37_0.json	520	128.20899963378906
10	323	a224bb1e	c_a224bb1e2b23cf45a0d75638c14da1a406eaec3d_0.json	521	128.20779418945312
10	798	c950d284	c_c950d2846034e853936fb087e724a721fdd983ae_0.json	522	128.15353393554688
10	360	0fa31704	c_0fa317045b8eb090fe4f23e847b97cd9a9b70398_0.json	523	128.14430236816406
10	192	0c2106f2	c_0c2106f2ffbfa8d7147cd21c27246744344deb3f_0.json	524	128.134765625
10	425	4a58dc3e	c_4a58dc3e2a160d5c90a2c39553d764314b53d41d_0.json	525	128.13296508789062
10	314	d9feb905	c_d9feb905939424d7162a178c90779fe220d0b8e8_0.json	526	128.11767578125
10	450	dc283e11	c_dc283e112159a3fbace97853c95da1cbbfc125f2_0.json	527	128.10821533203125
10	716	2cd3f970	c_2cd3f9707f4494e15ac8f1652a4fbd19ba26c2d4_0.json	528	128.09326171875
10	723	6ec6caa4	c_6ec6caa49da4fb28dcf51428dcb45838d98b7966_0.json	529	128.05126953125
10	799	14f16e2d	c_14f16e2d0c3c60338d69a3e0f653b8b876fdc1be_0.json	530	127.99240112304688
10	838	b2a9d872	c_b2a9d872dba1fb3bde57421b7b953f666cb59df4_0.json	531	127.92427062988281
10	53	628a2c5b	c_628a2c5b866429286e6c82232d4f7edab7f0caee_0.json	532	127.89108276367188
10	16	cdd51634	c_cdd516345818eab763da02e1b9d7ec42404e98c4_0.json	533	127.87245178222656
10	338	7e05cde8	c_7e05cde8131a04e418d42c41db37ca4a5e5c6b5e_0.json	534	127.8520278930664
10	207	dc5922e7	c_dc5922e703bf6aa0774150bc5e1286148e2a03d0_0.json	535	127.82077026367188
10	421	13dc7b6f	c_13dc7b6f0255745479607fdea82a502db9aff5a8_0.json	536	127.813232421875
10	859	b9578a4d	c_b9578a4d7e91a50a10dc49ddda326bd9cfc3a1c8_0.json	537	127.77378845214844
10	326	c6a4f55d	c_c6a4f55d1a9b191dbbd958c366091e567191ccab_0.json	538	127.76713562011719
10	948	11b26b52	c_11b26b52563ef9bfecfcd0839b0f439e7661416f_0.json	539	127.74466705322266
10	176	3e7ebf85	c_3e7ebf85568e7c9ef5b1373907c89a215e27e2b9_0.json	540	127.7127685546875
10	444	542a17c3	c_542a17c3bc30ae0506800f1600278e11bce551e5_0.json	541	127.67832946777344
10	621	9b7b49bf	c_9b7b49bf0fa0e33e993ef75ca75c5fe5920976cc_0.json	542	127.67448425292969
10	513	7dca7242	c_7dca7242926bf2e8692e54e2b33e303c6fb67707_0.json	543	127.66242980957031
10	141	e9600e10	c_e9600e10cbf677dfc8547288bf96bbe7d1de3d7c_0.json	544	127.65208435058594
10	76	fc65667d	c_fc65667d2f518354f13a1f17d1b34e45ba5c012d_0.json	545	127.65139770507812
10	144	84f0ddd6	c_84f0ddd6bb629f99f6a0683aabad3856a78ea7e6_0.json	546	127.63239288330078
10	15	d61e754f	c_d61e754fb66b2c9adeb681bad156efc14667b052_0.json	547	127.56622314453125
10	537	aa067056	c_aa067056c3f0846f84ab94c771f3f756a9b3e40c_0.json	548	127.55262756347656
10	87	f33a84c2	c_f33a84c223544f888bb1dc9c273862cbd9ac72fa_0.json	549	127.52931213378906
10	426	4d9bec22	c_4d9bec220682ff8e0a854eb422e8b498692f6394_0.json	550	127.50962829589844
10	122	18005bba	c_18005bbae1922f725aabe1ce15624104bfc2d146_0.json	551	127.49150848388672
10	658	e9521471	c_e9521471aa0f2fd631a883e3c6b6f90896b6457c_0.json	552	127.48681640625
10	785	3920d95f	c_3920d95fac0520c288e6b5f626ae0724a32f49ca_0.json	553	127.47481536865234
10	770	1a4f6903	c_1a4f690335ae1129620079c4b5587a7261206c12_0.json	554	127.44823455810547
10	747	15c2ae75	c_15c2ae7548317a9b21926b63fc4c192a65258e22_0.json	555	127.44367980957031
10	310	6feb3250	c_6feb325044240ba6ff15aceee2b3b091fa278d4f_0.json	556	127.44206237792969
10	703	d891661c	c_d891661c4ae0eb6856c3a5ebe52687479c5f584f_0.json	557	127.43789672851562
10	319	c8c3a696	c_c8c3a6965c5a1a01951452a25291e5a5944fa59a_0.json	558	127.41858673095703
10	197	2716d965	c_2716d96516303964f8beeb3d3a05477235fb36bc_0.json	559	127.40727233886719
10	456	ddb0c8c8	c_ddb0c8c825db2c7194241ba9abb2bfd5fea05838_0.json	560	127.39485168457031
10	431	4efb133b	c_4efb133b4a6cc93708dda782d948b9c88c3b5ff0_0.json	561	127.39193725585938
10	416	657688ca	c_657688ca797a08975aea47d364b309ac8b7c12bb_0.json	562	127.39152526855469
10	248	7a115785	c_7a115785b73a17b8b07c4fcbb91d6b26a5083ba5_0.json	563	127.35450744628906
10	336	10db917e	c_10db917e9380ca4d741e06152fd1ee506666c1c3_0.json	564	127.32815551757812
10	818	7d53113e	c_7d53113ebc9ef6921c6238f013aabd10890611a0_0.json	565	127.31515502929688
10	361	d69290f3	c_d69290f3e94d6589bd049693d226a10e9b926c9e_0.json	566	127.28560638427734
10	491	44faec1e	c_44faec1eb1ebd54b4229ba527ab95e78a9291090_0.json	567	127.26761627197266
10	41	6fa09b5e	c_6fa09b5ef6177cf899c96c839af936af69650efe_0.json	568	127.24258422851562
10	657	a00c5ff9	c_a00c5ff9f135e00baffbc2901f0ef9dac0c8dda2_0.json	569	127.21385955810547
10	696	8e8bf934	c_8e8bf934f905783aa40889ae1bf6f3ff759624d3_0.json	570	127.20466613769531
10	679	852cd720	c_852cd720590c120f23f033f53540a73ac64c4234_0.json	571	127.13748168945312
10	455	7afda062	c_7afda06253f5bbb90cb59ff81830542eec28e860_0.json	572	127.12113189697266
10	879	255f2e28	c_255f2e2847d133a751a2dd5a4bd16d048333cf75_0.json	573	127.11717987060547
10	500	9ad33587	c_9ad3358728073500a5fc30f9685eefa48696fe23_0.json	574	127.1005859375
10	610	bd2a0ac4	c_bd2a0ac466bd1bb8e5d289b2885df8d5adf2534f_0.json	575	127.09613037109375
10	339	399d49c0	c_399d49c0e83987252f22a18c5ee8629095c9ae57_0.json	576	127.08112335205078
10	837	c3d0f200	c_c3d0f200b352f411b9ebe45c3bf49d4328b2c51f_0.json	577	127.06971740722656
10	866	f1f838cf	c_f1f838cf2030bdc057ef08ebafce08221bd306cb_0.json	578	127.01777648925781
10	465	ecf137fe	c_ecf137fec344e27cb645e896de58870d95a4263a_0.json	579	127.01114654541016
10	566	da67003e	c_da67003eeff2c506a2c84ac0ee4191a9e11c25df_0.json	580	127.00959777832031
10	376	439d931c	c_439d931c5a9589d9860d9cb3c311aa7ece600392_0.json	581	126.9991683959961
10	775	e7bfd0c9	c_e7bfd0c97d2196047bad996b6625d3bb197aae13_0.json	582	126.94391632080078
10	293	4c53c064	c_4c53c0640e493a3f30879790b69706b615d055bb_0.json	583	126.92970275878906
10	821	83e1f456	c_83e1f4565362bee14544dfd6c25fb930f0b25073_0.json	584	126.92955780029297
10	523	a8580781	c_a85807818fa5535517ba25353e2875da0878f439_0.json	585	126.92176818847656
10	318	20d895ff	c_20d895ff95414d4da23d07115c57920f5813a95d_0.json	586	126.92027282714844
10	616	bb7f0b6b	c_bb7f0b6bb01b0e98e32229cb528772a66a9d6075_0.json	587	126.88817596435547
10	143	5c6d5a0d	c_5c6d5a0d119481e7ca61b0884c881c6811d7af86_0.json	588	126.8843765258789
10	240	e5c89f1e	c_e5c89f1ebc40ac715693a5cc5aadb6df4383597d_0.json	589	126.88135528564453
10	364	0a3f5fa8	c_0a3f5fa801954b07d0041d8a7dc6f87dc210a470_0.json	590	126.85294342041016
10	335	44edfcfb	c_44edfcfb33205a71c4c37722e7311c184df6c6f2_0.json	591	126.8099136352539
10	636	cc5cbe5a	c_cc5cbe5a1fd8ae6149ecacda472062b4067dd71b_0.json	592	126.80262756347656
10	263	8bcbab62	c_8bcbab629a20524369a55e7574a96dedeff16285_0.json	593	126.7424545288086
10	863	125e6d9d	c_125e6d9d3d42516de6b6797be8ef0c59e6360512_0.json	594	126.72294616699219
10	380	ce3520f5	c_ce3520f5b5d7c126ef06af3ec9ccf91cb4e7913e_0.json	595	126.71556091308594
10	362	5082dd46	c_5082dd466282df99ab32b9669a99e28993651816_0.json	596	126.71247863769531
10	171	b0f50bb4	c_b0f50bb4bed8ab52a4dc674d042e7c1518eb885f_0.json	597	126.66992950439453
10	193	912db55b	c_912db55ba670e8ed0187aac131e102387ec0556d_0.json	598	126.66780090332031
10	194	25ea878f	c_25ea878f660faccaf66f2816d290adfec63c522d_0.json	599	126.66630554199219
10	368	d87eed51	c_d87eed510b9f3e6729d4f50523bde6452a180de7_0.json	600	126.66387939453125
10	825	ae034b5c	c_ae034b5ca2498026f1b8cf31bc54ec884e55d7b9_0.json	601	126.65174865722656
10	196	fbf834c3	c_fbf834c3f67a93f9dc41631f7e3c6a0d68056445_0.json	602	126.63374328613281
10	660	f89e92aa	c_f89e92aa9fd4c705655dbc0b0584defc996d796f_0.json	603	126.61985778808594
10	396	69661216	c_69661216a3687fdf360af30fe7a24bba7310c100_0.json	604	126.61727905273438
10	48	0d8150fe	c_0d8150fe52eba34a0472c47be71587885ba4a94c_0.json	605	126.58340454101562
10	320	abe244c0	c_abe244c099b8c0f0e4c33921a55b27755564713a_0.json	606	126.56455993652344
10	2	7726e0bb	c_7726e0bbbb3d096a214c5e75f09f2168c5a979b1_0.json	607	126.5545654296875
10	987	31dcfa3a	c_31dcfa3ad6fff0ee64f0fc5b8a1712c3ef3dcf95_0.json	608	126.53396606445312
10	27	95861175	c_95861175a8b175215b753e021ff361609a2d5281_0.json	609	126.50008392333984
10	120	da8a1fee	c_da8a1feee8b2446abfeb2286f0467ef262f938eb_0.json	610	126.47364807128906
10	77	de713614	c_de713614afe10a16a98858c01e89659356bc4f5e_0.json	611	126.47049713134766
10	972	c8627c8a	c_c8627c8ab831dec86eeb52fc02600b22c81ba858_0.json	612	126.45620727539062
10	973	af68d70c	c_af68d70cd55826fa7149effd7397d64667ca264c_0.json	613	126.45620727539062
10	186	77c2c293	c_77c2c29316dd1d8fc7ea608dd6f67585bb6b006c_0.json	614	126.44383239746094
10	403	28567508	c_28567508ea50e15f63807277d1a72ec9060eb5ad_0.json	615	126.4107894897461
10	974	8383f5c7	c_8383f5c7fa34ae68323fe2816ef8c1307b5d0f84_0.json	616	126.39739990234375
10	965	ed6298c9	c_ed6298c98a35ccef795caa6cb39bcef01b64e274_0.json	617	126.39739990234375
10	379	37dc0f8d	c_37dc0f8d3ed854349fc066e580ce16e43b1a0248_0.json	618	126.38068389892578
10	286	486820f5	c_486820f51521d0348160a18b9ba0326f78dcf518_0.json	619	126.36236572265625
10	92	911a92bf	c_911a92bff98c8091b008e98e0d5e8938d4f2587a_0.json	620	126.34473419189453
10	369	1c5f5132	c_1c5f5132d8cc9b3578070b8c570ccf8d8d2e8f8c_0.json	621	126.3260269165039
10	308	6d9893dd	c_6d9893ddf3653f58eaae0f556f30a7830207a8fa_0.json	622	126.31256103515625
10	227	c329d020	c_c329d020b95035c78bed8f1be39d31b188daf359_0.json	623	126.28950500488281
10	829	b88e0e93	c_b88e0e9395fd153deea35272bef5c968fcb863a7_0.json	624	126.1849136352539
10	5	82851d68	c_82851d68be3381911239f8bf0738c6e33bfc320f_0.json	625	126.1844482421875
10	764	4aaa4bf2	c_4aaa4bf20c43807ee78ab7e58e2e430e195647f8_0.json	626	126.15727233886719
10	111	f4f92a69	c_f4f92a699df149a22376b68e756838e76aa9a0a5_0.json	627	126.13297271728516
10	667	aa2f61b7	c_aa2f61b7d8defddc2a78de43b8042178241daedb_0.json	628	126.119384765625
10	439	21ddfc9b	c_21ddfc9b122312ee0e599730cd7672ecdbd6d084_0.json	629	126.11419677734375
10	530	98aa1245	c_98aa12458904cd8cb74ca40a905ddc790e14501b_0.json	630	126.0965347290039
10	519	41543781	c_415437810a6341576c60693237fd514500abf209_0.json	631	126.08875274658203
10	606	4d0775ce	c_4d0775ce8e7eba9b831d6c853aea34bacc66a6d1_0.json	632	126.07247161865234
10	935	1ffa2fb9	c_1ffa2fb92a7912804c068ee54dcd005e37f08ab1_0.json	633	126.04169464111328
10	225	641390b1	c_641390b1a138d6523da92aa8bc01f37f314b513d_0.json	634	126.03728485107422
10	895	6960ebc7	c_6960ebc77684dd07125e39caefc140262b1fb76e_0.json	635	126.0162353515625
10	422	b51ffc10	c_b51ffc1060103ab27cfc6a6f107f04111ba098f6_0.json	636	126.00631713867188
10	300	5adfa4bc	c_5adfa4bc04bbec81e1b56580d96b95bcc0808b3d_0.json	637	125.98493194580078
10	289	ffdf0e70	c_ffdf0e70125420e4263f9d1f32a38a09b087f93c_0.json	638	125.97633361816406
10	629	3a387059	c_3a3870591eebe007995e87f0ff5fe26253659d82_0.json	639	125.95652770996094
10	861	fbc7e69c	c_fbc7e69c81b5635e6488e6b366f6bdd31cec8d15_0.json	640	125.9329605102539
10	466	7f9762db	c_7f9762db633dde22b801e365d4ae02d50acaa6bf_0.json	641	125.92521667480469
10	713	13c19466	c_13c19466215c1d95a65f09cb27a16d1daae9164f_0.json	642	125.91368103027344
10	70	50dd475e	c_50dd475eb8cdfceb9f12baab178a0ba66cfb40dc_0.json	643	125.88311767578125
10	521	161b4bab	c_161b4babe861a9fcd386d2d7ba5636aa3cedf9cc_0.json	644	125.87785339355469
10	387	56aa8283	c_56aa8283505e1813bcd800c3c05dbdacccf22ee7_0.json	645	125.87528991699219
10	350	32afd1a4	c_32afd1a4e45e4ae42bb6bceb8a5823dfe8b44fa2_0.json	646	125.8750991821289
10	110	0b1ee357	c_0b1ee357841633fb0658064537b873f60a0f0bce_0.json	647	125.87479400634766
10	888	e8e8b557	c_e8e8b557d2d81cd01e3d7a91e67752a859b232e6_0.json	648	125.85598754882812
10	889	23288eb3	c_23288eb36398648c7016705c5985c7a9fabf53c6_0.json	649	125.85598754882812
10	887	03284797	c_032847976c0cba7c131e95aa6608882987f1eca8_0.json	650	125.85598754882812
10	103	6fe2fdf7	c_6fe2fdf7a09dd03a188218b83c20916d797ba3a3_0.json	651	125.83633422851562
10	220	bc1e5c5c	c_bc1e5c5c991fe6d06a5a0f6b775684ac91d289d3_0.json	652	125.81829833984375
10	763	b946a229	c_b946a229b615d7a8d5cec9ce11e4abf249c548bd_0.json	653	125.79092407226562
10	346	6a951b42	c_6a951b427e2f0b37597da343401029312ff8288c_0.json	654	125.74565887451172
10	614	d26c8189	c_d26c8189182fa96691cc8e0d0f312469ee0627bb_0.json	655	125.72698974609375
10	118	2c7cc620	c_2c7cc620d4975521dc5d1c54ea1c0b2247b4fdad_0.json	656	125.716552734375
10	806	040bae34	c_040bae34d701172375e5aaef7492a5782933d46d_0.json	657	125.69357299804688
10	506	5f4e88f6	c_5f4e88f62a6f38c468a6dcb99c56999e616c8910_0.json	658	125.68519592285156
10	548	ff88ac32	c_ff88ac32f22e3edf7652f1c491277f996cb56024_0.json	659	125.66483306884766
10	733	6cca23c1	c_6cca23c172612aded9ee2996a5177cb7b9a84390_0.json	660	125.65113830566406
10	253	9c7bfc67	c_9c7bfc677a96cfc60713f40e339fd991d7697014_0.json	661	125.6205825805664
10	14	d74ecbfe	c_d74ecbfe827c1496ced80b3613622a803e824fc2_0.json	662	125.55239868164062
10	858	94e21eca	c_94e21eca211c9af260a6a37c24a6052afc139001_0.json	663	125.52459716796875
10	9	1cad54f7	c_1cad54f7b15974fb415a7ac5b63621a7460e3862_0.json	664	125.50871276855469
10	708	f24da51c	c_f24da51ca2e47229a403819219986ebf3cd07597_0.json	665	125.50584411621094
10	157	03a3cc83	c_03a3cc83c3d358bf7f1a8e6dca2da512389620b6_0.json	666	125.48149871826172
10	711	dd9ae67a	c_dd9ae67af51f24ac1dbfb259fc11ab500239c799_0.json	667	125.46884155273438
10	663	7def5967	c_7def596775df746f3440f40ffdb937ad5f535265_0.json	668	125.44444274902344
10	440	1a9a54dc	c_1a9a54dcc25ccf517f38d427c01f696673512348_0.json	669	125.42326354980469
10	90	e0195fcc	c_e0195fcc5449238fb5dafedfb6f60217234a5432_0.json	670	125.41230773925781
10	878	1d9e86e2	c_1d9e86e27c97cd85d898104b4ac42bb487d0d7d0_0.json	671	125.35728454589844
10	237	bf2a0e4e	c_bf2a0e4e0be34a6b308ef422c6381faed03769cd_0.json	672	125.35472106933594
10	24	745c8e2a	c_745c8e2a83360f5f71904d1be828fd7041f42222_0.json	673	125.35310363769531
10	777	c7cb503c	c_c7cb503cdb093cf7bb78afdfe125dd2255f029ad_0.json	674	125.3475570678711
10	298	ed415f69	c_ed415f692f22800e2db5be7a46226450cce94725_0.json	675	125.32543182373047
10	760	582b0a0c	c_582b0a0c9c1894f04b476ea11bc181405e61303c_0.json	676	125.28654479980469
10	644	0340e01f	c_0340e01f98274f2ec573fcd1475fdc3d3fbca4ef_0.json	677	125.2777328491211
10	828	8e8bb9c6	c_8e8bb9c688c0ca3ba0d9ca5ddb594093eb8c8f0f_0.json	678	125.24639892578125
10	274	bc5b8361	c_bc5b83610322e771c6d5652aa8c85dc4a5789dac_0.json	679	125.22892761230469
10	753	7b61e784	c_7b61e784c0c55870225637de639f43fe71cc2492_0.json	680	125.2226333618164
10	990	2b08c88c	c_2b08c88c09d14e0b1a68a982bab0bb18206df76b_0.json	681	125.21991729736328
10	989	0669ff7f	c_0669ff7fd16c26521b924a58c7dd64ab2dc1a46d_0.json	682	125.21991729736328
10	198	ff742248	c_ff742248158fe6a13f6d13aa027c2d5b79fbe807_0.json	683	125.13850402832031
10	702	dce4e463	c_dce4e463d95f4fff7cd1808f1d7eafc79ac8eda8_0.json	684	125.12223815917969
10	61	59be02d4	c_59be02d4de5f854b13b3cce194d2cab8ea1ad8ab_0.json	685	125.05325317382812
10	31	c98d7bc3	c_c98d7bc340423a15ee816141066ec9244d3ea2f2_0.json	686	125.05325317382812
10	608	2541e658	c_2541e658f70bc9928b573c33168075786c7fef2f_0.json	687	125.05184173583984
10	602	cebda2b1	c_cebda2b11921bf4f8adf5f36adfaa462b4cd1e1a_0.json	688	125.04295349121094
10	707	4b8fd66c	c_4b8fd66c9dd50dd4c848b7ba40a549fbbcc69c7f_0.json	689	125.03581237792969
10	294	9b0e7f8b	c_9b0e7f8b84298b284fe79aaa317ed36394921a24_0.json	690	125.03059387207031
10	623	349c01e8	c_349c01e861e645d747fdb954f22d0555b2753e4d_0.json	691	125.02215576171875
10	315	b64f69cb	c_b64f69cb00a5f39cc7fe93b082ddbd2e2ca4087e_0.json	692	125.00318908691406
10	215	6387c902	c_6387c9028e3bcd8a2e44a697af592998d232cca2_0.json	693	124.9979019165039
10	374	3926afbd	c_3926afbd3022d8939e279cbd2a9c83aa4984f160_0.json	694	124.97422790527344
10	509	807aa97e	c_807aa97ee7a2d380f77c947a47e9871d7ce98122_0.json	695	124.96968841552734
10	68	5ae7e1f8	c_5ae7e1f8032ac2118e6b69dce9dd089286413846_0.json	696	124.95718383789062
10	860	80bbf4a8	c_80bbf4a85a9ea8123e40bcad48482156e1f73b3a_0.json	697	124.93339538574219
10	498	c9ee7adc	c_c9ee7adcc59f2cb686594b537e336ecc01896a0d_0.json	698	124.9151382446289
10	520	befcfd90	c_befcfd908b55f1ee80eb046fe6c1196e49491ab2_0.json	699	124.8873062133789
10	284	7e1e4eab	c_7e1e4eab07b685cc77db643388b9d73eb0b0e1bb_0.json	700	124.85592651367188
10	896	d8c12a72	c_d8c12a727f465fcdc55fb5e25890b8b868db49e7_0.json	701	124.84986114501953
10	929	109915d9	c_109915d93a2b36c26b49c0fabb1947a5a892cb25_0.json	702	124.84803771972656
10	930	cb6de2be	c_cb6de2beec502e74208049d013dff3d880327883_0.json	703	124.84803771972656
10	395	451a9dbe	c_451a9dbe6672f773c7cb4ecee7a8f2eea79b5b6b_0.json	704	124.80949401855469
10	898	a67ca052	c_a67ca052a3e71f1d1f5db52f374cff5758ec550a_0.json	705	124.80682373046875
10	317	d0977c2e	c_d0977c2e3af152901b7b921a31ab6597b0884a4a_0.json	706	124.78793334960938
10	88	362a94ec	c_362a94ec74f81a8c9f2a3f42d1a53d9400be2e69_0.json	707	124.7677993774414
10	501	aa897730	c_aa897730085d17e131768caf40f9b30f2aa7a0bc_0.json	708	124.75224304199219
10	897	374e5b0a	c_374e5b0aa5a22b2d737f653e13099f36531ae028_0.json	709	124.66983032226562
10	852	b373c201	c_b373c20136eae1a821b173d106ed6c222f87fb13_0.json	710	124.61353302001953
10	130	b2b2e5dc	c_b2b2e5dc0a595a597ed64968f48c877f4f526277_0.json	711	124.59844970703125
10	333	40b6ddb5	c_40b6ddb591ff7b8d15d1cf8fb766e13ad46ff360_0.json	712	124.58586120605469
10	843	eaaa2a1b	c_eaaa2a1b4f7daa7cc5c0485fba77bfe58e1ebf75_0.json	713	124.58380126953125
10	292	4e28bf3a	c_4e28bf3a39bc451294d68a7afb95e3ae7feacaa2_0.json	714	124.56914520263672
10	928	33610307	c_3361030766593c0b05e17dace401cce6fcdf9e24_0.json	715	124.56327819824219
10	720	6d2cf4a8	c_6d2cf4a853b7d3f45b90bfb12e7594c60c31d4f3_0.json	716	124.55401611328125
10	159	41a1f8b8	c_41a1f8b89e9ffb2494d53cbe955a6d49b1859111_0.json	717	124.53414916992188
10	856	9bbdcac5	c_9bbdcac5a82600f30b1f1d1d0de27db936d3bd55_0.json	718	124.5142593383789
10	267	425a5904	c_425a59043d2bbae074335436e830e3b59dfe9278_0.json	719	124.51364135742188
10	778	4c2980e6	c_4c2980e6ff798f3209f00292ead5060c402d9774_0.json	720	124.49583435058594
10	742	2c8bec27	c_2c8bec27d48d0d9ba9d99ff5fb7a9bae36906c48_0.json	721	124.45246887207031
10	20	f6a27801	c_f6a278018e663b56d1f6528dfc710adde76569cc_0.json	722	124.44087982177734
10	303	18a9205a	c_18a9205a04a4371ae33565694f151a25a82a3db4_0.json	723	124.39166259765625
10	901	24eec942	c_24eec9428bbd2a6f24b36b8a216ca425b8b5252e_0.json	724	124.38275146484375
10	202	536a968b	c_536a968b32eede34554121f75c72b2a658fc442e_0.json	725	124.31682586669922
10	341	bdf5bef8	c_bdf5bef8873e5a698e16711da8754a9aff05a495_0.json	726	124.30957794189453
10	847	e280ffd7	c_e280ffd7e2fe14140c9478a546c6f074cf089a13_0.json	727	124.30253601074219
10	745	751c69c6	c_751c69c655c9317a7169e24e452d3931ec956761_0.json	728	124.26419067382812
10	645	c226bd4f	c_c226bd4f3f2d580e75b1a1239f2fa43421a64b8a_0.json	729	124.24636840820312
10	173	0e17041c	c_0e17041c8b0977d34d859e8007addd759d2cf73d_0.json	730	124.22115325927734
10	654	3f5caea9	c_3f5caea95e4dd608f8f16cb687d181d07e066e0f_0.json	731	124.09741973876953
10	281	eb7b1e4a	c_eb7b1e4ac7bc27d1a9587bc406b7d424ddc4e9c6_0.json	732	124.08888244628906
10	904	0a93efad	c_0a93efada5edd251516eb6927b295a1bd1864509_0.json	733	124.04566955566406
10	886	6e57df7e	c_6e57df7e9648f4a48b500ac9a181a058829bcee1_0.json	734	124.04566955566406
10	313	b2005299	c_b2005299e4311e5517ed131fe6a2dc10d2222bbb_0.json	735	124.01138305664062
10	91	bc6ec50d	c_bc6ec50db979108d83da3927684844f819a5e6e7_0.json	736	124.00989532470703
10	776	085856c1	c_085856c12843a6b58d6de59672d37da47afdaa72_0.json	737	124.00128936767578
10	277	3fc4bcc0	c_3fc4bcc06132e53758608a8a59e1ddd7b5002206_0.json	738	123.967529296875
10	250	00b5d77f	c_00b5d77fa6299907223912bffe265f1740933094_0.json	739	123.9651107788086
10	415	e96b2415	c_e96b241556feb92977f7ca274ef59204258227a6_0.json	740	123.95809936523438
10	105	970446e9	c_970446e997904d036060bba31c39061fe5e1ea65_0.json	741	123.94677734375
10	834	2d5cab1b	c_2d5cab1b7b1f2845954f851106c138137e91bfea_0.json	742	123.92112731933594
10	926	9b6a3812	c_9b6a381202465cf56ba76b82d710eacfa941c613_0.json	743	123.90809631347656
10	925	2ecce944	c_2ecce944948e63f703e10cd34f4e2f410a7f3921_0.json	744	123.90809631347656
10	751	a991e541	c_a991e54157f694d603c013f05e8870ba5e49c78f_0.json	745	123.85392761230469
10	651	2c19c439	c_2c19c439057e2025e10109e9c7ebe20b6e4e2105_0.json	746	123.8281478881836
10	316	7ea5cc2b	c_7ea5cc2b36a4347290f49e7317971a6c72f19f25_0.json	747	123.81951141357422
10	182	e5ed1cc5	c_e5ed1cc59a462f6072d5e049d5e8fe488bff0d89_0.json	748	123.80497741699219
10	514	d3a4b48a	c_d3a4b48ad92ce5e5a45a7046e737984608c22cc6_0.json	749	123.80146789550781
10	666	fed33290	c_fed332906debe74d0879c77a03825b66f7970c41_0.json	750	123.79572296142578
10	497	8fd4072f	c_8fd4072f9bf7deff39dbe7e5e3913d13915d5969_0.json	751	123.7915267944336
10	772	c5c65ba6	c_c5c65ba62601524ab09d7aa317689117676f2d4d_0.json	752	123.77659606933594
10	268	8122deb3	c_8122deb3648e54030992f09f6b6fd9ba7e3fc585_0.json	753	123.76680755615234
10	307	1d264823	c_1d2648231f436979b06ccce033946568bdd89f15_0.json	754	123.75770568847656
10	486	5e2bc1b8	c_5e2bc1b8f0ba98b40165a1a842a6f3b5c51a3460_0.json	755	123.75144958496094
10	664	4da08b0e	c_4da08b0ec6c35d4d36bf8e91cc402f9fb3117567_0.json	756	123.7403793334961
10	615	364de806	c_364de8061173b4b91f4477a55059f68e765fc3d1_0.json	757	123.72640228271484
10	419	005c93e3	c_005c93e3832e8f83aa5602d83ffb6d181ec0f1a1_0.json	758	123.72320556640625
10	642	290fb69a	c_290fb69a5093ce13acad3552e95ce536b6318f28_0.json	759	123.71875
10	743	15e7819e	c_15e7819e9ae424a33aa747030320a268f62b1d28_0.json	760	123.71675109863281
10	495	61b9a2cb	c_61b9a2cb17731f337b9acda7a77a9361baa25a72_0.json	761	123.70870208740234
10	755	83e5a493	c_83e5a4937cf13ab9b94a7bb12ce2fefa168752ed_0.json	762	123.70516967773438
10	477	cf3615e3	c_cf3615e38c3078611706e5770d0c21fd01c4c2e1_0.json	763	123.69232177734375
10	899	5cf82a57	c_5cf82a573f78e587f44c58ccd9b84679d531bfd6_0.json	764	123.67662811279297
10	231	c5e3c322	c_c5e3c32215ec66d894571bb3199145d5e4a2efe3_0.json	765	123.6639633178711
10	223	fff91479	c_fff91479886fd8e6a7518218ae065c1509d440d1_0.json	766	123.59920501708984
10	854	a411a766	c_a411a766f7b3ea2c82cbd22e64efa6cee0ce9f2b_0.json	767	123.56106567382812
10	66	a82c400d	c_a82c400dc82f663d3dcf87a72966302404e2f822_0.json	768	123.558349609375
10	883	7d96ce8d	c_7d96ce8d6d53db959664453e91d5b457f78dca86_0.json	769	123.50487518310547
10	673	a069f4d8	c_a069f4d88385095e13fb72e9fb4bb6977fa96883_0.json	770	123.502197265625
10	214	81e6ae25	c_81e6ae25f1f2eca8776184f4439cca27783b23c1_0.json	771	123.49275207519531
10	907	0c4ae018	c_0c4ae018361d4756123c82c2f67ad04385caec5b_0.json	772	123.48704528808594
10	908	b4978a80	c_b4978a8062220ae431750d93f76d737e83a5bd89_0.json	773	123.48704528808594
10	449	94408132	c_944081327bcf700ebe258699807e74ae19d41989_0.json	774	123.4863052368164
10	8	9ad4b2bc	c_9ad4b2bc7ee14cb2004d25a65cc31e22ce293504_0.json	775	123.36582946777344
10	363	27964998	c_279649986eb524666e8c75f0d0b4ad737a9be906_0.json	776	123.35946655273438
10	85	53f7d26b	c_53f7d26b6d442467d54f0e61fdf030cd395011f7_0.json	777	123.32933807373047
10	436	9c894c74	c_9c894c748550690ee4b5b4f982a350da6a08e5f9_0.json	778	123.29655456542969
10	366	98ff8948	c_98ff89486324357876ea8296161b9d48ef0706d1_0.json	779	123.28214263916016
10	552	9b6954de	c_9b6954decda71d2e43748bc75642c37cd3ba3632_0.json	780	123.27130889892578
10	924	8e1da9cf	c_8e1da9cf1ae18939eace17a147c386723d8fc267_0.json	781	123.22494506835938
10	923	1e900440	c_1e9004403c619729ad1c49f070ab61427bd462c5_0.json	782	123.22494506835938
10	814	5af92f17	c_5af92f173688f5f0bacd67761fd1139501b958e0_0.json	783	123.21083068847656
10	311	2d736736	c_2d7367364b866ad468f5b71316d92fd1490d9381_0.json	784	123.19570922851562
10	117	f4c21abd	c_f4c21abda6ab01b0cacbebedc6d83ca4b5f07bda_0.json	785	123.18751525878906
10	773	46b43465	c_46b4346505d85885f2dee28b24d4d2d15190564e_0.json	786	123.17503356933594
10	963	7a1c94f9	c_7a1c94f9863bfc6915eaa56236dcef46876d4674_0.json	787	123.16727447509766
10	964	1f803bd3	c_1f803bd37de5890f6da53f0b1a1b631eea4d1b8f_0.json	788	123.16727447509766
10	52	788d2bfb	c_788d2bfbbbc9cc2e85d27c480a56b68089d30898_0.json	789	123.06744384765625
10	254	389f918b	c_389f918bb83c34f6590351cf7b4a748ae358c890_0.json	790	123.03703308105469
10	55	3df2d44e	c_3df2d44e406e4577fde8f08924508b9523ac8fd0_0.json	791	123.02413940429688
10	508	93701965	c_937019651a9f81a12b457a1400c5fdf5bc65b6a4_0.json	792	123.01431274414062
10	827	6347e9b9	c_6347e9b9c60b01eb397823d546b29f13c817e0b1_0.json	793	122.99192810058594
10	190	1dcdd3fb	c_1dcdd3fb3f139d9fad3df072104af3110cb31733_0.json	794	122.96653747558594
10	966	61f58baa	c_61f58baaf926d3e6b16a52305537b3495f155ca8_0.json	795	122.95700073242188
10	967	34f40058	c_34f400582973ab41e39d942618398e83ff0efbec_0.json	796	122.95700073242188
10	648	0ac36805	c_0ac36805c22209cf736a895466f36d56536b3a8d_0.json	797	122.93868255615234
10	524	759eb8ed	c_759eb8ede50f61fd525f5d703dd9fd45ddae1dcd_0.json	798	122.93165588378906
10	791	084047d8	c_084047d80b582317f382536604373cafa14583a4_0.json	799	122.91325378417969
10	383	fd0f526f	c_fd0f526fb06b6b8ac929e383894d2ce9508dbd36_0.json	800	122.91024780273438
10	480	82463515	c_824635158ca6f48f5d8e99cc928990892d5efbbd_0.json	801	122.89668273925781
10	109	66207866	c_66207866426bed5185760d4a5ae5bfda2f8495ba_0.json	802	122.87057495117188
10	123	16be7167	c_16be7167ec8470cc6ba24e188b6fd6d70afe109d_0.json	803	122.86885070800781
10	167	29ab864b	c_29ab864b2fda09ddee46554751f22f875c0ab736_0.json	804	122.84060668945312
10	331	200bccef	c_200bccef21cee7b4abc84eb31c13eeef0bdde491_0.json	805	122.77055358886719
10	922	3aec1732	c_3aec17324366eba5fc935d9b7d1073208f0bff30_0.json	806	122.65900421142578
10	921	3daf5859	c_3daf5859318d6c1f2d9b6a537115d4235533c0ef_0.json	807	122.65900421142578
10	107	90a46190	c_90a461903438c1810588c94863cc5b50e3c75877_0.json	808	122.60963439941406
10	983	1fa43821	c_1fa43821e829c455db89f9b75737d109c01dfd2c_0.json	809	122.59114837646484
10	155	d8095c72	c_d8095c72fd5149444be413ba1f1c6529a148bc89_0.json	810	122.5654296875
10	568	94249492	c_9424949245bb46bd63f3fed83e67daa9fdbdbff9_0.json	811	122.55572509765625
10	631	c4a22918	c_c4a2291866e192d1ed5b97df5c2b6b7b5fa4d747_0.json	812	122.53016662597656
10	479	4efeef18	c_4efeef18935af8f6cd944b573e8f18f7e13db391_0.json	813	122.528076171875
10	22	9726b4e1	c_9726b4e172370349947fc88dbdb8d6efd17bf8c1_0.json	814	122.51614379882812
10	126	3d1f7251	c_3d1f7251c1285148481a2cde6d2a8e9bbcaae158_0.json	815	122.48001861572266
10	84	f7e4d5e4	c_f7e4d5e4bbdb10ef3215c66c0df4ca3828f99768_0.json	816	122.46699523925781
10	697	40cd6601	c_40cd6601156e3561d3894bee3af1e2170b639fac_0.json	817	122.46404266357422
10	221	d87d3f80	c_d87d3f807fba95106ef0baf6432c83640dcd1f3d_0.json	818	122.45536804199219
10	428	454f58a7	c_454f58a7b144d2f16e3ea55b34074b8a66a9a2fe_0.json	819	122.43547821044922
10	573	2ee89879	c_2ee89879e19c182315ff8d2023f9c2f47659b4b7_0.json	820	122.43507385253906
10	474	d2cf574e	c_d2cf574e8633bee099fd388242dcab9478ff5db7_0.json	821	122.41100311279297
10	348	103edb9c	c_103edb9c36988c42170a75046eee37407c0c6475_0.json	822	122.41071319580078
10	69	6f59bc3b	c_6f59bc3bfea8ccdff1bfd0640351241ccf4100ff_0.json	823	122.38504791259766
10	609	423d18fe	c_423d18feb562949841f90b2b3cdc75d8f49c7fc1_0.json	824	122.3427734375
10	166	c5812bb4	c_c5812bb485ff2ca86d67090b01b157f52c90e1fe_0.json	825	122.30616760253906
10	98	1c87bd59	c_1c87bd599378901db637b02d51d5b6356789645b_0.json	826	122.30524444580078
10	154	eac1beac	c_eac1beacc97818cbbda3ec4e6d0bf6c392e59509_0.json	827	122.25483703613281
10	349	be05420c	c_be05420c6b6fe150faaba4152a2846fbab95408e_0.json	828	122.205810546875
10	265	341c4ce5	c_341c4ce5d1cf4803fabed4499ae27f546a594562_0.json	829	122.18043518066406
10	698	aa524359	c_aa5243595135991edefd07201b5967b48808c728_0.json	830	122.15438079833984
10	13	1abf693b	c_1abf693b709f6315baacbbbf23d9f352c5a1083f_0.json	831	122.1434555053711
10	74	ea79cd68	c_ea79cd6812bc2a81fdbbf9143d7aa0beec65ffd9_0.json	832	122.12769317626953
10	64	b506183d	c_b506183d9459f2474550a150fb0b5eae1a36c2bd_0.json	833	122.078369140625
10	481	ce79e16f	c_ce79e16f7a1811e55b140980ebf6f8f68c0370fd_0.json	834	122.07240295410156
10	178	553a619e	c_553a619ebd080b37dc237fcb128a2f74869d16ba_0.json	835	122.03765106201172
10	113	d34fb916	c_d34fb916cb9336814bc31b820b56d52710aa737e_0.json	836	121.94940185546875
10	822	70f9280c	c_70f9280cb64aeec323a8675871579687ab66f9c6_0.json	837	121.94065856933594
10	60	7334a33d	c_7334a33d141db8cbfe26f54f34cb326537fe538a_0.json	838	121.93028259277344
10	949	da4334b8	c_da4334b8dfcfa3efe6fba6b95afd0e5e6b272348_0.json	839	121.85868835449219
10	119	d4a53ee2	c_d4a53ee2fc0f580410ff614d1d57959b1a4cbfc5_0.json	840	121.83943176269531
10	187	8567fe6c	c_8567fe6c101f2472662b9362b880a55fc3dcca15_0.json	841	121.8161392211914
10	759	1c7aee40	c_1c7aee40f3d0d6f50b3d149e94a2b3b4627ca8a9_0.json	842	121.78498077392578
10	739	7b75efd0	c_7b75efd09ecc1aeb0b5c7a020d9cf17b5dad8bad_0.json	843	121.75142669677734
10	429	9bcb0c0b	c_9bcb0c0b6b65852e337c6dd1715f838fddddda15_0.json	844	121.7275161743164
10	757	e9b576c4	c_e9b576c456fca4982cf4fc91d6cf9b7c41c1f7b8_0.json	845	121.68617248535156
10	792	93e38901	c_93e38901df0cf08496955b74ba6b26e19a104202_0.json	846	121.5933609008789
10	388	a09c3ab1	c_a09c3ab1c54575265857f8038db3e90da2156631_0.json	847	121.55337524414062
10	986	c5611847	c_c5611847a3a5a3cbbf3593532318c3027098f518_0.json	848	121.5274658203125
10	988	a02f5757	c_a02f575797d9295bff8fb92d266b0f9724e42098_0.json	849	121.5274658203125
10	279	765a9f1e	c_765a9f1ecdfaf96f3587f488385111c9d6a4927e_0.json	850	121.50464630126953
10	266	c3f61ee5	c_c3f61ee5ade19eb7f2b1370b356df5ae2405406e_0.json	851	121.4930419921875
10	200	ae85e6cc	c_ae85e6cce69c568ec5af39d1e95ee0f7e823212c_0.json	852	121.42245483398438
10	492	3e324cc8	c_3e324cc8a409cfa278274dc116e8d24f44395ede_0.json	853	121.41835021972656
10	955	10cefa49	c_10cefa49d2ade8f1ba99693509916128c8786a6d_0.json	854	121.40467071533203
10	218	fffb204c	c_fffb204cee7be22764813c99ebbebe465d1bc8eb_0.json	855	121.36234283447266
10	256	9cd72ca7	c_9cd72ca7fb9fb76fde0269963bee348e75da9812_0.json	856	121.36176300048828
10	797	2fef8379	c_2fef83799de82f67f2124908e982c773c49a6153_0.json	857	121.35431671142578
10	836	18404667	c_1840466704210c3c6c2d1d0bf06d1ff88c19c08d_0.json	858	121.35431671142578
10	283	69ecb946	c_69ecb9465affeedf737fbe7bb5d4146a3e9813ab_0.json	859	121.32132720947266
10	139	c8cb35e0	c_c8cb35e025d656ec8ee3946274c5094fc3ecdc83_0.json	860	121.30593872070312
10	522	ea4cfcd4	c_ea4cfcd4b9918c3b20292cb897b689b9f77d0790_0.json	861	121.27462005615234
10	287	78d1011e	c_78d1011ec5e799a0eb59d69263737fdce9ba53b2_0.json	862	121.26570892333984
10	179	ad4ff699	c_ad4ff6996b09e0e1aeda18c3d9edef61c7ec4829_0.json	863	121.24457550048828
10	954	01944b24	c_01944b246b08439c96653a3f152b6ed8d23e8b88_0.json	864	121.24159240722656
10	574	2f0c617d	c_2f0c617d8df2ad38439c43c06b7c066ba646a627_0.json	865	121.14058685302734
10	191	40ca8b05	c_40ca8b05377785f2b451d8302f381f483229d43b_0.json	866	121.108642578125
10	181	e73ad007	c_e73ad007a419d5a3061ea9a06d456597d5a7bd40_0.json	867	121.10612487792969
10	330	b50277c9	c_b50277c9af513619a60a670f29b800546fa2cd5b_0.json	868	121.10150146484375
10	213	282ef302	c_282ef30280edd24547d586fc0c104e2b3506f63a_0.json	869	121.0577392578125
10	790	680bd75a	c_680bd75a858a46d81e334846f8d000369cd85306_0.json	870	121.03743743896484
10	184	90708210	c_907082102dad9f93d20ccf4a53ea626d5dc559eb_0.json	871	121.00006866455078
10	356	54ba1121	c_54ba11210f0657d1b77e75122557d22b5ac58009_0.json	872	120.99559783935547
10	767	3be354eb	c_3be354eb76e075ca5e81e911f9f3bd51c046da0c_0.json	873	120.99352264404297
10	273	8b5cc325	c_8b5cc3256d53b827ee594ccd63325f474a33927c_0.json	874	120.99180603027344
10	121	2c25fdd8	c_2c25fdd85022c52d5828a8e7f8a38e7e1d4a2de5_0.json	875	120.98542022705078
10	676	7e47f46a	c_7e47f46ac1b6c9c42f12b74ddbf8aa64855d3655_0.json	876	120.97607421875
10	80	17256b8c	c_17256b8ce5a4dac6d4b3c87e8a1ba5d27bc64b77_0.json	877	120.95184326171875
10	796	aceadaec	c_aceadaecf18cf7ad011ae3040aa3fe570559902d_0.json	878	120.9129638671875
10	324	cf026212	c_cf026212758bc4f18ee3946c0931e68d1ac99529_0.json	879	120.8992691040039
10	494	9531c662	c_9531c662dab5b6108554b6a3822ca793ea5e511f_0.json	880	120.75843811035156
10	699	d01d39aa	c_d01d39aa26f71fc0e40fecb3ce4b7388cc1f985b_0.json	881	120.75234985351562
10	469	1c3d0879	c_1c3d08794d78dde4eae661ccdd4c195793deaca0_0.json	882	120.72354888916016
10	17	4d73459b	c_4d73459b7e2fa806610ff1110baf1da3c650c21d_0.json	883	120.72034454345703
10	786	b3b91977	c_b3b919770bd6e1aa14abc9ee1a1406af251e1d1c_0.json	884	120.7158203125
10	243	dbca5571	c_dbca5571e0e97293664a89346b38758e85bdfd27_0.json	885	120.68284606933594
10	835	88343438	c_88343438615a4ed983f3b74f53e8411d7742097d_0.json	886	120.68096160888672
10	57	0c98c2f8	c_0c98c2f8d153c818e12e693afce576b19edbf2b8_0.json	887	120.67796325683594
10	309	af6307a7	c_af6307a77f945886dc4e47aab8f18f900f9d188b_0.json	888	120.59883117675781
10	795	a0493b97	c_a0493b9732636879b4d06538787f74e2757cd92a_0.json	889	120.57994842529297
10	51	e101ed16	c_e101ed162307934de7c5ae7e5086147494f7bbee_0.json	890	120.57081604003906
10	75	8e1c6a2b	c_8e1c6a2b37fb1f7b1563b2df81fdd0f5d77e3c48_0.json	891	120.52520751953125
10	917	ff2c8f8e	c_ff2c8f8e8b118278947755898cb6c75dfc7e90ff_0.json	892	120.4918212890625
10	475	40045dc2	c_40045dc2e4c840f75f67e177f6df7247fb908c74_0.json	893	120.46797180175781
10	737	a0afec71	c_a0afec71fff2e36827e83351bded4b4aae281b87_0.json	894	120.20624542236328
10	833	3f4bc4cd	c_3f4bc4cd10a0fe746793f5974a4592fa32a9b8ac_0.json	895	120.16345977783203
10	805	af4879db	c_af4879dbb782bb13fd95e3b406a55d80272ddff3_0.json	896	120.16078186035156
10	150	cd9bd710	c_cd9bd710927b7c2a2f01b75430a42e58b18fb456_0.json	897	120.1246109008789
10	647	00946277	c_00946277e84a409f52e99d3af5bf5dd99d581339_0.json	898	120.08872985839844
10	12	427c17a7	c_427c17a73208cf53c381e4e8099d4ef60c08cc9b_0.json	899	120.04170989990234
10	438	5af0b166	c_5af0b16641ffd0422ea495b8e542ad1e29cc1735_0.json	900	120.00892639160156
10	504	ef2f7318	c_ef2f73180b4befad061a64464bf8b9382f4e671f_0.json	901	119.99237823486328
10	931	3b1671dd	c_3b1671dde97a6d564b3f4c3210fbe777dc3aa3d4_0.json	902	119.93012237548828
10	932	51082b47	c_51082b4759c2e24f7e836a07fbfca35e163823c2_0.json	903	119.93012237548828
10	970	3360c93a	c_3360c93a76a74d1182b912052973e08ffa868b43_0.json	904	119.92677307128906
10	971	2ab776b5	c_2ab776b5f5075bd98e7eb730cb03772f2b734b45_0.json	905	119.92677307128906
10	701	5acaee4e	c_5acaee4ebcc645c7b5a76a7b37410082e4173aae_0.json	906	119.92630004882812
10	302	281ed6f8	c_281ed6f86671d4c74e41a2f632757c8096db938d_0.json	907	119.908447265625
10	787	8df72090	c_8df7209074ace5268f9bc0195a0245b4ef7c7ea9_0.json	908	119.86778259277344
10	242	e4e92540	c_e4e925403413601f092f1c8830d722e17f41d178_0.json	909	119.84138488769531
10	765	f406d3cf	c_f406d3cf89e23f87a100e9a6cf46bd9aae6823fa_0.json	910	119.83323669433594
10	638	905b7ebc	c_905b7ebccc9b37824ac456bb0bd564ea0045d748_0.json	911	119.8157958984375
10	793	a6ab8543	c_a6ab854302bf2398ed221afe7aefd0c717b5d1fa_0.json	912	119.79651641845703
10	241	0a134db2	c_0a134db2f0ea5e7577a5a455e299e85fef1b05fe_0.json	913	119.79353332519531
10	230	45bf2db8	c_45bf2db854b01e17efda9fabf048a409917340a1_0.json	914	119.71501159667969
10	357	7d055fcb	c_7d055fcb517a25e3cf141a867ec2b53264c40a19_0.json	915	119.61547088623047
10	0	57d1f32d	c_57d1f32de5bf3a7dd54613384cc7e979fba2660b_0.json	916	119.59567260742188
10	264	ceb2f8fd	c_ceb2f8fdb0551e2789381bdfdefb0fea020f9785_0.json	917	119.59397888183594
10	665	0ff7d980	c_0ff7d980c5430be317aca0405477dec74ab0390c_0.json	918	119.59062957763672
10	11	3b8404da	c_3b8404dac56c365cbf77034ec7d96588d89e9798_0.json	919	119.56373596191406
10	252	2610a292	c_2610a2920dcff87cb58b67902fd21bfaaf659e64_0.json	920	119.5325698852539
10	129	1c5785be	c_1c5785be57240dcf7d885095ec2ba93bc80edc6e_0.json	921	119.4789810180664
10	378	bd3e680f	c_bd3e680f94cc40c61da94ef05c8047d775af9935_0.json	922	119.47749328613281
10	927	96b2ada7	c_96b2ada79aeaa44e4c572b345563d0ee90dde5b1_0.json	923	119.42415618896484
10	779	448063dd	c_448063dde142a07e07f13b017bc9844f3555cf74_0.json	924	119.41914367675781
10	499	533ea175	c_533ea1755d807f75a53c6bb3a2b0d4b8ee9794bc_0.json	925	119.35580444335938
10	203	c892738f	c_c892738fbb6f6e433921ca82234ea2c77b189f68_0.json	926	119.3238525390625
10	54	d5319d9e	c_d5319d9e840b2c7237ca435f50c50ffbe7dce507_0.json	927	119.30765533447266
10	951	457f53f0	c_457f53f08f38e3c6d154699ea00fa521f208882d_0.json	928	119.3071517944336
10	952	f8105f00	c_f8105f0006fb81a15be1ff8eefe7a17488a29fe8_0.json	929	119.3071517944336
10	810	3f2efac9	c_3f2efac95ef6575e33a7b4c9052d00afe1b83bad_0.json	930	119.20820617675781
10	830	7c9fd53c	c_7c9fd53c78a604e21c89e426091e3a0c219d9c58_0.json	931	119.10990905761719
10	377	fa7f8cc2	c_fa7f8cc2eb9c4e5aa3f57b95b760df3423b0fb0b_0.json	932	118.92338562011719
10	332	82a1a951	c_82a1a9511e41764ce397a83364e4a911889b17ff_0.json	933	118.87286376953125
10	46	3ff6bda2	c_3ff6bda2addee269ebfaefdba8591bc38390cd0b_0.json	934	118.84749603271484
10	170	fdcd3945	c_fdcd3945c53c4a1c921ea8097cbecbbf154fa9e8_0.json	935	118.82917785644531
10	558	0aab1d06	c_0aab1d065929e00809ecb03351505b1e818c1698_0.json	936	118.82120513916016
10	236	9816426b	c_9816426bbaec23d404e2ac3094a8f8f079c6e250_0.json	937	118.8128662109375
10	435	5bc80cd6	c_5bc80cd6937faae894c5b578b78ed071c7c8d61d_0.json	938	118.8128662109375
10	260	de74482f	c_de74482fe8dffcf6eed62438244cb08ddbc3f442_0.json	939	118.68177795410156
10	781	bdf2cac6	c_bdf2cac6d4a5c18cf3462330eefd8e7c57990e81_0.json	940	118.65306091308594
10	815	edf326e7	c_edf326e7565b4f61caadb7cbb18b24f070a55e13_0.json	941	118.4318618774414
10	462	c2660973	c_c2660973108b61e07907a4f327a2a13a300545b0_0.json	942	118.2677993774414
10	752	6d351fea	c_6d351fea073bf0795dfba4ff8fc88f9557ca8979_0.json	943	118.2293701171875
10	467	4917fc7f	c_4917fc7f7628518ade0dfa11464192a17af1c7d1_0.json	944	118.20024108886719
10	749	5e3f5a6b	c_5e3f5a6bbecb6a83bd1995621bd4e8131943e8a7_0.json	945	118.19893646240234
10	784	8daf3aae	c_8daf3aaeb4fd072d45df334dd8a6009be734c180_0.json	946	118.15274047851562
10	342	83225723	c_832257234d0f2d0f9f4cd18146ac13e13f659a59_0.json	947	118.0888900756836
10	768	7d901d34	c_7d901d34fb18ca44cdb311a75442d71e4140797b_0.json	948	118.01641845703125
10	906	09839be0	c_09839be00420a6294628915defa93fdd042ff406_0.json	949	118.00837707519531
10	905	2ee680a6	c_2ee680a64529ac6f31306e06d43eae8cf53f7c55_0.json	950	118.00837707519531
10	891	bb34247c	c_bb34247cc4283b91ed657238a37744eaa1b0f3e9_0.json	951	117.97866821289062
10	890	82edd572	c_82edd57205fe48015f81b2986f27856cb9f7fb29_0.json	952	117.97866821289062
10	700	b7c3e006	c_b7c3e0067cd2e69d0f12da7c3318a713c6bdcc27_0.json	953	117.96556091308594
10	343	c3bae2d3	c_c3bae2d35e63f9080b746f95a037b6861913584d_0.json	954	117.89122009277344
10	347	4d0cd67c	c_4d0cd67cde030fae070b075ea75d93bba90f6e21_0.json	955	117.84028625488281
10	782	98079600	c_980796005ff96f88a009822eebaba3eb8339051e_0.json	956	117.7872085571289
10	961	d86dfdec	c_d86dfdec7c18ceb002889d73f808a4be4ee7105f_0.json	957	117.76193237304688
10	588	fd502f4e	c_fd502f4e79d10516205b4a50966d90479be18e6e_0.json	958	117.71134948730469
10	389	1ad0489b	c_1ad0489b845f3486b19a81b2182bc34ab97eccec_0.json	959	117.70219421386719
10	86	e4fdea0f	c_e4fdea0fc12821bce3b885fb09a1e104ad589d6f_0.json	960	117.70002746582031
10	82	09720f28	c_09720f28cfc165fd1227d8b7be6ec3468d98b636_0.json	961	117.67697143554688
10	365	56344cf0	c_56344cf06786bf8cd031933a5fc39eeacde7d942_0.json	962	117.66558837890625
10	26	0acb1519	c_0acb1519416832abbd7f83187c9260e99f6d57be_0.json	963	117.59172821044922
10	995	966de9e6	c_966de9e60dd6a828cb52548dd8de77adc86bd319_0.json	964	117.56640625
10	996	6f6af805	c_6f6af8050799bec5321d2c06cd3230daadbb6535_0.json	965	117.56640625
10	392	4fc05779	c_4fc0577933774cd8d81d0b59e6e2e50895cbd949_0.json	966	117.55574798583984
10	304	91bee2a6	c_91bee2a688bd513fc1e1be7a4b9dc20ad2c83877_0.json	967	117.54533386230469
10	473	e345feb4	c_e345feb438e899736162463263addd3c8628a9f0_0.json	968	117.50916290283203
10	249	d46fea80	c_d46fea80dbf2d654bc810334e6ac26a5a917cba4_0.json	969	117.3585205078125
10	99	73d93e33	c_73d93e332251ccf3619b3b6d2e7b1529e902e78d_0.json	970	117.21186828613281
10	741	5c978948	c_5c978948a0ffc7f62fa61aaf0d5037b55b0b89fd_0.json	971	116.96495056152344
10	151	376385ac	c_376385ac0ecf0c17fe52d70627d9af93549e9bd7_0.json	972	116.9173583984375
10	975	bddc1a9e	c_bddc1a9ed385595ab8ec75aa0ac9be586f55a68f_0.json	973	116.85928344726562
10	976	6f15cd00	c_6f15cd0060dfed248eae0219d35f20d89022972c_0.json	974	116.85928344726562
10	650	2cbddbbb	c_2cbddbbbc596f29331c37409ec07ecb9c09442b5_0.json	975	116.68769073486328
10	211	6d60a7db	c_6d60a7db1d546ed0eb625212d4a80dab149470e6_0.json	976	116.58058166503906
10	817	63142f62	c_63142f621c42817c9a0a948106151bebc11ea8ce_0.json	977	116.47384643554688
10	718	8d5de313	c_8d5de3136ccbdea33b289e373a5bbc06cb0a2d58_0.json	978	116.35704040527344
10	180	563cd1e8	c_563cd1e8e3c3ca2c33ccf1d1481f25991b53dcdc_0.json	979	116.20719909667969
10	344	f4098b5c	c_f4098b5cf7a9ad6b4c82cbe3ac6d07251de73b52_0.json	980	116.05187225341797
10	301	8cbdd8a0	c_8cbdd8a030f47338b01ac413757e2336313753c5_0.json	981	115.64703369140625
10	458	c15f570c	c_c15f570c7223c5f380a68b896493b0933a7abd7e_0.json	982	115.6344985961914
10	909	64d74db8	c_64d74db8ae69f3dc37feb09df54e53ba0458edb7_0.json	983	115.48731994628906
10	910	6cd5ee63	c_6cd5ee63ea849d2133bce770a3caa3e40aca8deb_0.json	984	115.48731994628906
10	1	849612c5	c_849612c50f60488095999c8a8240121ebea0c14d_0.json	985	115.41098022460938
10	136	8965d31c	c_8965d31ce9f6eca0f195fd0d74721afba293cce9_0.json	986	115.17224884033203
10	112	47b67390	c_47b67390fa5816e1a8d158c379c0e9470efd8442_0.json	987	115.0167236328125
10	132	727dbcdd	c_727dbcdd88c158b27c16ea1ae265456987d7a8a8_0.json	988	114.85236358642578
10	285	ff7aa3f3	c_ff7aa3f3314e9e9ac50f3b8b259126ad379aead6_0.json	989	114.78182220458984
10	239	51efca84	c_51efca8457f7d049f162addeeda97dc30df98d87_0.json	990	114.28105163574219
10	322	ad7bd1f4	c_ad7bd1f46501d178e2f776cc761b723a4cb918ab_0.json	991	114.14054870605469
10	195	b28864ea	c_b28864eaa0a4ff4e8dde34de7238eddc9419c972_0.json	992	114.01626586914062
10	145	f418ab69	c_f418ab69a271ff60429e32f75389b2c62fe2674a_0.json	993	113.78695678710938
10	812	e5b9b8eb	c_e5b9b8eb81365c8986b2d0d0c8a64878cf4a1d07_0.json	994	113.74681091308594
10	401	4e4f9b3a	c_4e4f9b3a69ec8560c126c0abba99032f9b89e245_0.json	995	113.72036743164062
10	483	b85daafb	c_b85daafb08dc4dd841cf92d50ea8055248577d1d_0.json	996	113.1290054321289
10	161	c13fc568	c_c13fc568c7cd11dbd53fb78e88479ef818c95cb3_0.json	997	112.42292022705078
