b71d09e,c_b71d09ea4a1af895b965a703b5048d3cadba53d9_0.json,1,0.2869959960945364
8d6b7da,c_8d6b7da38dcf9d9bb68ee7e16d4d30de2ff8f8d6_0.json,2,0.1963173179605493
b8a46f6,c_b8a46f6657147be4ddc194c04bcbd5aa00abf23f_0.json,3,0.18299737823397677
d79a0a6,c_d79a0a65d87f9027fba31d5655d6f9b2f379bb80_0.json,4,0.15360983533651018
d06298e,c_d06298e3f96736c5ff91bf812e1233b7c35aec4c_0.json,5,0.15347840397260148
69bf5a3,c_69bf5a32257372a958d895c130fc85cbbaa3dbe9_0.json,6,0.15344233633846038
d3b7d9a,c_d3b7d9adc2b787c864e649edb1d5ed6020dd1cff_0.json,7,0.14839401169267918
df1cdce,c_df1cdcee65863bff532586039063461c908dbc7e_0.json,8,0.1479630716182142
a6ab98b,c_a6ab98b9867145c7d4eccab43c9ab8927aab06a7_0.json,9,0.14419680222770748
830e823,c_830e82333b97fa884f13127380bf725884c78481_0.json,10,0.1400756365504262
16310dc,c_16310dc2210c020955db09bd41e27a2978d20a27_0.json,11,0.13959155752930297
3b8da0d,c_3b8da0d930240c59772489e5b8034fd83b6657fe_0.json,12,0.13477698416259531
ed01566,c_ed015661d458a1e098099d5cdf34a1bf46d7d5cd_0.json,13,0.13364942898701582
5fa559b,c_5fa559b2cfc336442b8fabffdbdb136f67e15d89_0.json,14,0.13225642106438873
10d2b4b,c_10d2b4b9b16d89026d3e9bacc876c543db3b9d81_0.json,15,0.1316607355863979
b56654a,c_b56654a917ef913f10fda581369e86ce1b090064_0.json,16,0.129811037753631
430f487,c_430f487ebc550a07ed2f06a758cd2dd480669fc9_0.json,17,0.12910436677097303
20786a6,c_20786a617657c0c20315005c621052a2735dfe67_0.json,18,0.12834685164910942
3a8a968,c_3a8a9685ec252116dce375ae9ca61f4cd41fa70f_0.json,19,0.12618280463054976
f8d4090,c_f8d4090a899526c34fe32435a67ef5f4559dbf2f_0.json,20,0.12459939956374222
e4044e8,c_e4044e8340e9a3596f82bf8f436624073d8b81e4_0.json,21,0.12427486703139912
423d4ac,c_423d4ac4d1b4fdc4c58de6198e2e688135f6fbde_0.json,22,0.12403894660852544
4b83ccb,c_4b83ccb4273636b59711ab4a3e52bb9bb28d59c8_0.json,23,0.12285400789532808
7f5f819,c_7f5f819d813476e1d03cb1955fbdb68de4674591_0.json,24,0.12216554764297938
fd0f875,c_fd0f87590d1c88c18f669e9b168c8fd20631f23c_0.json,25,0.1216325957562312
37ffdce,c_37ffdce101da66308d5201b24fc8ed9a77873310_0.json,26,0.12123508064341737
89adf90,c_89adf90e262e8867b76cc1b2ede7d1a69d1592bc_0.json,27,0.12116550338372323
45d406f,c_45d406f1e0c794dd223bc53af096b6a454040975_0.json,28,0.11993452028379781
1d50b59,c_1d50b5910ff9c3f014cd8d3c394152311b025461_0.json,29,0.11828143224569432
9f777b3,c_9f777b36c736d3bdc21110dee5da1e104ae91422_0.json,30,0.11790060152847792
ade740d,c_ade740df0818054495a595292f17be198366bbb9_0.json,31,0.11610311214759694
b7652d0,c_b7652d0c9af18afe248d65dc20f6bc25ddcdafb3_0.json,32,0.11573234938259958
bf1152f,c_bf1152fd53cae540ad17069ca39516a526c69098_0.json,33,0.11444466569597767
c7a42fb,c_c7a42fb239f8b723a9daf1903ec1ad64388da6bd_0.json,34,0.1124304595308111
94f930c,c_94f930c62ad972ac6f436faab10183d20942866d_0.json,35,0.1119002769669104
de479c4,c_de479c4c77d855d5cb843b9ba95f8c8c36626d5b_0.json,36,0.11157179891141722
5d2fe77,c_5d2fe77630944293eb86a1553e303cc80c05e938_0.json,37,0.11120538919025136
e42bae8,c_e42bae8066b0e7356c3a6e9592406230ade54a7b_0.json,38,0.11038096330848124
7153fa9,c_7153fa9be229ee078c7026dba8c9b2be3d791ed2_0.json,39,0.10966524137431333
c415a5c,c_c415a5ce1f9459a3ca7188dff596bf9a3159c841_0.json,40,0.10942207528193526
e30f623,c_e30f62314b487158b4ba77e8379cd4f2cd4c77a9_0.json,41,0.10477047555784258
9dba2d7,c_9dba2d780d8195ee4614020d2786d10eb69a2dc5_0.json,42,0.10473793126039954
15ea903,c_15ea9034800ad98e0dcd9b1ba2c1a00b0ca8d847_0.json,43,0.10426665439535243
4a0a0f6,c_4a0a0f618c13b9c0ecc97a5e841b9e91872402f2_0.json,44,0.10347771123193883
768b121,c_768b12187cb9423c0eee3b8d15fbd71682755e0b_0.json,45,0.10307709319988212
a25f1e4,c_a25f1e4515b215f4510088cd1787725479390b14_0.json,46,0.10272413337705266
2ab6902,c_2ab69023c5216da15183b1e666aa57d3bc2c0fe7_0.json,47,0.10249498007070534
8b24fe6,c_8b24fe642d5ab3f32e5b01671e8b4181333d4dad_0.json,48,0.1024347569257501
a96e597,c_a96e597894562c2cf01fc678f6c435d65ccc31c5_0.json,49,0.1015014530825269
c2663d6,c_c2663d6867bbd4a8e89cd602141769b74023cde8_0.json,50,0.10111394163463305
2cdf068,c_2cdf068a537c077dbb795b2c91c6d05b860c5482_0.json,51,0.10057445976494428
6e17e5c,c_6e17e5c6d21aeb201d919eb5b592e3b1cc9aa2a0_0.json,52,0.10000130754233005
b1ade04,c_b1ade04fc274a2030fcf1df2c760755eeb83bf1b_0.json,53,0.09990721559175719
2d6a06f,c_2d6a06f8a488621bb4ff0201172ce00ce4f7bde0_0.json,54,0.09929914929139694
3661c94,c_3661c94afdb9efc85df19c7639cde42284f0e812_0.json,55,0.0987759555282628
210debb,c_210debb2e853152c3ba3c359f7eb7755f65ac997_0.json,56,0.0984815339205487
d275862,c_d275862aeb58c45429c55f8d444b7ffbc581a308_0.json,57,0.0962850658078992
7d94ce1,c_7d94ce11f25c7539ff3998c123db07b80722ac70_0.json,58,0.09599012281704333
2dfcbbd,c_2dfcbbd03cb20f40b06c12dc0f2c19d21573c29f_0.json,59,0.09555144263595328
811975e,c_811975e52049a6275d4b9d6587ce3af40791a9ae_0.json,60,0.0954763392764072
483a73d,c_483a73dd23880421b67f3215aa374d61f07c2049_0.json,61,0.09534509433395355
8db7e1b,c_8db7e1bd75cceeb37255414b79e7bb892818af03_0.json,62,0.09472155252441716
090bf70,c_090bf703251d1bc3ecec7520ae6a8915a52fd720_0.json,63,0.09463887541450733
b1e8273,c_b1e827390dc2d374e49703d3955b4160ceb488fd_0.json,64,0.09452637256284124
0cf17f8,c_0cf17f879a3430425d5fc15c8c5d3a3d9c1419b3_0.json,65,0.09302974627233018
1a9dd7d,c_1a9dd7d43e929fa42c238cbea4d6cb793edaaf08_0.json,66,0.09239916512523161
7cd3d82,c_7cd3d822b65b7acdd1f6e1c82b291cd994f4fe05_0.json,67,0.09233106855075712
57ef80c,c_57ef80caca376d86e8dbf5d0b7124547e141c86e_0.json,68,0.09195919427480281
9d1f2f8,c_9d1f2f80766ad5433183edb5d9b01e058ceafcb3_0.json,69,0.09039459563597918
6378fb9,c_6378fb99209275e2da4f15664d87bab2aff2e47f_0.json,70,0.0903133886860985
6eeeb5b,c_6eeeb5bee98c8e70459c4cde718da55e8bb027f0_0.json,71,0.08943191463017497
2bb96a8,c_2bb96a82964c04c9cdbb18f8b01eeb2bcee9ab4d_0.json,72,0.08936460209258623
a027cc9,c_a027cc9f26c2dc6daa8a997e00de1dd16eb6c56c_0.json,73,0.08854566542694176
09621df,c_09621dfdb946e9cd384d21a08677f860f678e62a_0.json,74,0.08849581313146027
4b251bc,c_4b251bcec48caba4771f3ad21e47623cdff4d2e9_0.json,75,0.08793868479492928
bdd3deb,c_bdd3debba8dd297a70f10e053c1a1960f415a4d2_0.json,76,0.08778182061503181
d67bfff,c_d67bfffac4309c66da129111a258c1471e128c6a_0.json,77,0.08699207309503998
619b687,c_619b6874f0bc50a8fa72631dca65e14b7c32e46b_0.json,78,0.08663091542775381
e2d7bfa,c_e2d7bfa1626c1dd1bee8369103198512f70f6ea4_0.json,79,0.08559978020916914
a7fbd3e,c_a7fbd3edc48543cd58e9599a6a81583d30ecdf64_0.json,80,0.08554012641746989
20b4a70,c_20b4a70d3637a287ec4153d7f7d085cc59fa7a80_0.json,81,0.08544192017778807
be430a4,c_be430a405aafbd36853e2f696d0a1dc10989aa89_0.json,82,0.08474767578393916
eab03ae,c_eab03ae5f711212e57d521f6f27edd908c3c7834_0.json,83,0.08458406217754122
b4e6216,c_b4e6216d2e3de7218a06d9a0c1ac74b49d7259f9_0.json,84,0.08377179860759487
559bd2d,c_559bd2d87c475aeca2b312a4e6866b91857c4afe_0.json,85,0.08353850596641643
521aebf,c_521aebf9b0408d2c06d0fdf98246135158a0ae77_0.json,86,0.0834465773993136
339b99a,c_339b99a8bc28f8032df22cd29750d218f3f321e7_0.json,87,0.08320047019270926
8df2577,c_8df25775a59ddd77e909a37378ee459c502ab658_0.json,88,0.08269160677286169
1307e58,c_1307e5874ffe372d06b5ce95efa49b8bd6b441fd_0.json,89,0.08252244989542057
3771c80,c_3771c80880835b4e294a67eab962686d8386dc74_0.json,90,0.0821452990992585
8e3d2c7,c_8e3d2c7383a7f98c9e7d553ea12e5c1eb190b70f_0.json,91,0.08183350435616865
03a4358,c_03a43587a64873693855606fff17ad8ad3e99699_0.json,92,0.08158684596950061
674d4c5,c_674d4c5ae5afe8fecf4069fcdc1067988adee906_0.json,93,0.0803104565343915
1e1006a,c_1e1006a4d0e6ff24c91ed8acc442f99ea28e5e38_0.json,94,0.07947576049465821
f84062a,c_f84062a7108e473824d89d57bfb77a4b9f9056ea_0.json,95,0.07941054289922223
8e43e2c,c_8e43e2c78be1e28bb274d8cd4869c39b8a1d4bb1_0.json,96,0.0792258346089576
7c45570,c_7c455709e5985ff3e3c5b0ff79e2dd31a4bb7d9d_0.json,97,0.07861351062150501
a1bac12,c_a1bac127067c912b4a9f7a2957c427853a36c730_0.json,98,0.07852514134417754
2dd0a2b,c_2dd0a2b7f34e5d53c1bd0c098f509e3c18cbf27b_0.json,99,0.07845517016158099
41598b0,c_41598b038509e9cdb7f6dbeefdb2a2876d2708a6_0.json,100,0.07813657811285135
4ce05bc,c_4ce05bcd51ec956d789d20b59c743603d24a8ab7_0.json,101,0.07776932593245878
7b37de8,c_7b37de8d8ce8145f933537db67070dc91e19d86b_0.json,102,0.07760702928863017
6a978ea,c_6a978ea29f680a87dfc380c760adf2e17b2e7c9c_0.json,103,0.07719890197346346
8ae9b5c,c_8ae9b5c2596144542cb4bc02803b1670c0c14722_0.json,104,0.07712563949521478
6811e50,c_6811e508fe1bf6970b89c7a46bb862cffe592fc5_0.json,105,0.07674990244246294
7ea04db,c_7ea04dbcd754844c9aa6ff43de1b589eef068a81_0.json,106,0.07643102399303214
ccca505,c_ccca505ed22099594ee3b3248f377c1caeb20c48_0.json,107,0.07633648156350237
d69852b,c_d69852bd95647bd188ff6058b2007e7109e92796_0.json,108,0.07613786734658767
60c93e7,c_60c93e73be76beece194a332b25e375973408a95_0.json,109,0.07587622063390487
5ced9eb,c_5ced9ebef0939c8313fd700b818c35f9d0f449d5_0.json,110,0.07582199880701068
3eee7ea,c_3eee7ea3592fc2ddc35e33aad3ecaecd2be027b1_0.json,111,0.0757777778260682
cb6378b,c_cb6378b922641f920e5f3edc2d8a3a2b1ad0f65f_0.json,112,0.07563375022185437
6c0c936,c_6c0c93693c9cb9d95da897157a7cd72edf44312c_0.json,113,0.0755003876392677
ca5ce6e,c_ca5ce6e4550fe1c3fba2c1cc59d691db798a8c00_0.json,114,0.07538133188958018
8251634,c_825163490d3e3b92210028db76d8e21ac388a7a7_0.json,115,0.07537393696048234
84f1ef1,c_84f1ef1d4578d2a8be6972e7172b308277911faa_0.json,116,0.07503300419266867
d655580,c_d655580bc24c28a719f667ea09e5489989a7d71f_0.json,117,0.0747085467154327
c501fb2,c_c501fb2d4c5d59a334ab3d5e19bdc9d7d3cae2cb_0.json,118,0.0745038569698292
7dcff7b,c_7dcff7b38d6d987aef7307bd0ae775224020e251_0.json,119,0.0744901751288023
4206c1e,c_4206c1eab19900a9e494ccced926ffd14080ebf6_0.json,120,0.07436709475103587
17238b2,c_17238b2e4570213c4d31d4df6805b24dadc468c1_0.json,121,0.07388569401376288
c5b978c,c_c5b978ce23cde57e215327b391e0cc94a6714a06_0.json,122,0.07355852606958202
703a075,c_703a07553a6c401cb83297d047896cd3920408af_0.json,123,0.07355542429470185
9be69ef,c_9be69ef558ed1e5f3737c837ea507a864f7e7c64_0.json,124,0.07351107316626104
0ea2f11,c_0ea2f11caba4c50ecb740a35337f1e16cd625e69_0.json,125,0.07349423220579476
4c47502,c_4c47502d072d5fb1192f6fae88b6d98e69128eab_0.json,126,0.07341599975297608
96ef54d,c_96ef54d716955b6e8f8e232813a0470d982ad1af_0.json,127,0.07337111813404673
cfc6701,c_cfc6701de6f21b7464a3f1b94546ced7beea8441_0.json,128,0.07296895808252335
5d66d93,c_5d66d93e57e142760603024ce1429f2d229a6c8f_0.json,129,0.07253510359003423
a0f3e04,c_a0f3e0435c405ec842240413e2165863c9c76a16_0.json,130,0.07244375180425444
ad6929e,c_ad6929ea0c89c085422c1e43bb3f763a0e3d25e4_0.json,131,0.07232710760669314
7d9003b,c_7d9003b91aacba77f91556a590163824838b8db0_0.json,132,0.07204664950845063
9e2581a,c_9e2581a44ec1d38923824afcd7c7022df4536443_0.json,133,0.07190703336429505
75ba92f,c_75ba92f2b2fb958ddc04828445fae86039382f38_0.json,134,0.07179949945186148
e701758,c_e7017587992fc98ef26fde80ca915b288d0669ec_0.json,135,0.07176212721429687
c8d1625,c_c8d1625edaa23f1dcf47fe59138c26a1be416977_0.json,136,0.07160362520061803
d7fff63,c_d7fff63d95cd9e28bfd31006c89d89e454ec7c53_0.json,137,0.07153224151912796
8ac52f7,c_8ac52f78d23e8d0a0e8d72c89f7f88491b2706ca_0.json,138,0.07125411638422863
04c3ab9,c_04c3ab9b355b2c52e0178533068dd22586c0eabf_0.json,139,0.0708018441981122
0d45803,c_0d458038258c271d6b7462757850a0bc45ac5cbd_0.json,140,0.0705450038521519
b64000a,c_b64000af437bfa5282f94ac0dfd2a0b1994af099_0.json,141,0.07022364003549264
bc1514e,c_bc1514e5261de689f7bda2c7879fe3abee5796f7_0.json,142,0.06994078429646022
cc84446,c_cc84446ec3625d53c2c52934ef243cebe19d9fd6_0.json,143,0.0699233807932711
d325f0f,c_d325f0f90a7c0620bf7e4d62a97a95b94cd0f111_0.json,144,0.0698077450090191
053c5e0,c_053c5e0d0dd276b5d0ee8d6c958c8fba88576f67_0.json,145,0.0696648702763254
545e47a,c_545e47a273803b1d080b186c8cf139492f82c4fb_0.json,146,0.06962304021182042
770db53,c_770db53d4d3c2987ca1ee5b2436a6abd444c6b42_0.json,147,0.06948933736942431
d05d528,c_d05d5282b93eec457385b9f1bab8b9f2efa39852_0.json,148,0.06944154433917449
0ca5e95,c_0ca5e952c92699c98a7ad0380be7b3c197d3f55c_0.json,149,0.06927395586705576
c6231e7,c_c6231e78a1ea882b8b6d2b033c32adbe2108a743_0.json,150,0.06907837042311415
0b83d76,c_0b83d765c1474555c17cb84dd25e6de4cef78850_0.json,151,0.06869641779797164
494f8bc,c_494f8bc48c13298a4a31e31ec447a9fba393a28d_0.json,152,0.06867314894796495
80807a6,c_80807a6389476f2683e38d5dcc38642cd8beb4bc_0.json,153,0.06856321643998564
611a075,c_611a0750e0775520be8e45a46eebda91e13d79b4_0.json,154,0.06809937151372547
3a9faa6,c_3a9faa66ac054c77a6217527a1bc019483b772ab_0.json,155,0.06809577247699716
7ea0108,c_7ea01087e9df3ee46c68ea8f6cf92de9b00a9a33_0.json,156,0.0680900947182167
3933151,c_3933151a2e3d3dd146fd9e14c5e8cb8a6adbb96b_0.json,157,0.06800326808017954
ce3b355,c_ce3b355ac39b51f8b355017600ad35d152c09c4b_0.json,158,0.06793342471481478
4eca0cc,c_4eca0cc5c19035441975c4acde9bce59336279d1_0.json,159,0.06790633952400837
8146294,c_814629453f583055f6540fba3599e8620dfca4a2_0.json,160,0.06783598070247587
fe68d98,c_fe68d988770b25a8eb64c29da29b35b0acfe3149_0.json,161,0.06773504894935323
147ef7c,c_147ef7cc1aa2cdf62c002a01e0b8dc8d2e73ab89_0.json,162,0.06765408445413401
b2544b4,c_b2544b4f59bb5384ae35610df69d4fbcd2cc95cb_0.json,163,0.06754296356990908
2011877,c_2011877ec5cf2f529c2c64915dd28fff0ad5e8b9_0.json,164,0.06739954798780312
0f52032,c_0f5203283f33b3327fe6342c8a3508505cc83780_0.json,165,0.06735546689632521
9eebcc7,c_9eebcc7bab8ae883219bfe66cbaee2b5b3372247_0.json,166,0.06687667326076141
e6449cc,c_e6449cccdeaba96ffba4c27db322c5c3d5c18662_0.json,167,0.06684764825480516
05c18b9,c_05c18b9f8c991b44a825c9c6fdf488bf467b3a67_0.json,168,0.0662978039898342
67d1d36,c_67d1d36c775dbf962a8f38236ea8ba49c9a6d4b9_0.json,169,0.06622100269715125
231e2e5,c_231e2e584f0fa919f74485519f8b8faba5a3d58f_0.json,170,0.0661747823153741
b2fd034,c_b2fd0349771203ccfb14815f874300ade64644a7_0.json,171,0.06612040216465997
2cb671b,c_2cb671bd661fab68c6ce6c2cf36de45a3cf9805d_0.json,172,0.06585880427157387
ebac9b0,c_ebac9b0dd11538aaad65fcd88c192d6ff526c662_0.json,173,0.06574291458190207
06117fc,c_06117fcdf9c186896a42205ca4e10ec8ad2843e9_0.json,174,0.06546156760561994
870a6d2,c_870a6d22864073e28f1f578c18ec37e71d13d015_0.json,175,0.06542775153169733
602c21a,c_602c21a15ae1b25e9d304d75e3181dac9d1435d9_0.json,176,0.06514212993140767
14fa727,c_14fa7276518f8e2f21d41d261d921cc0cc87b9c8_0.json,177,0.06511979735360363
1c6e9c1,c_1c6e9c124df3432605bbda8a5b5e1de81d57ad6a_0.json,178,0.0650892083556347
f29d228,c_f29d2289da81417e41f0479b0b8fe3f380aea656_0.json,179,0.06483513806235275
ffadea4,c_ffadea400aff0a26fd4456c4ac2bac823b658c3d_0.json,180,0.06448789486345063
450d22c,c_450d22ceca65d473fe4a561ddb82a49d7c4ea206_0.json,181,0.06434121515623958
fc21b26,c_fc21b26f84312e4f75e8b144238618c73a8b091f_0.json,182,0.06404028778134829
5095132,c_509513200499f8dedf12c190267be636e9b71621_0.json,183,0.06400119978760133
ead8450,c_ead8450fb71c098abc44552d963553c80bb6d711_0.json,184,0.0639270315158279
849284f,c_849284f1db2aa7c1620897db0ec50b1b38bd9684_0.json,185,0.06374702116327935
8ece39a,c_8ece39a39c8db43cea3f0b1e09dce201adc4c687_0.json,186,0.06373526247798367
671d5c1,c_671d5c1d5ecaac8943e16a7e9ba08c710a4d9ef3_0.json,187,0.0635684653735692
f0d243d,c_f0d243d3af0023a2bad35687e95c4b24a88d46a0_0.json,188,0.06347442224148425
53483bc,c_53483bccb065d5798528e40915aaa1b833e1a021_0.json,189,0.0633012346773687
c0f9beb,c_c0f9beb4b02f2dcc7ca9276d8824bb482cb6dede_0.json,190,0.06282213759513655
2708b20,c_2708b20351fb0fbb98fd0bc11d2aab1ecc89ba50_0.json,191,0.06267490474391124
d8ee180,c_d8ee180a0e81799257c06710a5fc4bf2275eac45_0.json,192,0.06260936437750486
c8d6f0d,c_c8d6f0dc86f894b9de744897905233112a8a45dd_0.json,193,0.06258678542855622
ebeb2dc,c_ebeb2dcab4e429a967f61401e6e9c755a19cf6e1_0.json,194,0.06246179333105484
1a46b43,c_1a46b43aed7d8ee2541e294ed6c11c178de3241e_0.json,195,0.06220310095250159
9bf7c18,c_9bf7c1810448834898149a371c2081d8662337f6_0.json,196,0.06181808999534044
eb833ab,c_eb833abd95ea3bdaaac8224cb985b4587742eec0_0.json,197,0.0617120206955698
2751628,c_27516282a431ee6efafa266ce9e11f639bb94cb4_0.json,198,0.06169124235117329
3119795,c_311979527c16c996520521965493ed5cb4d7377a_0.json,199,0.06167950148149026
b7ce18a,c_b7ce18afa4bb3bac1687a3a200442d4df10b8159_0.json,200,0.061657897533903716
2ba4d7e,c_2ba4d7e1110f614d4f6301fa443e89292e2ab8a2_0.json,201,0.06161247031263506
ae563a4,c_ae563a4e9b98a353ce9f5adf5e3a6377dea858d1_0.json,202,0.06157712919378955
0914f43,c_0914f4309a3763e0ce3f37ca791716bf524ff602_0.json,203,0.06150923345611148
eccf889,c_eccf8898d10bfe9854aa5a736784c076ff6f605b_0.json,204,0.061504370834490785
1939068,c_1939068182855402ed79a39a5d7a87b26446970c_0.json,205,0.06138430770367842
eb8a3fa,c_eb8a3fa490e8c0a05276771f7e58b445f6af3259_0.json,206,0.061296202580852555
f824dc4,c_f824dc45939740832a8043ca745a41490da1fbeb_0.json,207,0.0612493432428699
dc3d150,c_dc3d1506f8b49d341a3954cc5aad6fd23dbd6b93_0.json,208,0.06094545792171291
402160b,c_402160b94a9ffd5f400d8e5717badcaa2fd3c5af_0.json,209,0.06057612485598052
479f777,c_479f7773075c136b43a9cf120704c77c0a4880ab_0.json,210,0.0604894276791339
d82fba3,c_d82fba3c2951ac67b0dd2b4da8e8273047543fdb_0.json,211,0.060443409696770645
513f76a,c_513f76a1e773c29daea59c22f0465a333fa3964c_0.json,212,0.06028607507989292
9c3353d,c_9c3353db4b98821cdab70821a3aa648d5e2a2cbb_0.json,213,0.06026960291115613
b523021,c_b52302121bb18d9804b47722e92e08de31a946ef_0.json,214,0.06025318861299733
c18e597,c_c18e59702f96f5cbe879e6375ba9f50726c20bb5_0.json,215,0.06021370630300593
bee3b2b,c_bee3b2bf43e36a9b07296b02b045842f43b8ff4a_0.json,216,0.05973888290527818
d191645,c_d1916458812f417874b0886ed64654bb6a0b8224_0.json,217,0.05964788395159115
28d3fbd,c_28d3fbd14b959f93bd6954d7cfecb4127245897e_0.json,218,0.05951453833383036
927739c,c_927739c1a1acd8be4ff27a07d2b9029fbf357200_0.json,219,0.05950775722887658
ce852f9,c_ce852f91460b7789afe7b44198fe0f64f1ccced2_0.json,220,0.05933582781175606
a5d4b8e,c_a5d4b8ec8fb4fe11b573b224093cd1a303d4f71e_0.json,221,0.058580421799344085
f76a976,c_f76a976abc491d264d605912c2050215a41db744_0.json,222,0.0582369017430574
eb7bc01,c_eb7bc0170eb129f6225dcb6ef696f530a5d8b23c_0.json,223,0.05792666985606121
0e29ee4,c_0e29ee4b25a07f4ed3087eeccc485ecd9448d4cc_0.json,224,0.05791075799241452
ac6b191,c_ac6b191bc16cda3fdfb36c581cd4b97098aab9a1_0.json,225,0.057674592100721456
fd8478e,c_fd8478e842161160b26e8616d0914655eae2c71e_0.json,226,0.057603180585150904
0b27a8a,c_0b27a8a40440849bf48f9f2464291a075c46a230_0.json,227,0.05721766022285768
28855b4,c_28855b402ef95498eba1176ba80c5aac984d0a42_0.json,228,0.057204073788549636
e7110ea,c_e7110eac1a03a118b7852659581a7a84b60f31af_0.json,229,0.05717632898427594
d877581,c_d877581e783f778f6204e1b607cd29f16b897a3e_0.json,230,0.057144794104039054
2ba37fc,c_2ba37fcc850b99508f027bed167962430fdf8d2f_0.json,231,0.05703455969252058
8544714,c_8544714143ebcca698dc7df6b3a0ce3bad61afe9_0.json,232,0.05686147957831589
fa66d39,c_fa66d39996428ee44f52289ffd9833c87981b4f2_0.json,233,0.05685256767231872
862e1b8,c_862e1b88bf4216eb1ed83504606ef4346dfc2cfa_0.json,234,0.05670162458194339
634d68d,c_634d68d26f9eda4bbb6eb7df4974819c705a93ad_0.json,235,0.05623390316675436
efab3a0,c_efab3a03ae184fc5d03b6663a7b55cf974c551a3_0.json,236,0.05616429060130046
5eb62fd,c_5eb62fddf202d0c54bdde3e4b4a2a354fba05126_0.json,237,0.05598030582240565
372619e,c_372619e520ceae34daa37db4b12c65c25debf5e1_0.json,238,0.055910547805090194
f85bf2e,c_f85bf2e3b786f7f724ef09f5863470142b3bfca6_0.json,239,0.05569981929310275
af6140f,c_af6140fde695b8619531d04deb6d3e078f8cbfd1_0.json,240,0.055662370065230116
cac390d,c_cac390d88c299d6f38d1321f5a8a2b837e92b424_0.json,241,0.055612529160560586
ed492bd,c_ed492bd0c5c5c3a0258a65cb31cc8723d8f011fd_0.json,242,0.05556749366451874
912d9be,c_912d9beb43edb26caf87a32f08664ea634136c73_0.json,243,0.05548432958841698
e703a2c,c_e703a2cb78692922f7c08576bfd1ecdcc0b350a5_0.json,244,0.05542486597344465
bd4c068,c_bd4c0682a71ff99179cc6ab2b0c1f23339267945_0.json,245,0.055417928757931056
6ef3b29,c_6ef3b2932f4ca9219e41784bb0cd229dcabcdb11_0.json,246,0.05534733394080449
3b18c97,c_3b18c97188957a5c777e68e86b360526fa0d73f5_0.json,247,0.05533276234126594
2efb90d,c_2efb90d039689b83f2d274665255bf62481a3f2f_0.json,248,0.055280951885087526
b5f980e,c_b5f980eb2965fca48ba83e68efb547b77d17b19c_0.json,249,0.05514291213371869
61d0d19,c_61d0d19bd37feb57f1a663bc57d90c120143a66a_0.json,250,0.05504265859793722
e3aff05,c_e3aff05625c90f3d74c740183e9bf7a499b1ff3d_0.json,251,0.05483534165906856
3484ff7,c_3484ff78aa1e37350bf0e91e00bb9506064f6b76_0.json,252,0.054727965882762186
c28099c,c_c28099c6ede92badb1c26c003ea64c5f3f38377e_0.json,253,0.054668383299600665
24c3548,c_24c35488d6b81731e044612aa330908ae0e45211_0.json,254,0.05465782309689948
031cf3a,c_031cf3ac38390807fdde025a5739c16858e63316_0.json,255,0.05465704171291719
3d2d4ef,c_3d2d4efeb0a6ccc3acf0f2a8b334bc0ebb6b3e38_0.json,256,0.05460879223723247
07b7dce,c_07b7dcef8a14a83692e88980b751cb78021803cd_0.json,257,0.054478914487795294
200ab0e,c_200ab0ec4adeeea15f6b641d56170989cf16cb58_0.json,258,0.05443984970043714
f981be1,c_f981be1eeff2ef607663963a3109f2848db78184_0.json,259,0.05440386083034099
4fd7ba4,c_4fd7ba4f1933926f23cf126484cd11ca8022b501_0.json,260,0.05380900777203912
e6a02c7,c_e6a02c790b93b80728edd4ab2ea0029c10dc8c5e_0.json,261,0.05374460781578083
3dfb882,c_3dfb882621a212fd602500f966987c0e344c3b4b_0.json,262,0.05359793248374789
217fd26,c_217fd26f4aa9c0ed41427a23ee3a5352c4a6820d_0.json,263,0.05353851883187433
a2bdfc3,c_a2bdfc3085428b3dfe3942dd9cb2a65d30b97b5c_0.json,264,0.05323880363608691
3b9d4d2,c_3b9d4d2d5e11d678c8730d40b8e1317b5502afdc_0.json,265,0.05322158006172095
dadf1c1,c_dadf1c176fc0eb014e55586c33271d7438c9072d_0.json,266,0.053157066979158785
932ebf8,c_932ebf87acd81162cc7b1751c18b0e0ca760c8bf_0.json,267,0.052979869061897444
725eff7,c_725eff7db400661631416be3d58bb2758a793b7a_0.json,268,0.052653231869244865
9dd9778,c_9dd9778a7cf24ea9fad3bb67bcaec9bc3728ce47_0.json,269,0.052637981669133804
111fee5,c_111fee5c16181724027c2f0255bb9836c0cb3262_0.json,270,0.05262733804014419
85387dc,c_85387dc2d55dbbcc54063ff1ec2ab1f909bef7a4_0.json,271,0.052538559733690704
b852a8e,c_b852a8e794727f4a99a0058dd8830bebd0dcca4a_0.json,272,0.05253707557493792
133b7ee,c_133b7ee9f5d62847c8417159f7fa6dc5d8f43459_0.json,273,0.052444540463822964
972a35a,c_972a35af7d8f8ff20130095234696f08291ad12a_0.json,274,0.05236945693490802
19212b5,c_19212b5a4bb2fb66d0721b6fc4c880ce571f6f8b_0.json,275,0.05234847444915647
4cce86a,c_4cce86a7a28b1037dc930d094f86854e56c6b3a7_0.json,276,0.05234097852021646
ab4e016,c_ab4e0161b6ccb07aa1a4d03d8244cd77c15a303f_0.json,277,0.052295553187216126
4073bdf,c_4073bdf14d26f83799eb2c297ed1d7febefdfe93_0.json,278,0.05226418917895903
98a3496,c_98a349691da7f332042ec9bafe9973f35baf5f13_0.json,279,0.05216194129472851
89f4c18,c_89f4c18e5974e11a1972ef545eb417f48646ef55_0.json,280,0.05210921755217457
d79f686,c_d79f686403d6779e30635649c15f5646423c2b2d_0.json,281,0.052104072485384734
99d3872,c_99d3872ff25646b163d7a29ec314dc6050bc612a_0.json,282,0.052103463118809534
7e1789e,c_7e1789e0e9a17959d128e074773e7729e4a55c02_0.json,283,0.052091708068343734
9dd3ddc,c_9dd3ddc9d9352d55531f8ecfb4e2fccfee72c62a_0.json,284,0.05198645449074568
5914a95,c_5914a958ca337a4bcfbfebd87e784036f60bff70_0.json,285,0.05194949864088927
f25e360,c_f25e3602099eeb8ccea425f9bb5b841905085436_0.json,286,0.051808779813606876
58798c5,c_58798c54be115919a184dce4b7b9a3e46b6a84e0_0.json,287,0.05179522412324389
7ae55ea,c_7ae55ea5d33adf3cda9860e9bd8eacaa0105711c_0.json,288,0.05178498365339812
fbb87a2,c_fbb87a296305fe4f813ccbfa8683c83f479a8e7d_0.json,289,0.05168593130730614
dcede03,c_dcede03d186e12e017469b1ea43e505a268d0184_0.json,290,0.05131530727313893
66648b5,c_66648b55fbe847ea48436c195cd53caee5e4eaf7_0.json,291,0.051281810821547036
cc3b4ca,c_cc3b4cac2bb748b52e79099523814f771be78e9c_0.json,292,0.05116804538157804
e91fd85,c_e91fd85290c958b863dc095ee4e3d1ff0b5fba0a_0.json,293,0.051132157786647925
4ce4db7,c_4ce4db7bdfc7ef81c9af96acedf987ef90600031_0.json,294,0.050930246452185135
dc071cb,c_dc071cb8442eb2da07f3346d7556492b4590f321_0.json,295,0.050790490253490916
9eed265,c_9eed265da3a878d6375c6702d4cd1179c4f1194b_0.json,296,0.05075097751749724
9abf670,c_9abf6700a39b965556b9ed8368fc07f63c7adbd0_0.json,297,0.05073731809864945
94d1301,c_94d130188d16bd3a1ca2560bd372bdcf48999172_0.json,298,0.05061875466188959
ffaa0f3,c_ffaa0f35436b008ebfbe8edae1b8655b9e1c145f_0.json,299,0.050541027407496664
315778e,c_315778e8b53471f9ba12e82b8bd6d6eee49f143f_0.json,300,0.0504193796929564
82074a7,c_82074a733ad19a6e8c3ea15b9556a46d9c597b33_0.json,301,0.05037171172023125
46287ca,c_46287ca9e7c9f653eec0eab5453ceb4c0336fb6c_0.json,302,0.05028399913327675
8f67ec7,c_8f67ec7c39efbf1afa2b81ad4e0c7a071cf412c0_0.json,303,0.05027619019648455
9398d80,c_9398d8036a6e8260d11ac78e4cbc904dee46df93_0.json,304,0.0502754661308239
a222e19,c_a222e19260b3b93f6a7b1e70f96e03f5fe445ec3_0.json,305,0.0502654010022785
cb606cf,c_cb606cf1e6e65077dc7b42023c5a8ff2858c54d3_0.json,306,0.050008524086293416
a311dce,c_a311dce47eb28360297655aefeac518cfac069a9_0.json,307,0.04999063529435244
eb74d69,c_eb74d69d731e4c1e1ebcec112052c65122933c4d_0.json,308,0.0499616674092197
65b65f8,c_65b65f88b74de6b3462b04b2cf2a69f064a77557_0.json,309,0.04980821969973015
779d86e,c_779d86ef619abea691610aa251b03d1232974ebb_0.json,310,0.04973475411337025
a49a809,c_a49a809e9ce54de4287e72ae9ebdb833432c8fec_0.json,311,0.049716851355313674
074e866,c_074e86632cb788a54843078ba632f6be25c7fd84_0.json,312,0.049667426322916985
b16e747,c_b16e7475445879a703a34e8af515e00b6ffd8995_0.json,313,0.04963419374372868
44fcbc7,c_44fcbc79f1ad750573ca7a29c4c30d78092a0dfe_0.json,314,0.049430444906416904
57ef0f3,c_57ef0f3b701ebc8150972dd2d8ad912af7e507dd_0.json,315,0.04934281428635767
7c190c9,c_7c190c990de86a5311a4880b49d1a55e498de1ef_0.json,316,0.04929216004776127
34bc9a2,c_34bc9a237414013c1d2fc421965ca432c662c20b_0.json,317,0.04923016741616737
d653891,c_d653891aaefdcd3a5e87be8b441e396529384a74_0.json,318,0.04911355571130471
876d133,c_876d133334e8dde309cc11f884c0dd4cc9ce530e_0.json,319,0.048892591353257187
584fc0c,c_584fc0cd000fa1d99ee97abf9d82607e29d4e8cb_0.json,320,0.04883086957562066
329c209,c_329c20906cf315d8435a44abab0dd064bb88fbd3_0.json,321,0.04880459617208355
9942747,c_9942747e88518323443f79abc3fc4ca57228b0b3_0.json,322,0.04878914898262743
bcbf7e6,c_bcbf7e66b7b20dcc9471f7977f190b5ab4d47e73_0.json,323,0.048346093614032304
f7649bc,c_f7649bcc9f1f61b889b943c2ea71e8db435e9d1d_0.json,324,0.04824922717052138
e6212e7,c_e6212e7d1802d4d0133fd545f1190594aa69b09f_0.json,325,0.048232050627962764
b1872b6,c_b1872b6749d527f17cdb58abc66d58f3fcad71d7_0.json,326,0.04807551459844772
8dfb5ce,c_8dfb5ce14aadc86299f134ee50a652c55738c72a_0.json,327,0.04806646134277481
7873348,c_7873348b94092368c87ab3c70c53c56ad0b52946_0.json,328,0.04761320814716774
25df981,c_25df981ebe5d14c9db922996ef8c3c31e14e0511_0.json,329,0.04756967144927793
72d63d7,c_72d63d7ea2ee079eba6d5520ddcd7ac2d92d054d_0.json,330,0.047401115177966746
6ab4ebf,c_6ab4ebfa24b2f2ae3a77e5bb8d53ea2c2841e7c7_0.json,331,0.047387274390549794
68853bb,c_68853bb1af4a06b562f786a3513d83b5b69cc2fa_0.json,332,0.0471310770136224
b73b677,c_b73b67789855a8fb8e02569db886e2c18091635d_0.json,333,0.04710819769948549
892774f,c_892774fe0fb41d60cf71f479ea3f53560a6c0876_0.json,334,0.04708808163798561
35417b9,c_35417b9bd73e1f97c391d722ac3746ab100e2352_0.json,335,0.04701727022155022
9095d34,c_9095d345ef747c4e11c10d90a8a9b0dc14d04d8c_0.json,336,0.04701653636168235
23b0de6,c_23b0de6c94675e57f58f33a58175d89347b04405_0.json,337,0.046710956145694205
8a1d5e0,c_8a1d5e0a29e6da7384b94b2564684a96663c967e_0.json,338,0.04664049079760313
9d1be9a,c_9d1be9a1013a799940ed80eb7a78f1a79f12e54c_0.json,339,0.04662317994642262
055a88a,c_055a88a6a674425296ce4740fc4f8b5365cff16e_0.json,340,0.04640810249534377
bbc4ba3,c_bbc4ba306eb7e8270dc3e4f5b3090247579c19e7_0.json,341,0.046248851726332973
8ce6b30,c_8ce6b30d7126356da4e18fb73f0bd836b921ce1c_0.json,342,0.04620762436587089
034b1d6,c_034b1d68bd181fe876ae2106c428a80ee274a59d_0.json,343,0.045957095884280985
276e08f,c_276e08f2c105063167ed1fad3c8d613b0c0e148f_0.json,344,0.04594803312585116
86d5e41,c_86d5e414c2167b979f7b0aa14991f2eec406b1ab_0.json,345,0.04590865378596887
7cf0c98,c_7cf0c980d5d814daf187502bc07da0542ed7a828_0.json,346,0.045813836190189194
edbc579,c_edbc57991142918547aa64e921408d1883cd670c_0.json,347,0.045779597179531395
d0f23d0,c_d0f23d0c28cdfacc0179341ba35e6c6a9f8f8174_0.json,348,0.04573577279958607
edf2190,c_edf219015eca4cb46c40eecdd22e6d705f820dc8_0.json,349,0.04561142405985952
0b59d70,c_0b59d70b7948a22e770b8dd81e6eca20be2c71f4_0.json,350,0.045601335345902494
3571238,c_35712388fc463b37865166521f2e249c11a41b13_0.json,351,0.04558669196480625
455f95b,c_455f95bcf76059c4c31e28d2928a9315b4108534_0.json,352,0.04528811585776549
583dffc,c_583dffc0ee383e9b5e1e08c574de10db8270fdb7_0.json,353,0.04527136100927687
98eff8c,c_98eff8c9db069b8297234d86c81f2c42bccd6191_0.json,354,0.04521182782755928
907de17,c_907de17045c774f92b35f5c25f57bf1dbe15c9c6_0.json,355,0.04518487129307125
e511f75,c_e511f759c4b626c4b884500fe4280885dbdaf453_0.json,356,0.04510024511983435
72e8eb5,c_72e8eb5cb889e7a21d53acd6306c9cd6370a0916_0.json,357,0.04500618768421771
5764c4f,c_5764c4fed183a1c2373927e30e6373255ef6210d_0.json,358,0.045003830735032224
3527584,c_35275845f7d64563a17a7b1e831821059c6d68af_0.json,359,0.044998264106426156
68ede2e,c_68ede2e3d32ac864f73aca729abe0d9e1b532364_0.json,360,0.044932794772131746
a94bf27,c_a94bf27be020fdc006232b51c0b036eb071799a9_0.json,361,0.04492123303775819
f5bd08d,c_f5bd08d2b9bda97c6d6bf83308cfeb41c0557afe_0.json,362,0.04486638088134076
95360af,c_95360af5165f5bb04038d92c7d3c3c49f53f2790_0.json,363,0.0447613888361128
b995bbb,c_b995bbbd66bef5290a5c3e16d04228921bd37372_0.json,364,0.0446496051351416
ca79137,c_ca79137f55a7278e761ffc6022c61941e019d01e_0.json,365,0.04463683368650884
0a90446,c_0a904461932f2c0455611e77ec6a8d8aced2980b_0.json,366,0.044596349342494124
0974335,c_09743354a6cbde7d5c2b927512fa0273e3ead804_0.json,367,0.04455812032522144
3531f01,c_3531f01cf943fe4681326652f8854730cdc26b6b_0.json,368,0.04443402010904207
24af0f4,c_24af0f4737657c9dd5ea9409c25af6a905bc276d_0.json,369,0.044387429041547355
7b22aec,c_7b22aec5529fb3bad1e8098938271398d13c92ba_0.json,370,0.04434622271987787
8c6718b,c_8c6718b9ae454fe78c7110ccae32e470de06a6aa_0.json,371,0.04427085695271893
ed7ae79,c_ed7ae79dd2dae5df1554108f2bc59023cf9b1172_0.json,372,0.04419444132863681
d906626,c_d906626837a54933700463101cc3081d2c80b1ce_0.json,373,0.04409136208171782
351fa23,c_351fa23c4f88b38154cb5caab30f2fec60f137ad_0.json,374,0.04406532239545147
7c8dd3c,c_7c8dd3ccc3dadf928ab961fec5b75ec7897b59c4_0.json,375,0.04385850719887929
763ba3d,c_763ba3da98c9508e445af50204648cdc6f560fa3_0.json,376,0.04374346988345912
f88f7d1,c_f88f7d16ed17c890c31158365c74487309d5b4c7_0.json,377,0.04333788388579862
e59807b,c_e59807bc3edf8a679fa6d25cb921a2de659bd69d_0.json,378,0.04316169540773751
863aafb,c_863aafbb5e4a7d3eea63cb373fb1dd34b21f36c9_0.json,379,0.043089264184074105
1a57efb,c_1a57efb852d7b2236182140ed5a902f6d8d472a2_0.json,380,0.04303531282100892
979b9f2,c_979b9f2538451a6f0a6e39bb1d81c9590608517f_0.json,381,0.04289908180925739
b9d07bb,c_b9d07bb082a91cf47ea093421e6d0678577cc870_0.json,382,0.042837477003039304
c6515c7,c_c6515c77999e63defaf2e31008502e696b72f4a5_0.json,383,0.04282081629418055
32e72c0,c_32e72c063fae41981fbf91d25b1a7213a041ea59_0.json,384,0.04280688963102075
3706452,c_37064526036889ab5206776b0913a37ef6006f76_0.json,385,0.04268130695367234
c22d490,c_c22d4909757e7b2e7d785ae5eb95b51280e5fc21_0.json,386,0.04266056024725351
e4fa9d0,c_e4fa9d0cad98b4a0d7bafd251d9627aa14099e42_0.json,387,0.04257871062026264
c67cee2,c_c67cee2fad477f7b6bc67fe6ecdd27613cb193ad_0.json,388,0.042559849174527264
b7b2ade,c_b7b2adee87f8b546275ba653abbc65671dccd76c_0.json,389,0.042404137605358994
bc84c00,c_bc84c00b75adae089cba788aaec9bbbd8d9efcdb_0.json,390,0.042383604576834766
0201406,c_02014066495c944c5d4da6a2c160e79ee5ef66b2_0.json,391,0.04236708358801322
d504ad5,c_d504ad57f7c1f9e07db9df1a70f2573a8ec3a12e_0.json,392,0.04234716358117052
26cf6d5,c_26cf6d543deeb2e59564ba23568c83eda2b389bd_0.json,393,0.04228357660522253
c790870,c_c79087091a989fe0936ada38a484ecf8f588da2b_0.json,394,0.04220627472062777
0f41c72,c_0f41c723d4cbf02192ce0ed07e8912aec88a0e93_0.json,395,0.041961823900589335
026fea0,c_026fea03b01015dd75723347344cc1f1082e3d25_0.json,396,0.04173809686844643
a717386,c_a717386116e3d69fb9df72e9935b990ea87a0737_0.json,397,0.041717810994392535
85e3b01,c_85e3b01b74cba2f79d179e565da0a957c7b9c0b6_0.json,398,0.04151579953319773
05f7f60,c_05f7f6059bd0cbb69b5dd49c061f1f3520e0ee1e_0.json,399,0.04144932315696248
19e6b41,c_19e6b4152a20ab46114b90184b94d95f8935e18c_0.json,400,0.04140571108951374
e86c229,c_e86c2294c54c42cc2bc704cb34b7c5b3f78dbdb3_0.json,401,0.04134983813009996
855942d,c_855942dc1ebe8deb83dad804b054eafeec7a1a64_0.json,402,0.04127746730910098
d7695b8,c_d7695b8695ee66b3807c13583603b4777e6e6ffc_0.json,403,0.04125536493726378
8cbd638,c_8cbd63844bcc221f9f69a5a53245c6f96dcf38b7_0.json,404,0.04122084705913143
d71cb7a,c_d71cb7a7db91e6cf30c278e4d94d68ee3debf2e4_0.json,405,0.04121402873534441
a86a277,c_a86a2771460679ff91c49e2c0c33b2fb65b7c40c_0.json,406,0.04115373275264633
03a1d4d,c_03a1d4d5fc2acd6480aa3d2176832721e2adf37c_0.json,407,0.04115214391420041
ef7a59e,c_ef7a59e739b91907fe70543504b21812ee759bfc_0.json,408,0.04104889712749327
415479d,c_415479d76a52bb1cdd482894e20d91f629e1df8a_0.json,409,0.04101408309009047
de3e120,c_de3e1206da887b91e055e48b5ef13f13765f06a3_0.json,410,0.04082294271541542
38d04c9,c_38d04c9a0b5950a4397a3c59d74bc6bf953e85a6_0.json,411,0.04082008794376846
cb97e40,c_cb97e40af41486bc3cac88f88c9297c0c62f591c_0.json,412,0.040813290409824954
aa08f84,c_aa08f8421622a27ffad8add27ef1deb60518366d_0.json,413,0.0407496900347164
a96ae79,c_a96ae799963961cd4aff7e1e45abad3ecc21bbbb_0.json,414,0.040626970282741204
99cd303,c_99cd303827667d551d7320c15bbae04a8a1eea8f_0.json,415,0.0405673447711854
6ba491c,c_6ba491ce1b12e9477b3ebc64430d00b07b6851b1_0.json,416,0.04052852099394466
bc31e53,c_bc31e531edcdcab235585086ced5eb1dec33e1d6_0.json,417,0.040464514651228356
3a8e68b,c_3a8e68b5368f781ba723ab77702cf9ec5792c124_0.json,418,0.04038843035946704
f5c5faf,c_f5c5faf71661dc286a7fc867ab0da72866b79216_0.json,419,0.04036174002954018
e288204,c_e2882045231f6d29a6ffa9b2be9ff18b1698db87_0.json,420,0.040260350230789
01f0a64,c_01f0a64cbee379189d9f6b3ea712b30beaf3240d_0.json,421,0.040221665731696055
f485a1c,c_f485a1c7ebca34d5f365f870ddf0ff0e683bd769_0.json,422,0.040201816665219714
9ee47dd,c_9ee47dda0576c1fa8fabd7ed5416d84e4f9d4561_0.json,423,0.04010467022366515
5cb403c,c_5cb403cbbcb292481c680728298cb87c46663914_0.json,424,0.03997460912897943
3c8e507,c_3c8e507cc4c5f9695d1a49e1a123d40d81754a70_0.json,425,0.03994651246898373
772b61f,c_772b61f141b8d26c103e328f1df771e0412b367f_0.json,426,0.039907178390466314
2062016,c_206201617aae648e12f63d4ab8aa9751157e7e63_0.json,427,0.03985739422264034
a71b17a,c_a71b17a9d1c6da3a3572ef3f4a55da742c0734b4_0.json,428,0.03974699979099805
39f6ac3,c_39f6ac3266e8e6587c3e3b0f2f9d219100c09ded_0.json,429,0.03973954039387606
ac9e22b,c_ac9e22b1d5abce5909d5ae2b2dde33166dddeae8_0.json,430,0.03967900404583069
03d2902,c_03d29023a9024017531faf876570f1eac9834104_0.json,431,0.03966375734417582
308a08c,c_308a08cd64b8bcbca3f17fd5aecb2494409801d1_0.json,432,0.03963849615714288
2b5f2d1,c_2b5f2d1ef1023fe83e9054d24b576d040d31ff32_0.json,433,0.03961078670307305
4dae458,c_4dae458d8dd9dd4dfc09302a8d4f6a914420da54_0.json,434,0.03958697017695345
2974de5,c_2974de5bcae652a32b1d823f8965d66f56b82fd3_0.json,435,0.03937332063103027
7840ab4,c_7840ab4febd13f7c25d060a034d59790939942e8_0.json,436,0.039359184502487765
3e237d5,c_3e237d53870388445f5a1b664f6d1f98d8d61738_0.json,437,0.03933170188217805
d322139,c_d3221394b65050c57519dd09633380a43ecb48f5_0.json,438,0.03930137236945275
fe69714,c_fe69714916c8b0d9842c6f1ee07bef75aa64f5cd_0.json,439,0.03915351577484849
ca029c0,c_ca029c0cd55c5dbb6a41bdba41b7071fd6124fb0_0.json,440,0.03912145981246129
6399a6d,c_6399a6d8dffc1b85ac2b4477781e55bc6a468bc6_0.json,441,0.03909869833573387
42a7988,c_42a79886c34d6798ff5e0ef81c97b6f7af8b2522_0.json,442,0.039055400413900654
2289324,c_22893248feb4bb56b06243fa7b2c53289418dd7e_0.json,443,0.03899274094987204
d2d4c5f,c_d2d4c5fd63f279be0797468277593ef72506c696_0.json,444,0.03883723818806628
a7755a3,c_a7755a3c8c1b7aa200f1b0411851d392ee35702b_0.json,445,0.03880497687365836
43dcbb2,c_43dcbb2433f06e0a1263d37a91f08c02561a99dc_0.json,446,0.03878740232414757
8d4a233,c_8d4a233f7ec9341cfeb16343cfe2d680247a1f86_0.json,447,0.03875327695963171
8dcee59,c_8dcee5909981e6af930e7f64c0a656c28358cc83_0.json,448,0.03872134172722974
dceb5e0,c_dceb5e06fbbc87157f86675e1ee0931a84b4320f_0.json,449,0.03870049207038817
c52275e,c_c52275ef9b7dc50d5afda235fc4a835521224c03_0.json,450,0.038674434601616126
4100726,c_41007260becdf39a970625aea55193cb6c006044_0.json,451,0.038514830855219784
10cb700,c_10cb70048c84baaf2e64bb646baee3f8df4269a6_0.json,452,0.038500671264894204
d34be50,c_d34be50a9dbbc5c940e8e46f6fe42edcc13e5eba_0.json,453,0.03831393755683199
351f0ea,c_351f0eabe385899e1c15651d24fe914c603a6160_0.json,454,0.03830172743073301
6fa3edd,c_6fa3edd33761edf5441818b57944b58271126a66_0.json,455,0.0382760640642974
a74b372,c_a74b372583346e6ad007314f4bb1f79f56d7a378_0.json,456,0.038226898009442234
cde5397,c_cde53976c6157608bd1adbb2a34273152a9bbd10_0.json,457,0.03821310594237637
864d2b1,c_864d2b1c2dd629e311574680aeee5252166245ed_0.json,459,0.03820316032841009
542deb1,c_542deb1e44d28a84a39df7f74701670c8640401b_0.json,459,0.03820316032841009
ea117cb,c_ea117cb81769e5d205cec3c07b29fda343bd7868_0.json,460,0.03815888324418437
ed2d9a6,c_ed2d9a65f1b2ff54957fbc2035f7ffd2c5f7a7b8_0.json,461,0.03806246316507067
d92c1b3,c_d92c1b36754b7ce22c4cc6f4c78d1af4c64ae21b_0.json,462,0.03804987533018156
021d4b5,c_021d4b59fc3ac95a40296425c4c9374b3246eae6_0.json,463,0.03801004259133267
be8ca35,c_be8ca350ec803255cb32c164bc1c356f3703e4a9_0.json,464,0.037892072091892604
1a4f6e3,c_1a4f6e3aed7c80bfeb312119914a917e5169115f_0.json,465,0.037891178726841
dfe7231,c_dfe723190ca25d06724122371ae3520a5e6bdf27_0.json,466,0.0378626496715716
2b830c2,c_2b830c29b3e27e1614d1673082a2c0af8fed2e6d_0.json,467,0.03785165525080458
921a279,c_921a27954aca829468930f6ff70419b7a03da8fa_0.json,468,0.037714768785022335
9cf28b0,c_9cf28b0197259a4884a7df51cf9f17611e7c24a6_0.json,469,0.03763489003041076
5657dc1,c_5657dc1fd5e8c56a0044386a7f33887c12ab3ed7_0.json,470,0.03762579086982121
bf5ff18,c_bf5ff18001f65c85cbbf146b10ef8dafa4652989_0.json,471,0.037618678399438
6da2195,c_6da2195dd84d8517e843ad415f42730a4ccd0cdc_0.json,472,0.03761508129755631
9bdf960,c_9bdf9604c761c047d587694bdd3687cf5cb04d78_0.json,473,0.03751253442339919
c59f494,c_c59f494882e3db9733df80d123648b9df070518b_0.json,474,0.037507556439691614
89848e0,c_89848e0222535051e237e992df3ed46e7d89cfce_0.json,475,0.03740340394617481
6375e63,c_6375e636998ba899dd6354a5aaf60b357dbe66d6_0.json,476,0.03739166199449184
290af7e,c_290af7e332cae0d450b54130127345df2cc32b0a_0.json,477,0.037389980949831814
b20c35f,c_b20c35faebc4f2bc5e1083b8cd21fce9340c3c9a_0.json,479,0.03731324080402154
5da159c,c_5da159ca5bbe5d377539e78deba46968623e97a1_0.json,479,0.03731324080402154
2fe1cb9,c_2fe1cb9e39c61ceb7afa3bad27d9f58e93404bf0_0.json,480,0.03730824140126232
654e874,c_654e874a0505edeee9096d72cf86a39bf437f26d_0.json,481,0.03727919189831952
6c1283d,c_6c1283dd46b91317ab2297a27b7a274c87f62e86_0.json,482,0.037211001648726594
3f3ad38,c_3f3ad389773e797d10fb52023def5f271ba92153_0.json,483,0.037204219134568506
d086678,c_d086678c5fab5b04d67355a20889e6e0bc274026_0.json,484,0.037164803228802445
82791fc,c_82791fcd676c96011f2387fbc14cbaf7a26658a9_0.json,485,0.03710589440827328
f3f9625,c_f3f96250e559afeeccef339f64dfd6440a525652_0.json,486,0.037101809246518735
10dddc8,c_10dddc810c69f2cdec87316e707ba13ab8677ea3_0.json,487,0.037094726941681255
f6036c8,c_f6036c8cb4f7259e93aaa95c21a24caf542fc978_0.json,488,0.03707838644475503
f4bb5f4,c_f4bb5f44ce96f0120bda6ead699153d23278e66e_0.json,489,0.037069316728898905
12ea5ce,c_12ea5cef404196fc014eafcb7e1a31eb4661822e_0.json,490,0.03698347191327289
9e1defe,c_9e1defe0f93afad6a09928aa0612bdac0ecc4d22_0.json,491,0.036974853206670155
76d27d8,c_76d27d8a42fd9ab8fda91b07c15ef8cb61e74812_0.json,492,0.03695603946882742
69b9c63,c_69b9c638d218796f3f4ea057a32a4556ec0810d4_0.json,493,0.03695203662161306
df6556b,c_df6556b793418928d170aae42741b9f56e3ccd68_0.json,494,0.036912943081212735
54f94ab,c_54f94ab0430efa16a91ce938cf40ee0cfe8f895c_0.json,495,0.03683956723761206
5e3f776,c_5e3f776c74549cdaa36a6b41d02b86306c60c9aa_0.json,496,0.03681828514526164
47dbe73,c_47dbe73de639fac31d05faa4d11140c51cc3b075_0.json,497,0.036809603381794065
d3101af,c_d3101af1589268c96f806518ec797741700297aa_0.json,498,0.03674111412739345
1670ee0,c_1670ee0eba24b007b9640a6161d443afb8a10a60_0.json,499,0.03671124035793549
a68a3b0,c_a68a3b093ef0e3eb50b798dae6382f62d206999f_0.json,500,0.03668904052035005
0d66db0,c_0d66db0f100f3091790640116aaa2294a6013793_0.json,501,0.03667102117127308
421918b,c_421918b9f1d9789f289492c08cbc2e58070d2734_0.json,502,0.036654216807411766
0f5e3e7,c_0f5e3e77be4e78d71512b0e436fca381969e8ecd_0.json,503,0.03664828600633907
a92f46e,c_a92f46e54af24f0a7d1c1590d7b58ee821ecbca7_0.json,504,0.036619197362465106
beaddf9,c_beaddf9f7f7cd12683727353637089ad156a14ea_0.json,505,0.036600902627537346
ba6b7ff,c_ba6b7ffd6e75185f860c27d06b7fa747e27dd189_0.json,506,0.03659395434573576
6ef14bf,c_6ef14bf15b20dec088bf4c471f94e4a69c018bd8_0.json,507,0.03656753137204072
c69860b,c_c69860b9a17bb5f90d331d381141515999e9324d_0.json,508,0.03639321543344398
8979969,c_8979969e30f2bb55c0835d40f92c2aafdea26914_0.json,509,0.03635265893882589
1d506a9,c_1d506a9e762a5c076fb0eabd8cc2f8a241cb1d09_0.json,510,0.03634267117590173
82aff33,c_82aff3309c4021ada6ef93202a1649afe803dda9_0.json,511,0.03632713062970139
49853ae,c_49853ae841e626094e2e2ca6c03b098ba8517a5d_0.json,512,0.036312080578373096
274ead2,c_274ead248b0ba564b8eb45c4062fd609975e6e29_0.json,513,0.0362819812083901
6817426,c_68174267044b7d8254d5a9b34c7f7a9becae5f16_0.json,514,0.036202666039107934
83ca7aa,c_83ca7aaf105498bfdf942bdd4713edb4a21ab40a_0.json,515,0.03619944409873477
4da6ec8,c_4da6ec874c1c142279f035d01e0666f708562060_0.json,516,0.03613285953373224
0509377,c_050937756c7b40d9485c211d31c1448af5cfcb38_0.json,517,0.03609093658630935
1b3341c,c_1b3341ce18fbac5aef67135cad5fa9d384a9190d_0.json,518,0.03601376448801186
4456d90,c_4456d90840a829fbe09fe506ab5e78288dc2f591_0.json,519,0.03598435830337243
4456f88,c_4456f88239df225ae680b27a9165fbb3c65f9942_0.json,520,0.03590932795942836
ec5c1ba,c_ec5c1ba0c36c2868c30fe8f5de38478fcba843ee_0.json,521,0.03590501488720732
fbf8712,c_fbf87122e0f7229892b6dbbf2e211cc46acea008_0.json,522,0.03590179026507612
b2ddd1d,c_b2ddd1d660875c28930302763be54ce02a6a9667_0.json,523,0.03583885309519996
18f8949,c_18f8949e2315cda27e421a40fd7bf3a8c01ce9e3_0.json,524,0.03579334532683487
9283a8a,c_9283a8ae9db16e08e9447139bc95f7b7aab82a37_0.json,525,0.035425142380680064
12bc799,c_12bc799c682404b914e85e16462a6e675d5b2df4_0.json,526,0.03538190217705073
3cf4273,c_3cf4273631140f5dc9913cb1b0785c468ba441a8_0.json,527,0.03532089503536984
f1e04f4,c_f1e04f4886977dcc186642585957fd01e25e5a94_0.json,528,0.0353182605919834
9220f38,c_9220f389803c2bdf86e41bebeea1466c8895e88e_0.json,529,0.03521139745400759
8edfb37,c_8edfb37f9fb817877e3266f9495e83c4010bfde9_0.json,530,0.03510349942916979
13498e6,c_13498e67e73acb4c2cf5820b289d44828d223fdd_0.json,531,0.03506663695071066
63154e9,c_63154e92a27f5a2cc641e70b8ca89b59ad3e01e9_0.json,532,0.03502327290021623
53b67de,c_53b67deb0fe6aa6d275d6cd05fffda942fd8b69a_0.json,533,0.03496633426934237
8b62ed4,c_8b62ed457040b6a1b4562aa0d0df88e1e77bddce_0.json,534,0.034898432051112316
d740b51,c_d740b517d5ecd91b1bcdce96977b57a80823c3fb_0.json,535,0.034846757512244086
83f7428,c_83f7428b00c65298559e4988142f36eb68bdb783_0.json,536,0.03483462276022076
2a02f63,c_2a02f635e9fafbc59f755bd0a434639f2a184ab6_0.json,537,0.034824254920563735
a78c9d8,c_a78c9d828af0df27d082668b89f1cde08d1a9cc8_0.json,538,0.03478043025955213
f780d5d,c_f780d5d1fa5d2aa88ee23a7f67856719e927e0e7_0.json,539,0.034744005239654374
b551cac,c_b551cacc3db5a6d659d9e92911eb602163306deb_0.json,540,0.034689114999430726
a3d1443,c_a3d1443fe8da8fc379d73c2ce848b352b12175d9_0.json,541,0.03468866985199326
e39a775,c_e39a7750ef362679599b623b05bfadb150832515_0.json,542,0.03468564551718445
00511f3,c_00511f33807cdbfe2c0904a7634724506b3ef97f_0.json,543,0.034641780182087634
50f4707,c_50f47074d84d17a7bbb8b883221fc8f4661f09c4_0.json,544,0.03459921085334061
6cb6e91,c_6cb6e91df66f822a8077ef6ed3c88970fd6c893b_0.json,545,0.03454824437143411
5b6969f,c_5b6969f0980eb50a2b6aec9f6b193ecc6f5aa7a6_0.json,546,0.03453917478445545
5979df5,c_5979df51f8b7165aebf6f839f683af25e9701656_0.json,547,0.03451337539135191
e324df8,c_e324df86c1364438eb0b5da1ab5ed88ec329058d_0.json,548,0.034438050344265836
0d23a9c,c_0d23a9ccb22959e3cf0fd0ff85eddc01d4bed3ab_0.json,549,0.034419915151733815
a372c57,c_a372c5742a04cda112c315207bcef72fab0a54c6_0.json,550,0.03441785374770012
ec21789,c_ec21789f336f89397580bca12e95adaf0f3cf9c8_0.json,551,0.034378275394293945
1f89e22,c_1f89e226f2b7dc9b3b498d63c5a5bd5bc23a46b6_0.json,552,0.03428428597447675
371c5f5,c_371c5f5cbc805ee87a61e6c068f69c938f4503f9_0.json,553,0.03421405432273261
be74c45,c_be74c45fbcb9ccaad84c4bc69c7b4635d4edfbcf_0.json,554,0.03421362715632181
1a885ca,c_1a885ca7a66f1ca52ec1052082cca96a395005f6_0.json,555,0.03420186686960913
4cc8923,c_4cc892344e0fa7f4ff0fbf25676186a277a60f09_0.json,556,0.03418427072792962
ec4c52a,c_ec4c52a56216055570ae9329f9984378e9d7eef2_0.json,557,0.034169379320803106
12643c4,c_12643c4a91cd155f1230591936e430064d152903_0.json,558,0.034136306247473325
e7d2991,c_e7d299124f59c1cb6aa61274e24c47544ead40ef_0.json,559,0.034128403561690224
2a100e2,c_2a100e2b5dc4f6b0cb713429d60f2d38a7532460_0.json,560,0.03398386039950463
44c54b7,c_44c54b7edcfd70eaa7036984a0200aea39f933a3_0.json,561,0.03398041570610677
7e0bd90,c_7e0bd90b330191a870484995cb53f435927e9531_0.json,562,0.03397684882397245
7dfa8e0,c_7dfa8e06a3de724f0a55ba8ee9e6056119968caf_0.json,563,0.033966293103883216
3206dae,c_3206dae34c9d668beec2133e8ca28ae80703e5ef_0.json,564,0.033936372999864184
34b2aee,c_34b2aeef97f6e0c4ade981ce86e9225e5e3e23e6_0.json,565,0.03380369599861144
dfe5abd,c_dfe5abd4d5877c64e574a3a83de8e379984a0487_0.json,566,0.033802625661301544
5c9c2a2,c_5c9c2a21aa444e6832747bb1f2c9f6e95aac6ac9_0.json,567,0.03377490399506322
d1bb06a,c_d1bb06a472cd1fc7d1ba9d67f0baca73ff20789e_0.json,568,0.03376866251047317
952b612,c_952b612547a5bcd7141820da95d3774b62c73cf5_0.json,569,0.03374468586475876
205f072,c_205f072d46ee6de572597ed68007543233ac96d9_0.json,570,0.03373696150393646
14b3a11,c_14b3a111d0e055384d762395770f2240eb1f271a_0.json,571,0.033693926865447366
6120284,c_6120284c3713886137a3fc71e27606b8f32c9eb2_0.json,572,0.033692563215724
79782b0,c_79782b0df0788c6146c1dcbfe028629fb863f485_0.json,573,0.03369123845172184
08aeba4,c_08aeba4f0355ae6806f71bb92e9f81004cdbe6fe_0.json,574,0.03364760665034705
6d732db,c_6d732dba587f9d92d1dbfe3f1dee6acaf806f104_0.json,575,0.033645437386800814
ff06a97,c_ff06a9720143105c34f67bdcbaf014747476a7c0_0.json,576,0.033608005968064236
94417fe,c_94417fe1ff3d59d80dd0edc0de712d37785013a3_0.json,577,0.0335915254441268
1ffdfcd,c_1ffdfcd9b750da404b0a379620c1e592e0ae0744_0.json,578,0.03357891212791797
ef53729,c_ef53729e7cd5004d691f6dc029cdb48216d90413_0.json,579,0.03357706239888847
87521a1,c_87521a10495768a6022d37628321ae0d6b16c420_0.json,580,0.03354130954721479
4703e5a,c_4703e5adec07e90d091392fbeaa293940cf6dc0d_0.json,581,0.03346294123330118
9c5cdd2,c_9c5cdd21fd1960c18bdb8122560da8ff26f4ceb2_0.json,582,0.03344742996847605
2ffbed6,c_2ffbed61edd14a6bf5f0c34b99b649971f9ccebd_0.json,583,0.03344733860706173
db5537d,c_db5537dfc5df0edce55e1329da93b6b7606eb0a9_0.json,584,0.033434090247560055
40f276d,c_40f276de6423338ca1111ba3bf05f422f70fdf31_0.json,585,0.033371299616374195
ac71549,c_ac7154954f1c52ad9a741f55133f45d4668019f2_0.json,586,0.03336790180384097
8ce4c00,c_8ce4c00c1e3570ddd637b3c0fe8c5190912f999f_0.json,587,0.03334886239475454
41ad5a2,c_41ad5a208f0344a387304fcb076145e234639f35_0.json,588,0.033244057974746166
0114de8,c_0114de8d44641e342628410b1c8273cd544acfa5_0.json,589,0.03318565727623657
2bbad8e,c_2bbad8ecca1a9b52c20dadcff06f30682a77a738_0.json,590,0.03316118675540869
62127dc,c_62127dccaf77589717829b9f3d73e6da5c7b4177_0.json,591,0.033147179565213514
5a915a8,c_5a915a8b3d46f3b4ce853f02699365ab8b8ef05f_0.json,592,0.03313982974120211
b5e1c85,c_b5e1c855deb58ee74b5d08907ddd489409c893c9_0.json,593,0.03312698083275378
c70113a,c_c70113aa60ffb10ba06294b9b371081f21c4c9db_0.json,594,0.03312175687535923
b69a575,c_b69a57584736cec38215151a1e61a82dbf3799cb_0.json,595,0.03312114731690108
508cb4e,c_508cb4e32036ecf5c0d388de72637a56d0f78f08_0.json,596,0.033084918735801994
1795075,c_17950753e1bc76c050ee0ab1509fb83dec3096fc_0.json,597,0.03308200342568357
73eb9d3,c_73eb9d352a71981371fa78907bacdccbd77d017d_0.json,598,0.03308022573846636
d50d68f,c_d50d68fb2c8cfbcf9dd786d404def57bfc9de7d5_0.json,599,0.033006212016191694
28c7854,c_28c785435a37f540663a67ad082a9674ab0816f2_0.json,600,0.032976522259140495
ca850ee,c_ca850ee0de21fe95a3b840c66b8b9d409ef9f1ef_0.json,601,0.03295443753311711
51bf009,c_51bf00916eb3b1e310d2a2011ad4710a19fc4c15_0.json,602,0.032914754523359235
a5d99d5,c_a5d99d5c935407121199fd1a9c0cfcad2ca6fccd_0.json,603,0.03291136865930999
90de12b,c_90de12bdc82dde83ae2a66b2058794f8fb150946_0.json,604,0.03291073315432558
984f583,c_984f58332c9929da498b9efe8a972e2071649c16_0.json,605,0.032905380837571
8d825e4,c_8d825e475b702a65e1568590161bea6bc8f0103f_0.json,606,0.032898256871229714
76ab3aa,c_76ab3aae807cc824cf7415f2966a2d99d3f07fe2_0.json,607,0.032863603660062024
152880c,c_152880ce8f296e126b439425e349dbc1df1ae646_0.json,608,0.032842112593308825
1d14365,c_1d1436557bcb21887d9b352dd0f5f3d3acb71e11_0.json,609,0.03281338854154581
42009b0,c_42009b0b42061253208086136aa4fc017bcc3b46_0.json,610,0.03274939868103055
401c5e5,c_401c5e5b21e5e15149ab9c775e69c625a9d82a6b_0.json,611,0.03266072296275768
165783a,c_165783a737a69801fd245ff8555f909fc960f673_0.json,612,0.03260821484039955
3842ecf,c_3842ecf3762347198bbc933abadb73c21327ca0c_0.json,613,0.032602661731701676
8dadbe0,c_8dadbe008fda795fd622128d764b151e82a603f2_0.json,614,0.0325395426518853
2b57d65,c_2b57d6595c2c9095dc09bd42ba40fe1c69df0735_0.json,615,0.03253754450767643
90d3a37,c_90d3a37f08d01efcfd2bb7ae7ba75f6dfeb0ac91_0.json,616,0.032361856018775614
6d2f73f,c_6d2f73fbdbfefdaab2aa742b32d8c92ea07434e7_0.json,617,0.03233941959125364
fa601ee,c_fa601ee57b549eabdd099489b7cb09d2af08b5dc_0.json,618,0.03232109836726815
7aa3414,c_7aa3414c1fd0c921cae918b9482b290bd597f3fe_0.json,619,0.032310858828290656
ececa46,c_ececa46fe81ebd38c07e487a5e3368fb3aa16e25_0.json,620,0.03220999669084312
92b80cd,c_92b80cdaf204b6b71506f62853c54d5dc9630244_0.json,621,0.032208417408290835
f28df03,c_f28df039cd44249162d73e3540faaff912760c86_0.json,622,0.032177369258370114
dd45e40,c_dd45e40550aeb34d2ce3eb4098b9cc540e6b0ea3_0.json,623,0.03212624578489043
b0f473c,c_b0f473cd04ae3fee722f57a7344fb80aeec3bf3a_0.json,624,0.032123844583126115
47cc547,c_47cc54734398d7e6911b6eb98dd32435aaa16d6c_0.json,625,0.03211001184567941
4b6cf79,c_4b6cf793fe4fc3037897e01da5bfd71e5505530e_0.json,626,0.032102593874142826
331a6b4,c_331a6b47444c8c28ab8e6233f5fd11a1d44502d7_0.json,627,0.03209828486986943
c4510ca,c_c4510caf977e874dc5d462558e0eb5e948955eac_0.json,628,0.03200749387036206
23277b9,c_23277b96dae68928fbe7a785d080fc0fbf6eb27d_0.json,629,0.03196529729435771
63c36c4,c_63c36c4dc2d8598ee28590dd49de2074bc269faf_0.json,630,0.03189204300137938
b8789b6,c_b8789b6e0983b49ed173bdabde6e9dcf005ae1b2_0.json,631,0.03187330930555077
35396f7,c_35396f77948f04ac1e59c7c20a7d1426d6723be0_0.json,632,0.03180960538047484
c7b489f,c_c7b489f1e9cf9ceaff0f5844fdcf6630224ebf16_0.json,633,0.031714584927907574
a669eda,c_a669eda90cdcfefe3a8082f72d6d15e1bbb525bf_0.json,634,0.0316938253220187
5cd0eef,c_5cd0eef0ce712fbc832c027eafe6cc213dea474b_0.json,635,0.0316862174415925
916c991,c_916c991b5f28cfb00d6113921011d42ad7793d88_0.json,636,0.03164783590970055
fd77bfb,c_fd77bfbe13369c830259d6a5cf8b75f6cdf65321_0.json,637,0.03158779338360651
d080f90,c_d080f905c595ec0336cdc618cc5f8741980ae75f_0.json,638,0.031560296018518064
c557eb2,c_c557eb22d4e8b8b99b3b73be7684cf5346f142fa_0.json,639,0.03154317189722311
68ea6db,c_68ea6dbc4acb5298520a7b71f31676e4b57c0750_0.json,640,0.03153505284212155
a792a2d,c_a792a2de0f3309571086e0670f69b22a544a5e71_0.json,641,0.031498204987833844
4850e88,c_4850e8849830763b0bc886d39c69a603cd1c36cd_0.json,642,0.031492852341515
0e547fb,c_0e547fb3775b1cd9fd2b1c15882d34432c238913_0.json,643,0.03144082824016159
cfba792,c_cfba792f7e99d05c8434f6dc90870a7eec66fa54_0.json,644,0.03137730550443052
f6ce28d,c_f6ce28df5f8d8f6da628d6a21794eda7d12eb950_0.json,645,0.031307477305776876
f930467,c_f9304678e3550c5ef6b8077abff7f5606a45a43a_0.json,646,0.031297114227884504
ee88057,c_ee88057ba86b543c4f678f8e28b1620c22b19f0f_0.json,647,0.03129027061567102
2384ac7,c_2384ac70e8740ec3c4ec764c5351df751d3f658b_0.json,648,0.03127841556795252
83caf39,c_83caf3972c8f49953e0e31e12542f57b7728f9f4_0.json,649,0.03127463863903934
88bb991,c_88bb991fe4d45f197400b5dfa9f4775c1ea19ce3_0.json,650,0.031216272818783364
29a7b90,c_29a7b90c3bd4d1ced381fbb30878507cfcae20d2_0.json,651,0.031159364542480805
35612e2,c_35612e24838b03d04b5e14bb7988a8bf7e4bd4c9_0.json,652,0.031144197149644337
f456a80,c_f456a8044c8753f62515a5dd88425bffb431b387_0.json,653,0.031128133208457864
0e09cbe,c_0e09cbe2ed12d43286b776df17e635f99f755a87_0.json,654,0.031126910642835015
9a179ff,c_9a179ff85bd1636f5bf0e9cb5acdc2060db333e3_0.json,655,0.031125632473668507
dc7eb2d,c_dc7eb2daa10ca3aeed9884a3aba329878b4d0fe5_0.json,656,0.031050185447225154
b11c7a4,c_b11c7a492a8308f41436ecb12a370fc281ea45dc_0.json,657,0.031022898430887236
8d0aca9,c_8d0aca99fe6caab0f260343c22e55bece28499ab_0.json,658,0.030989482209316077
c6a511b,c_c6a511ba13b4011c544f01edf779f86e1db30fa3_0.json,659,0.03098819815723075
2711b5c,c_2711b5c221971e17e1e136a7752b07547935de05_0.json,662,0.030967628596764163
452b1ea,c_452b1ea70d7d6f1b60df18ab22b566236eb2d164_0.json,662,0.030967628596764163
2b16916,c_2b16916df081c172c24418844b233c2c8a118a07_0.json,662,0.030967628596764163
2ba7fa4,c_2ba7fa4d102f0c42ceb70946d6d91ff8c2d056d6_0.json,663,0.03092433678520312
6b7fe27,c_6b7fe27d4beca91a3f38247bcd6d6a73f43e744e_0.json,664,0.03089745997836002
72003ba,c_72003ba2470a85fed35c104d4cce0adecc5bfc89_0.json,665,0.030876857948945347
e7d972f,c_e7d972f77507a30079f2a61ef38aa47b2069966b_0.json,666,0.03087096651605281
6d21abb,c_6d21abba54a9b3a0cca222abfacd26cabd88561c_0.json,667,0.030808861978361524
efe7b9d,c_efe7b9deabb457a8151de6e7f11c893c707ef712_0.json,668,0.03080588505315296
b424c80,c_b424c80c364aa156bf68cf5c9bd8dbe0922611e2_0.json,669,0.03080546545729823
e2774b9,c_e2774b9140b16b1798fa6b2059786a40393fbbc6_0.json,670,0.030782504085013374
b9d127d,c_b9d127de356a753cced1c4da311417f3fc3af691_0.json,671,0.03076131187847797
f5dc594,c_f5dc594ea158399371555ba80bb11f02dabedc05_0.json,672,0.030757939149946845
e95d9d1,c_e95d9d1fa484f7da60950a2b93336eb3c8e20673_0.json,673,0.03062732018577341
e37e28a,c_e37e28a55d8a65a49213afbb0886468cc5eb5a7d_0.json,674,0.030626906248938823
3f892d9,c_3f892d9e5957dca9312d5a72c6930fae62625da9_0.json,675,0.0305662903795757
1445596,c_14455961630d51d1dca0b818649d18e2123b2c36_0.json,676,0.030549522772439164
728aa3c,c_728aa3cca777d002f33cb7b129a8d85fd4152d0e_0.json,677,0.030539708871433646
3012cb0,c_3012cb0b0a8e76f7053c27a751a3008c4a3c1753_0.json,678,0.03053662666290613
8968ba2,c_8968ba2bf3326b4c0f295d2033fba66d000b0099_0.json,679,0.030535205092919737
0e91a5d,c_0e91a5d499edfdc7af34a6b26bd657babf3649a7_0.json,680,0.03053201422010554
8cfe8b6,c_8cfe8b609eeda562f4d446f5cbeb8e8e01b32370_0.json,681,0.030524706442472627
40c365e,c_40c365e5cfaf905286ef478ab1362afbf4c8b53b_0.json,682,0.03048371881334655
c95811b,c_c95811b0a49700c8503e9e7dfc5532f728b4344e_0.json,683,0.030471255194290836
f75a00e,c_f75a00eb679d7da39b75a1e055d38379aadee2a0_0.json,684,0.030434726238169008
dbb024c,c_dbb024cd5cd1549179222a1e7f1f81ac0480015e_0.json,685,0.030411459001078778
b6cf178,c_b6cf1781176295087b67a79684f4e4429f1fae7a_0.json,686,0.030385688608990047
a4a80f7,c_a4a80f7342890a7b7500332fe7b0aa4a203a3a3d_0.json,687,0.030381737297348166
e1d6858,c_e1d68585bec81a68e08ab08ad274494a612856d0_0.json,688,0.030328091210721664
f498cdf,c_f498cdfcb442facecddefc9eaa9f21322e3f9565_0.json,689,0.030327396835307496
467e76d,c_467e76d8cf2579772449b854feb2d9eef2c21831_0.json,690,0.030309675020798177
858c6d0,c_858c6d01d108aa81c8f454afb0c51b6fb5e2a9b5_0.json,691,0.030291376282873705
4f57455,c_4f57455d53f8f7cb2b25aae014ab73237fbd41a3_0.json,692,0.0302605783440425
cbe53d7,c_cbe53d7886ce1cb93c2b9bad66d73582edffa32a_0.json,693,0.0302069244866634
0fa1692,c_0fa1692279761d744d08181ab6eacbf09c348515_0.json,694,0.030175375101881063
516187e,c_516187ee50a0aefa46baa5735a03f584cc8d05af_0.json,695,0.030075850494468592
8c5e07e,c_8c5e07e98aefa427c347f5e53df0625fa755f36d_0.json,696,0.03006264457395047
2618bdb,c_2618bdbc0317bf317578609b8f5737057651aee2_0.json,697,0.030025020036827943
5ac2a29,c_5ac2a29c8eb73d4119f0af8ecaf6faa81857cd0c_0.json,698,0.029945713876744273
4ac4786,c_4ac4786444aea48ad4936f031d2f2a82dda1d7a7_0.json,699,0.02992557781513905
5d6b34c,c_5d6b34c67f72fce8b4f07f93a0bcbc0b72437e40_0.json,700,0.029913507293826802
927b9f7,c_927b9f7e6683a6b7f820ff4a4c8140bd46123acc_0.json,701,0.029897727678853125
eb5d097,c_eb5d0976531aa81f8fa114f23cbbc918f929b893_0.json,702,0.029880522448147206
03aa56d,c_03aa56d5d7a241f4ab87c5f0cbe66442db5cedf6_0.json,703,0.029855910864405866
207b1dc,c_207b1dc03bdee99538f2bfc86006136293469b60_0.json,704,0.02984444907568251
a4a3eda,c_a4a3eda81aeb07825afe785afb5170597483c22a_0.json,705,0.02982551930167887
a823b1c,c_a823b1ce46b44721686aae97be64a7794007e4f4_0.json,706,0.029769510609302552
3d0ae26,c_3d0ae263a4de112b06feffbc21caf1b650828ed2_0.json,707,0.029769373647589026
23ed9b9,c_23ed9b90e6cbfa1ab4ef95f0534e717537287602_0.json,708,0.029761652333068156
7d32eeb,c_7d32eeb872c36edb2943efbadf86c61180032d15_0.json,709,0.029751422428686336
ef9ef25,c_ef9ef25191d7400f9cf40644e953c42541410cab_0.json,710,0.029709872183464547
79bd4b6,c_79bd4b661dc6f26d16b6a701c18f474ab57d9175_0.json,711,0.029708916023024834
e3a857c,c_e3a857c5b649d79687553fad9e49ef2060fb6bb7_0.json,712,0.029668263646745907
672d0cb,c_672d0cb95a6493afd0323678f5404a799e917151_0.json,713,0.02966123561724343
c6758d6,c_c6758d6bd899c6b087fa7a8a36b1ceecac55ec31_0.json,714,0.02965912180025443
9e22c25,c_9e22c2510fbd63055ce7e31b9463ec5f42554cbf_0.json,715,0.029605064353497523
95d6fcb,c_95d6fcbc00b4943bca972ef7e3836a5da877641b_0.json,716,0.029596861704409005
2a1acbb,c_2a1acbb5c6c293d4d705fa58e59ebd8625cfd074_0.json,717,0.0294978351282279
8e34009,c_8e34009d559e963a3b00cdddab9314aa57bae91c_0.json,719,0.029409568759147464
9212e94,c_9212e94c61aca7ab4e4b921deab0c086a4b0bdf3_0.json,719,0.029409568759147464
af98e93,c_af98e93bd2b12bd3a4a5627155b8f626bff962fe_0.json,720,0.029343802840264943
92a2a61,c_92a2a61ebbe174a71ea2e6b42a0464b3a565402f_0.json,721,0.02933462795921471
77665e0,c_77665e0e4c84353b9af2b7cdc1b1bfd0e1073bce_0.json,722,0.029326521896835933
cc7a071,c_cc7a071357da904cd6ac16ff50d29e7b2ee2433d_0.json,723,0.029324372990120473
26c81be,c_26c81be3c7143734b26b2cb8fdec32896d81effe_0.json,724,0.0293068782336966
a71e069,c_a71e069908f97b336a1f1201502ca525fd8a54ba_0.json,725,0.029247701846541907
851a280,c_851a28048bbd6121deb65c64d189f43b1191a82d_0.json,726,0.02924510314164397
3dfcbc5,c_3dfcbc54ae7579daf7f44ea6544ece4910e1172b_0.json,727,0.029239543545320434
412274b,c_412274bd73ed8f9b60b09ae59a1a9e6e6c5e82d0_0.json,728,0.029183147196979786
546fef4,c_546fef41ab4f96e0a443d7ba1ae8612a9487c2e3_0.json,729,0.029179610711663195
35b03a0,c_35b03a0065058a81773e16e1b9f1e1e46cbdf472_0.json,730,0.02912935240365555
9fdb5af,c_9fdb5af4084aacf6db072d74ce2f987b052aa932_0.json,731,0.02911060243161434
49caee4,c_49caee49ed165a30dc453e478c4056ef2cde7a9f_0.json,732,0.029091705474162843
a3022f3,c_a3022f3b4abd2ce339fb74d9f07b2706aa887244_0.json,733,0.02908811914271392
61a2561,c_61a2561bcd43f3b28eca1de12148a974024323ac_0.json,734,0.029048131258105014
be0c69f,c_be0c69f70755b15f7e7c7a48bd4594cfd3eaf7ad_0.json,735,0.029025953221022527
ddb7a68,c_ddb7a685e89ed1b9f2c480e6dfcc0c8d55e0e3c5_0.json,736,0.02902348943863786
8b3db79,c_8b3db797f220e304e215130d5e0d89e7464151bd_0.json,737,0.028993631294523037
88f8675,c_88f8675121ec780b7c2eb68d3c6d4208a7259aa7_0.json,738,0.02898219666798829
a58051f,c_a58051ff88a6955f5a052d018d6be1a13302c43f_0.json,739,0.0289481261997403
5145f82,c_5145f82217496e6e32ca70d525f69c33260ffd9c_0.json,740,0.028937944326473675
4d630d0,c_4d630d00dee9e713f2a84551682586bf90f6cee2_0.json,741,0.02891986456284701
718a708,c_718a708ecfd5ac3f2d3091b2ea60e87d0d72f6a4_0.json,742,0.028911266411455805
1e25d30,c_1e25d303fef1851347459b7f3cd8aa67104a4bb1_0.json,743,0.028804508835015397
b548988,c_b5489880cd0a834ed9f2f4958504a99cf158217e_0.json,744,0.028773541033725536
9f0be75,c_9f0be7504ede0d2f9a290f17e3bbc4f9a16a9707_0.json,745,0.02874423751536659
7ad2143,c_7ad214374c3e6008f47fead7ba907a63cc12819d_0.json,746,0.028614671102612288
500097d,c_500097d32d93699b9dd3b78ab609516857f9981c_0.json,747,0.028587353947065464
920b7bf,c_920b7bf447aa94843c1c6b63299707f642d08e3c_0.json,748,0.02853140481224159
6d67900,c_6d67900fb9862d1f33608f9985068d0eaeaef15d_0.json,749,0.028505832075808812
70d2c64,c_70d2c6473024a9d26fbd96dd1cab5066dab74861_0.json,750,0.028463518409944433
9288246,c_92882461880925d00decda1038b47eb0f4da60c1_0.json,751,0.028456996641406662
b2ba965,c_b2ba9651dc4dd89411750872eb2c49e95195be9d_0.json,752,0.028410330702802744
9e10fc9,c_9e10fc9c2b40ec7263e9759e6ba93bb704e764b1_0.json,753,0.028389527111383428
176ac97,c_176ac97add0338ce7c5dbf7ef84910b454fc132c_0.json,754,0.028323960909600765
39c78c1,c_39c78c1b4a3cacbcaca88a7377a6398712537dd0_0.json,755,0.028315826505612263
1422c5d,c_1422c5df3ce320396850bcf42e840c8714499804_0.json,756,0.028312560072558668
97e5598,c_97e55988bdb1189df54ad4e32a05c7056bdc126b_0.json,757,0.028305432339971848
9000d66,c_9000d66d69dc6efce83be8898941a26ccfd9fb3f_0.json,758,0.028263893226460723
40555d1,c_40555d1e7c0a031b6ebee36ae018347dcb27d9a5_0.json,759,0.028261394072516377
d7f9542,c_d7f9542e03e84705531db70cf7341d2ae28013db_0.json,760,0.028243339280338953
d65cde6,c_d65cde69ff76003ce1ed238b5455cf04cb2af9f3_0.json,761,0.0282082034019
f880bad,c_f880bad0259c747139d50761a16d78ef6a69dd53_0.json,762,0.028189124237763763
fec4e92,c_fec4e92b96a29b98936eb5018ac2fcb02f02cc66_0.json,763,0.02815745628841837
8d6f28a,c_8d6f28a0c77de873d44abcb3f705d48e2d2e760a_0.json,764,0.028148975870654125
a8d7b36,c_a8d7b3661db269dad434c6d172eaf691ea94deeb_0.json,765,0.028065595705267676
5e15690,c_5e15690d8e079588b3e4beedadbba6417b28d33a_0.json,766,0.0280535006208823
2782a2d,c_2782a2d0f5bea80bb0c58a7209df8d051348fcd5_0.json,767,0.028021725671405484
fa71f3b,c_fa71f3b87a0661b5d2ab920fb9e931d113909a57_0.json,768,0.02801753341853075
5edec31,c_5edec31c26d01d2d23750aebaf2e90c097714e11_0.json,769,0.02799011587716116
95ba92b,c_95ba92b94dfd4436e268ceb11dd326710e870998_0.json,770,0.027967332629564745
01aa329,c_01aa3293c5238d5300300d93f5fe8253a8c668bc_0.json,771,0.027959888589055293
e13ab6e,c_e13ab6ed9aead32cf545b319ff22d168985c45e4_0.json,772,0.027916601111206973
3a61299,c_3a612997985072990c20b49fac74c144dcbc5faa_0.json,773,0.027833512692352347
916d1bf,c_916d1bf0c4c074f2c4a5ce72da68868ce74e12fc_0.json,774,0.027811434874860153
4a29872,c_4a298725e4d07477c01f84eddb699c9480554599_0.json,775,0.02778251584112834
b6a0d05,c_b6a0d050502fc6fe25030446ec6690fe6dca5ab3_0.json,776,0.02769703153590264
fd4c612,c_fd4c6129a51151ffdb0c08d4b42f6008272eacc5_0.json,777,0.027658884913878024
f21635e,c_f21635e1386075c761428b9b2cac1fdd7c05a495_0.json,778,0.027642721468014164
d96ef14,c_d96ef142ea5815d99f8f732966f570fb88a154bf_0.json,779,0.02760718404882867
bbedc7d,c_bbedc7d2d40a08fade0319202894634bbe339748_0.json,780,0.027593358787103228
d10251a,c_d10251ab36734d79015d30386db35743bb34395b_0.json,781,0.027578591021119148
0e9b000,c_0e9b00010655cffb2bd0443cca5706588bfc628d_0.json,782,0.027548720821256256
381b1c4,c_381b1c43d007a38295f492caefb7b2ef1e827852_0.json,783,0.027539318635312893
613791e,c_613791e7a55fe6de9cc3cd988f649ece7ab59286_0.json,784,0.027476773124900378
32643d1,c_32643d19538ad853a1280eb4060c4f15ac6dc3dd_0.json,785,0.027465121764830625
d1cdea8,c_d1cdea807a3886e8fc7c5ba02266f809d2b54469_0.json,786,0.027464420835700776
8856126,c_88561265ca3364a66a5a903a8f513f7da07f7245_0.json,787,0.0273790506307221
8c5bbf3,c_8c5bbf3c7d4ce8e81eceeb7add7c2cee219e0f38_0.json,788,0.027376973760821044
c94083b,c_c94083bed5ab1942419dbf9f995fe5645c98d6de_0.json,789,0.027330642923936277
f8b5acc,c_f8b5accabf0f0d90d004e67cb109eb2512d3a471_0.json,790,0.02725427162504601
44a04a5,c_44a04a5f899b700ad664548ba36e1535516bc664_0.json,791,0.027150652578845413
3112f69,c_3112f69e1d789e00fb21a1dde901b313547fed60_0.json,792,0.027122259467317278
2ae4998,c_2ae4998c4b53c951160f8a0b63fa8f7493d956cb_0.json,793,0.027120221166878178
47574cb,c_47574cb8db94bd6a69845522e8f927bc2d8344fc_0.json,794,0.027085855047667362
544f808,c_544f8084509c6ce09843f5e1e2479a912b47e467_0.json,795,0.027076249200652658
71c867a,c_71c867a4af6deab5dc7cd6373461b13cad409883_0.json,796,0.027074632182563008
4e76afe,c_4e76afe4ab99caf63fc87d2c9ce9662b632916fd_0.json,797,0.027001679229540998
72a0f81,c_72a0f813de8f738fe2d8c339893e6e2fad3c4e3f_0.json,798,0.026988444566252157
4eab86e,c_4eab86e171be9f3284b0135de346a73a6ddaf2fb_0.json,799,0.026928445430458803
f458441,c_f458441679a68b3f13293bfc97b0745b73002ad9_0.json,800,0.026928279909141928
4bab561,c_4bab561059df57a4bc8e8d4f3475dc6986360146_0.json,801,0.0269044961436099
6ee5a6d,c_6ee5a6ddc9d5370f883b2dfd2203551921040fd7_0.json,802,0.026869507456979136
33ca1f2,c_33ca1f2d8d1dbf241ada24c5521700a0e79960ca_0.json,803,0.02681261724618267
db6c9ba,c_db6c9bad547f9f79b7e4e6dc4d13926d5849afd0_0.json,804,0.026809727963553298
3cdf0ed,c_3cdf0edcee076d0f4c2b5081e0cd794f4db88212_0.json,805,0.026793796465938602
e279e57,c_e279e579f94f318eb3cc0f86cd768e6e275bb1f4_0.json,806,0.026756611934567687
f2b4579,c_f2b457995b9ecd803bccd6713a8a3c164ec2305f_0.json,807,0.026746458657584293
0412df2,c_0412df24e84e53397b3b5a6516aee1a4e12109c4_0.json,808,0.02674291953637864
e958565,c_e958565b02f003f85f203af89cf466e3358178eb_0.json,809,0.026735266419848913
c9aca98,c_c9aca98048ac6e304e13a4ef47c68a4e9d67030c_0.json,810,0.02671869476078592
f3843a7,c_f3843a783bfa5bf21c62ffe2a7892b11ca07dd60_0.json,811,0.02667522493721375
b414e73,c_b414e73650bcb3fb6ab8461ba493ca7c25c52e11_0.json,812,0.026655161264470872
3a6b153,c_3a6b1537e593b91e60de7a5e112bf47c47a5f4c3_0.json,813,0.02662620342106059
b92cc9d,c_b92cc9d1dbf07bc5626fcc2b570cbb46bd904d0d_0.json,814,0.026576747992904326
7512d76,c_7512d765a2d539eb035f7169840a1e0bba8ac533_0.json,815,0.026509010503427688
0321078,c_0321078627653b71f94e0c19102e673a2458ccde_0.json,816,0.02648466752742329
f6ded10,c_f6ded10cc6df40a090691edf26b355dd4b9536c5_0.json,817,0.026448171946385934
149f30e,c_149f30e1d97c9e6893db500da876b292a37a238d_0.json,818,0.026438269855980634
fa1bf17,c_fa1bf173f0af0491c307f70f05d90afdf2c9e289_0.json,819,0.02642034913131286
ad94f87,c_ad94f87d49767e481381952243bffbd6e0e346e2_0.json,820,0.02641910033588024
01b9c2e,c_01b9c2e9b72c497682501d09c641bccc7afd99a7_0.json,821,0.02638483639258793
56f3443,c_56f3443ae1d37993ab628ab4310064d6595ff7ad_0.json,822,0.02636057858181906
2c6b6be,c_2c6b6be4ba2b9abf4dc6d52864b148a910de8e90_0.json,823,0.026304569139377065
a43d49a,c_a43d49a899152c2e0fb20eef40592dce3adbea33_0.json,824,0.02628252439004586
ec74cfa,c_ec74cfa217c156d14c67dafc5e339789ffbdc8f5_0.json,825,0.0261926189520868
e96c654,c_e96c6540de1dc302be88d4d61bfe0c16e59a78ac_0.json,826,0.026181098035945816
2466ed1,c_2466ed1d8402459cb2383a6fdb9188fce61320c8_0.json,827,0.0261558627844245
a833c45,c_a833c458eb7cd71998bc664647c3e1a9bde15a21_0.json,828,0.026103477493775173
9d83e04,c_9d83e0467bf1e1a94b8a81483f36c50e387422ce_0.json,829,0.02604307704639308
3ca8722,c_3ca87227eacf1e688ac7c374b667a7bac4e57da6_0.json,830,0.025985559643579736
008db75,c_008db7522d3097ac6fafbaec8b9e2340c0948e15_0.json,831,0.025954489618386645
a356bfe,c_a356bfe246e5ec70315fec90e1866afa6da4279b_0.json,832,0.025947962472582797
d76a581,c_d76a581764f63cf8841173cf1527216ca19aa558_0.json,833,0.025924524961374318
2551b5a,c_2551b5af24477d20e19582188bf87d1df3b569be_0.json,834,0.02591760388651132
20c62a2,c_20c62a293fb8d3f401e5104f18c5f52d3b2cc04c_0.json,835,0.025887018309885712
09390c3,c_09390c3edae743a657cfdbc615c67ba165468851_0.json,836,0.025851604502130865
8507828,c_85078281d8bf06c5267bd9d9ad65a6182d55650b_0.json,837,0.025808481346371592
c98a111,c_c98a111ee2378bd55ff084ff5c14e0edc798b4d0_0.json,838,0.02579509250172396
10f49bc,c_10f49bc2c3b25f0aa61d32ef6d22de6fc788a98f_0.json,839,0.025785213924992667
38fc230,c_38fc230af06b5b44b0cb76a615e35590e31431a3_0.json,840,0.025748737878735994
8d075ba,c_8d075ba387df002d76cbdfdc9a9b0016079d0660_0.json,841,0.0257368682177197
e971e37,c_e971e376defd9df8fe34228b4bc3e6ff5a338deb_0.json,842,0.025648429560130248
49c73ce,c_49c73ce8e4cbbe2fad5ec4cc4ff49bf60d629d66_0.json,843,0.025580693910345453
0cf244d,c_0cf244d5147ca6a53154183c2daae416507064aa_0.json,844,0.02556876757376436
34aaa6a,c_34aaa6aa6b62d2e5a9dde1dc5157439319a6fe5a_0.json,845,0.025526112769719056
6f6ae29,c_6f6ae291d5bd1d130e39f0023d2b1f850e0a5256_0.json,846,0.025516626329775693
30a40fa,c_30a40fa69d15367196d134823032514f6cddbaf6_0.json,847,0.025412829542854953
c5db34b,c_c5db34be1c0c81838b184064b2a73b577dc6256f_0.json,848,0.02536760939846172
578b804,c_578b804429d7c905d06f019c62c7596e51d22917_0.json,849,0.025298192745548342
fa15a15,c_fa15a15b9e45852dff7ebe2ae490dd78680862d3_0.json,850,0.02529559749252852
e6f4e5f,c_e6f4e5f4bfd560df044c4b43c9fab4094534ff89_0.json,851,0.025277429791335182
5de83dc,c_5de83dca70afabf12bd46bb9ab438753c14c7453_0.json,852,0.025267555892218185
13faf01,c_13faf01b45ff358cba1c297dafe8d9fbd33da6a6_0.json,853,0.02525543086354598
751a791,c_751a79135e328b39e02fd1f5cce8104de7afd634_0.json,854,0.025239580351348878
2731fdc,c_2731fdc342f687772b694fb141452ef99d8301c5_0.json,855,0.025223452019954573
85997f7,c_85997f7fbb91829fa3c7c51c137f4bd35117f254_0.json,856,0.025214858232189274
95d8400,c_95d84005fdd65f9fb67e000aa3ed3f83b511d25b_0.json,857,0.02517692922432202
5988ff0,c_5988ff0ff679e2cfd9c6154ddf2fe78dfa4aeead_0.json,858,0.025162699152516455
c184896,c_c184896938e12ab7e834a704dcb325af6b12f2d8_0.json,859,0.025137285855425517
1fbd106,c_1fbd10671e6dc5c5d1ec966d657ca35f3fe81316_0.json,860,0.025062139374323444
4af2f6b,c_4af2f6bcd0fec807aab54c4c1f66d2225417a4fd_0.json,861,0.025033837891095145
f2dde14,c_f2dde14f3369c85040d3882de0020827abda8d09_0.json,862,0.024949997489219777
bd3dedb,c_bd3dedbf51e9f56c2571f97f84f3551f68b6b324_0.json,863,0.024916873993085842
e567cc1,c_e567cc19e1c2567d1682415ece3b7771b236d4de_0.json,864,0.02488679526858706
3748f47,c_3748f478a5e1f76dd721db7b7e239341d78d18c6_0.json,865,0.024876843793586678
37bdc7e,c_37bdc7e7085803070f7cda6ea19000dc67f34d27_0.json,866,0.024854252770203478
9c25e76,c_9c25e76e251bd7d5a8597c841005b4c72e9fc385_0.json,867,0.024822124061069983
aedc127,c_aedc1272b6012b36267476bfb2a9ae518f64d7b8_0.json,868,0.02481201239521591
ede34d9,c_ede34d94723e61ddd08ed6e58b80a43fefa06f24_0.json,869,0.024767460468271052
e350740,c_e350740b434607e52f5a2850fd81b7d0196504ea_0.json,870,0.02472724421795114
8bbdea5,c_8bbdea576022e0374890c6800101fe7c8e8846c5_0.json,871,0.02472538123195167
6e04e25,c_6e04e251c40cc8589adf347487a3b8d2d797fe13_0.json,872,0.02472408548831495
755cd2c,c_755cd2c396fe6b3c9fa99e116c4a99f7b2ea8411_0.json,873,0.02471913853465335
e6275ff,c_e6275ff1701d45b9743a02c39206652f3be04034_0.json,874,0.024701449098135764
04aa59d,c_04aa59dae1db76fdaa26fc85a2e7c744a7131864_0.json,875,0.024699265799629
9aeabf6,c_9aeabf6a381ae0f69de6f4d0218f758e54f336fd_0.json,876,0.02468614600880603
63c7bc9,c_63c7bc9d7cbee21a7f6acc5a9b85d1b8b0e3a205_0.json,877,0.024684436210788974
8686325,c_8686325727251cd77b77e54adcfba660620488bd_0.json,878,0.024661434199545362
8e78dec,c_8e78dec11c5ffd220329bbab04263d33bad2c00a_0.json,879,0.024647396281355705
704342d,c_704342d6280becc3be194a23dfda2e56c2a64aed_0.json,880,0.02461544584303932
e8c9aea,c_e8c9aea1b31e6b28085c8c4776d93cdd29198ddb_0.json,881,0.024605183545039155
e1da0ae,c_e1da0ae3c9daf1861ff6c4e59cbe23a9ed128c37_0.json,882,0.024584954750136556
b4ed8ee,c_b4ed8eec2ad66785f81a405d5df74f9012423ee2_0.json,883,0.024575084728859498
eea1a9d,c_eea1a9d95d1e63e5aefd5897e9aeabcb552f1185_0.json,884,0.02456849016332574
a129a59,c_a129a596ba936f79175c2f23ebf4767728fcc9d6_0.json,885,0.02451841472344929
f47d83e,c_f47d83ee44b364fd7de3c69a1a2814c6396febdc_0.json,886,0.02446658407867952
c93fd27,c_c93fd279fcaf4015085abe40aee8d0084590305a_0.json,887,0.024463686060467338
2d69367,c_2d69367fab142b626ce36d418272f99ad8fc3dc1_0.json,888,0.024436610952830673
a084394,c_a08439459a8a559007f51e8540f045200511176f_0.json,889,0.0244243655394073
6901061,c_6901061e744f1cb8d7068a06de9a1fdec361ab77_0.json,890,0.02440914087264956
6606533,c_66065339339282890e38a9e784c9d6fdb66bdafe_0.json,891,0.024385321703379592
adc70eb,c_adc70eb37887e7036fd8395f489c26175546af45_0.json,892,0.02436091287444342
da13ce9,c_da13ce96f28a5f4019ab5476471a9eb933662350_0.json,893,0.024332756410650025
dd88f79,c_dd88f79321dfc3ffb2574b304b895adb48576ed5_0.json,894,0.02431528968293295
ad9b8fd,c_ad9b8fd74cadb4e62887c9e1c4761b91b194deda_0.json,895,0.02424208184563026
b552727,c_b5527277e75c5cc564f961ecebf237cf162073e3_0.json,896,0.02422951058808065
32c54cf,c_32c54cf435d7012d3ba77f5374cb2f20e056c490_0.json,897,0.024214125113055984
d53fbcb,c_d53fbcb626be3bf5f4c2315060e56e91471e6dbc_0.json,898,0.024202666880652313
5b82c88,c_5b82c88097248ba7bda933c11b2b40838131e473_0.json,899,0.024177528694780848
329908e,c_329908eb67ea58dcd8ccb60e7b96c43650683507_0.json,900,0.02414897627476209
590bc96,c_590bc9695aeb0bf64c4598ba1eab2ab65922fdbf_0.json,901,0.024068184822332417
905febc,c_905febc1b00b333b90acdd3df61e96856330711c_0.json,902,0.024005580160850193
f182c91,c_f182c916020a069b17900e3d2c37ebbc68c7439b_0.json,903,0.02397789425134944
aae6a3a,c_aae6a3a61e8c0c3353bd000d2a3396e84e4d888d_0.json,904,0.023972403466770875
cf19ba4,c_cf19ba4eb0dc15c25952ec10e0d1dc0ed076453a_0.json,905,0.023971695120993064
2cf7f14,c_2cf7f1479fb76158ded71152d231e6f875cf407d_0.json,906,0.023968417317540514
ff69ef1,c_ff69ef1cc25034ce8fd11838ab4478a7a0b048f1_0.json,907,0.023960978615418793
75a6dda,c_75a6ddaa7cbed7493f45f4483691d9bbe51f9190_0.json,908,0.02392930943892091
7a43f4b,c_7a43f4b5b32279691b28770e6f7648a0712b38d6_0.json,909,0.023868778400054858
3227063,c_322706393973a99fc70f0cbd8cadee38bae3aa94_0.json,910,0.023832586118014643
9b6845c,c_9b6845c0560fb8aa7a53aff3322218288ca067b4_0.json,911,0.02381862231845533
e640d16,c_e640d1613751a99ae4c468c9567f21ea13b496fc_0.json,912,0.023783372084381305
60e0101,c_60e01019dae56382e8266cba22bb213074c7b4e9_0.json,913,0.023738570112209367
e9b8d5c,c_e9b8d5cf7d0bbcdf2c00b9d20717ac9eb69a6801_0.json,914,0.02371949949694474
160fc10,c_160fc1076ae568b4510fec50636fcb23740ee91b_0.json,915,0.02371690517311431
5453711,c_5453711fb8097a0d750338f15f18f1868294dd78_0.json,916,0.023702255074338208
1d2a815,c_1d2a8157a247fa2bd51997d765241dfad130ecba_0.json,917,0.023675213965797415
d49e229,c_d49e229caf958a12035b46d23d17aabce8159137_0.json,918,0.023628129306644374
264e9ec,c_264e9ec3ee55dc92409bf1910e9ca76b50154d20_0.json,919,0.02356411581910456
e59d919,c_e59d9198494a6a6dd30e53d48c25da49688dbbac_0.json,920,0.02355694413789089
b9d4365,c_b9d4365874217a4176a93e896d73a85c8458928e_0.json,921,0.02353366300822679
1e04f22,c_1e04f22cbe919088d23cb284c6669a8f0dcad601_0.json,922,0.02351263494963718
fd76723,c_fd76723a44daa99a3cde8e6b1fe9027a8fd5b086_0.json,923,0.023497423037518894
8dcc542,c_8dcc542e2c455c54e2d1d878b8cd2934356ca607_0.json,924,0.023493738862256364
aeb7693,c_aeb7693baf05f3840fa2b8cc94a61ff1bb26372a_0.json,925,0.02346439069742312
e67b032,c_e67b032a0d4a8a4dfd0ccb48e5f8f85396238f9f_0.json,926,0.0234393818893891
d929d19,c_d929d192f5d22a92050cc69e5d79b1e04781187b_0.json,927,0.023435033331757005
1560839,c_1560839416cb0784bb9e27eab1f2aa0362d75371_0.json,928,0.023421839685693113
8cbbb20,c_8cbbb20da0291b5c073eba9e206d758df6692430_0.json,929,0.02339314494218092
559bc9e,c_559bc9e51d490cb51fa1aa3f2364e9ff07c9524d_0.json,930,0.023278928752347605
449fb86,c_449fb86fa272ce3b5ddf05c180e0115a6c0da503_0.json,931,0.023236016207934918
466c739,c_466c7391d0f18256d7d85d60c649f8ba35974dd6_0.json,932,0.023233461570658087
365eb32,c_365eb32fb0c3a2b86b8248e90d7dcf7eb0d4d7c0_0.json,933,0.02320674699778491
b35f8a1,c_b35f8a1e58611f063e7fac5573050407da9ff98c_0.json,934,0.02319185012961822
9f6c9a7,c_9f6c9a7933f1344f1d1ef36a1e2352d50004b2d9_0.json,935,0.023143452254539953
4f88cf3,c_4f88cf3a2e8b86148c662a4d73c269a28c7015b3_0.json,936,0.02313526844692193
e7077a6,c_e7077a6618f87f30629fd42bf6a13986b7aaa2e2_0.json,937,0.023121543905865072
bec0fbd,c_bec0fbd87ede35fedbc243ee2c9e74cd24957bb3_0.json,938,0.023082774856702293
390ff20,c_390ff2075b0c662d78d42abef2807675ee4bdb84_0.json,939,0.02305727013719594
8520b32,c_8520b3253853057e9cc0eb1eec7d797b99657635_0.json,940,0.022982518624585335
0b1b9a9,c_0b1b9a9dc86da871ce5e7839b1b2df13c99dd9f8_0.json,941,0.022964590593390843
afcb345,c_afcb345fba17a8ccf58541d3094e130c38fe80ae_0.json,942,0.0229399442124254
aaaa530,c_aaaa530a35e21f88b6002d66ca67f3e6bc461cdb_0.json,943,0.0227942390605268
460b445,c_460b4450d71d793257ef3b31374a2bafff7c9758_0.json,944,0.02278193444674037
2be1c1f,c_2be1c1f73355fe80ed84c9bfab3a91bb24dd63c5_0.json,945,0.02269931104892664
d31c643,c_d31c6430a2812c4792285695f1962a6e26cfda5f_0.json,946,0.02267693265238291
ee08942,c_ee089421f7b820c0bf70744dba9e4347b0600438_0.json,947,0.022666379487946253
f69f443,c_f69f443ae93187a653efcff61584b616536f4609_0.json,948,0.022609491113599667
65f63d0,c_65f63d07d3ad83873527890c1e6ca4cdb9bc396f_0.json,949,0.022598383683959833
6c43b05,c_6c43b05f23a294cb15c8d053632a40b131bb841e_0.json,950,0.0225763236925014
3de2d40,c_3de2d4094b4071cc05897e899379fdeebff91602_0.json,951,0.022482625672340384
19ceb44,c_19ceb4431cd859caa6dcd2593ba44af7a63580a2_0.json,952,0.022478264145156857
d348717,c_d348717b876c8d74182b3dbaa1bc23a8534e0a96_0.json,953,0.022363468892721672
c1fd6e8,c_c1fd6e82576bc7a451e4f0adc6e577d6467330c3_0.json,954,0.02236126314940634
a6637ae,c_a6637ae432f9a7cf0fa5b6d7500eaa1c59878e03_0.json,955,0.022327297830551096
eb86463,c_eb86463ff3f8988d3f071ab4f2d57b77442173e2_0.json,956,0.022254445087803165
fc94554,c_fc945545dd627c89537af2858437e2cf38fe7cb1_0.json,957,0.022186928229020908
e045f37,c_e045f37c79b3f77ab0fd04d27dbe41a0add21965_0.json,958,0.022158500642305845
41cebae,c_41cebae0d81a8782c471bad2cdb5a8a71b6f0a79_0.json,959,0.02215720921008002
07d2637,c_07d2637d8d8f4eb5e3a531178fb5188f4cfd0391_0.json,960,0.02213267250060358
99d6a90,c_99d6a903c741d0893f207b8a7d1ffa447bd9b3ee_0.json,961,0.02211913591515058
95aba3b,c_95aba3bbbcedc45c5ec65e9fcb42d3077d008003_0.json,962,0.022100309632751003
9c4cef8,c_9c4cef8234c517bc10a37e55ba8254f4e101c12a_0.json,963,0.02208734636851939
6c1ed57,c_6c1ed573db29625b1f89ffcfe497a17e8e7dda2f_0.json,964,0.022062973607768543
dff65ac,c_dff65acb9ab99d0d8bf656563501436981bd7bea_0.json,965,0.022055025174723242
2095a5a,c_2095a5a2ea7b6c1ff9e418445bb745acd65cb255_0.json,966,0.02202205891762432
93cef03,c_93cef035bc8de890039f9df0bd0cdcafa1ed0528_0.json,967,0.022010193316498672
8cc5fa2,c_8cc5fa2b353e58bfa4ecb86e1f1d6d85427fe8a2_0.json,968,0.02196294398964771
5521b39,c_5521b3928de58fc0ae2e5679879b89db288c431e_0.json,969,0.021952712772987604
a258bf5,c_a258bf5e4bf4f13eb2e863351615130dd9e396bc_0.json,970,0.021939070930572124
5d31464,c_5d3146439c1e6fd76aa0a24c0252404741bb1b82_0.json,971,0.021935151971192557
8bf7df0,c_8bf7df05e8df6530d6d47c21421ba026d9df0132_0.json,972,0.021904564338222965
f3ca8dc,c_f3ca8dc1667019def6ad31fe13dbdb2f9eb0d0a5_0.json,973,0.021879383388047624
e532be0,c_e532be0661471c2a6335b726870a90fcdfaff4c8_0.json,974,0.021824476015942396
fa2d87f,c_fa2d87f2e46c0e6f136b48f27e644ad00b3263ff_0.json,975,0.02178413479227348
7385f76,c_7385f7694cdf030c01a0f5b969e5bad87a98dcca_0.json,976,0.021745547322036818
982271a,c_982271aec9c23c2a6a6e31a43b6165d217cb708b_0.json,977,0.021673229537932492
23bf64e,c_23bf64e8a46595ea57fb2bc5ee0b922cb4ec987c_0.json,978,0.021624542613349895
6c051d6,c_6c051d60242db7e59ff82356709937476e1a856b_0.json,979,0.021617680554191443
b805823,c_b8058233e92ad635fe204f450235cad597cd70f2_0.json,980,0.021604082749692277
7a75e89,c_7a75e894d7821c1d3fc4093c338350a328bc7956_0.json,981,0.02155442185046863
4f92fd2,c_4f92fd25bd851573559a1d7405c34753bb239748_0.json,982,0.02154393201537219
e6e7b06,c_e6e7b06e255366ce5d9b2dd1bb7d6fe60360053a_0.json,983,0.021400586691057932
131260a,c_131260a8bae88c75100547b80a699f8ba455acfc_0.json,984,0.021329880976405313
f28a47e,c_f28a47e6b823b2b43a5b787e23b820c6cecd6bc6_0.json,985,0.021273435625586812
6552726,c_6552726e719348759b9bf4f81ed76eb839934bb7_0.json,986,0.021248521432990386
b609686,c_b609686dc766987d05c9dbaa760387bdc6227334_0.json,987,0.021245879701105475
2210ab2,c_2210ab263840ac015cb379402a03357a0943634b_0.json,988,0.02124393691078097
47808af,c_47808af9b3106a641f60e2930243897436cd9abc_0.json,989,0.021221144282198456
6db984f,c_6db984f7ba9fbcf74486e8cfda2fd0bdd5532018_0.json,990,0.02122011403445523
480739d,c_480739d3a41cdd1f6ca653039e19296590ee1093_0.json,991,0.02111422027988974
97b1666,c_97b1666453f37752dfc748aa9407ccc4181a8b3c_0.json,992,0.021082525329489954
a403e54,c_a403e54942dc2bd6064824ecb82b0a6d405f4da6_0.json,993,0.021076507481933127
59f6a94,c_59f6a94328c97ddea3b048005b361d8db3e3ff7d_0.json,994,0.020917926699607237
24588ac,c_24588ac80204331d1e7f8e21812e09ff7aca7998_0.json,995,0.020788552114536896
21d4609,c_21d46094226d0d825baf89b8dc59381efc300559_0.json,996,0.020736230597115712
e219223,c_e219223496e55732708003f8da2f7021d8752d44_0.json,997,0.020713153716568455
b684370,c_b684370fcf849149772ff3ee490bfee5278529f5_0.json,998,0.02070779418776303
a4dff96,c_a4dff9614437422e0d49548975fec34cff1a4e96_0.json,999,0.020707148155511668
e5f16ff,c_e5f16ff92cba9e441de86d6cbc81cde15c2ddd0f_0.json,1000,0.020707119669769347
0415efa,c_0415efa73bd4b8063d4d2dfc067ef59996f5f090_0.json,1001,0.020630667454093587
6a6be72,c_6a6be729d16515d1286e3975dad80df1eb79ed2f_0.json,1002,0.02061429178275387
5d0d586,c_5d0d586fe4521f668706b973b45455bfd86884d3_0.json,1003,0.02060668120597209
6831e6c,c_6831e6c900ab91500147b481b2ad64893407ae58_0.json,1004,0.02059629911961325
9d4734e,c_9d4734e3274887a040bffe9d171dbc3fd9071831_0.json,1005,0.02051226827435937
95d9854,c_95d9854a37e740655c86b673c40a0e326562a438_0.json,1006,0.020509145682099605
b351035,c_b351035de0bda61d5748756880155ec5bdd581a7_0.json,1007,0.02047553863015239
e1136b7,c_e1136b7e12d186c5086bb86b21e43b8703a0de94_0.json,1008,0.020385114389220194
06c6583,c_06c6583792c671a1b129a0a8df95927b348f9bb0_0.json,1009,0.02037225231150741
8992fc6,c_8992fc6a4ac6923cd1b4432eee8d00489a53018f_0.json,1010,0.020330699011912978
60f9913,c_60f99131f87d7250527bec11c5d84e104a78c6cf_0.json,1011,0.020306554604773153
8f7a249,c_8f7a24947517068bd76ccefc6f9e878d2f6ecd91_0.json,1012,0.020270699082556964
9b133e9,c_9b133e9745f67fdb89d93985877f4c15579aaa5d_0.json,1013,0.020258800765470153
edb9b62,c_edb9b626313abed465e7151127d56c978da2461e_0.json,1014,0.020246607387725324
774b7a7,c_774b7a7f2d288f1f78168fa5d08b68529e5acead_0.json,1015,0.020206121052778636
de9ff4e,c_de9ff4e1116050d24e96a2a429167309074c88c0_0.json,1016,0.02020014572568929
d76192f,c_d76192f88c2751fe5dbb6e1ab5985b27cb213e36_0.json,1017,0.02019428760567643
a29ac35,c_a29ac3557d0829f5be7b3db43b4fa648c243c1e9_0.json,1018,0.020047473691046758
4b7a359,c_4b7a3596be872ea15ee1cece9526a3f7cd4dc968_0.json,1019,0.020034488566934905
4fe8ac4,c_4fe8ac44ad06b06dc7d78ec2e288baa532dd07f2_0.json,1020,0.020007436426002667
f0d00db,c_f0d00db1048dfa3664d914bdfe96164e143b16a7_0.json,1021,0.01983094183152223
6f35d5b,c_6f35d5bb66e6e085371c4a501e792886153fe709_0.json,1022,0.019818915678843307
1dfa65b,c_1dfa65b4bdb90dfae2bbf644b71cc346327db89a_0.json,1023,0.01974559209570037
8f2301e,c_8f2301ea507add679118eccad06117446816ef2d_0.json,1024,0.019734274908467908
d621bd1,c_d621bd129bb6bb184ffaf3000f207eaab0598948_0.json,1025,0.019731584465577878
b0cf79f,c_b0cf79f06d3db8db60b33e6bda76dd50ef3ec140_0.json,1026,0.019729952768535175
c15c502,c_c15c50245c3fe726b27e2656f1672085959d19da_0.json,1027,0.019712059953124528
9bd9ce4,c_9bd9ce45f6e779c066c8b7d16403ed16f072296e_0.json,1028,0.01969572886460702
2427d65,c_2427d65b7f4ab0221e769fdf05eb96d2512fe662_0.json,1029,0.019671153715835277
172367d,c_172367db36e11dced091f4a494215bebb1a2beb8_0.json,1030,0.019556038641879603
d6e8487,c_d6e8487dad60638a2e0a7dc478964513731e297d_0.json,1031,0.019555081608351066
89ac173,c_89ac173c2b467e6289df0e62f2a43ed1730fbad5_0.json,1032,0.019546264484127884
801524e,c_801524ee8416c759a42a397db6682c4495aa399e_0.json,1033,0.019545878787196713
25c9eb8,c_25c9eb834dd8fb71a089c154637353281ff71094_0.json,1034,0.019493819290185344
de771e0,c_de771e080be882f0eb5b372f8ca03c7f3e2fa3cf_0.json,1035,0.01943242183839644
9a6556d,c_9a6556dd4486d584bf2475306964e934cc59de92_0.json,1036,0.019420584902432814
425d814,c_425d814ecde1f053be00e0c344f927127f16a54b_0.json,1037,0.019393736611545087
b163cc1,c_b163cc1ff167d77778444211f1957ea832daa83e_0.json,1038,0.019388442119070648
f4f3c22,c_f4f3c220659ac8fa298e9f9f9cf1059b65cd88c7_0.json,1039,0.01936697720153968
dd54604,c_dd54604e2a7c1359c60c47426829a30138bf77e2_0.json,1040,0.019335236211861506
43b2afc,c_43b2afc5212e16c3a98b5c557e406f8a90de78e4_0.json,1041,0.019295748955020953
bb8e144,c_bb8e14458a2ed360819e37e07f538073064ceaba_0.json,1042,0.0192554487689921
837598e,c_837598e46d637437abaa8f1550f60c180394385f_0.json,1043,0.019209654177291147
0a0085f,c_0a0085f61c203112d4950f8a1db4ca83553ea344_0.json,1044,0.01917778388745428
526956b,c_526956b3d938c45d24df7000bb0184837cf332e2_0.json,1045,0.018936844800274133
6ef7862,c_6ef7862f806e14486d3affa130dc65f78710a442_0.json,1046,0.018922579372837145
076a21a,c_076a21a02a93855080a9212002b16a4e09cbc209_0.json,1047,0.018765819759398616
2eef8d1,c_2eef8d10aa1b8b768749789b071226dfb9fc56ae_0.json,1048,0.018631757543377536
3009748,c_3009748f133d47fb5f3b09c4c2cc9dd3ec7c2469_0.json,1049,0.01841782411967563
7d8e72a,c_7d8e72abebcfbbd657bf55cc0e72f68808f2dac5_0.json,1050,0.018370130154739095
f54e5bb,c_f54e5bbf25bc15054c5625c3aa75f4d0db1802d2_0.json,1051,0.018363373972739905
659f6c1,c_659f6c16d2d4fe9afc5e9b75d551140733376e50_0.json,1052,0.018350463114128357
41ba9e0,c_41ba9e00e3bbde990f6821f67f0da2a5575b9ac3_0.json,1053,0.018326294082369965
60ac766,c_60ac766b2ae0844d4c53fb300e98dac9e568cfa7_0.json,1054,0.018224001507990972
8403108,c_840310897e473679907a4fa02cb22775db1ac3d1_0.json,1055,0.01817150946202617
1b3bf84,c_1b3bf840f94877c1da7bf4fe7ae202f73b5e5a1d_0.json,1056,0.017754114479698102
dd7ae13,c_dd7ae1350ef823d8e6d7a0c77f847980fe24ca10_0.json,1057,0.017744248497666093
4f1e69b,c_4f1e69b5313761cb95909359a408d13e6aa29635_0.json,1058,0.017610296737364695
db308cd,c_db308cd1b01d161060edae663d13362a396cb0eb_0.json,1059,0.017542640320003633
6050551,c_605055103ac5d748602f521d1cf9fd329e814f00_0.json,1060,0.01750994139511075
099f277,c_099f277ccbc4d61f06d681a19402fb8492a88c7f_0.json,1061,0.017478601014961903
2e8ab03,c_2e8ab035cb372b0448869ccad8db2d6de8fce703_0.json,1062,0.01736481747310681
f967fc2,c_f967fc2003db4ca26bc0b2f9038c20759011f855_0.json,1063,0.017178639968652765
b883c95,c_b883c9524cd53381b1230bdd18191ffe5378caf9_0.json,1064,0.017173983969752893
9df6b96,c_9df6b966cecfd6db77fcf2d0d9e49794cee7fd8b_0.json,1065,0.017004197024248824
b456529,c_b45652977d317211bcd02e01446796d664bc96f5_0.json,1066,0.016835844356581253
676c203,c_676c203843a2b968236da27702eb8789051a9784_0.json,1067,0.016397815406786975
87f9a69,c_87f9a6994157acad8dbc3f83151d4136e88167d2_0.json,1068,0.016389268288995562
2798f0f,c_2798f0ffa570a0218442f483016d08ba12da6574_0.json,1069,0.015631260267733427
4df0767,c_4df07679418372f4a0bb6ef02e2c1e0ca7638350_0.json,1070,0.015366384780088782
1668564,c_16685643073152926adc56794cf23201e14f078a_0.json,1071,0.014230755085920532
d838e25,c_d838e256d9e4ad88221b2230612e78165fee5de5_0.json,1072,0.012593499984680512
4ced68e,c_4ced68e8ac5b8b68c1f8eac78b1f59a335041184_0.json,1073,0.010521904733304943
1d6df43,c_1d6df4382ec67b080f79f44e2c5e11767f05812c_0.json,1074,0.0060950505945348565
