88c76d2,c_88c76d207f642831ca899e144159424aaa60cf8e_0.json,1,0.25834822019386106
96845b8,c_96845b81ce0fc2594e3e7f16c3838f041c8577bb_0.json,2,0.20299369933138411
1e095ef,c_1e095ef79a0fc10f365cbfaf71f96545d9b2fb0d_0.json,3,0.18296482843794604
97bbe3d,c_97bbe3d8c57463480d9c94712b6c52e12b04a3cd_0.json,4,0.1799960251182151
92776b2,c_92776b28928d3e5b60a4140cb65aed8e9d8152a1_0.json,5,0.17476381437677224
3946443,c_3946443cc787e3a41c3bddbe51337ae9947ce7f8_0.json,6,0.17445119482570648
8dc2574,c_8dc25741915b30cf64960395708be0e3debfc888_0.json,7,0.1698823210869922
2f095de,c_2f095ded331ace3686a9cd8349459b771bb75227_0.json,8,0.1660153508311737
226e77d,c_226e77dabd72ea8ce71f8fefebf2509a7a3e5a66_0.json,9,0.16079001548867922
1d7527c,c_1d7527caf2f418d81149a746bb21ea78b5949353_0.json,10,0.15736477011626893
cb72a02,c_cb72a0209ba4499263e3cbcac10213ca88dfad63_0.json,11,0.15018469233603182
c51a860,c_c51a86074928d8c5811b6a1155abcb3f71782840_0.json,12,0.14615425652660097
0ce5e0d,c_0ce5e0d34d02d0021b4232f923ccfd49b75aa6e3_0.json,13,0.14580035424326232
06365e2,c_06365e2881376bebf54302b45d06bdfbf91edbed_0.json,14,0.1450248798966164
5fcb22e,c_5fcb22eb76525e4ea5020b50f57c9b7ac64ad4eb_0.json,15,0.14463493020091733
05a57e1,c_05a57e1e0bef36b76b7e936078b01a315bc2e8d1_0.json,16,0.14389542079033946
f10d5bd,c_f10d5bde7a8d71154e47e1d626fd6d8819bd3172_0.json,17,0.14274393338129143
bfedc32,c_bfedc322198338d37a4a31cd57739bdbf8d556cf_0.json,18,0.1408603308408517
d624f17,c_d624f175e139df8fbd85603efb6b73dc9b77a714_0.json,19,0.13690904285941474
c44f400,c_c44f4008f8a1f25c1ab358efe729fa5ce51ba3b4_0.json,20,0.13608888914877826
a6478c3,c_a6478c3941900bb37561f9f967e7ac667bd5a1f5_0.json,21,0.13446903388690035
5010bce,c_5010bce87b77fa2f475877faf3d8c293a0e44d6f_0.json,22,0.1344156981110829
178a294,c_178a294bdf65762f5dd499e8d28d92508dd76952_0.json,23,0.13409023871971248
cea79f5,c_cea79f54a0c8873e7b964fcf37a73f93226fb1e3_0.json,24,0.13370330523715912
1a3af86,c_1a3af8603656b098397ab9f1038bb956d6492bf5_0.json,25,0.13330237792387944
e970c5c,c_e970c5c37ed8e3a78c09d97a2e31d1271ece6d4c_0.json,26,0.13282985557375493
6ecd991,c_6ecd991c94d21120dabf6c9c1709c078d69949cc_0.json,27,0.13180469512585602
6c88e8f,c_6c88e8f766c5521cd3db7dce0c7497f81d9b97da_0.json,28,0.13107420414090454
143536d,c_143536dcc58cbeacc126b170dd5441e6dad35288_0.json,29,0.13048323686120722
365628b,c_365628bb2700fa49777d80b72738aae4eb947f7d_0.json,30,0.1296001554623738
2d5626d,c_2d5626da35f505b87f69fc400ef05b7945406593_0.json,31,0.12875213259766216
24efc44,c_24efc44c7b554746ce280a867566fc49ee9595ac_0.json,32,0.12844979759568131
2d09a39,c_2d09a39695ed0636949a9d1cba3631d1d0f74122_0.json,33,0.12841528988581263
0c5f9f0,c_0c5f9f0d1f91164b9cfb3daf887fc9dbf7bd198c_0.json,34,0.1274031007306482
7e39b63,c_7e39b63a30de9ce5f898aacc7027e1b593354f28_0.json,35,0.1270596090636651
a97bb27,c_a97bb277a0f529aaa3b7cee2128ca58bcedfd292_0.json,36,0.12583084307839476
f37a195,c_f37a1950913feb0c2136224ab31fddfaca881896_0.json,37,0.12557109254023624
4abacfb,c_4abacfbf779d2b9ae9dbad8283792ad05f3b84be_0.json,38,0.12533605242763313
aceb643,c_aceb64323ae638b184ae6df058ea515558bcd8f6_0.json,39,0.12271160717032492
f78a54d,c_f78a54d522c447dc95befbf545bf781b57923d9a_0.json,40,0.12203405775951703
1c01046,c_1c01046d317c1f2064b55f4b965dcd118b741299_0.json,41,0.12144269926185902
43ac9bf,c_43ac9bf49da919f8d4334144f8fe70ea621d185f_0.json,42,0.12126247672717072
bb16716,c_bb1671667d9085fb76bd06af7f7ad91d2c1c8389_0.json,43,0.12039099170263123
e4753e7,c_e4753e7247406f23aee37e2a4de1794d2ae4718b_0.json,44,0.11939350156682293
0779a7e,c_0779a7e678045d5acf760956a891b5e27f6da616_0.json,45,0.11901515992556688
2309edc,c_2309edc9e7ff3170a5bddc38f163ca078ae3c0ce_0.json,46,0.11842894129480541
e5cab2f,c_e5cab2f60efe3907b7577194ca0dc0c833e5c2ed_0.json,47,0.11825642458458285
c66659d,c_c66659d62dbf69d4c1ccc5c9c50938273436c1b3_0.json,48,0.11811424677789117
e5bd9a5,c_e5bd9a5654ff829b091a5a6c4f8ed6180c3d359b_0.json,49,0.11794917939883742
43094f1,c_43094f16f6ea9d77ea429749d54606a5ae182fa5_0.json,50,0.11717351364125694
2fce75d,c_2fce75d4d06ff28db9a59f68b3bb8186968f817a_0.json,51,0.11710219538732947
e764003,c_e7640031c6f8c5463f101495e45c5bd08ab03595_0.json,52,0.11642767758409556
5460270,c_546027011865bcf234a0f5ac8f62ef7192203bb5_0.json,53,0.11631598683400468
23253d6,c_23253d6d5b5bcc0daa3842f6d1495201cf2304a8_0.json,54,0.11618067395258946
137fa7c,c_137fa7ccf94d9891f0bc34bc2d6cfc39f964eb0e_0.json,55,0.11608811968390487
f0a27b8,c_f0a27b866944d466117a81038fe5276a982c0745_0.json,56,0.1157087507203105
2365dd6,c_2365dd6ba203bbb46f2c2a3756a71b80b79b89d5_0.json,57,0.11537201434854838
e34df07,c_e34df07747691c5fc25e4375a5974387bf38771c_0.json,58,0.11434479860758784
7c3f66d,c_7c3f66d16ffc63a46f36a4e3815786e04e9d83ff_0.json,59,0.11429680019669575
cf9a7c8,c_cf9a7c86acbf1349982b07a24bae823f36666915_0.json,60,0.11369315257508994
f75380d,c_f75380d87ff836cf3ccc4e07e440b46217a224b2_0.json,61,0.11318103829691006
f3d907a,c_f3d907a08a38b8c00baa223a38b5aafe57b5bf04_0.json,62,0.11258471575364104
0695c3f,c_0695c3f71e3fc5abe29d8b9b33eed7faac7e73bf_0.json,63,0.11253123236116414
61b0ce1,c_61b0ce13d5b82ca0f28bafd2e09a4430f42f11a1_0.json,64,0.11108204420748025
cf07dfe,c_cf07dfe8109eb8d81fc4ad5e3b7dc008546fbcc0_0.json,65,0.10990400651043786
1e034e4,c_1e034e4821e3178780f16b1c4619eb4b274eb1b1_0.json,66,0.10847930180932885
8fee2c9,c_8fee2c93f12e5b18630ef95e9c86898b4a6b127d_0.json,67,0.10845269428539595
17b5970,c_17b59708aad21393248e80b95e8b84a731433619_0.json,69,0.10829780762051244
fb43c79,c_fb43c79171a3df4efef946777b13f7545998ee29_0.json,69,0.10829780762051244
dc70a4b,c_dc70a4bbfba18aa966a368a5568745d75b863dec_0.json,70,0.10716289353012831
ac9420e,c_ac9420eb93f40a6cf1e17a896a9b2de2d39d8669_0.json,71,0.10680517943140555
d362f5c,c_d362f5cf68674aa9c93ee5fef2a69e82937abd49_0.json,72,0.1060443791424115
c37bec5,c_c37bec543c4901973ec2b98482857520bdb7dcdc_0.json,73,0.10595407387979572
e6b7d55,c_e6b7d55ebd360dadf586d121867cc6c68927cc27_0.json,74,0.10575792292221786
2cb7306,c_2cb730623ea6ea805d023cab47b7fbc9e32f58cc_0.json,75,0.10467625485265974
dcdcae1,c_dcdcae1acbf8860885736c4391b7821102dcd41f_0.json,76,0.10451789087377694
87880f2,c_87880f2a63ffe6288b1e89d14c2eb8a6da1cbfb5_0.json,77,0.10396892715033945
da87a86,c_da87a8669b475ce648553ade59882f21f5245eed_0.json,78,0.10342302679016513
29c4587,c_29c4587f6b77f6c11b9974ed28001592c07458cb_0.json,79,0.10334685736903415
b0be90e,c_b0be90e86c346b320f52ad7b7065f110a7e1d272_0.json,80,0.10298480464139892
485e84a,c_485e84ae9659cdf77806f37148906ccc694aa40f_0.json,81,0.10255070554477008
96750e1,c_96750e11f692e921a666460ee4238f6c993b5e3e_0.json,82,0.10251075495377893
f91ba16,c_f91ba169b167299b410e997b8b991939eecd2e68_0.json,83,0.10238124431534956
f9a7330,c_f9a7330708b9560d9d6a65e52fe1085b8fe68fdd_0.json,84,0.10212695387640824
cb483b4,c_cb483b43365bb816ba789f4da8d61ead0acc1e2f_0.json,85,0.10193733699764196
336536e,c_336536e38303b2ac59a09bb890477244f64fbbf9_0.json,86,0.10167899500910693
1d99bf2,c_1d99bf252bf815fd632d198d8358459763f0da59_0.json,87,0.10156650831277969
7835b3b,c_7835b3b759f66685f4255982329c8f82f4118db5_0.json,88,0.10059793046754728
41b1b29,c_41b1b291b12fff7fb034a3b76495304a804777b6_0.json,89,0.09840553445047151
160a416,c_160a4164a2d66e38577541113c2cd89380ac363f_0.json,90,0.09828662521106324
dfe62b9,c_dfe62b96790a2c53fd7e21233ab4e6e29da45f4a_0.json,91,0.09814946269779012
829e72a,c_829e72a10e66d6ba411884fcd8adba1a05afa5fe_0.json,92,0.0979656428267961
93c1145,c_93c11453e30db585596913eb854638771e8cb458_0.json,93,0.09696303650688487
a66c6d7,c_a66c6d77e696ea16df77c6db9c1de7ae46573598_0.json,94,0.09668997085963815
6ff9961,c_6ff99617ef677cf1b9896c7180b06a4931bb1d93_0.json,95,0.09630373022468564
1313a65,c_1313a65c11dea54f1baf492d4185fb2d673b6716_0.json,96,0.09572715769788243
2f435ba,c_2f435baa687274dac335ed00aa943f2d35bbf9a2_0.json,97,0.09555915572311846
72b0971,c_72b0971a40eb02851b88c1de5c4ae8052a38cbbe_0.json,98,0.09486207191182983
1a41190,c_1a41190bbfafd95a32800874f8fbef4cce1fa5ae_0.json,99,0.09469660984875283
f9d71a6,c_f9d71a6faf7a0d3bc2bbfa8f80d8633be1ae179d_0.json,100,0.09355156391309383
44c7fe6,c_44c7fe68d7ab005fc18781670383118717661c4d_0.json,101,0.0935330235469004
5db36de,c_5db36decad4ffe41894c81d56021c42f604f31ac_0.json,102,0.09328195029002073
e794af9,c_e794af9688ae2dee664864be0d128df9a88509ba_0.json,103,0.09325129360145124
6609517,c_6609517d29ca4e8123a18b425ab277500ae34e90_0.json,104,0.09297150156087464
f714d9d,c_f714d9dbfdf02c65898b9900d6dd81e90c0b2b5b_0.json,105,0.09291474551540535
c486339,c_c486339e5420255f3990c590c3df434f7cbab487_0.json,106,0.09289660730227922
7044f1c,c_7044f1ca2265b1a4855cc683726151ef8a65be9d_0.json,107,0.0925516309019262
de98e6c,c_de98e6c1f969a872de88591aad15651c89e31eed_0.json,108,0.09204242331786094
3eda11a,c_3eda11a2c40e4376f7527e3dbb4f9ae97f07afe3_0.json,109,0.09084560996365398
1047fda,c_1047fdaa550cdeea31de6c523706f3d3567dc66b_0.json,110,0.09070768247037364
7754693,c_7754693f9c95631fcfb80a156a118ece20cf690e_0.json,111,0.09070493765681875
7f43259,c_7f432597c0df9b3b2076e9d24b536aac2cfdf54a_0.json,112,0.0904265342347812
a6e6f51,c_a6e6f51c35ea53d75ba994a96f1baf02eca651a5_0.json,113,0.08943152243008301
5064231,c_5064231cd1ba80e3a369312b653f9a0b1f48c46a_0.json,114,0.08924121290691567
9a10dff,c_9a10dff82b31073a44ebc92bf4579790cd1af117_0.json,115,0.08923850583361759
e1fb7cf,c_e1fb7cf92c47eb262cdf37a8497fba75e522fe8c_0.json,116,0.08913474519807052
cb1b53f,c_cb1b53f682ea65c7245d5fe5bde80752b63bb76b_0.json,117,0.08889117362954779
273c3c7,c_273c3c7a7a774194856b565a76c743ae65332d9c_0.json,118,0.08869516626354879
487ce97,c_487ce9780ab67cfff69802d436861afae183b350_0.json,119,0.08847420831505026
a9626e0,c_a9626e0a5149375314eb4c6818737afea185c95f_0.json,120,0.08814673914630278
6479636,c_647963650ec449a18637c06da7e8bb062cbc77ba_0.json,121,0.08797241003926415
821f79b,c_821f79b9c1533d2716147a35cfbebee58300830d_0.json,122,0.08790414943175406
ce6e081,c_ce6e081d61402efbc1d2ce9ceaaf3a1214a8ef53_0.json,123,0.08783689136558759
77f0373,c_77f0373b1488beffebe5c834bdbac234e8f2c354_0.json,124,0.08771725978989742
dc03d7c,c_dc03d7c8f81fa7933a095e65860078c1e0c595b8_0.json,125,0.08748781782231896
fd38d2f,c_fd38d2f21e2fff119cd9404e2b2742ccb1488541_0.json,126,0.0872608142599759
b9ea92e,c_b9ea92e5f483ee95b8be2292fdee04ba4a63ef1a_0.json,127,0.08710691687498862
d6ad6b1,c_d6ad6b17ec33d83e053aa3381cb2a09b4bde285b_0.json,128,0.08672916742873849
cd917fa,c_cd917fa23178d6ef5425f7b38d6bd2420da56adf_0.json,129,0.08666433143097174
c91e9dc,c_c91e9dca2e9ba010ced95d80f15c32efd866ec44_0.json,130,0.08643704228537252
c9eb0b6,c_c9eb0b6a6979aeecff36b9132e4f2e25a986128c_0.json,131,0.08622132926511761
9e42858,c_9e42858ad31784beb7417050d27ffb5de6dc9a39_0.json,133,0.08608766736747964
85d73a1,c_85d73a1d2c6c85e96eb412914d2ad103121445a5_0.json,133,0.08608766736747964
176b5ec,c_176b5ec90708ec2aadd88baa932ca6383533c9b2_0.json,134,0.08608587947427293
c0a363c,c_c0a363cf984b19010d956fd39aaac8baf7eeb103_0.json,135,0.08585670387246436
3fcfb02,c_3fcfb02dd822f854448611060b4f6682b08c1166_0.json,136,0.08561432973213456
f0f3015,c_f0f30152471baef2a54a86bef3cccfdeb01751ed_0.json,137,0.08560181292261859
1df3e07,c_1df3e07f73b1c68bf0537c15824734fb765321eb_0.json,138,0.08520634418560902
1158854,c_1158854af0b9cf8e9b824ab93dda455ca2b60378_0.json,139,0.08514478842821271
d84d18b,c_d84d18b2b8d9ce8c44b86eac40bb0cb190f57c5b_0.json,140,0.08502169127892734
d17bffa,c_d17bffa174a507998e343b60a5e8852821f36412_0.json,141,0.08494866658545253
d9abe63,c_d9abe634754a668d9fefb9c1ba9e2dff0235c910_0.json,142,0.08479070027196667
b1ea820,c_b1ea82025f20b0322219270f22d98ee1549af6b2_0.json,143,0.08450807205464805
cc9d4ab,c_cc9d4abe4b9c9f22049fad7ccffb0728d01d5481_0.json,144,0.084362854263198
88de2f5,c_88de2f51fa697703f5600446e8d0e34b3cce7240_0.json,145,0.08425156385386312
c1fe5a9,c_c1fe5a965498410d3f62d4046cf0c58ecabeac9a_0.json,146,0.08410633507243082
86bf5f4,c_86bf5f4c6cdd3f214a3c7f0d8c5ae477683ec4ed_0.json,147,0.08403602089062068
8589272,c_858927268d783737f42503fa2ec868618e0c70ff_0.json,148,0.08367139169997584
e2f8a3d,c_e2f8a3d5377b5ba956d8a821d793e13b862ab13b_0.json,149,0.08302545452965171
ded14ee,c_ded14eeed550904c548d0d9d1a887a288f236e64_0.json,150,0.08270817137235087
5d7023c,c_5d7023c7566ff7b5420a0dcf9e9c7a015ee27f5e_0.json,151,0.08263043498300604
34aa8b0,c_34aa8b03da6bf8ad9c605cc833f215519691e4aa_0.json,152,0.08258060964981973
8159dd8,c_8159dd8ea336454cec5c354caf16017fd61d3732_0.json,153,0.08252388367687091
27d0980,c_27d098032bd4b5efa2b5722752c4f85b27912696_0.json,154,0.08250802355629627
2592c07,c_2592c07076a3565a2911ee829aa94746acce4a91_0.json,155,0.0822756965696253
46d9439,c_46d943969214d04366f74985d1cc742c72c16f44_0.json,156,0.08213001203747683
ef80072,c_ef800725c14905bd0743ee675fa820f8819f16ce_0.json,157,0.08184991351882831
79f6d66,c_79f6d66b179758cb53c396389b2e158c8792ef69_0.json,158,0.08176164715837375
ae0e03f,c_ae0e03f4a21b08f413807b51c8ba4c60ea5bb085_0.json,159,0.0813315044365377
0cdbc57,c_0cdbc5762b2ba27de1ca7c11d1e1c89f5c511fe2_0.json,160,0.08093649242185119
2792a48,c_2792a4873abe2dc4cc7245bb5971afe9e5e954df_0.json,161,0.08091417068271811
857a172,c_857a172b413bc475ecca22c84d091e2fb5748bf1_0.json,162,0.08077922508582847
ebee31f,c_ebee31f9093d72b374f04cecfae641ecf9f9dcae_0.json,163,0.08067742207672834
f2f8d8f,c_f2f8d8f8b27231c802f0a587b1f362e3e921fd98_0.json,164,0.08040654024785865
0992ee8,c_0992ee8bf2ca1522ef71571ed77dd084d4b5db17_0.json,165,0.08037946601073542
8642402,c_8642402eaae02b372a83e09ed3981bbc5f582fc5_0.json,166,0.08016531510893876
0536c67,c_0536c675497f5c798a22af8102b8fccabc9e5dc2_0.json,167,0.07967230873377296
fbd54fe,c_fbd54fe2aa35e1ff3e4fdbc0d8eab0ac637218c3_0.json,168,0.07961689426294838
c8d54b7,c_c8d54b7448f0d2ce606d49a59c6ca04c0faf4026_0.json,169,0.07945663492996746
552ec50,c_552ec504a1771dba838feccf1cd8789e1eabfabd_0.json,170,0.07937946860076428
1079194,c_1079194968c9dd4863add546b4ec60abc36655b3_0.json,171,0.079293594974844
39098c0,c_39098c04c4b8140a52bf96cc83a0509f6f859cac_0.json,172,0.07895117647145833
090701f,c_090701fcb92eb2160be425d7bf8faf204df660a1_0.json,173,0.07891654263286207
ef9c7f7,c_ef9c7f7e9f3ec00504ae0e8e7e11ba1b1859e5b9_0.json,174,0.0788909550959015
c21f904,c_c21f904d4ae039d8fa5eda265c9dc2aa5219245d_0.json,175,0.07882035547269162
d178656,c_d1786567e42515c7cea795a6b72a59aa142e96ae_0.json,176,0.07864214616793352
9c16f35,c_9c16f351d262bf0b3388cfae444e5bc6c9ff2cf8_0.json,177,0.07860588602903662
c0123c0,c_c0123c0c7e179fe31a9d8c42beecea4ea3dcdfcf_0.json,178,0.07853119891217053
22ae648,c_22ae6485cea3594267d5ca4bf8f18d4acda0d64f_0.json,179,0.07833805846096698
e6a96a2,c_e6a96a2bd05803b9f8b20fbb78fb402ea80feede_0.json,180,0.07778107868975692
bd10f51,c_bd10f51be22a727c9090b9f476bce03fe6f7b631_0.json,181,0.0775005342091476
3fa46d0,c_3fa46d07871f37d6895108db353548c04581dd52_0.json,182,0.07730601835782236
c99a2e7,c_c99a2e70fcaf01f633b34736fa35138b7a21fdde_0.json,183,0.07690744850266895
fc4c4e8,c_fc4c4e8c4aac3d51e7e6d3a968c0a522bb465bca_0.json,184,0.07662749666983393
694a2c9,c_694a2c9be9f8aef5806086a588a2f22bc228e0e7_0.json,185,0.07652038600990418
c3f75a9,c_c3f75a94a6ad1e56fe87e9ae2c485cde1139a0f5_0.json,186,0.0763580961460959
bc33612,c_bc336125a997500837644314c66a5b7e16107aa1_0.json,187,0.07611809006538894
2a6eec2,c_2a6eec239a2a82da1f51ebdc8d49c79bd839cc0d_0.json,188,0.07581846559629757
234329c,c_234329c2dfda0ade5ebfa01e6adaa91c4809e853_0.json,189,0.07577188866708684
6387c31,c_6387c31656da0a09aa968455f1c66f8fc1170d96_0.json,190,0.07566502893627358
98a6082,c_98a6082a88269d7fbd6580353ae4fcc9e505be50_0.json,191,0.07560525715834165
abe191e,c_abe191ec5e54a86cd5d044f6d70d000825e2be5d_0.json,192,0.07541899544881336
c4f58e0,c_c4f58e076fa35af23e441c6f0b53cd07596c92fb_0.json,193,0.07528579986961348
6358f5a,c_6358f5a5f6f4b732d6b859b5b8965a6faf6194ce_0.json,194,0.07466863049926875
2f393b7,c_2f393b75ee6673e83969e003be3ebbb762fb5485_0.json,195,0.0746033340377692
85b440b,c_85b440b6eb9aa81922dee7a4dab5ef2bd3bef82c_0.json,196,0.07441453931252862
353ef70,c_353ef70ef049213cee4e19ed0886b3d57d37ecc7_0.json,197,0.0740962078391112
599286c,c_599286c50c78bebfafb45363b5f89e9dc5e03d33_0.json,198,0.07405908191108224
1cd1cee,c_1cd1cee677b5a82222044978dfb51b424a94c7a1_0.json,199,0.07402413059382407
756f118,c_756f118be5be30a47ac4a15bec6db2cd2736f406_0.json,200,0.07393010885364826
eadf7ce,c_eadf7ce082de2abaa97a6c670f29ba2a7b56135f_0.json,201,0.07363149864370988
7d2f8cf,c_7d2f8cf91ed32a81b707a926a16a71108cd85aad_0.json,202,0.07352430956563549
87ddbd3,c_87ddbd3e3578cc305d399ba1e09f936b3c8b064c_0.json,203,0.07340754184085818
abeb8b9,c_abeb8b9748182a27bc7859f14a5b91bab0675fdc_0.json,204,0.07328876145359076
57696ac,c_57696acf0979b0d3a6e69639c14acda8b01ded28_0.json,205,0.07263705909222762
458e814,c_458e8149f85606a72c54887111ff13bf212dd90f_0.json,206,0.07233228546018344
823fa85,c_823fa853932927e32f3c274bee23396966c08fe7_0.json,207,0.07213891669951367
9bff7d3,c_9bff7d372c0c11c86182d8f5f2ce248b36c149fc_0.json,208,0.07192413320334479
f37f0b0,c_f37f0b06b7549cd5b4a7d8cf9d70677f494a723d_0.json,209,0.07176296170986196
e48239f,c_e48239ff8db4efdae8bbc9037ab7e4b1550a042e_0.json,210,0.07174997948184014
df1653a,c_df1653a8490feba4a21ad8aade5c960b402c3c7a_0.json,211,0.07125991753795069
27ea670,c_27ea6707d2d2f588e32faeb67cc33a0103dd2db0_0.json,212,0.07076523616710917
76c4316,c_76c43161b2e76f4976d1aec4aaf4f43e8ad914ae_0.json,213,0.07072758595575024
70de8cc,c_70de8cc81082b1a1bd25be1c0453b3a2adb89b02_0.json,214,0.07068855470137181
ee65adf,c_ee65adf2c161b3f2b697cbde527d519922707b72_0.json,215,0.0705945334513054
1e7597b,c_1e7597b0c524512ea6521f7093dde9a032e0f39a_0.json,216,0.07043315526221727
1b29b8e,c_1b29b8e97d45edb3dfdd06077af92ad69a573de1_0.json,217,0.07042141735252672
d3f274d,c_d3f274d23b3fdab5cfb5af16579392f200eebfb6_0.json,218,0.07030624873817914
55a65dd,c_55a65ddd50908d3180deecfcb79535ae7d133c57_0.json,219,0.07023932754324147
cf21e27,c_cf21e27c9807829f1afc984015012ce32a5ed491_0.json,220,0.0700132585329224
afc1bee,c_afc1bee39251defc9af3966b90e17c184e52fe58_0.json,221,0.0699103703798939
aa63078,c_aa63078a6842c23d816f189e13e6a5acec6b61b5_0.json,222,0.06989206638786871
d77a34d,c_d77a34d36c92c29c826032d6cdf26d20eb97347e_0.json,223,0.06974517468569308
58fc770,c_58fc7702c6d94c864c9580326da53982abdc1576_0.json,224,0.06974432793728635
7ea2668,c_7ea2668b55ad7c6f08a3557967f2fe8b0e941b20_0.json,225,0.06967467356529156
8190a86,c_8190a8628d3de3d3b191bca2caf6e31df42dc667_0.json,226,0.06958672248894082
24b5e31,c_24b5e31b3ac6d6e0fa96e9a06073b3394f58e37c_0.json,227,0.06951804289141972
bed5392,c_bed5392668d3076b76f390956301e4004dadd778_0.json,228,0.069455976879085
99cc758,c_99cc758635f2446cd673e114f9e4b468da75e1ed_0.json,229,0.06942239354027069
9e3438c,c_9e3438c9384150966356c942c935ff7aa5f400b9_0.json,230,0.06937863019288515
fa4c782,c_fa4c7827f8677b249009aa5d2fab8d508ceab8fa_0.json,231,0.06930516511965845
6b5e956,c_6b5e9560882eba5e14eac64945c740978f4c7c89_0.json,232,0.0692885239813883
62be002,c_62be0023cbdc539e6fa729fff4b4e0fd6209b2cd_0.json,233,0.06907068766176572
ca9a718,c_ca9a718857ce616e3699328906c21695b5b73ab1_0.json,234,0.06902509016210778
a6c9528,c_a6c9528cd88adee314a3bf2d0f66c3938906503f_0.json,235,0.06893294364077862
006bfee,c_006bfee2d38aadb9aa723e3d5b802d5cc4195c3c_0.json,236,0.06873666858969407
bf8b757,c_bf8b757a6786476bf2a98926d3a10e7c764e77cd_0.json,237,0.06867149742740919
de6666f,c_de6666f981cf81022f5d85a5ec9394ff8dd95630_0.json,238,0.06854627732427598
f255c8f,c_f255c8f6998bd3c277d79338a322625d7df9c72f_0.json,239,0.06854159043923636
0b45a5e,c_0b45a5e9376daef40f8b91f69bf688cb4f7a18af_0.json,240,0.0684964432547569
d3fe874,c_d3fe8747fe8d7e9092b7f4d3a0c7f8272d1753e7_0.json,241,0.0682925451047659
a536340,c_a5363409efc2e1d795d07fb2890f9800d1ab645a_0.json,242,0.06819769203438097
e7d50ce,c_e7d50ce17a4def6dc6716d5ede7f099bbd547b66_0.json,243,0.06792637753704323
50d6110,c_50d611063b9d2596f42476190090e5ad0d11e1c9_0.json,244,0.0678483893413524
4c9c3a1,c_4c9c3a11a9715a29c90a9c2a3b4ea4ed850939c0_0.json,245,0.06784506723348982
14cce4f,c_14cce4f78512b26531b7714001f82c631f953c3a_0.json,246,0.06766063558645286
7c7d0dd,c_7c7d0ddee9c90d9a9b930fea45b4d71770ca099a_0.json,247,0.06738176225593628
9e8fb07,c_9e8fb076512db03814d06ca1d772f58db1fbcf0f_0.json,248,0.06708783031356502
9e6f7da,c_9e6f7da30b5ac6f2b9880bc889fe8cd9f95e8e2a_0.json,249,0.06700154131820213
ca2350d,c_ca2350dfe78b865f1d2d705aa57b418cbd4d22d6_0.json,250,0.06696238414114775
e46786b,c_e46786b480158759bb15a26a98e6d8e8edf3808f_0.json,251,0.06674997763020862
63a4c5f,c_63a4c5f02e172b87271d65c4222075d4f5eeb859_0.json,252,0.06655873280425095
db095f5,c_db095f5e1c6055d2ea999b944844af0e0adbd8fd_0.json,253,0.06608792360961668
c02ab15,c_c02ab15728e3ea740a67521b222142d5434fd9f6_0.json,254,0.06604765862804551
bd7eae7,c_bd7eae72878323f479f50a5eafe610924ecf63c8_0.json,255,0.06562468419770706
f7fe400,c_f7fe4004266e4e9210b6beed5721f6c81ff5a9d6_0.json,256,0.06555007089004361
adb143e,c_adb143e730674a1e645be647f8b5ecb3ba278ef1_0.json,257,0.06545518809105288
f625c26,c_f625c26d1bb3f9b4cc89adf4d759b581d1c42e65_0.json,258,0.065397385123664
1cbde06,c_1cbde0608f8f8840b3c4cd3885f017c38f5549fb_0.json,259,0.06525052605826198
a309599,c_a309599477feafe5a8eef63f6b9197bebc4a6a42_0.json,260,0.0652147923077322
906d8af,c_906d8af525d83996f7bf1c4a9e558e0b01b70f85_0.json,261,0.06513194079628781
27a5d4d,c_27a5d4d8993f80b47b39ec99a4d4b4dfca203538_0.json,263,0.06480447114755028
73eee4b,c_73eee4b0062dc473d23c6a7509c439b70d3e5c1c_0.json,263,0.06480447114755028
251a476,c_251a47618ed658d9ffb9c8522248b76ee345a98c_0.json,264,0.06458002964318243
95c5fac,c_95c5facd1222b572cb0d7d52ecf640d4a9e5cccb_0.json,265,0.06457195527927073
3c9d090,c_3c9d09017f1e23dc3b407fc9001fcb0f6b96495c_0.json,266,0.06453283841157564
e945ec8,c_e945ec8ac7ebd5d450acfa70dc391e32b47e0a1b_0.json,267,0.06451571514227794
dc452b6,c_dc452b692b57a478a19a95d99766d153054a969e_0.json,268,0.06425262265079079
f8b4714,c_f8b47149cf40395b13827df784ec337d8d294f6d_0.json,269,0.0639030134039007
efaa123,c_efaa123f15a245e5ebd06c2697576e93bd501654_0.json,270,0.06366160043484592
360a44c,c_360a44c12b89ef033b721bd1ee581a3eb83e3fcf_0.json,271,0.06354489189439416
c45315f,c_c45315f36cfeed974974b807ef2ac777760ab963_0.json,272,0.0634078720046578
bc25cdf,c_bc25cdf764a778a34a8361d18772a90bf697751b_0.json,273,0.0631913122956026
5267507,c_5267507c0f0fe8fd9859fd14a7444b58a139fba7_0.json,274,0.06299814916408042
e44517b,c_e44517ba62881451b538d53c7a08833b8ad228fd_0.json,275,0.06296863184297363
f5144f0,c_f5144f0569be64a7ac0db5a59afe79d608217dcc_0.json,276,0.06282976807256646
7d65260,c_7d6526029d383846ca6fd88e31b435c048e963a9_0.json,277,0.06270457505133242
ce70915,c_ce70915ae9e41820fcb49793044cc7360f7f7faf_0.json,278,0.06268548243651628
861a171,c_861a171b301ddff5f725fac24b322fb93f6baa85_0.json,279,0.06219618140941785
8444a68,c_8444a68defb7dace26fce67b0b00e63f3d7a5053_0.json,280,0.06216402256581177
688c042,c_688c0426193a79dab1113d543f3c3db2fc9ea3da_0.json,281,0.06211362718607538
a605843,c_a605843ce6aa0df44a28130ef543c6c0a5baa663_0.json,282,0.0619407850842989
7cafa92,c_7cafa9219bafb52beba161d1e42a57a766f48d26_0.json,283,0.06187507834217576
a5cdfc4,c_a5cdfc4da2e797b79a38a69e112f905900c86b95_0.json,284,0.0617572992307579
722a965,c_722a965a7a66f107562938b44669d7c188284c4e_0.json,285,0.061238352932130535
3663d98,c_3663d98a6580a3f34afe4a80f1ac1e66921558cd_0.json,286,0.061218279579685175
e7ba613,c_e7ba613597ace42fa588da46cf67a24aa90faf5f_0.json,287,0.06094135150227975
b62e989,c_b62e9898108c678a456c28d3f40d54b99b4b544c_0.json,288,0.06086394395841266
d643ab9,c_d643ab9ff3728a441e74e3dc8c8fb0fa57a567f0_0.json,289,0.06082616854196343
bf1185e,c_bf1185e5d96eeb9e6621a6ee20a09d4d96a82749_0.json,290,0.06056060820784459
808cfa7,c_808cfa79b4cdf250313ef25baed207337cc5bde9_0.json,291,0.06008371362441722
0cc5232,c_0cc52320e47838ec12a371a446faa3b48b1b19e8_0.json,292,0.059937940429485304
b7f0dbf,c_b7f0dbf4154292ecd704350648dd7520dca5e7ed_0.json,293,0.05984059916361961
8e2568a,c_8e2568a56bd7ebe666da514df1bedc8f32223219_0.json,294,0.059799674879379094
b14cf8f,c_b14cf8f18921dbf0cb7a56f4c1a503178bfa38b4_0.json,295,0.059711212794776425
ef86ddf,c_ef86ddf218e631b97adff6fe7fe4c261e9ba758f_0.json,296,0.05956324533625479
cf32aaf,c_cf32aaf5c368cb40eb4e252d63120baffa1e8030_0.json,297,0.05949767395119343
b979110,c_b979110ade04cad3af65dd2f6706bdd258410e38_0.json,298,0.059484478148930986
0648c5b,c_0648c5bec67f22229ba752a990d14435edbdfee8_0.json,299,0.05933327958513279
f13641e,c_f13641edd7f1806812c21f60f547deee66b54195_0.json,300,0.05927960029235779
e819ef4,c_e819ef4e4936b493ebc39d2f47baa0b7cbc72db7_0.json,301,0.05927510907613598
4a67eb7,c_4a67eb7b2a2a8c21bd8092c2a5e963bd0e866827_0.json,302,0.05925058937114336
c8f2281,c_c8f2281b6ac8eaa98905eb62ca33c41e4994d98a_0.json,303,0.059045822897958566
b279006,c_b279006d0a5474d052b8c4cc3fdcf0139493b490_0.json,304,0.05900739370571384
c40846e,c_c40846ec9c5972012e998890f9b82f7d521f3244_0.json,305,0.058986282432101134
d228a42,c_d228a4213fce82740da56d93f5295fd99d1fa5a4_0.json,306,0.05898165795683341
15762e5,c_15762e5c302d4c00917c024ba93a1ba9d0ea610e_0.json,307,0.058942714927406326
d6deb06,c_d6deb0612aff4f71e28c29e7cb94bba7151e76e1_0.json,308,0.058921165572119016
1904446,c_190444664e7ebc9506bc7aec3d4ebef527443bb0_0.json,309,0.05889957605355067
93e2dd2,c_93e2dd22ee2b8571a0c2e178f4d2609d0af2dccb_0.json,310,0.058770292822171166
40fea3c,c_40fea3cd7100a2f2975c7f5224010d10f3b4a12f_0.json,311,0.05868307340247625
535e6f5,c_535e6f54d28ff1245675d915bf6fcf2e62a6f48b_0.json,312,0.05855727130858124
135e2a4,c_135e2a4de57bf46a916fef38e3d8e22b2d16dc13_0.json,313,0.058444370993319894
6ef5062,c_6ef50626057bb3ad5c08e1b21d2bc8345fa8f962_0.json,314,0.05842848860144689
e07ed77,c_e07ed77bcb4c9d665d8c48e5820f0bb7e3e89a5b_0.json,315,0.05842110607885509
7311ae8,c_7311ae8195012296f7f8d996f9f65cb5c0ae9a9c_0.json,316,0.058077434257602034
f1f8d35,c_f1f8d35a8adf1107d573a360800b4f1d00b44398_0.json,318,0.05802803828665304
5391d92,c_5391d92ffbc412b8dbb118170daa7a3f5aa585a2_0.json,318,0.05802803828665304
3a43b14,c_3a43b141fc7f33c224bb749bc4ac6245a54a969f_0.json,319,0.0579827124105875
2667805,c_266780508ac59019b21ef9976a9e0f041457bac2_0.json,320,0.05792707029501454
04478b4,c_04478b4944bdf489f2fbbf6ac2527a6a2a635524_0.json,321,0.057820773900456146
d44620d,c_d44620d208a423dc5c2d7db5ac49683ccd6da20e_0.json,322,0.05777575033535809
4889f2a,c_4889f2a6085e6c717f5dab7b1353e3ac03e41d78_0.json,323,0.05764176440119895
1279653,c_12796537fc6f3d5d3d3df9fa1027f2f377c30a71_0.json,324,0.05757777055717439
8a88108,c_8a881089df23ed1ddc13a9145fd7adc44a30649c_0.json,325,0.05697861835912332
de74397,c_de74397f53432a524f3aaaf65d743b45f940e74c_0.json,326,0.05669446034044301
6c8f1a2,c_6c8f1a2656cad351deec14f07c2a6c32dec33131_0.json,327,0.05666956499890374
8136552,c_81365529667e9a775e1010c01be11833c8c57b28_0.json,328,0.0566234632293503
2ebd4a0,c_2ebd4a0e71b21591322a0b152c6e92085043b2c9_0.json,329,0.05661639544613806
0e27ebf,c_0e27ebfbe08e9fcdf9652542054861b6799024e2_0.json,330,0.056502954100500435
8de71ae,c_8de71ae52958ae70fe651b7327319c9beecd9b84_0.json,331,0.056397636101451654
262d13e,c_262d13ee12e23e5436b487fb23113b967fc57a1e_0.json,332,0.05634410982859672
d27865e,c_d27865ea8158cfad9e8ba24de5d37ddfab5b6d69_0.json,333,0.0563438294710793
f6a926a,c_f6a926a7b5955dfa2d722508a47e9e41e0f56029_0.json,334,0.05628073408188716
178e241,c_178e241ff9d28a51720ca3e3235d651242b4a50c_0.json,335,0.05615774445215238
18b614c,c_18b614c14626fedade91a7c534a9cf7eeccbb17a_0.json,336,0.055965062893959416
326a8f4,c_326a8f49cf9d50b314d29b715a8b37a17d958573_0.json,337,0.05591749206104346
4889f66,c_4889f66423b557c87837445f6804abd0040ee3d6_0.json,338,0.05589826080695981
1a6b330,c_1a6b33077c93f5d901788c6cc0df8eca89cc45c3_0.json,339,0.05587936745304578
137a7ca,c_137a7ca957ec3e4b87fc99878bb5382728518bc6_0.json,340,0.055710694627131296
3c19146,c_3c19146a4c1bb9cb8b85eba3cd4f1555b7867bf0_0.json,341,0.05517546041345278
3aaf286,c_3aaf286c8ad87695b9f24e923ef5729d02dbce2e_0.json,342,0.05507281332735514
754c296,c_754c296383f878bf2fea2d98e948bb16b76d44ce_0.json,343,0.054800237822652864
187e6d9,c_187e6d9231f695ef5842767a62b2350892059656_0.json,344,0.054774810779323446
f4af2ad,c_f4af2ade3d3c9ee2d0c13b06fa4b227472960d83_0.json,345,0.054719943934244286
2f4a709,c_2f4a7091d0f034a10fadcb31642415f235aa901b_0.json,346,0.054515192419707925
b906dda,c_b906ddafbe24402f28da695d4c0e4493ebb6033a_0.json,347,0.054506646767653266
22b0c12,c_22b0c123301f177c04e514524516ee30f3ca5188_0.json,348,0.0545007229388339
835ddaa,c_835ddaacd926414a0c667d8b5e82c3d9321ed66c_0.json,349,0.05448168613894344
c99e048,c_c99e048999017a21052a2e772a4959f3e653afcc_0.json,350,0.05441528703297638
9ad919b,c_9ad919b34a54d505455d5295ffa667ae33f59b52_0.json,351,0.05435313203075409
ca8766e,c_ca8766eff46d8b7925d89648abc2c321d394b14d_0.json,352,0.05416916858135312
6ff2c83,c_6ff2c8315c89921c4b56a2dae0d02e79f0209c34_0.json,353,0.054041106957840146
6877229,c_687722956c572c43769871b56987dc2a6f8ab8b9_0.json,354,0.053921414234782805
08441b1,c_08441b1e83853e8eb7bc7511fe66640ff3046c44_0.json,355,0.05373262702690085
d3bf785,c_d3bf7856993f7b1f7b7aa9647b0c8f5f2efbdf03_0.json,356,0.05352188018556103
7329484,c_732948412aa02860175b4f177ad0737ca35ec802_0.json,357,0.0534885901944131
f4b9657,c_f4b9657b05cb32df729ea44f4b0be4665f49b88b_0.json,358,0.05348849677137013
1719697,c_1719697c9d6e1144c9f6aac2c0177b1a85ce95a6_0.json,359,0.05317415278756532
5df1cbf,c_5df1cbf69cfe5e5b413298245c2966fa042e50de_0.json,360,0.05312655098346086
d047ec8,c_d047ec84e5df3d5328dc477134ad197f5a7a16ab_0.json,361,0.05311755055396572
260b218,c_260b21855eb27e5e3df6bc86d104ee5f8a2626bb_0.json,362,0.05305451710314346
16730d3,c_16730d3b0a076a4308d30ca04d0cad2f727123ff_0.json,363,0.05303916591804425
825c8e3,c_825c8e3a7b0cc9533882e76e6d7f493456d9aa1d_0.json,364,0.052958436447878454
6f2cdc3,c_6f2cdc34024b289c9e1cfd5f8389e3ba27adfe56_0.json,365,0.05252093139340308
03b9b66,c_03b9b6657e25b03a8b1e76fd54879ef8f7e58e01_0.json,366,0.052316528720358524
a760f14,c_a760f141c79a7d09623f8b4ef3908e1e8a0dd6b2_0.json,367,0.05217307712091712
a7e9e31,c_a7e9e315475892ac2941dfcd9826af85a75cc419_0.json,368,0.052094486982856014
0c482ec,c_0c482ec32d901b3548076f8574add0796d138ca1_0.json,369,0.05202779430536575
4991a32,c_4991a323e370713bd82b3df647c45a208be90de2_0.json,370,0.05185323998980562
0a68dd9,c_0a68dd9220ae939b742a109b8e740c3e20671e5e_0.json,371,0.051636361420673516
024ab67,c_024ab67351992daf6459114002014e0a74d17047_0.json,372,0.05163459259266778
731c788,c_731c7889621e0addb7f51de2d82893436db43d24_0.json,373,0.051384869829356195
6cfae0c,c_6cfae0c384cafa9d100046ea1d5b7d0fa0ea2424_0.json,374,0.05137036109981963
1009673,c_100967384629f6f330863931f9c8214d71a4dc40_0.json,375,0.05129598673857416
08b60fe,c_08b60fee27b199cb647993e221dda9215bc5fee2_0.json,376,0.05120261991702435
8897cec,c_8897cece9243cf880135de89cb90359cef31a560_0.json,377,0.05110620421765655
6c97bdc,c_6c97bdcaba2bec8b72cf25c3cfe36d2d2bd7b3b6_0.json,378,0.05108045224132929
461b85c,c_461b85c438af8a6ac69e2ed5cfd4662817f07fc4_0.json,379,0.05102533271887555
a30fd37,c_a30fd373ab9588b9ee7f313652f598298b726bcf_0.json,380,0.05097690468823024
1de5aaa,c_1de5aaa3defd0ccb88bd924e903c0d3168839c12_0.json,381,0.05092131107365638
9ef5847,c_9ef58479afdbc67a7f4fd4c9cd6ea4c033ec6fff_0.json,382,0.050913362744989143
02f4ffb,c_02f4ffb7e726a63ba5b5d9b0b10c1ffe7602e18b_0.json,383,0.05080078510719166
1c2f32a,c_1c2f32ae29ff747e9327895e5d026cf30dc1ff9f_0.json,384,0.05075843812525083
cb7bfbc,c_cb7bfbc06d5d289be61733824d7f3e81321b2b3a_0.json,385,0.0506611525634747
fd7adc1,c_fd7adc15d813a398443cba070499242b6990245c_0.json,386,0.05056926006101281
5d2ce74,c_5d2ce74ea635158afa4be81d3d21e423b3df95b0_0.json,387,0.05055216768166004
a168f2e,c_a168f2e41ccc8f8e8f1bce77d516c0dbc580a75f_0.json,389,0.05048673203916454
81a8f79,c_81a8f7949af628465dd4d87d110be4510c4d789f_0.json,389,0.05048673203916454
7faee9e,c_7faee9ea028bed6733ad8d44f8bde9b4d86e4393_0.json,390,0.05045178986454213
64356b6,c_64356b6dcf465e1e485e6c778a1af482758c2ba9_0.json,391,0.05041477503168934
c039c1e,c_c039c1e0242701548cd23370877ee5d8cbcccd3b_0.json,392,0.0503480765176062
f484860,c_f48486083f5c26084fb7431f239440caa186dd06_0.json,393,0.05028450668377904
0168c81,c_0168c810fa794143b64a8b9481097c5e707f3b10_0.json,394,0.050233179986929
f44af42,c_f44af42ede37938ca710297cff9f14afa9e3c04d_0.json,395,0.050165896068092075
142598a,c_142598a9dc4f3f160005b8cb73fcaf9d6d906cfb_0.json,396,0.05016027211776031
a87f57b,c_a87f57b18c2c5da464c9f66a98643330f035d8f8_0.json,397,0.04991472367518923
531f45e,c_531f45e6f9b9ccdbd51b76625bf99170108dcc08_0.json,398,0.04987576576618413
e2604f3,c_e2604f377af515d7f644a3078c25710a064e64fc_0.json,399,0.0497928338505772
7a6a6b5,c_7a6a6b54323f0a4d8d461a6e7c5dfaff28f38389_0.json,400,0.049719360163199444
1789257,c_17892574e9a20738d53ed33902fc45d42e35eeff_0.json,401,0.049646316961325154
3501608,c_3501608eef38c443b8b0a56c80b1fdf846827ed8_0.json,402,0.049645787954505693
7bb1220,c_7bb122026aeb008624e45c76461d937e55431c60_0.json,403,0.049638206592087064
8cb2ecb,c_8cb2ecb130189e562e1fbf86776e73501728ae9c_0.json,404,0.04953821886573717
c68237e,c_c68237e2a40331ce2feeadd5ad325b8da4f54a95_0.json,406,0.04944331209229924
b067f80,c_b067f805cfd1ffe77398b781e2b48e60ed00fa83_0.json,406,0.04944331209229924
d89a984,c_d89a984a757888e7c6c5991bf9586c858c61cfcd_0.json,407,0.049426610314855735
dd6edde,c_dd6edde450c4580fd93c8e2167111ad5b02576cf_0.json,408,0.04924385625227912
b665062,c_b665062942ea9f14f766640c10a8d482e0e15701_0.json,409,0.04902536524989598
23e1283,c_23e1283e1e58399f3e7bee4d45945c5cc654956a_0.json,410,0.048799418556588314
42fc418,c_42fc4183a42b78385be0a227ca6dae98ff1db24c_0.json,411,0.04835440398134916
c488d39,c_c488d3996975aa24763a4b8c507756db8073738d_0.json,412,0.04828508041571622
5c89ea5,c_5c89ea5c8f8a5110b575f0b8dd511b6aecd19359_0.json,413,0.04822469756024905
f098b2b,c_f098b2b0df8b6f9650cbcaa7b292584595e67409_0.json,414,0.04817394076344472
6c5cc7d,c_6c5cc7d29c208f3193431d84eb5cc0a0468ab032_0.json,415,0.048145934379697386
a939b7c,c_a939b7ca6492cc6fd836e4f86b6cb48d8d2023bb_0.json,416,0.04807440458922885
0309c35,c_0309c35b649773c1bd6bf9c583d42637be176a2f_0.json,417,0.04796690112428681
de76671,c_de76671e10009b901cdd22a72ed9bc722ec7223f_0.json,418,0.04788218123651222
23d766d,c_23d766dcb30996bf166cd74f5a0116aa2b40dc72_0.json,419,0.04785154938115932
20d66d8,c_20d66d82b1ce6cc210b4efa61f9883ca00ce4da0_0.json,420,0.0477453119099851
a579416,c_a579416445547a1121a81450211049f56c7fed60_0.json,421,0.04771949042052881
463a65b,c_463a65b82d5407907eb384e7107ba42822197af0_0.json,422,0.047716328947280284
f11274b,c_f11274b1c299bdfe4195b8cb821e6363c20650c5_0.json,423,0.047694369324571606
8ddc3e6,c_8ddc3e6b4f782a45c2d6a440a46690aafa9ac4d7_0.json,424,0.04769243071490992
ead61c1,c_ead61c1ddb9bf3aeaf0b1472f0e85a594b16ff6a_0.json,425,0.04760030708376173
5df44db,c_5df44dbae571f8b3fb6a9ed27fda7bb4e0230d04_0.json,426,0.0475764973497812
aa1ae4b,c_aa1ae4b56769c28ceb07bc3fbcd52aea4f679dd7_0.json,427,0.04753795054481469
71d3e72,c_71d3e72eed824a2150215af41d0318900119b6d3_0.json,428,0.04747778762880339
bda7d67,c_bda7d674a6d0711a91e9674eeae912ef5ebc210c_0.json,429,0.047396192996117636
1b853d2,c_1b853d2e04ad8007f0febcac3a00a2caabc39f52_0.json,430,0.04721489890280339
905069b,c_905069b3587de5efc426375c1fcee195b337affd_0.json,431,0.04710863360431283
17eda42,c_17eda425fe18ba479df8af1d00090e108ba894c0_0.json,432,0.04698066849555316
73fa5aa,c_73fa5aa7b48c4145b479fd1612675c4d4415ff51_0.json,433,0.04691368339988555
dd2cd17,c_dd2cd176597eb3acc4d16942a3a9870883366cef_0.json,434,0.04685685994258204
2c5d421,c_2c5d42194d01403674d184c071663ab61eaaddd6_0.json,435,0.04681074617998837
007a8b6,c_007a8b679574a74f26fe47f2f2ca6b229eea428f_0.json,436,0.04678695397175914
e5ce239,c_e5ce23927b004ff6f518d074228cc74343623953_0.json,437,0.04677780258025899
fc34eca,c_fc34eca9aa0acbc9b7e30189be3a8658d0838f6b_0.json,438,0.046711093837080386
97f585d,c_97f585dcfaec184af8819137fcec63ead84a4a05_0.json,439,0.04669689446134129
96aca36,c_96aca3696fc660c01a610e9ba90947b393b1dccb_0.json,440,0.046527787058597725
4741540,c_474154014bc9cc9eff614a3378ce074bc120245e_0.json,441,0.04647929057708866
270ac30,c_270ac30a04d99adb2b6d03a36265cfd71d4aa666_0.json,442,0.04642368657385576
c5e0192,c_c5e0192ca2586126253871b3c2ad6c4b477a24fc_0.json,443,0.04635710780772939
14ac91c,c_14ac91c4a6d86052f0b10922f7e5d312e6e045bf_0.json,444,0.04627578450325931
1266c6c,c_1266c6c1468ee6b6e30e7172be9269c3a81d1102_0.json,445,0.046070004178331736
b038899,c_b0388996eda78c4dc9476f2bfcb290250e929cf4_0.json,446,0.046062760138733894
5b54344,c_5b5434417f760ec2489df1249ffff78fc914abd9_0.json,447,0.0460613301048004
5061219,c_5061219c029664214229a3f646e7f1e6c4471158_0.json,448,0.04602588621122139
946ebd2,c_946ebd29d9d7380e702f2db64f4cf4b4ca1aed2b_0.json,449,0.04575727888730097
8eeff7c,c_8eeff7ca3d62bbfd5fabde2caf2b41608c353453_0.json,450,0.04574177542464952
6944795,c_69447957d60e9eccd172151a82fca9fe770b3f43_0.json,451,0.045726273680640306
01c367f,c_01c367fcd3255399795ef4114b781909860b60ac_0.json,452,0.04536688322967786
3f4fb7e,c_3f4fb7e518ecb9dd434db1f5be9b5124189f2b38_0.json,453,0.04524916364664833
ec08886,c_ec08886e627e695f0cecb35a2216d6b7f2ab0c93_0.json,454,0.045238187325354784
524db83,c_524db83575d968d7b85b61967b3ea84065ecdd0f_0.json,455,0.04522597158681885
ceb6b10,c_ceb6b101b151f29a8fa0d42468ab62ed50085d71_0.json,456,0.045189782209243745
ae1f7da,c_ae1f7da636a3a2b6f717f83da560ecdeb6e4d8a7_0.json,457,0.045128874948667574
ffcf7c6,c_ffcf7c628eeb1c0ee8288bcb84094224a7f9aaf0_0.json,458,0.0449362573533062
87be1d6,c_87be1d66ee69037529e1c6c27cb30e1d713e7c78_0.json,459,0.0448434364123782
f152a37,c_f152a37a5ef8d9e3af5ef8de96fdfa5948805423_0.json,460,0.044793968287292096
de9bb80,c_de9bb803f62d8f5b3ccc352594da45245c3115ee_0.json,461,0.04476158039678646
6e147ea,c_6e147ea0fdc82dbac8b67663c41ed3b52856cc67_0.json,462,0.04467801832567908
411c0e1,c_411c0e106046605e1cab36c694d461a0c9a4eb38_0.json,463,0.044258506014557275
b7ce064,c_b7ce0644a5d5c0b70f08d88757091ce37d405f20_0.json,464,0.04420417474451954
6a20554,c_6a20554d249f518e329edf35dd56223fb74ff970_0.json,465,0.04415419316282754
338c0e3,c_338c0e3370fd11f830d2a3b8346d80965c1f1c3e_0.json,466,0.044124770680584624
5be68dc,c_5be68dc7271c56a1ae0d52f48589436aa6057316_0.json,467,0.04409190839685484
62ed511,c_62ed511aa7fc22a14ffae7a2ae9764f087243f0b_0.json,468,0.04407555278084585
f0635cc,c_f0635cccad5bfdc0fb758a8627b480325dab202f_0.json,469,0.04405650002922168
8b4079f,c_8b4079f1c05eff76bdfa9e6a7d690c27a000fb4f_0.json,470,0.04402092579621675
86760fc,c_86760fcbe0272772949bdbb1caf1fb0f255973be_0.json,471,0.04397798512960038
cd28726,c_cd287265b44edebec85c641769ae5e2a58c28c52_0.json,472,0.04396264918728199
c324f2a,c_c324f2a67663842dc4f53182626d733ceb9203cb_0.json,473,0.04372723026439529
f72ef1d,c_f72ef1d9979a08532cf20b06cea338e93802028d_0.json,474,0.04357674394692024
9b42b08,c_9b42b084cfa5bf577838697823c203471a60dece_0.json,475,0.04350221785651465
97d2927,c_97d2927f9f49b92842dcf8d5babc6d5a73625996_0.json,476,0.04345543729853729
0e33937,c_0e3393706cb8c7a434be62d071d382d06993520a_0.json,477,0.04341391539283468
ab5e536,c_ab5e536c3425a467e2569598a7988ec64ee22d03_0.json,478,0.04338210192164915
fc117cd,c_fc117cd933eeb439f93fa867cd4bf02140ab7ebc_0.json,479,0.04330772916211589
a26102b,c_a26102b3007b34100fbd3ee5e457374f4a7b9140_0.json,480,0.04324984477983074
64cd15e,c_64cd15ef0204374905bbe9cab5f50c5314e55877_0.json,481,0.04324906921592975
95d0cdb,c_95d0cdb517affe71182cd7520b4ddd44dfc69cba_0.json,482,0.04322296386599378
27a6d57,c_27a6d5796806ee2f6344af5ea0187dce94d10aa8_0.json,483,0.04309545409301674
9744adc,c_9744adc0f50cfeee3c68c18cf78e6be4c37d8786_0.json,484,0.04306644140098159
821dadb,c_821dadbbf80dd720906755c4b9d2271583182474_0.json,485,0.04302489613275218
2ad132e,c_2ad132e15621c2ed103da68611cfeec056dd612c_0.json,486,0.04294655835066974
a9d5ea5,c_a9d5ea5845e2f6e892a1a8890f25229e7ede1900_0.json,487,0.04293977952018224
84a2f05,c_84a2f0538cfcb823fd3991760f802faa3828fcf9_0.json,488,0.04293766777996488
d1278f2,c_d1278f24b9b4d42927f087b5de5740e171175717_0.json,489,0.04289460332521
ddd4f84,c_ddd4f84525178a0722ecbc01229d919d11c526f7_0.json,490,0.04280055622500645
864b2f9,c_864b2f95a725373b1e4105d3dd129ae01c1625aa_0.json,491,0.04273497539010207
af64fa5,c_af64fa54a34af3b7ec627b50154501e91af74e91_0.json,492,0.042678593269117604
facc84f,c_facc84fdaa1f1b0d174a0a4f0ad2b03510919290_0.json,493,0.0426034229447827
c38524b,c_c38524bb7f08b6f9ae0cbb290052f2f3835bff49_0.json,494,0.04255087247840439
a08aab3,c_a08aab36af3a1b402dc288fb19b5730ce4ab7e81_0.json,495,0.04253149075003071
a4f863f,c_a4f863f3f7853d6b9e2b9db4b2cd07b0aaee05d2_0.json,496,0.04250860332134199
faba313,c_faba313cd82fc744dc5e9e3b02680d7c823d3196_0.json,497,0.042347593960299745
af5ce58,c_af5ce584e924a96d2f180dbc7555fda890373e16_0.json,498,0.0423177867477994
b8a3272,c_b8a3272c957ca51b3908acfcfa53d9fefb2fb764_0.json,499,0.04216916285063854
043a738,c_043a7387829ebda76a20b87a072b5f4102c27358_0.json,500,0.0421206148274611
e0562b3,c_e0562b33ac5e78b8b28dd758456633ee23239055_0.json,501,0.0421113484758906
84dc6cb,c_84dc6cb0f018c0a1747a55bbefffc0955f0e8bc0_0.json,502,0.04207440732396006
0d04f2d,c_0d04f2d83c5e9b8a3ba0be7ae6c3aff61493586a_0.json,503,0.04198112915532015
d911aeb,c_d911aeb8148020e2babc57aa27526e8454f90ba1_0.json,504,0.04190121452798712
5f70a38,c_5f70a382f2a2850e47230b9b5259d5971b651821_0.json,505,0.041863750078203865
53618a2,c_53618a20ee595ec4e49967426aaa5019e636d79b_0.json,506,0.041798214852315385
4ffb5b6,c_4ffb5b670195e96dd6bc5922976cd8d894e4fd29_0.json,507,0.04175220222441667
5579355,c_5579355522a2c4994a06fb1b19f54eb530c2fd39_0.json,508,0.04174408167223387
4d79ace,c_4d79ace580fcd65afb53a2e5d40a9b5bfc3ea13d_0.json,509,0.04173919391126635
dd62731,c_dd62731413715544de51f2021616369145eb8d54_0.json,510,0.04147389451861061
cbf7a76,c_cbf7a76a60aa2d1738319e0dc326bc66610b6eb1_0.json,511,0.04146624657804454
af6ad93,c_af6ad93f53cc7ee8406d670098afc43663b2594a_0.json,512,0.04140084218203888
6bf80e9,c_6bf80e9dc5ed08cff53506722e88190a1085e430_0.json,513,0.04138535150110745
1e909e6,c_1e909e651892ec5b8a5be85effd22b29ae262855_0.json,514,0.04134636030522121
214abbc,c_214abbce3b19d4ab58caed896b919bee8b469ee1_0.json,515,0.04128992221847172
1cebc91,c_1cebc91a4cfb528d763010f034af1ecdf1fe9998_0.json,516,0.041279160083402267
70eb423,c_70eb42361cf54a7374eaf6d174291f56ce3753b2_0.json,517,0.04124178944310719
d598417,c_d598417506ccc4c7c217ff77ef3629b0f452129b_0.json,518,0.041236664318032634
cbb8222,c_cbb8222e28576dd6b617c990ab8bbc8524787d8b_0.json,519,0.041225962303702124
0711c33,c_0711c33809549adb70563f5b806c43c385d7de4e_0.json,520,0.041215217060897036
fd89f20,c_fd89f2059651d83dff23060b48ec8380f1695da4_0.json,521,0.04119920614522987
11d347c,c_11d347cce06a5c02b22a17b1281be6008f7173da_0.json,522,0.04106679613030573
a4776f3,c_a4776f33ca73b244f3b84cc3d9d70da30e6fdd7a_0.json,523,0.04106455287720845
c2c2ffa,c_c2c2ffafb0ad88f8d07c76a5a15f719a5500054b_0.json,524,0.040947472797674966
031fa14,c_031fa1436b2afafc1fbd498c5f9929c46c4cd4fe_0.json,525,0.04089272262124499
bc20353,c_bc20353b4465152555b8bf17105e830874d4c0d0_0.json,526,0.04076632327631169
11a540b,c_11a540bcf9dcf08b238917e4fd0fb843c34f1f56_0.json,527,0.04072201728483371
25ab412,c_25ab412c2ecc4a21f9e92e5c1ba28239f5c11ecf_0.json,528,0.0406951288837587
a6a087b,c_a6a087bdd2cfbb9a5703212a50bf0c6cccb7f5fa_0.json,529,0.04060976171064423
5543e94,c_5543e942d357ae0e32c167544d0c2fc82e6bbd2f_0.json,530,0.04055056397256207
49b8c60,c_49b8c603ef302a4b8d44070e9649770f6afe655d_0.json,531,0.040489161476745306
c294491,c_c294491df7c4844c389c8dbf6a406a362c0d0a7b_0.json,532,0.04046075264404647
0594829,c_0594829d67a2bbd3f2e098ae65c44a2155376c71_0.json,533,0.04040551654485891
8151ee5,c_8151ee57fded437dfec53444405e317832bdd1c5_0.json,534,0.04024630251962935
1ef25ab,c_1ef25ab196a42c7d9facc2046fa7ebde287057b1_0.json,535,0.040205564477068356
9d4c326,c_9d4c32696ccc6487ff87dafe36f205a37be606d1_0.json,536,0.04016658728531364
aeb704e,c_aeb704e50b7479f5eafd277022a96ec58950f9d3_0.json,537,0.04014216265893411
4f97a4a,c_4f97a4aa2481f82892637fd7c41a59d1ea5592a3_0.json,538,0.03998352717585918
36f1337,c_36f133783c0d2fbfa30b985c65e4d1c444b6aff5_0.json,539,0.039912781512249196
a15a65b,c_a15a65b0b7478c6631e61908d2c8662febc94147_0.json,540,0.03991124669045343
2538629,c_2538629ed2c415e76310e85abdbc6f4377e87c7a_0.json,541,0.03984929329902609
93e486f,c_93e486ffe6bfdcbb110a62198a6a3bc78943aec7_0.json,542,0.03981432034446675
fe44be5,c_fe44be595ffc4dd336afb63685fa97457c48b2d2_0.json,543,0.03980525937432278
2378917,c_23789171ab4702d68235d5a6fc2a28a1ea2209cc_0.json,544,0.03975747609932323
3f51e9d,c_3f51e9dc724af73ba9915d6405ecbbc0229f646e_0.json,545,0.03963094368495468
d2b4ea3,c_d2b4ea34f7ab380edf95264bd8a32d4174d0ba3f_0.json,546,0.039543174334433884
f856011,c_f8560117a7955d701cac509f784eb396e4343b7f_0.json,547,0.039518130183592404
62b5990,c_62b59904cf9386a77b1eeb3da082cc9ae02aeb11_0.json,548,0.03939331267594326
7d56aeb,c_7d56aeb2147b6e5340441fdb8a843c09ac79a834_0.json,549,0.03938811240792783
6fb311d,c_6fb311d431b2918c39cccce93c0425f36ef87a39_0.json,550,0.039354317524895155
879068f,c_879068feedf160748808c92b3280fe58fb78174d_0.json,551,0.039223372262565004
61f0f16,c_61f0f1640387a5e07a4904aa6adec9363ec5e2fc_0.json,552,0.039017681509703195
f93aa99,c_f93aa9970a20d53e5db92196a4716b4550cb3042_0.json,553,0.038945830656432756
8c1a7f9,c_8c1a7f9b0653a367ac61ca7d9619e2cbc55e8cda_0.json,554,0.038941987436628356
7e8976d,c_7e8976d60b8a24f9fc03f89d98304d77e6153b6d_0.json,555,0.03893874197680214
2284c4b,c_2284c4be8b2363fd397234bf6262440f363d5f3e_0.json,556,0.03887194436705799
fd31e94,c_fd31e942099374ee442a6cf7c0100adb6e8b7c96_0.json,557,0.038791770703587636
8586142,c_858614283806bda64e02e26be699799445f860b6_0.json,558,0.03879022356361317
c7e5eb8,c_c7e5eb82e465d681792992ae900f8bb5660445c7_0.json,559,0.03875750658903443
01928b3,c_01928b3fa3f6a3228f4603809eb92e0f3a189c21_0.json,560,0.03873975657866613
74220b5,c_74220b50d032a80a2fcd9f2ee7c2940377f0a15c_0.json,561,0.03872081048710063
ead6f5b,c_ead6f5bafeb92929f78e4cf150c42c544ea41a27_0.json,562,0.03870329550410678
db71a39,c_db71a39c13bedfca98195f53b5971b08bc833e19_0.json,563,0.038620031637433105
78c1461,c_78c146100c9ba7f0454769e42e60ef7b523b572c_0.json,564,0.038490671257768394
e2668e7,c_e2668e7b1ab8276c1e816365d76a6b4135d10be1_0.json,565,0.038341466638884936
9683ff3,c_9683ff3d63b63f72d65cce9965e0b8b119a59901_0.json,566,0.03833696017492905
03e0815,c_03e0815659eab169c4cbbf33a67d2a09aadb8dc1_0.json,567,0.03830295974232212
56472bd,c_56472bdd6b459049063640fb7ee2ef5960c57f4f_0.json,568,0.0381550878039304
2efffe3,c_2efffe393caf942f01f72698d5abb3734b37c373_0.json,569,0.0380233339948699
6ed8e57,c_6ed8e576c4e13ac3ea05a3c5422236ea3affb799_0.json,570,0.03801859652757633
a7c44d4,c_a7c44d4430038c191666db76bd9247af573c1bdb_0.json,571,0.03793547493149141
de75020,c_de7502030b5ec6fa22d3b463065b3dfc1aab8248_0.json,572,0.037930482019532086
2928b56,c_2928b56b7569fa0688399c8481447c7d6e71b98b_0.json,573,0.03792645873560374
193e4d8,c_193e4d8420c3f5718ce67d67e85827e5f5895f77_0.json,574,0.03792042469391854
234d0b3,c_234d0b3c29f5e88492244e6408569aee3036168c_0.json,575,0.037909242302543555
0f1efc3,c_0f1efc3016187bcf24224bf1ed7199bce290fbaa_0.json,576,0.037907055370410614
8f7f907,c_8f7f90712dc565ca29bbd21c1cfacdd9eb4d44ff_0.json,577,0.03788236175161419
1463c01,c_1463c01840c5738bd4daa1e50640d71b3ae751c3_0.json,578,0.03785154241063149
5db3e6d,c_5db3e6dbf804bc4c44d24edfc85fa5c15baa391a_0.json,579,0.03781463749591285
703f966,c_703f966c5b4c156b8f62c002c4c0667d3830968c_0.json,580,0.03778111859957933
ff43505,c_ff435051c68c8d36cc52d815462b387181f3cd2a_0.json,581,0.03777304285559646
43fb280,c_43fb280f44aa530783c43eec3f4b38ae80401697_0.json,582,0.03776158889807868
650f788,c_650f78826a520dfa02288ac34671ba0f635d41bf_0.json,583,0.03760735245588731
95a2626,c_95a2626a68d7dfb73560e4b08ecb6896274bf445_0.json,584,0.0375349726169677
c93f9d6,c_c93f9d6bd700c6b3528620c65d5818cc1fd27ab1_0.json,585,0.03739712979379317
77cc89d,c_77cc89d406162519a77014f18307c9a0e0280f77_0.json,586,0.037377354870543056
14ac318,c_14ac318b5e50c15984ba1b343cf2647b5758b202_0.json,587,0.03731982879884066
87400e6,c_87400e67bcf5ed90dc30a69a1c8ebc457a757aac_0.json,588,0.0372837536460322
f2d2e4a,c_f2d2e4a08fa148041ba7d2f922d0a157454aff04_0.json,589,0.03722739139053044
48801ed,c_48801ed820438da8eb9553e90364c178242a2906_0.json,590,0.03716908784331063
f8be419,c_f8be419043f745df0a9d2a083a81defd035d448b_0.json,591,0.03713416726739405
f4cf865,c_f4cf865b7c10a52892473eadb1620ab5b78157b4_0.json,592,0.03712820247706794
b71aa7f,c_b71aa7f7d93b873db15fc577a5223b0b7fd709dd_0.json,593,0.037120579514863694
01fe819,c_01fe819783b39df49e8b9134d05f45dd2ff43776_0.json,594,0.03709286592288963
bf7d900,c_bf7d900840f36dbd06253489d7670349e94a8def_0.json,595,0.037090415119438336
03cc91f,c_03cc91fce7686403b85bb05a5e242dae00c6a326_0.json,596,0.03700797558295954
738127e,c_738127eaeda8b7ec3290c813ca65ad1afa67eaa0_0.json,597,0.036950376806976215
50c7c13,c_50c7c13f1c31583dd29bcf55d514d3dd60f0f07c_0.json,598,0.036759736503092943
8a55bb1,c_8a55bb183bd95b2eda6f31d467783e037d6113f5_0.json,599,0.036706692900356
e64300b,c_e64300bea6f122a1253ba318a91db7c1c136f159_0.json,600,0.03669885847223664
9446bb1,c_9446bb16086c3873320992d90a9fe2200e6cc89c_0.json,601,0.03655031356804139
30c4fa4,c_30c4fa45e2dd1bf5c0136be21e39d6a93dfcb347_0.json,602,0.03639092473593675
52938c9,c_52938c9eb315e0974c1717ea5e8fcbc89accb693_0.json,603,0.03637991145259256
946a2d8,c_946a2d8e0e9cf9d207ed7c5d5aea6e84ca4eeece_0.json,604,0.03636748171851423
b130481,c_b130481cb2793879ba2d8ca5b119736d756a19a0_0.json,605,0.036322862451875326
0bedaae,c_0bedaaebf88001d27d49ffa19ea3b234f496d88f_0.json,606,0.036286945590527364
e719209,c_e719209d3205f386ed156e73e21a16af68fd9906_0.json,607,0.03623018770146558
c55b1ba,c_c55b1bad98a1d2f558dafdf80154c6771bf89e48_0.json,608,0.03617575226799352
704f45e,c_704f45e9346848b19560b08ed62b896dd4d0df44_0.json,609,0.036141483999757806
ac290ac,c_ac290ac7ef484681692c530d5fa9c6d8f1d2f933_0.json,610,0.036133589960541834
9839566,c_9839566cf0eb6d299a61d6354522d6f65ab83af3_0.json,611,0.036030067530764986
865a748,c_865a748ef41fb2411bb727a0228c1dd655c41a50_0.json,612,0.03597773195047249
86b7190,c_86b7190ce0359acf0d0022c0c81162f2984d7bdc_0.json,613,0.03584612210115845
5131dbf,c_5131dbf488bc123578c1a7fc977860abd1df9d48_0.json,614,0.035836129631061975
d9bbb21,c_d9bbb21458555d6ac90667382bbbe9f20338c6d2_0.json,615,0.03583194717981031
d124f39,c_d124f390719b54407d69dea2b6ee35a31fdbfaf2_0.json,616,0.035825970807429997
9578528,c_95785288ff0c380b0f0520b2055b0ad5aacf3df3_0.json,617,0.03578344839770664
56a8f13,c_56a8f137f16fd7fac63cdc32a09ef9fa43554398_0.json,618,0.03577605998025535
a7fb196,c_a7fb1967312a783231307048122e74003dc25554_0.json,619,0.03565017017288352
8f6ab5f,c_8f6ab5fc92d6196416cab56f780c9efb63f0b491_0.json,620,0.035555404227068044
f94d244,c_f94d244c688f97da0391cfef2f427581dca826b7_0.json,621,0.035541502302075756
beca09f,c_beca09f1f9bde257177f26d1414ce0444f1ee8fe_0.json,622,0.035509287274720136
48ef0f3,c_48ef0f31c287f79498cfdad2e01bdb2c37db3615_0.json,623,0.03549914044723834
ce0bb7f,c_ce0bb7fd747c904e46fd6ab4dd36f1b2fb9aa762_0.json,624,0.03543208356218863
87d6493,c_87d6493cb8981d4404f3961e00e1e5f32a8683a5_0.json,625,0.03537781441994714
d3015ae,c_d3015ae73bfbf0ee970199cd6a1e073fbfd9c7ef_0.json,626,0.03536873017528852
3b008e5,c_3b008e5106799fc098c3bb25035673e72025e781_0.json,627,0.03533757173502494
87f9e96,c_87f9e96e744b1e05b1ba10203258e5f0152c0b46_0.json,628,0.035314018078658305
2a41c12,c_2a41c12c95bb41f7b07a270927b27f3bc5098621_0.json,629,0.03531266017004531
acbec15,c_acbec152e96b08491313903d00aea079ec7259c1_0.json,630,0.035275095756373887
2e947c8,c_2e947c8ae668441b3bf76df717250ad33eb7b0ac_0.json,631,0.0352484631043819
f6e6f60,c_f6e6f605361d90efce738c3c09f80bde460ff73f_0.json,632,0.035215037439581764
1818937,c_18189371b0b80131c78e4849c916d0da96c8d572_0.json,633,0.035096197326911494
f8fcbba,c_f8fcbbaa96198a5d24ff5db4413f8d1f0ebf0c41_0.json,634,0.035076292355008976
f64425b,c_f64425b293fe12117cdfb3eab20f776d51f1c246_0.json,635,0.03504302815589899
d52b318,c_d52b3183967ff943d32e6d15db0be0052160829c_0.json,636,0.034988463590877594
04a8618,c_04a8618e203df33d3e1fc4b75391f64be6ec32c5_0.json,637,0.034925369233119286
1c40051,c_1c40051488eaf0813210158d9e67aaa5d11d8472_0.json,638,0.03492014455294168
43c7761,c_43c776192fcefe13bcc3bf321d0e30f8b03dc393_0.json,639,0.034902257402105064
6400026,c_6400026ca238c10b5864f278777745851ba0e4c0_0.json,640,0.03485853241506931
b06d5bf,c_b06d5bf2f92c993c77ac57da63d12c960413cb63_0.json,641,0.034843161686535784
bb6e3a1,c_bb6e3a14ae6e5dd4c77dfc7d3cbf5b609109b115_0.json,642,0.03483297304080002
c113100,c_c113100488f9aa50dfcef3877a10a7582b6159ed_0.json,643,0.03478495281143179
ff6746b,c_ff6746bae21b96d0c5578ec146efd40300d62a16_0.json,644,0.034784823988456726
8588458,c_858845811114005c9b2e05581548d1380f3da158_0.json,645,0.0347679985538043
5c9b146,c_5c9b14650e86240d59c5f577414cf12eef0c04c8_0.json,646,0.034761999202782556
3b88c21,c_3b88c21b056433cb22a370f76a8cdac5065f2c03_0.json,647,0.03475829911753836
88f3909,c_88f3909b4e00cd8d1ec3e367fd5df3929d112487_0.json,648,0.03474045690606853
83b8b8d,c_83b8b8db59d293c1cdcb434318c4e32db5ae53cd_0.json,649,0.03469359351818624
ba89726,c_ba897265c23ce959ba5e20065e3935f5b5f5d8c7_0.json,650,0.03461165796088539
eb086b2,c_eb086b2448a5e45aef0e6228eb3680e9f4e89deb_0.json,651,0.03451232666399917
ff97f21,c_ff97f21e342559f2e95e70a9d193c70e001e2472_0.json,652,0.03447688816318084
77dfa63,c_77dfa63dc66aec684e9ef8dc5dee4d110dae16fc_0.json,653,0.03444452761841532
4ebff63,c_4ebff6333591725efb070714e9c10ece57eebd5a_0.json,654,0.03443630411968668
887b279,c_887b2792c113e90c9bee7f9381efb9f7aae0ccbe_0.json,655,0.03440230389705978
5b79fab,c_5b79faba967dd1b5a7803898b171c0add756c244_0.json,656,0.03428529993389917
2762c7a,c_2762c7a7556c0a4f7bf650853867712ca4bd2596_0.json,657,0.03418536283273932
78d4c8f,c_78d4c8fb46bc247d43c704c76a06f74d90833f0a_0.json,658,0.034162183879037356
2f5f6c7,c_2f5f6c7980d344c811212272c63dd102d2d8407b_0.json,659,0.03409403900675867
fb733bd,c_fb733bd1f81242d3e93e711aebe7fe60e6f5f8ad_0.json,660,0.03406722263110651
c457c16,c_c457c16118205e764d350d5947c0a5ae34083b74_0.json,661,0.033994869212721324
a630e44,c_a630e446cfd9d3c7c784c4cf959b5dd05faa4e27_0.json,662,0.0338769101342431
dac41d3,c_dac41d3cd35628bb0534de01f25dd0f2ca255f0b_0.json,663,0.033872085875828795
646484e,c_646484e571f0724fa88a1bcd4d999c649a7da62f_0.json,664,0.03385604545348153
1c184cc,c_1c184cce9eed73bf9ebed9ed4671197ebcc7bedc_0.json,665,0.03381191343589862
0a32c2d,c_0a32c2d422e220f92b63a0ac027ffe4ecf866c20_0.json,666,0.03371665261084156
3814b58,c_3814b58ddc878ad45f72196ee018e3103c1af37e_0.json,667,0.033711584925749216
bc22786,c_bc22786f3ec98bfe16bb16710069aeb7895965aa_0.json,668,0.03362609877517886
9a554c0,c_9a554c087e66955c2f3fc4b6f9309ddb1ae18083_0.json,669,0.033613242252211406
823449d,c_823449d5abfa32f05b17756b29e4a53390d84fd7_0.json,670,0.03360676841481114
926b64c,c_926b64cdf2fd573f3c6ea4f684061050f5f9e60e_0.json,671,0.03359667871346339
58911f7,c_58911f780a3ccb89818cb8b52d24f23b44e197e0_0.json,672,0.03357885242059988
a97291d,c_a97291db617c65c90564618ca4cdca91ed07db53_0.json,673,0.03357347695828927
9266c1d,c_9266c1d26c92296f852c22fce85192ceb29a094a_0.json,674,0.03349110750651518
c214969,c_c21496975943dc9cfd65d7f6dd6e2aeb4d42d147_0.json,675,0.033459796090641536
4580474,c_458047448497319460650a6e7d5f0d2120c107c5_0.json,676,0.03345138906712253
61338c7,c_61338c75c585f8142ff80c05bac72c1e9c69fd98_0.json,677,0.03327029118515068
468dc65,c_468dc65995d8993a9a1e7608dde4cc5eae81dbb4_0.json,678,0.033268146916762165
eed5cea,c_eed5cea0d63ad8c0ee5e07425af2f96ffa8117b2_0.json,679,0.03322686124837371
3ddca6d,c_3ddca6d4a369977b59bf9adf53c95f11e2b4c34d_0.json,680,0.03320188252303058
721a098,c_721a098add2800ffb138b65992fecec618f198f2_0.json,681,0.033161911641389374
b54f848,c_b54f848cb94c43a317c67cfe0c67ff83a1af2693_0.json,682,0.03314676208004508
05121dd,c_05121ddadb515b4f03f0e992914095eb03a0f199_0.json,683,0.03312707363100276
b57861a,c_b57861aac3d6c1cae5f33ecb1bf610fcbe8c0634_0.json,684,0.03311935924148601
1cb234d,c_1cb234de425088a5bad9e73be2ba51dfca0acf58_0.json,685,0.033046817844723186
296cf9f,c_296cf9fb940c094ce29ff6061ea5ff5cac4d23c0_0.json,686,0.03299354106898822
d7158c7,c_d7158c74a7d538e1bcd31ab906cf0ea9d0add161_0.json,687,0.032920220571645675
0039c00,c_0039c00bf112d8004cbec6c6d8ffae3c2c7aef39_0.json,688,0.03291116969369834
6b3812d,c_6b3812db629a3d3ebe6bf33be7a50958ec034532_0.json,689,0.0328790192628301
ec96b03,c_ec96b03181b6faf2f1fd14664e3ed2842b74d37f_0.json,690,0.03274973872047593
1a7d766,c_1a7d766e9df8c1a448730dfdbd42b8bf05b6c248_0.json,691,0.03274915076618967
0a657fc,c_0a657fc3da54d541f0e97aae76bca5b34ae185d8_0.json,692,0.032590333469129096
948055e,c_948055e6cbb48dba99e57fb1bb483c405371c749_0.json,693,0.032512865914699596
01d0e52,c_01d0e52f9c878f3cc811195aa4f7987b4036f6a8_0.json,694,0.03248030556341186
3671956,c_36719568529d0200e9b273179ca655e24fe04054_0.json,695,0.032455070838781186
3c3cec1,c_3c3cec109a3077316a6f04fd924effa15bcdf1dc_0.json,696,0.03243654600855339
d23b22c,c_d23b22c78078ee7468e797e80188ae9508c0eee0_0.json,697,0.032356106573733445
4dcba82,c_4dcba82f4fce40bf0ad7a74ade88e59e99252a49_0.json,698,0.03234925106437525
f8f09e8,c_f8f09e8a6a949d4df00c9111cd1490a7eb7e5887_0.json,699,0.032261544905198614
11ff5aa,c_11ff5aa662b11ecdafe9c7d128f6e2211a234be3_0.json,700,0.03225385121920121
5085097,c_5085097aa2cab15472403ed5da10c72050014cbf_0.json,701,0.032222847874560756
ed2a8da,c_ed2a8da1bf10db5cb3c7701b60accd0165dc2e10_0.json,702,0.03221366581697083
7c75a62,c_7c75a626a479254ab270d9e5febec244343dd8fa_0.json,703,0.032171211857252024
e103dd6,c_e103dd6b31855283e94022588a403ecd18ae2765_0.json,704,0.03215728516676675
8df113c,c_8df113cc1cf9519c16a689bb9a69c3b982138665_0.json,705,0.03213169717981823
a76a3fc,c_a76a3fc75bdab7cecf9198f1d6dea42bd0fae94c_0.json,706,0.03203172920915176
a0dee62,c_a0dee62d950e3f8c3d590947b41ba60f0775d540_0.json,707,0.03202794739832582
17427ce,c_17427ce202daefdf3156e377c219e61ee8811f6e_0.json,708,0.031995217293465994
87ea5b3,c_87ea5b31fffed5eec72593130df81e49b0401bf2_0.json,709,0.03197930024291973
dcbb82d,c_dcbb82d1f822dc0cafd0097032c3cb01578c500c_0.json,710,0.031942603874592024
4a3781f,c_4a3781fb888da27d9e90f37815829285897b2327_0.json,711,0.03184103493331092
8512b60,c_8512b60653c005d5cd5342f153ee22d075402d97_0.json,712,0.03183018014011263
7eba6af,c_7eba6afba9a9e1c934985a494725f9470d34c9ec_0.json,713,0.03181033320359328
a2a93b7,c_a2a93b789109c8ce8198f2450b295006783c50ea_0.json,714,0.03175566359812665
e5787fd,c_e5787fd21e14b729b6e2bca7571550305c66b74c_0.json,715,0.031710981667413485
8e7826d,c_8e7826db74c6a38d98ca4f53cc3a203ee10066dd_0.json,716,0.03169924802773216
b4773cd,c_b4773cdc5e18649171d7e790fcbf16e86357cceb_0.json,717,0.03169416877230258
a1a080c,c_a1a080c563e7b6bedda93d203dea5734bb5a3231_0.json,718,0.03167935692392132
c819f05,c_c819f05ac946cc1c274c0d5bf461e57fd644d1c4_0.json,719,0.03167802021969668
32d7fbb,c_32d7fbb31803df3de2640ce48b2a5109c1e4fc11_0.json,720,0.031618403986289345
fa366ea,c_fa366ea0e6ee4e9ee2be369f3a72076962924b53_0.json,721,0.0315549304706112
97dfb3a,c_97dfb3a031f9f5ec3e8d0ec49f0cc2c322f70ffc_0.json,722,0.03154554347314875
67940fb,c_67940fb712d06dc69fe3cb6f4a36445aeeeb999a_0.json,723,0.0315309475369725
b94fc5b,c_b94fc5b4350c8f1db7b8a2c8f826f4a05aa4bf9b_0.json,724,0.03146923356492193
11e459e,c_11e459ebc97e1c186b90c1c0e967dd5a59f1ed9e_0.json,725,0.0314624627078286
e8aca55,c_e8aca5508220e121ad981010f46eefeac3b3416f_0.json,726,0.03145047162904313
8add357,c_8add3578cdb821555fcdda9e20e75c950cfdbbc6_0.json,727,0.03141402978695018
e81aef9,c_e81aef99b188765038bf2caf1472ce55ca335d7a_0.json,728,0.0313695213234052
0bbcd62,c_0bbcd622176e9ea862c3394b06bd25947611547c_0.json,729,0.031265217796951794
0fa987c,c_0fa987c44d2216125e1f4e99a86eff872c8c826e_0.json,730,0.03114722943261028
997f650,c_997f6505f3a009e387334cac8bef695fef9b654b_0.json,731,0.0311041214300235
549e782,c_549e7825ea6ac06fc2cc0878437955f4157ef79e_0.json,732,0.03103144535638347
bdc564a,c_bdc564a6b3cccafc549a96b63664aa7e09e45cb5_0.json,733,0.030987138178974805
98bd2a6,c_98bd2a6aa1625dd4b33d8ce5ea0c28d324c1c2ad_0.json,734,0.03095778043110442
f08f203,c_f08f203b92fae7018df069398b3c5f4ab773b62a_0.json,735,0.030895667198066357
2c29255,c_2c29255e1ddfc7d34bb7175a680483413059803a_0.json,736,0.03087185302237816
dfea1e9,c_dfea1e9d3d528d9999c4a7ac083e061e4e26073b_0.json,737,0.03084948591128267
7bb3e3c,c_7bb3e3cb931a997637cabc3901f0329b10820e03_0.json,738,0.030846040468659575
4141d99,c_4141d990c5c6e0d1e935ae512b2026965de6536e_0.json,739,0.030837385140236706
afd4015,c_afd4015ce78b5144d0994ff12e2b32e0fec23273_0.json,740,0.030831192329918933
b2ecd0d,c_b2ecd0deb3f979af99e46c77faec9d03580214c6_0.json,741,0.03082995621355733
2561da0,c_2561da0544ad16a26038a4a8603c9956faf7bc3a_0.json,742,0.030671709234100675
fe4c1ff,c_fe4c1ff4532a8e43f04347013efb665c7c37697b_0.json,743,0.030645170553037615
d696dcf,c_d696dcfd661661de3e1f63ceb8806a2ee97f7e32_0.json,744,0.03057715619299095
e651a80,c_e651a80eaa4360e535d1d370fb3b4d91f7e4e48b_0.json,745,0.030571755051855276
375546a,c_375546af5e4a07b800c32b3030c4a805b1c8bd55_0.json,746,0.030541916670363767
ee5daa6,c_ee5daa65616cb4383f89dd8fff69c781f75aa93a_0.json,747,0.030524039614909904
d2b38e0,c_d2b38e02c0a70557d3e0401314940462ad51a9fa_0.json,748,0.030462272159983428
3b03ea3,c_3b03ea302b0470ab99b36c1e9480fe32c3da9ef0_0.json,749,0.030456555788133555
4f5b078,c_4f5b07868ea08a2e876d112ea3f101f14ec7828a_0.json,750,0.030445430447057165
aec7c77,c_aec7c77001bfb175d84ef6afd1db5aaa8468a1d4_0.json,751,0.03041914759960862
a1ddbe1,c_a1ddbe101dd17612dcf4a4d3dc0c0ee7370c4cf9_0.json,752,0.030350559011731004
bab4622,c_bab4622b13ae8fdc5dc23acedcabeb7357dc40ff_0.json,753,0.030288969843763502
a17072f,c_a17072f4711ba3ef462412de65f312a81548688c_0.json,754,0.030121358834145462
14742cd,c_14742cd0d1c0aa4a43088c2b1b8be1b34ace55c3_0.json,755,0.030116991285391803
7df3718,c_7df371827dbb1a13765b5c585b47853afe3353b6_0.json,757,0.030087389627217687
c4518b0,c_c4518b02a4a83791abda11f65dc94f6ca8d9647f_0.json,757,0.030087389627217687
e76ebcc,c_e76ebcc64c57c76a539181818579221d1fcc017d_0.json,758,0.03003156139625973
0d83c03,c_0d83c03e1ea1059614c779c6a9d7951e01fa3258_0.json,759,0.030013806213549543
2ae0840,c_2ae084046bae5df798835a92005c6f39d754639a_0.json,760,0.030012440075415037
3030be8,c_3030be852448cfdd5021e54a071427b2cf53577d_0.json,761,0.029994753073622538
252e035,c_252e0350e72e7039900fc14603f540237b584030_0.json,762,0.029924272948659403
064df51,c_064df51dc525c5f91abcd0e3d515a9cb6a496964_0.json,763,0.029924191928611177
8a3e67f,c_8a3e67f0355d81cd4d077123b5de6c24483438df_0.json,764,0.02989011087153104
dc49082,c_dc4908281b51509dc8b657906c72fb7426890185_0.json,765,0.029840094707227927
63ab3ec,c_63ab3ece1b17a371aa265574dd79ee7104b46921_0.json,766,0.02982461208513454
2afbfc6,c_2afbfc65273076617483302168bfe1da450bf488_0.json,767,0.029813171454263987
b14a198,c_b14a198b0a7930aa1d3e23e56cf3b12dff33fe13_0.json,768,0.029775212875798984
282d157,c_282d157569af65d054800094cbc3b3f77787174d_0.json,769,0.029746225614402988
968ff83,c_968ff83e7c8a19860a15fec6d0090f2c324dbee2_0.json,770,0.029737018173063068
64532dd,c_64532dd695661eda96526983e925acfb1f293e37_0.json,771,0.02969658769312733
a003826,c_a003826b41854d82974b03759117b298176bd829_0.json,772,0.029684098816491145
599fe9a,c_599fe9aa55b039b8eb6953e1ec1b607f9631b177_0.json,773,0.029682575865646044
8b070b8,c_8b070b8b22a00b7969a68317ea0f2409e06ec2ea_0.json,774,0.029670397900368517
c95f755,c_c95f75522f74c3a9c46bb758cac973343e6fcc46_0.json,775,0.029669788284497955
2f94a81,c_2f94a814dc01ae392768afb8110b2b55169ed69f_0.json,776,0.029639920941476605
412c960,c_412c9606904180148afe5e108600704be1b1959c_0.json,777,0.029631269202009203
f4db999,c_f4db999b156632c1531b4f1ead6d86cef548f093_0.json,778,0.02960768414175241
043babf,c_043babf502ddf5a8fa731cb6b3a56814c14952a1_0.json,779,0.029574519453543835
6448fb3,c_6448fb3f0d8f207b4b43bd1d348eb672439b0591_0.json,780,0.029472479249116557
13207a8,c_13207a88a64ded4240aa19c42351e613aadb3ad1_0.json,781,0.029456391242223545
3c7aaba,c_3c7aaba11d6e00cbd2aa902982567ac4dbb332d2_0.json,782,0.02944566861016573
0d653d0,c_0d653d091e216bcdc22be99630151b4487debaa5_0.json,783,0.02941884922660698
868093f,c_868093fcfa8c8ba21dafe9313063a3f8408fb789_0.json,784,0.029398654075632802
8fa6739,c_8fa67393e9a3180892583159ac785560162911ae_0.json,785,0.02939591769552885
7d3fb5b,c_7d3fb5b92f2540ec90d659241423364b3e527978_0.json,786,0.029384030454143284
385b585,c_385b5850ce62df3957b600841df8954bea593086_0.json,787,0.02937367560902371
0fdd78f,c_0fdd78fc2a51ce8e18a1926416aaa7ed21743511_0.json,788,0.029318870760281168
b9a6c33,c_b9a6c331326a501525a4aff41c9213cb34dc2343_0.json,789,0.029283013723312656
7ed725a,c_7ed725a1521d9c4ef5909940c6290608882589fc_0.json,790,0.02922502483631384
0aae2f8,c_0aae2f8d8eab5cb0507feacf5cf34c46d38e83fd_0.json,791,0.029201164545688107
e0b16bc,c_e0b16bcef80843c932e7216941c76ba40586cae8_0.json,792,0.029179097165126122
b784f66,c_b784f661052296b40e444e2f1b3b8d8c7a37c9af_0.json,793,0.02910156878457726
73f7084,c_73f7084421e8751f75491d18273dfc4e46ee0611_0.json,794,0.029062818942230728
dae4912,c_dae4912332364aa42bedc3ef490d4ee4936b76ff_0.json,795,0.029043693396060055
10054b9,c_10054b995ef0326cbb2fea6fbe5c752461f8d200_0.json,796,0.02903107882744116
59be54b,c_59be54b3889cca970edb209c4fc84d977eb84fae_0.json,797,0.029019977558714882
fc63349,c_fc633490cbcbbeae5e3f70d52cecc98015e19ff9_0.json,798,0.02899180330938045
a8a822a,c_a8a822a80e3fd91fd2fb61d088e8666869a8fd52_0.json,799,0.028914304740722763
6a8eb44,c_6a8eb444afab305867c0862bc4ff762a113667ce_0.json,800,0.028911149225943955
d6eb8d7,c_d6eb8d763cf7db6b7215138aae5908c8f716e2b4_0.json,801,0.02889198549717098
f1a6011,c_f1a60110881b14454e92b57061f4c1152677d062_0.json,802,0.028875649475732623
7aea0fb,c_7aea0fb0fa3668dc59d924731064fc144f633df6_0.json,803,0.028873400882496902
e519e8f,c_e519e8f30b6a54a0d04520b3e53f7ff8de4f96ee_0.json,804,0.028872311444803178
bdcb363,c_bdcb363d27059fc535665b8f371648f9b3b8ee97_0.json,805,0.028842693452247548
f03e83e,c_f03e83e74e8a723fd8c8fffc84cc7faaf9494ab4_0.json,806,0.028834774972446353
eaadf9d,c_eaadf9dcebcd9034f5a196bd3599becb429f55e9_0.json,807,0.028828294422875045
d7987f1,c_d7987f1cf84698ce67a7ac181d91d7f82329719a_0.json,808,0.028811055914616523
3baa467,c_3baa467839f29060adcf24de540ee371b1cf4617_0.json,809,0.028807826862903507
2cb189e,c_2cb189ef3bb4a6b4c4904ab254059fbe13a9e9d9_0.json,810,0.02868101397575573
da19f43,c_da19f4395e9d5a11180b7af351025992b4975d75_0.json,811,0.028680482193130907
8b648e0,c_8b648e0f32fcd99f81b5a781eece2c54b9b50627_0.json,812,0.028673814271713782
6f799cf,c_6f799cf8a9e05380760cec6d95e3e2fcbf133924_0.json,813,0.028665121095660218
0a0420b,c_0a0420b1a4e230d057592445accbc8e7700ddbbd_0.json,814,0.02866278777416653
2c7a80a,c_2c7a80af4b48d3143670aebaaf8c951664d7de6f_0.json,815,0.02865138793897004
18663ae,c_18663ae642cd680cae91b0b79a020c9362f75ffd_0.json,816,0.02863008820839319
17bbdca,c_17bbdca93009674b9d29e2b9c807febfa6e8bfff_0.json,817,0.02861482005363669
d163c2f,c_d163c2f340268a919b17ff916ce220d9a9117e6a_0.json,818,0.028610917819175352
043bd19,c_043bd192a045938a872d47b3ee09527abde5e363_0.json,819,0.028536908912805692
c186f01,c_c186f01f67ac16445946ec9ef3837fcba973974b_0.json,820,0.028480042456489052
80e5a03,c_80e5a039d986fa78020f8ff94bbad627e6cf812d_0.json,821,0.028425279154109417
4a046ef,c_4a046ef822843a5525aa4c7d8f9c09e4e4eb84fc_0.json,822,0.028362112489724423
61f2c41,c_61f2c4105bcd75387d5b7677d33dbeccc8752055_0.json,823,0.02834657544558683
ec8a8a5,c_ec8a8a5ca3353cd89b759d8ab45f621d0a2a2bb7_0.json,824,0.028340542002335045
ae91631,c_ae91631a4cc3816ac17ccfe5706351b9332418d3_0.json,825,0.028314646965334922
af2f23e,c_af2f23ee1deb9e05244ca604cd0248dd21227a12_0.json,826,0.028289886363669248
c03e97c,c_c03e97c3b427aea4d8986220aa307ace188721b7_0.json,827,0.02827705443035422
19858f5,c_19858f58bc450f06cbb401c6bb8657c078049dd0_0.json,828,0.02826493881456249
2176762,c_21767628da0f334609d05cb2e095ee71b2e7e43e_0.json,829,0.02824131080899206
efe92d9,c_efe92d9ef08d6cdacad92410914e9f508b0a68bf_0.json,830,0.028222999118164727
b2e93d6,c_b2e93d61571b3084d41a8da0a8fb9f681f143cb1_0.json,831,0.028135655272158444
4c0466f,c_4c0466fc7641d374fb61ae43969329eb055e53aa_0.json,832,0.02813098099355915
8a89729,c_8a897291f8f760323f6293c1284429495f304295_0.json,833,0.028093232853288685
1e168c8,c_1e168c80af9677b9e36ba33bd1d12b37ada71c02_0.json,834,0.028020143489073335
21189be,c_21189befbbe97382bfccd2775aaf76af3cd76714_0.json,835,0.02801729688002419
3910597,c_3910597ef632ef74ece00f5a754120cb92e5471b_0.json,836,0.028014586360287752
b20ba54,c_b20ba54c993ccbb0ad0e8ab55663fbf03bea619f_0.json,837,0.027995390228776396
c1727ba,c_c1727ba0d3f257852daa0d1e86d6109dabd13448_0.json,838,0.027975213129004195
5d1ab11,c_5d1ab119a9391a9ddf657715423623b66cda27d8_0.json,839,0.02793102371427858
fc1b825,c_fc1b825f5c7c25d6d1c6abaca602a40a973f8d84_0.json,840,0.027892291543060943
af2323e,c_af2323e41a007e0b03b2e921a4e50526e28c5ed2_0.json,841,0.02787784015819439
a60d42a,c_a60d42acf60e75aa0db3235b2977f589d74fde41_0.json,842,0.027872846792745043
a4624a0,c_a4624a04aae2cfdebc434ef15328eb364798ca4e_0.json,843,0.027871115431856608
3eb3378,c_3eb33788314abe5fae68367d3051454ff9cb5ba7_0.json,844,0.027857026248300443
66c9941,c_66c9941dd3e92767033824e2234f4bcfaf892a38_0.json,845,0.027833598480481503
930415b,c_930415b301ff83b76e404fd108e6258e7081a86b_0.json,846,0.027830347134592648
c5ce3f2,c_c5ce3f22a6dd4962c5d000c338632a93a117ed4c_0.json,847,0.027814678189977626
c2003e4,c_c2003e4aa91120db3b91cdc659aded992bc68f58_0.json,848,0.02781258080682314
6feb02c,c_6feb02cefe4e59794444e822d78a0fa4cb05e3dc_0.json,849,0.027795256597495377
6aa9a5d,c_6aa9a5d0dedcb8310eae9eeb8a843c998e903f48_0.json,850,0.027788372772477254
8f0a807,c_8f0a80737136e21e2328af4e75a5aa23a661983b_0.json,851,0.027778728486038795
b6ff72a,c_b6ff72afaf4fcf04bbe2a262e3fe5cf6d20aff69_0.json,852,0.027777667259898497
a9cd3cb,c_a9cd3cbb0aeb37b2dc7e3346bf93679e7cd84185_0.json,853,0.0277492111708304
7fe1d6b,c_7fe1d6b9c6ccd8b864db806433a52afba30952d1_0.json,854,0.027747927780633064
84d382e,c_84d382ef9e295be155efe5fe3b5b961300519d53_0.json,855,0.02774294571497604
d63c643,c_d63c64302135b2c81ffb54052c205fde57f2de89_0.json,856,0.027642557144459845
d36516a,c_d36516a926d1bc348e254854451977295aff729c_0.json,857,0.027588666148680385
877a19d,c_877a19d47a7ff258af9933e49402cdaf1ebe0cff_0.json,858,0.027566039268214437
06b1ed3,c_06b1ed372f66be1c7d932df5ad7dc5f34b3b87ad_0.json,859,0.027547221650045417
9067037,c_9067037581ef2727f8a3be001e3ff3cf43cc8d1e_0.json,860,0.027530142312666706
5b2a054,c_5b2a0546ef167853d19c1721afed13560032daa6_0.json,861,0.02750323091323137
9c8c5d3,c_9c8c5d3bf87ff7c3422298681eac516c3b377fc5_0.json,862,0.02749940726871347
9f7332e,c_9f7332ee331681b33db5cea08e25bfd9be13d77f_0.json,863,0.027489176938567894
ab37790,c_ab3779080b0c12668cca7fc9f12d6f38d6495892_0.json,864,0.02748789587339784
471f6be,c_471f6bedae4d95b18b9ec930608239f6709db8fb_0.json,865,0.027466852139476083
e1c4df4,c_e1c4df4d972df442cae2fcda70ef789845369b7a_0.json,866,0.027403620771457082
0a3e36f,c_0a3e36f83e99b86509c53025dbe321849da7e303_0.json,867,0.027396461366523295
9b82eae,c_9b82eaecb12629bfb7861113f69d56e8de1d75a1_0.json,868,0.027367533798730248
3cb0531,c_3cb05314cfe4745e02dc33f7ee6047c5a6688de1_0.json,869,0.027365659115852425
7650f71,c_7650f715920f91c9d1eeeec6feba0ff02dd95488_0.json,870,0.027343125706046023
a0b816e,c_a0b816ebc62e93bf38e5325f7b45928edafaeafc_0.json,871,0.02732023307567888
341c6c0,c_341c6c0c3fa795c74bae3404b27760e6ff1e7309_0.json,872,0.027275253544122857
8a65152,c_8a65152cccfc26e0e8e54ad8b6bc77d67811360d_0.json,873,0.02726093769181248
f854e0a,c_f854e0a9112461b92d4da972619258d7095e7b12_0.json,874,0.027215962072256628
d2e0998,c_d2e0998539f99243bb8d69da6845b2905cd610f0_0.json,875,0.027187726182783534
f09a9a0,c_f09a9a08a3a74c46c3c00df7a4590ed575834e19_0.json,876,0.027159890090241223
76c30b1,c_76c30b16251829c2cb4e90ade925a1991df61c98_0.json,877,0.027115972780571984
f349629,c_f349629500ff5a85683dff0a807ff8e9b5b88809_0.json,878,0.027096558017897454
bd07015,c_bd0701593aae656483c1740965a1690eb3ad40a5_0.json,879,0.027066504680941073
fbae458,c_fbae4587540b4fe7fec8d95983c231c109b2dd4e_0.json,880,0.02701373313001032
82606cf,c_82606cf14404908f689aa990c1e509a834ed62d6_0.json,881,0.026987598094888154
30a5db3,c_30a5db352bf74d4f869f65cc320c63ccfd2f8cc7_0.json,882,0.026982727294067144
ec05e5f,c_ec05e5f3a81b83670cad916a79db36ada195b340_0.json,883,0.0269694207244775
adac19d,c_adac19d054c4228f970e505f5d2235a3fee35a79_0.json,884,0.02693620486550463
72fe1fb,c_72fe1fb0a4fa4f1ac6b983bd36c01b041f17334b_0.json,885,0.026922799959308907
3d870cb,c_3d870cb0c15526fdedc513abc60608fe3538498c_0.json,886,0.026919106903154244
069e6c0,c_069e6c0a5490fd939537e3c17144a8620855cf66_0.json,887,0.026866259801136327
de0e4a7,c_de0e4a7af6e643c7f78eb7f1a0fe961bbe52b619_0.json,888,0.02682899684922113
3487eb6,c_3487eb604ee19f175f40e320526aec43ab706d02_0.json,889,0.026820812964191143
f23fae9,c_f23fae96dcda9e718da1f68ed33d782fd02d1905_0.json,890,0.026787990522982974
fb4e3cd,c_fb4e3cd9810d2ecec06595afe86d6eec47fdce6e_0.json,891,0.026682521471594223
539301a,c_539301adf5f9a37e05e79e7bf52e7192859efceb_0.json,892,0.026633032532488055
6f72584,c_6f72584cd4d8ab5cc55df62ea4d9b010fe20bbe5_0.json,893,0.026621966943489617
2c8b32f,c_2c8b32f4795add23b266b374a076935486805468_0.json,894,0.026610036125326975
95bd6ca,c_95bd6ca251f5cb630a141f479778b150ab68cd56_0.json,895,0.026592362957866267
32334b1,c_32334b19deea5f7fd1ee8d224be1faf87729e3b3_0.json,896,0.026586013789447138
c572f38,c_c572f38daf21286ab5fa3a9e203f963f1e54361c_0.json,897,0.026576072795078787
3ad582e,c_3ad582e66f18e7f30c64cede7ec1aadedf714444_0.json,898,0.026530862612368256
03e1391,c_03e13915920827d347dceb965c79c428317175fc_0.json,899,0.026522888454049154
f6557b9,c_f6557b9b031378a5ea7588e3ee6e5438bfbe7b1e_0.json,900,0.02650253802228486
24ddaf8,c_24ddaf8557c52dee814ae1b015ac668ba4cf4eab_0.json,901,0.026469811922604114
397d41a,c_397d41a3eb39cbe9ae5d4d1bb29ea0bc53955cfe_0.json,902,0.026464839209647595
eb93df8,c_eb93df8e34f3548705a30d9166705864313e2008_0.json,903,0.02640955492563135
4a61fc6,c_4a61fc6cd03fb84171c9f21bce5f627b3a5e6fff_0.json,904,0.026348550737644416
c7bbb7a,c_c7bbb7a0454d651a993bb626979825c8fcedd94f_0.json,905,0.026328636441458886
db2e7db,c_db2e7dbc23567f696802ab21974c1640eae87b3b_0.json,906,0.02631478042512303
d98f05a,c_d98f05a4019720d72bab3ed4194a61312b0185e1_0.json,907,0.02630199139794165
8b90bce,c_8b90bce4b69813421ceeacf21e781adfe6da70bd_0.json,908,0.026269968818339984
b24e37b,c_b24e37b1590237e93a63a3f6e8e1618c930dccfc_0.json,909,0.026268688627617554
e804085,c_e8040851e7cf471e4c94adb78db09ff73258ac34_0.json,910,0.02621833569998444
8ae0d1b,c_8ae0d1b674327cef9230399c193df581670cb3e7_0.json,911,0.026149976186397805
3dc3a1f,c_3dc3a1f1c32c4238103efb11cbf98c5d01719ae0_0.json,912,0.026137651844774012
0da9506,c_0da950654112a5185e2601bf44be2b6ffb17c169_0.json,913,0.02612737997490877
6e87381,c_6e87381e2e3dd337b35c83b86077cf6cb1d77b56_0.json,914,0.026112554764884388
3975633,c_3975633e2bb00cfdc5a04e0dc4a6a00016e26b95_0.json,915,0.026056562069121214
ab77068,c_ab77068515c3ae67c539e5ef3561360d46dd01e8_0.json,916,0.02602401457858805
8f75637,c_8f7563720213966c746e1de136172dc71392504d_0.json,917,0.025950322713476526
d8f6b57,c_d8f6b5730299048a7cc3cca50712950bf33ca1a1_0.json,918,0.02594985194716204
d4dbefe,c_d4dbefe4f0b39eaad19e21035cde2e66d6ff3276_0.json,919,0.025932931767828182
7543998,c_7543998e7e2bf994519277a891ed5c292bbd9939_0.json,920,0.025929163668805377
f89d97c,c_f89d97c1f6b15761c6ecd5eb3824452379a939d1_0.json,921,0.025916956773529898
a9490dd,c_a9490dd94f68e11fbf6a834faef241299d16a037_0.json,922,0.025906262711075212
7b6408c,c_7b6408c39bdd3bf860b8e358c3878fc92b2277e5_0.json,923,0.02590081724529658
0f5eae3,c_0f5eae3c8efc9946a9915c04aebf9a3d9cce9adc_0.json,924,0.025896829514549413
8beb45e,c_8beb45e770903eaa849ebf39a432551c633312da_0.json,925,0.025867786439372598
0e658d4,c_0e658d4029f860fef3faa72490c1d2806d693791_0.json,926,0.025850471828713473
5213fd1,c_5213fd147cadb9dac5afb915a2d75dfbd4e1b702_0.json,927,0.025814264498733475
8674a89,c_8674a89dfd34aa18c51f1bcbac961c24483d7c85_0.json,928,0.025784403896340513
534adc7,c_534adc716d5d1f5d7dd907014d1d444f2f516604_0.json,929,0.025767104051479972
5143f3f,c_5143f3fca4c56a9bea9c1e23afb45babd684f0ef_0.json,930,0.02574018649583998
2e375bb,c_2e375bbb8124f997cb4cdeb6802138e2867c86cf_0.json,931,0.025722167090883374
851520b,c_851520be027fccaa621812459dbde6803dd06c1c_0.json,932,0.025705863604698065
d3a0da6,c_d3a0da63111207adc0da2790152cc8dabc00409a_0.json,933,0.02568540629087923
b2ba011,c_b2ba01186a57ec13a0c943d1e5ef905be69ee3cd_0.json,934,0.0256580769613457
9cb8a84,c_9cb8a845a948ee51597b3ea0c300a7fbae34839b_0.json,935,0.025647795683279684
40c38f8,c_40c38f8cdb404ecc79b70ecea4df532b2cbf037c_0.json,936,0.025609500322836154
886b84b,c_886b84bf4a7c04adf1b9c09e979c2e4abab9feb2_0.json,937,0.025598212230618422
bf8041c,c_bf8041cb432379e3086a1520670da30e1c2b4fe0_0.json,938,0.025596248246765207
9d04c1f,c_9d04c1fc837aec59bf42cbf09d727468726f04ed_0.json,939,0.025567768930339296
9a662f1,c_9a662f1bfd76c49bfcb9e9947f008aade2db54eb_0.json,940,0.02556612541745229
b87acfc,c_b87acfc96a925c9e8f86bd462265589405326600_0.json,941,0.025554948376146913
776f980,c_776f9803e3e501bdda387ddd9c537fc835741222_0.json,942,0.025532738757771622
11cc171,c_11cc1719bca95e093e3b8d5944a0106555482fc5_0.json,943,0.025507371901862363
c34849d,c_c34849d5cecac50ff5a0c26d612792a1706e90c6_0.json,944,0.025500038281057402
4c3f8ab,c_4c3f8ab1283ab41d43fd50a70436425788973bdf_0.json,945,0.025425062561246325
608c515,c_608c5159f2e6543809ce07432a51c0571c16bba0_0.json,946,0.025409960713669855
3c51811,c_3c5181185ebed83692c67273b85b54f89d3423dd_0.json,947,0.02536563978840567
dd2053e,c_dd2053e555efed3b1d07bc2a2c6a4a1ce60e4819_0.json,948,0.025365465666528864
f783943,c_f78394327f234859671181410f625c0112eee6db_0.json,949,0.02532424885872464
02644db,c_02644db726c1e1b10af9c275bb63890a1f6cace5_0.json,950,0.025294511916154838
4b570ed,c_4b570ed400da3ac9f326d2e12a3fa22ef29cc0b8_0.json,951,0.02528815226806147
ad8ba90,c_ad8ba901fc65406fee4a8bf644d843c8aefb667d_0.json,952,0.025274380105923533
b6506f0,c_b6506f00aed84fe766ed893d80a6ac592bb832db_0.json,953,0.02526659421446853
c224e67,c_c224e677b4c13830cb42a128afd65275be7582e7_0.json,954,0.02520921656329167
15e0f76,c_15e0f7605f050c6fa17ac9433a5ef07d3fe4aa4f_0.json,955,0.02518491451643612
6625fd1,c_6625fd1dd48234ea8f7e2ce28d086db47b21b578_0.json,956,0.025174449236687657
44c28a1,c_44c28a1e9e109378d4c303928bfaa9c4e41bf227_0.json,957,0.025171781094154855
990e57f,c_990e57f58e6ae9d490aa818c2ae528e528f5c1e8_0.json,958,0.025161062352732966
7ff22e0,c_7ff22e0f19f41846c27b77ae41f696d820515242_0.json,959,0.025138994213340315
0c36c29,c_0c36c2986e5ba79b3d97cf43034b8b7ea6996c5a_0.json,960,0.025131563452314154
14d621b,c_14d621bb44461302ea860f56bc5cecd1ff578fc3_0.json,961,0.025110384890656645
3559359,c_3559359c1d9b0bb804f874fb16abbeac580aedc7_0.json,962,0.02508103013003915
593366b,c_593366b38241223a4e008374111c20deabb20e8c_0.json,963,0.025049173293494986
7f1f607,c_7f1f607349466f31d29de4d7071e5546df9a98f3_0.json,964,0.025047188225975625
8d0cd27,c_8d0cd27a54b725a2a4557c7a4c3bb92778d236bf_0.json,965,0.025044516433610164
418091f,c_418091f87d72fe4216840bb2eece08dc3557c1d8_0.json,966,0.025043811655703907
8c53ff0,c_8c53ff05360997f520a7f11af1123ba68c296f52_0.json,967,0.02503095264509403
82589fe,c_82589fe6a84628f1d85b4d89921cddcf48e76221_0.json,968,0.02502060572584175
eec14b6,c_eec14b61b2fef633a2617f345518e43633be0fae_0.json,969,0.0249590486848692
5814f50,c_5814f50b85a8bf36437e46a420e514a53c7d4837_0.json,970,0.02494792812344626
5280365,c_528036555cd76f497ac58b6930b85de78017d43e_0.json,971,0.024932394520655987
ee9c5c4,c_ee9c5c4de7806e48adf5e01d922266c0e53b39fe_0.json,972,0.024916138198255333
bb1eac9,c_bb1eac9c00b5898b38bf2335b86c0597060e8540_0.json,973,0.024898498601656494
5a6d7c0,c_5a6d7c07178609d32d6e794c075a0a21f24ee624_0.json,974,0.024883993018324446
630d3cb,c_630d3cb5f079c9b06b5e91faa78ab52318850878_0.json,975,0.02487022900318525
8744560,c_8744560c7c56eb02a66d76b9e7f2555b4ed70079_0.json,976,0.024866409731081562
939eb17,c_939eb17f1f04ec538bb1ff0604424481ab959c5a_0.json,977,0.02486220961286212
3da247d,c_3da247d8f9e83d3e25032e76bf63ebc6990252b5_0.json,978,0.024841561522906397
5eb9d16,c_5eb9d16d15146edb6698bfb28c5d8f60ae401924_0.json,979,0.024788438673959967
97889f9,c_97889f9e59fbb92773006841bcb8e80a644b4ac3_0.json,980,0.02477090145798766
c6523be,c_c6523bef83ba3320c508cc51e208fd280bafb296_0.json,981,0.02475369450622522
eab4a42,c_eab4a42dbd7f201b496e4d37dd2d000aea2f9e55_0.json,982,0.0246877842424319
1e9618c,c_1e9618c34ea60cc214761a6618024c28aa712a51_0.json,983,0.02468434855696533
b2fff8d,c_b2fff8d5155b25c9ac0444a8a0f1828975ba40d6_0.json,984,0.024609147515092467
4c0660d,c_4c0660dd6f35347234caba70e86bfb02fa52546e_0.json,985,0.024569041161784155
cb56177,c_cb56177d2e8534a443f2d944d7406e066248674f_0.json,986,0.024548084756241595
8233881,c_8233881022b0f11e8bb37c9a8c708ec165ef35d3_0.json,987,0.024517252495594444
b5da735,c_b5da735f959c183a1d5fdde919137fbeea425d95_0.json,988,0.024512125670265172
f0bf4e8,c_f0bf4e8f0b4d5d7d71d556f83f790ba98ca9bedf_0.json,989,0.02447054225340195
0a5b68e,c_0a5b68e741c285999b10274ee10056367832233d_0.json,990,0.024465832571893498
3bd65dc,c_3bd65dca470fea9c65150f0236e68db4caf26db6_0.json,991,0.024416014550523446
d39c5d7,c_d39c5d72d575b36d562f5b6cc54c42083015145f_0.json,992,0.024343079507397336
44a3b3f,c_44a3b3f269492dc51ab28118463060f283a28148_0.json,993,0.024283051973124747
d6f8e97,c_d6f8e97b576d9395669dc170c8cd3b56be37ba96_0.json,994,0.02426596078676102
2336fe3,c_2336fe3e6ae846181632ac3e3e56c57dca76448c_0.json,995,0.02422854477888614
a312fbf,c_a312fbf6f5f1b1e497ae16694994e9e5cd3a31a8_0.json,996,0.02420520545417526
56e1629,c_56e1629be9728481a418daea26492c4b371dc7bf_0.json,997,0.024180490719137304
884cffc,c_884cffc9b154d1eaa0fc085496014f3157ace5bc_0.json,998,0.024089918244405872
a0488e5,c_a0488e5c4f3dd188791c374038307231738daf10_0.json,999,0.02407156936474597
c456574,c_c45657492ad2ee64f3e75c17621df9d99d135a6a_0.json,1000,0.02400145600060677
2c95234,c_2c95234fe6e7e5c0cb9d9aba06666bd6e781ad74_0.json,1001,0.023953467032303166
95fb03b,c_95fb03b0aa087a1259a1b5a0e6dfb60a668f38a7_0.json,1002,0.023911458326151047
9100da9,c_9100da94e80af13bb94c69092b72282d18bc83fb_0.json,1003,0.023814739798551088
2f8a51e,c_2f8a51e900fe9909e6bae40ef9ef8f465a33ab7f_0.json,1004,0.023804103945736954
b4527c1,c_b4527c1223681de588b13d7ebb082527088a36b8_0.json,1005,0.023791251663206392
200182f,c_200182f3534d3add709811f948e124c13b433559_0.json,1006,0.023777317353519956
cdbb89e,c_cdbb89e5d9c0395cf65f6ee1a4ad07dc60aecce8_0.json,1007,0.02376248148648208
5a075bf,c_5a075bf5d0315cdcf3e70983be41ddf561e25ebe_0.json,1008,0.02376034107623326
61625f7,c_61625f71ce9c6537d0ddfb5476a4911bec1313fa_0.json,1009,0.023760049164430197
633e4f6,c_633e4f6c3629f98744ec2b0c24b2b06b4b3f010d_0.json,1010,0.023757390020808122
c7218dd,c_c7218dd0df7304a2f25e7359b0c39df93b315641_0.json,1011,0.023755677934105934
2736e62,c_2736e62d139a82e57dc4bf054c83befe0cd95723_0.json,1012,0.02372835683469754
1be46c5,c_1be46c510bb146993439524818a0b220f0ec4f7e_0.json,1013,0.023720493997776648
f8707db,c_f8707dbbe72d70357bbd35e5ee3cb6dbdfb346d1_0.json,1014,0.023677328731297465
ced9332,c_ced9332981d2efce73e17809ba9e5e5b7cfd369f_0.json,1015,0.023655980543954902
65bdff3,c_65bdff34f8853e0e7862f6111c29dbc5807e62fd_0.json,1016,0.02362544253596932
96e84ac,c_96e84ac048f7a2b67a622ab66e925b15dad153a4_0.json,1017,0.023595320356759708
ccd2ba4,c_ccd2ba474695f4719ccc8b3eca93104215c45f9b_0.json,1018,0.023588717760944067
55216d0,c_55216d0c59a1d680969db821d28492293b470b8b_0.json,1019,0.023570212116937217
2480889,c_2480889d982e5700da349619d316b1165a24991a_0.json,1020,0.023556504611952134
fdaca08,c_fdaca08eedbcc568060b4489917000f34db9daf7_0.json,1021,0.023511490708262972
a533a2c,c_a533a2cb40202cb7de96b1ca4b6f64d9d8bf863d_0.json,1022,0.023497135537916436
245399b,c_245399b272732dbd3308a2940ebfdc7317572517_0.json,1023,0.02349229397611441
8d1e5db,c_8d1e5db034184a2f6d5b5bc85241e2080fff1ffc_0.json,1024,0.023486156786219903
9650796,c_96507962170a3ca71eaf15a83a9982fb12df414d_0.json,1025,0.023423676005224436
02089c1,c_02089c1b49d7ed1c4508d7d197e55365c7ba23cb_0.json,1026,0.023418220939706136
f86ee49,c_f86ee49b117f7e5e9bb83cbf5986e01533479223_0.json,1027,0.02336292794714312
b4029b5,c_b4029b5df7bb7ede1405f0a0d88bbcd0e93463d9_0.json,1028,0.023336633112640337
6f4a8a2,c_6f4a8a2d8a4cb26c95fbccfaf402ca10d48bc9ea_0.json,1029,0.023291188174331512
ad24b85,c_ad24b85903bd5d7064a5c21775b397575a00a7a8_0.json,1030,0.02325518357914136
4d9bdc0,c_4d9bdc04b603a00c9335f53c34405dd46b2205ce_0.json,1031,0.023248529256096995
301bf13,c_301bf1370851b191cf198832f3ae3ea3c3683542_0.json,1032,0.02324798059886357
bba1f22,c_bba1f22ebca8b7849510fb1996cf16a8345439a2_0.json,1033,0.023237328214917197
b098878,c_b098878d50f6450f61fcd6d75a32b13dc438663c_0.json,1034,0.02322647454868043
4f95984,c_4f959846484ad95f7d5a8a6965166ab71045c545_0.json,1035,0.023145531037731204
9de006c,c_9de006cbece52cf94911112ae0a2ae900c4e9901_0.json,1036,0.023139407343767515
407f16b,c_407f16b3123dee89a67497df75f49f101ab3529b_0.json,1037,0.023086523574904372
ea3c409,c_ea3c40932f271338652602dbbc4856ac254b6373_0.json,1038,0.023078318118048946
9229246,c_922924690c756428b326dcd664d1bacdcd36b046_0.json,1039,0.02303884830275238
b602e54,c_b602e545617c9637fe13c0d525e3b9b9b7bf8ade_0.json,1040,0.023019182417321593
960e999,c_960e99954f62e8ccbae08d89f06a7257f6c2c45a_0.json,1041,0.022962572321917896
b50e569,c_b50e56998bf2ebdd15f6703a02601f4f0fa6245f_0.json,1042,0.022933256341349795
5b77c43,c_5b77c4371cb12229c0e20272b07fef18a4c2cdb0_0.json,1043,0.02290737117449093
746b4ed,c_746b4ed593642977fbcc049fd176b58ad866494f_0.json,1044,0.022898620544908765
1f85d11,c_1f85d11973ff4063e9e077a757410ab7120e9e6a_0.json,1045,0.022869537808050677
985d236,c_985d2369d06ebe3fbaa6812d323a453b86fda404_0.json,1046,0.022789979064190113
bc837fb,c_bc837fb8fd4a75a88230b99bd1520971a7db3e4b_0.json,1047,0.02275920071110238
1f7c986,c_1f7c9862f4aa6432c205324dfda32ea8a5b96ce4_0.json,1048,0.02275354326377277
1ed8304,c_1ed830439caee02c42344821b17a033acae04bf8_0.json,1049,0.0227075592572199
8b12cda,c_8b12cda5431bf12810673e08958424399390bee9_0.json,1050,0.022693348194493534
85d6739,c_85d673982ac789be1be5e1ba5ec13cd7dee1da5b_0.json,1051,0.022690512575638255
77fbf36,c_77fbf3607615d52fcea16a63fbe6629b5ca4483c_0.json,1052,0.022668063214645096
c952cd0,c_c952cd0b17f6bb3ba277b534099a8f5910a1fa2d_0.json,1053,0.022639001984283813
ded3f86,c_ded3f8617ebf37b65729d444e6b83d574d6b23e5_0.json,1054,0.022612676340724724
ea2861c,c_ea2861c2f4cde8e5e5179b3e95b3d749266c2cb7_0.json,1055,0.022577571827713916
c727c83,c_c727c834f3381f748c6c3cad0b7434c3a3ca7c1e_0.json,1056,0.02253680374058087
c7a965e,c_c7a965efea242e790d288add69cf52dcc0ac2a01_0.json,1057,0.022530761913519992
024d588,c_024d588685b9c088d7591fd069301f337a6c4846_0.json,1058,0.022489487745526948
06f474f,c_06f474f107d278010dd3c54fae35a1f18ca3afb7_0.json,1059,0.02241107888031535
c0d11a7,c_c0d11a776236558a4f73845c723952cd2c949334_0.json,1060,0.022408276158547458
4406e58,c_4406e586721411649fd9ebe907075cb6c2e27b86_0.json,1061,0.02238700674508254
f27d1ba,c_f27d1ba5f785534a08072b819f2507b056a7ce16_0.json,1062,0.022303512465266184
84cc81a,c_84cc81abacdc04b3252ac07c8663b052ef4553a4_0.json,1063,0.022276201426757236
c3dfcc7,c_c3dfcc7cc09d20dfa97c36a3ba8166ca106c0daa_0.json,1064,0.02227233963545927
335aa68,c_335aa68073bd8f26de8423108eda86db2d4b5270_0.json,1065,0.022260056917881577
5f5d495,c_5f5d4958aea62bcc6c642f2c11b9d13e8aa9a256_0.json,1066,0.022233952831980597
af56c9c,c_af56c9c24f8abfc0fe29cea7a76e51c54b705fa4_0.json,1067,0.022198270615616078
bf1865a,c_bf1865a9121b18781de93a6a95cd06f14c467b4b_0.json,1068,0.022195272121031007
0f3e7b3,c_0f3e7b3d19574b27be1c391fbdfddbf957aea2b4_0.json,1069,0.022077707517233147
b952062,c_b952062300f6721c3749d6b6421a375536c69014_0.json,1070,0.02204725687533482
424eac8,c_424eac80ee85f39d054a4e3335ddb20ed5a17451_0.json,1071,0.02201135943265442
0a5e7b1,c_0a5e7b188b575b6e013c98e9e576fe9c46d70b2c_0.json,1072,0.022004698111943277
2e01e1b,c_2e01e1b7e76f47a28de58aeb8eab5cf20a3c6835_0.json,1073,0.02200368763857774
d71d913,c_d71d913802e437002cce9e038de7645e8fa695cf_0.json,1074,0.021967653121774955
2123410,c_21234107ee5516a670e9f36cfe22880394345b3d_0.json,1075,0.021913174202567776
dc10cbb,c_dc10cbb88ef734d1a90ea004eb5a1c2162bfe310_0.json,1076,0.02190764679411694
d27758d,c_d27758d29be107466d58967daceeaea4fbcbab51_0.json,1077,0.021806362502638232
3c4b655,c_3c4b6551530d5a1f5dc0dd147e1481ed14f68a21_0.json,1078,0.021775446768136142
c8d5515,c_c8d551598c4baa4783b8f573adfef00b4677c391_0.json,1079,0.021765136888576397
07b1eb1,c_07b1eb1d0f238b9e8ac2480c57a84616914ab7db_0.json,1080,0.02173231000423481
bc8c8f2,c_bc8c8f2a48fcc65b970016ff2afda5bad9d66757_0.json,1081,0.02172571920343358
8cc894c,c_8cc894c019394bc3db42449bdf684ddebdb10d64_0.json,1082,0.02167645104718663
29190d3,c_29190d30b30b69e100af447ab2c2e504b91cf1d2_0.json,1083,0.021631962446792774
cb357f7,c_cb357f73cb6be994ae92c5e38adaf71ea4346c63_0.json,1084,0.02160179696713982
997b990,c_997b990dd06799f52ebdb3cdc498e533d9850f99_0.json,1085,0.02154326184080635
4977a33,c_4977a3377230af958f7deb678dfe47c7bf470f80_0.json,1086,0.021521447887444478
6a5a915,c_6a5a915f2b854566b60441f0a9ecadbe656dd60d_0.json,1087,0.021508873055719913
ba474b4,c_ba474b4c135da4bc345bda7f4b615539d89c9dda_0.json,1088,0.021480281061894146
e907826,c_e90782608b401648c0128885fd70f500a4ecad2c_0.json,1089,0.021472526891370913
aad4aaa,c_aad4aaaf1805e3ef9980ba13d9babb3234df74f3_0.json,1090,0.02142622580757436
7bdac2b,c_7bdac2b671a52c024545edaa4fdd562afe3140d9_0.json,1091,0.021388035740187883
f509243,c_f509243282b0fddbe569c790a60541362edcddc2_0.json,1092,0.021366348467616425
bc3ce98,c_bc3ce988d6e54dc51023d0a447705637bb85218f_0.json,1093,0.021334719404220603
4d9819d,c_4d9819de7f7ab46285ce8de1500bfb6dc396cf81_0.json,1094,0.0213216477847602
fae2f02,c_fae2f029c58ca82ad662f66f006a8c9f12a69a27_0.json,1095,0.02130118123972069
4d3e69d,c_4d3e69db31f1e23ecb7de095fa57300249c0073c_0.json,1096,0.02123703767376517
e484723,c_e48472319e000b15d9ba43be566ac1d31d90b635_0.json,1097,0.021146690403153978
cbf7b7b,c_cbf7b7b44442380aa00132d838f2ac358d46bccc_0.json,1098,0.021127026186198217
95e9e60,c_95e9e603259dfbf95fdaa0dfb4f60aa8604d483b_0.json,1099,0.021123768532856912
6cc0464,c_6cc0464dd7a26623da5b105e68bf20950c0a32d9_0.json,1100,0.02108128779251961
d2b715c,c_d2b715cdb685007d2ef6e090164f646f52e91250_0.json,1101,0.02106773912848081
6a23fd6,c_6a23fd60fa26d2bbb15ce8147a57da8ff8c2b12c_0.json,1102,0.021053892726443424
d8febd9,c_d8febd936f54ea2615111244835ac200671b296f_0.json,1103,0.02104741509262753
8d662b1,c_8d662b14f156d7b2f757f790f1a7183163e145c7_0.json,1104,0.021038470342087057
4a65009,c_4a650099a75a9325de694060739e160b16c2b21a_0.json,1105,0.02098321098644651
ffa8800,c_ffa8800006c2a0e9f8ab498647bb8efcffdffea0_0.json,1106,0.020972496749760317
a6f2840,c_a6f2840e74afe99d4cc737c2e9ead55757e6a993_0.json,1107,0.02095973805169471
5f68955,c_5f6895581e03f4c64a38c611e9b925033bce0ad7_0.json,1108,0.02091919836146716
824c457,c_824c4578a690127347068a962e56cd60f59fe82f_0.json,1109,0.02091243895360695
72a9e55,c_72a9e555b758ab86c814286041fb51e0d6c9b620_0.json,1110,0.020863327853708147
cac9755,c_cac97555b1af54b2e8d8390c2ccc8621b36928cf_0.json,1111,0.020849766905179035
a10e65e,c_a10e65e0001a05deba86ac42bdbf145e7179856c_0.json,1112,0.020832618985961227
af1684a,c_af1684a234abae7439ea46635d714cd78b780f10_0.json,1113,0.020786735425280645
32957d0,c_32957d0223f201b908fff403dbb875151027b80e_0.json,1114,0.020760154755954274
9ff1668,c_9ff16683786b9374cebcb341c861d17cf6ec51ce_0.json,1115,0.020749023792595134
fef069d,c_fef069dc7c33d5ace0e926540528b304b2920250_0.json,1116,0.020739847620027896
b2c0868,c_b2c086879ea812eba6626a5ae4eb56b957c8ce51_0.json,1117,0.020655173898421753
a7573a0,c_a7573a0ff814bd1d0ddfdb0a1d9478bad7a44a1e_0.json,1118,0.020640711607804008
bf5790b,c_bf5790b1ca10f80bab46c4863967ad400fcca3c7_0.json,1119,0.020620174592734575
1427a4c,c_1427a4c14836b1bdcbfa15c96ce9b0ebf4f1d7cc_0.json,1120,0.020618999589473552
0dc48cd,c_0dc48cd72054756c05096bb3dd68b76d65f81995_0.json,1121,0.02061587109160734
53dd9fe,c_53dd9fe9e4c3d013ccf0108566d6da8011ea0423_0.json,1122,0.02053093290253638
8458c68,c_8458c68fb8266f8370d62e701bb57c24d09cad63_0.json,1123,0.020485463452804886
7363d46,c_7363d462ea45da2929e4daa28d18a35626780a62_0.json,1124,0.020449878550923395
b7f9e99,c_b7f9e992310bc6dd6a63d05e5eaf4cdfa32de451_0.json,1125,0.020446877652386508
549d0da,c_549d0da83b55b21efaee2edfbf55a486e329a845_0.json,1126,0.020438357358334436
76f330a,c_76f330aba7fa82786ee14fc1c1dcd318aaf48f0d_0.json,1127,0.020426200781064163
743c14a,c_743c14adafdb7176348610f6c320c9701f490d7b_0.json,1128,0.020408720350728826
6586214,c_6586214214f2f81963ecb361cd4fe0529adeb7ed_0.json,1129,0.020374136412124377
48f79b4,c_48f79b45007bcfae9dd52d584666d384c0f7b9fc_0.json,1130,0.020364626232598937
13678dc,c_13678dc676c26fdbf641d16ebe8a39b9a2eeacbf_0.json,1131,0.02033559038386501
87b88c0,c_87b88c0e15834d255aeea6b8c783ae20eaf79680_0.json,1132,0.02031755461296514
42494a5,c_42494a5f88c88a6586e46ac94725e872da06ec50_0.json,1133,0.020315314457939326
1805fc6,c_1805fc6229e9a357904ec7361025f7ce60db9182_0.json,1134,0.020254736386644767
1f3a7a2,c_1f3a7a2528fbc1f3bde61bf112c18989a5b5142f_0.json,1135,0.02025153751679931
3d770cb,c_3d770cbeb1dd49e25d19d25894322ab68ae5d3bd_0.json,1136,0.02015353542865639
b434e96,c_b434e9614d5bacf99166c71beb6bf9c452a04f64_0.json,1137,0.02009437327938457
7bb4d30,c_7bb4d30068e46516738c785d0288222c3e57476e_0.json,1138,0.020088500214890614
269d042,c_269d042e03891b6c1e543b6f1ddcb272fa29ca2c_0.json,1139,0.01992914116567779
59e6640,c_59e66407a7cc1612ba320e0de8f8b9017f54d6c5_0.json,1140,0.019921626412593985
1fd3b3b,c_1fd3b3b0fc3af6f6aee49f7c1fb2a37905e832c7_0.json,1141,0.019880801359040468
6ddf10b,c_6ddf10b473c83806441cc245c025cd7ea937ba41_0.json,1142,0.019851134264693093
d86624a,c_d86624a196d79b95180a9a62f4eb8f4f155cf41a_0.json,1143,0.019846093601165737
b4e7e11,c_b4e7e11933882a31a0662eab6f8e8e98ca164d85_0.json,1144,0.019810065065547944
4bedbac,c_4bedbac4eba5eee46071f4d731e9429f307b8a41_0.json,1145,0.019694116314546872
3e6ee65,c_3e6ee657af2c714d88ba126207c9bfdb5e93ac95_0.json,1146,0.019653175660151345
82649ca,c_82649cae8f3431169a3b8e6a6f14adf4f495a350_0.json,1147,0.0196305440744452
fe47659,c_fe47659cff2f16d2bb51d0cc8f27cce6d331cbde_0.json,1148,0.01956399036525014
54339c9,c_54339c963664ba536eca2bc8085676fcd89500ed_0.json,1149,0.01955855211708457
0e7a0f1,c_0e7a0f17ff5ef3bdd84860a5ff709e4d9656d998_0.json,1150,0.01952592088144567
08c6105,c_08c610501d518fa6d705fe2d2e5c1ed791560a85_0.json,1151,0.01952390649515856
fd43151,c_fd431510f9ad5eac6695f7ce1a1498f2038f77fa_0.json,1152,0.019508937477581867
7ed2515,c_7ed251594318b734c5914f988cc6444c13ee0324_0.json,1153,0.01950647179890308
4398d41,c_4398d41c86da39851680a9d65c160aa3407acd4d_0.json,1154,0.019480965405354933
6c0f8b6,c_6c0f8b6a2fd47ce7144de12e7c176f25dbd23413_0.json,1155,0.019429133512011476
7459257,c_7459257c3cd0f8dbc066520e825d995af3325f6e_0.json,1156,0.019291497364992694
e78437f,c_e78437f396b9bcacc0d8f7a7704c463a574d1f55_0.json,1157,0.019289494467369384
1b7661f,c_1b7661f386a779dfdf2f13f68ddfec1fa2733ca1_0.json,1158,0.01928079644680003
475eb0d,c_475eb0d444e149160ff0ddc718c80add91b2af64_0.json,1159,0.019266369623799906
5e0cb6e,c_5e0cb6e46f53da3ee1dbc7d786adae226210993b_0.json,1160,0.019264151119145367
5f12301,c_5f123018f31e3759b1ac2a6136e016820491c2c8_0.json,1161,0.0192272699365319
ea58760,c_ea58760e593ebcfca1db1d3d486ad4931afb1e41_0.json,1162,0.019222895091954517
1578521,c_157852133ceb266254af714ed8eac02c9cb6218c_0.json,1163,0.01917284793976959
821c250,c_821c250b52c4219511170b9b7a2fc279df69d6a4_0.json,1164,0.019121255677280957
e9769e8,c_e9769e8c2434edf0b78431cf9df558e5a258ddba_0.json,1165,0.019110513660276274
d9cafc8,c_d9cafc8db21f2e906f80e9ffb0210a7593e24562_0.json,1166,0.019076071151659102
9d0dbda,c_9d0dbdad5d442cf3b250fc78dcab9c9584498f42_0.json,1167,0.019044270406640917
df2cc94,c_df2cc9434b4c81174493c9f7c3adec6751ef4072_0.json,1168,0.01896184082297081
8c3f1ab,c_8c3f1ab110daf96b9ded27c359f15a05ce7a373d_0.json,1169,0.018950157007269874
40db400,c_40db4003a93f47b38edc5cbe26afd48fa7253662_0.json,1170,0.0188674166714371
a4e75ee,c_a4e75ee190102562f124ac2743243f5a94eb65d2_0.json,1171,0.018862576107418705
a8b36a1,c_a8b36a1b04a1f79e45cd28322b372d1e3e2d9b36_0.json,1172,0.01885246873405666
5cb2bf0,c_5cb2bf0a33e6be865a147836c32bd08b8c9a62f9_0.json,1173,0.018801763190374077
8b49f4a,c_8b49f4ab0ec59db283e849bb62649c5a86420833_0.json,1174,0.018797578383278668
31f9f6b,c_31f9f6bc45146e7e7e24af2ef9bb410fa5c8f8c6_0.json,1175,0.01874177043335501
0c1214f,c_0c1214f6b30031895f8fd86f28badfa4b23ec61f_0.json,1176,0.018713169592119883
beea85e,c_beea85e3911467c43bb21ac44a0df43213ea78ed_0.json,1177,0.01870862287516406
2fd5e12,c_2fd5e126891911686a430df6de2f2d024ad3e07f_0.json,1178,0.018672925626622372
e3b207c,c_e3b207c848737f4a0dd71cf6ca6a9af1e78b56b8_0.json,1179,0.018468071796357344
ebadc9d,c_ebadc9d7d2cc78511ba6d9d50b4e3ba4f6d78f0b_0.json,1180,0.01839792218418168
1ef6ff3,c_1ef6ff31f40d2db947688df9862f20bcd63e3611_0.json,1181,0.01828812764697718
d663793,c_d663793c5bfebb9f26275cb3500c31daed949bdb_0.json,1182,0.01792339188482084
a8e4ee7,c_a8e4ee715e04909abcd2d54ac61650fb3b54644b_0.json,1183,0.017913668797396753
122227c,c_122227ce48f82b636b7437afea30cfdee980afaf_0.json,1184,0.01781201298541557
9068a30,c_9068a30c324299b2c620f877b33a0bc164aa9037_0.json,1185,0.017627955826107322
dc9c222,c_dc9c2223bae185fefdc477183006b0340ffe6914_0.json,1186,0.017536854265440494
703a8fd,c_703a8fd502a88c91d85feccca4948ba544b38830_0.json,1187,0.017530481865755676
2077c6c,c_2077c6c5f981f97202097648872a16cefed56baf_0.json,1188,0.01744876606417478
df8b094,c_df8b094fb3eb60e7cd647494f5d64447528dda67_0.json,1189,0.016782705722774627
e6a113b,c_e6a113b929d068bf931645030c2952334ef16750_0.json,1190,0.01668103949414712
b2f37f3,c_b2f37f3799829f815d28adb20fc1d37fe9ce4b4a_0.json,1191,0.01659174820908904
595afdf,c_595afdf9363c28aa8e0420c936854060e7297779_0.json,1192,0.016365855851302347
cef7176,c_cef7176b5c5c8c6c08d63913da6ccb052f1631e5_0.json,1193,0.013821445015809952
1831657,c_1831657f6b3c3cea0fcaad11c8e8da57456c4d21_0.json,1194,0.01376325775379339
bcbaa2b,c_bcbaa2be25f5c56453e9176648cd931031242e03_0.json,1195,0.01155662777505928
2748a47,c_2748a47c2c91ed3db25b58712f3dd230f6f6651c_0.json,1196,0.011486921922031268
