8f43655,c_8f436552ae8ee5713c1b5c78c58d4387edcccb31_0.json,1,0.7319039965136798
6447a82,c_6447a82f35a3f20aaae7e10e1a1c7cf8c6cd636a_0.json,2,0.22148013183781712
f074aee,c_f074aeedfe62c388b57c0e8f490897d444d59b30_0.json,4,0.1751265417577632
a50d473,c_a50d473a3bd44b84281a5d94432bf7e812472b68_0.json,4,0.1751265417577632
ae47fb8,c_ae47fb8432095e48b8e754c767bb9037dfa5c5fa_0.json,5,0.169927481223052
3b938ba,c_3b938ba40d050c319be41a415daf5832e6097d72_0.json,6,0.16491618660455076
97d59f8,c_97d59f8704cb409902b732755293dd72549bd9fb_0.json,7,0.1634915317437402
e80b811,c_e80b8112a719b6b213e833bd0d1ee27f55bfe5f4_0.json,8,0.15277571584399707
08f02a0,c_08f02a086c82363a2d84be5823438ff509ea2415_0.json,9,0.1524406586252135
7ac5dd3,c_7ac5dd3ec633d64603bb836d0576f34a51f93f08_0.json,10,0.14403834368050583
7d2ec7a,c_7d2ec7a0536165eceaffb0c32912d5ef202772fe_0.json,11,0.13722145321692714
a65806a,c_a65806a126d71477b3538b571c45f27de054ff84_0.json,12,0.13588770205593037
42a4812,c_42a4812bcefc07e6eb4eb7aaaed926dd08ae093f_0.json,13,0.13506314368182815
22af432,c_22af43218a497e6205d921c336db71e9e6959170_0.json,14,0.13214270109580495
1018daf,c_1018dafd5db1719f82e1476f5e77d1cba39014fc_0.json,15,0.1317918493123591
20fe471,c_20fe471d408d08050d3a9f4618446a3e88fc5417_0.json,16,0.13029964602142752
2598862,c_2598862d94b7f6f3dfae057193b4f0cb5be8dee8_0.json,17,0.12895730005668693
c4e120b,c_c4e120bbf42cf3981a629582ea722dacea9db19e_0.json,18,0.12743517098498036
b1edd53,c_b1edd537c70143026ebb9eb2c9eca0d7417a398d_0.json,19,0.1240078021847194
473727b,c_473727be265240adf6d15a1d7abad2f0f31967fd_0.json,20,0.12304618094052833
de1838e,c_de1838ea067f3fbc4c7c21b9eeae077c739ecb73_0.json,21,0.12214511913288117
6c1b0fa,c_6c1b0fa1c49a3b4c51a0765c6ab3806ae4aa3ce5_0.json,22,0.12197341627178293
3362f9c,c_3362f9c9d8b1b36e16ba9528ed566f6a27f7ba5b_0.json,23,0.11975531626173441
3eededc,c_3eededce883695b2035cc69e0014d7d2de7ad234_0.json,25,0.11855705229032398
625bafa,c_625bafab76ca7053920364045905abc05f3e31fa_0.json,25,0.11855705229032398
d0035e6,c_d0035e6c7a3f911a735485e0893e26950c15f098_0.json,26,0.117651853207971
17c2635,c_17c26354dfe0f06b1b20d6142b92f55c932781fd_0.json,27,0.11566221230125451
c621254,c_c6212540dfa2fdb42ccd19d9737c8e341b9cab40_0.json,28,0.11550367699870145
68352ee,c_68352ee98fdb3d07be160357514abe2558a90c0d_0.json,29,0.11508100388350218
daf9849,c_daf984983bc695591965f2126e0ef641005fe347_0.json,30,0.11425243875412328
5e7945e,c_5e7945e1ceeb6cce60e3da5caf4d57f7bf531689_0.json,31,0.11301021358155561
e1dc4f8,c_e1dc4f870ea244c744af2285b6d7dda8bfe4ac51_0.json,32,0.11280335287159937
68f4892,c_68f4892138925acd635a11aa01b9b3b80bd21973_0.json,33,0.11242724367922097
b30da44,c_b30da4450fdaec0e542755f4a8a283c3cbe50d8d_0.json,34,0.1120195517290743
aee6c50,c_aee6c50e2830c007a572cc96a57bc105308acc49_0.json,35,0.11187264385573592
898b7f9,c_898b7f9629f8f9a02b9d4785d4c287b4549c3990_0.json,36,0.11051746037813637
8a683f0,c_8a683f009d10150c3bcff6c92455cadd7f7f0a88_0.json,37,0.11001667688382721
e922bf9,c_e922bf949aa055fe1da03056f202b80d17506791_0.json,38,0.10978387364406239
186e9f9,c_186e9f98047b2c8b298709a59a40df3e049ae8fa_0.json,39,0.10922707956245536
70337be,c_70337bef8f5eacd4ecac22b2625a20224f77ff20_0.json,40,0.10909480171601771
6b2a504,c_6b2a5045644104c831dc6380829502fd6c90d8c7_0.json,41,0.10643415108850429
93fc1f9,c_93fc1f9363d911cb0a974f993d9266a89a63c41e_0.json,42,0.10536320296185808
cacb79d,c_cacb79dab96cc98209cf14bf1b1fc6eb6f357c88_0.json,43,0.10493261383259678
b018983,c_b01898391d29e8ff6fe622718a71e7190ca6014b_0.json,44,0.10460280914293929
7ccc4c7,c_7ccc4c7c010b0a091448ca45c1b4e135a08ae52a_0.json,45,0.10446052678599882
6cf4a36,c_6cf4a36a4e2e4b69ed59b6f9637bebf11eea053e_0.json,46,0.10438042625061128
7aeddef,c_7aeddef435c562ed3b84958e74623d47679f7a8d_0.json,47,0.10178285096607875
c4014b6,c_c4014b6b38c9f661a12557db7ee464e158f386f7_0.json,48,0.10175888397805744
e693d87,c_e693d87f714cb7575b6dc14454d2f7d5a8b377ac_0.json,49,0.10029289255918705
3be1057,c_3be1057064c83bbebb9e1394f754b6bc21cd3d3e_0.json,50,0.0994112528350044
787ab08,c_787ab08db9230c67220ef453de211159e317d4e2_0.json,51,0.09881799345587594
67bbc35,c_67bbc35289bb3435eae0bd6f20cc6b15280e66e0_0.json,52,0.09676030211406705
00d0def,c_00d0def6953d414af6ecf36a9584c5453ee39c29_0.json,53,0.09660766103802831
4f3ef66,c_4f3ef66ce3f030c1f45b9426908da32e462e6bac_0.json,54,0.09540040044898679
43b777b,c_43b777b9829141a3eb417ebf3ce49c8444884af0_0.json,55,0.0913275334586674
cbce4da,c_cbce4da24bbf4e52a940a4b24bb0dec096a1d16e_0.json,56,0.09115536459359619
6dc6993,c_6dc69934d24743593ec92f8cd2047775f67cd176_0.json,57,0.09050040114506108
0e35052,c_0e35052508e063fcba35dd0e018db2715aeae08e_0.json,58,0.09002859070033353
9ebd0d9,c_9ebd0d94254b468765f6c558bb10ca018a418444_0.json,59,0.08959618733031327
58149e2,c_58149e21ad7452ed45ce77b8095c0c2c7414d55b_0.json,60,0.08927963180824539
f047581,c_f047581f9526aad1c9c9e624710a4e860f88ecaa_0.json,61,0.08884396441789422
366598c,c_366598c77c097855b4b2e790ab6c4353031747e9_0.json,62,0.08814322896745763
7bd9d1d,c_7bd9d1d970b04a8439fee0bd5224159f57cb2512_0.json,63,0.08806008954607436
883a0e9,c_883a0e91cf5dfb1e5af5b4c8640b5d97f573729e_0.json,64,0.08774272103833658
f8294d2,c_f8294d2d225600e29720c7a1c5c33cda00591bf6_0.json,65,0.08686304097672215
2417ea6,c_2417ea6c4e32eaf36241265727b4b63465877216_0.json,66,0.08396509002466701
d3b38ab,c_d3b38ab190426b3bb32038faecc70835fc45c39a_0.json,67,0.08308900552962417
449e9a8,c_449e9a8cf64738dde865d775f982e797e74d52fa_0.json,68,0.08304385231310352
c7f90f9,c_c7f90f93c6251809428bae0585c4dd56b8a4dd3c_0.json,69,0.08276007745525338
38741a4,c_38741a48c692ae2fc13cd2445e77ace6ecea1156_0.json,70,0.08261541936148831
33c004f,c_33c004f5258f7bba447d1ecec96ce468d081c686_0.json,71,0.08123365059119936
530d8d1,c_530d8d1248799dcb5c5b9b9acea53b8eac781bc7_0.json,72,0.08112194958503671
10bf28e,c_10bf28ee2e210cef60c8506ddca9861898421bfa_0.json,73,0.07958498403280811
ce34196,c_ce34196827e6ac834b4c566e1e6fbe863c8e8d1c_0.json,74,0.07938624152633234
961cce2,c_961cce294c5c1ad222965501e03c2f6bfe9d6935_0.json,76,0.07846321857980254
5e0e770,c_5e0e7703a13d7022c070197fa9624dd67c2a257e_0.json,76,0.07846321857980254
720b341,c_720b341bf02eb85515f4ca40a5e53e362100dcc3_0.json,77,0.0782091620748987
ca7bbae,c_ca7bbae40ef89e561f74d1a00776e3a9f697bd37_0.json,78,0.07780930657258212
c99e6d9,c_c99e6d9ef62185ddbdb4f75c7fad4b5c34b8d130_0.json,79,0.0773678835766416
3f0faa0,c_3f0faa00ed12ff6cf44c948ead215ffa9ae1893e_0.json,80,0.07720622085922013
b53a171,c_b53a171ab3f0ad4faaae37c62df1b6a0f438cb28_0.json,81,0.07685426952129237
a4dd5eb,c_a4dd5eb5039ff3fea5bc19348db72823a8fc9fbe_0.json,82,0.07540646140419016
78d3d98,c_78d3d984062ddc85cf26e065ae25186d1f402aa1_0.json,83,0.07519080106213705
a019cae,c_a019caec3f685f864c98ce9af94c5171de4a51bc_0.json,84,0.07503469930466922
0fee01a,c_0fee01aa2d4ad8347641698fb178c77b6fc95517_0.json,85,0.07466263411618101
93089b2,c_93089b260cd2030d69b3f7113ed643b9af1adcaa_0.json,86,0.07432504992602684
740a1b6,c_740a1b699338923098486fc16d8df967be388160_0.json,87,0.07418157545244686
0833f45,c_0833f45bffd40f44ba6f294d84e9bac8a9ba0a37_0.json,88,0.07394126175647964
c53d3f3,c_c53d3f30258ca830e759c507c1932aa1a3c9a578_0.json,89,0.07301928259773027
3cb5801,c_3cb5801a985c0d6a9ca3dc794b4e89a292b4a9c6_0.json,90,0.07272383585486386
9a705d8,c_9a705d8605583b9614bfd7ad8117e01dc8f3e13a_0.json,91,0.0712548516836784
be3cb01,c_be3cb017eb7db3806a66afff05e32e75e2d56c84_0.json,92,0.07121664043119191
9e3f3cc,c_9e3f3cccb25ee2eeb91f5a7ef77a0ed7dfcc4014_0.json,93,0.0710010338824375
38670db,c_38670dbe9232dc9b56d6464c42293e745974cf60_0.json,94,0.07098823337009508
bfc40de,c_bfc40dede6ddf4988d966b1d4b8aa711518fa7b5_0.json,95,0.07017998246701862
7c770e0,c_7c770e0b53235e90a216ae3b214048b765cda0c0_0.json,96,0.07009852242668468
9acb622,c_9acb622adf15a97c58f26da62a23f9d2278faa4a_0.json,97,0.06970682880650692
6ab9b46,c_6ab9b46e5a0aa9aae4ea4cbc86fd78ee72a3e2dc_0.json,98,0.06958476141245673
79eb6e0,c_79eb6e039273f706828a63c1821ccc993bba3902_0.json,99,0.06917986519254815
f7220c4,c_f7220c40b18193ffa4b02fb6645b1e14db38cc44_0.json,100,0.06917368815466529
4406fba,c_4406fba31cf945861a23a1d3730b06386d7722fb_0.json,101,0.06901519761920982
9cb66ca,c_9cb66ca7fb213f8936f32749d23294b154fe5964_0.json,102,0.06762395793672982
73ec29f,c_73ec29f75f1dd6f0c52e9c310dc4f8414346f49a_0.json,103,0.0675102805945954
2f2d9aa,c_2f2d9aa7807b22a7f21b025969eb533b118e0b54_0.json,104,0.06713018928619452
fc4ccb4,c_fc4ccb426eb3934ee1656db9b18c7d797ac6bd1d_0.json,105,0.06700852582958816
530c933,c_530c93392ca9113fcdf3acd1dd21b1c3348b9b38_0.json,106,0.06631727410199306
19cb2ca,c_19cb2ca2ebf626fbf9ac82175380dd13a122e4bb_0.json,107,0.0657802688587451
bf18639,c_bf186393db6502561f54b09a09766a0287335b5c_0.json,108,0.06548193076936515
9dd3dda,c_9dd3dda09f09c6baa7e053b39043bc9e2ef47ee0_0.json,109,0.06524952010536011
6b422c8,c_6b422c82bdb39da4ca3ee4e0f8d2fbe0e8a28d46_0.json,110,0.06513619929762149
9107316,c_9107316c0b58e843c3412d906845b0ef604d0764_0.json,111,0.06507537786235862
6a34b82,c_6a34b823c807325bc251ef43c66c307adcd947b8_0.json,112,0.06466883998542083
9114337,c_911433707587a42727da375e1ec0e53dc909ac8d_0.json,113,0.06458580598553487
045dbbb,c_045dbbbe4ab84618cee8ba27d00b9283ce0a2715_0.json,114,0.06439657777253782
0030e1a,c_0030e1a9a23972e0c7dcc6caf21d753aa5dbf737_0.json,115,0.06388146122352822
0956f6e,c_0956f6e85dd5cb49f3e18dbbaf6c00335ecf108b_0.json,116,0.06326887039585782
18d7060,c_18d706032ac850979833165b66439c2c764c3b33_0.json,117,0.06324239103988971
c9aeca5,c_c9aeca5c39033c95c26c1475dcf0fd2ea86672e8_0.json,118,0.0628760485289469
42476f4,c_42476f4b08fe4b075aa36f688f0801857f3635d9_0.json,119,0.06235516670757002
0e7e9de,c_0e7e9deabbddc56abcd0b92bcb50f704b4ed1da4_0.json,120,0.06205642107431686
6ca0f78,c_6ca0f78156086304cbdeff9a930dd58dffd3bbd6_0.json,121,0.06193007112481619
822e653,c_822e653a0e8ff9f7d6a9e605193302123333ec59_0.json,122,0.06185154294546402
60709c2,c_60709c20402533f86bb2374241cdac3b4f0fcba2_0.json,123,0.06172927338035805
d90fa38,c_d90fa381c4b3aaf290724ff7aabdd4ef55dd600b_0.json,124,0.06160732247237988
0a0f3bb,c_0a0f3bbd365c470c2ae86b1cf383838bfaab77e1_0.json,125,0.06141084434935873
db11c04,c_db11c04d29dd50f4405c51043b40f0d47d15925d_0.json,126,0.06132715383056353
72e830c,c_72e830c08c39665a64da9e295cbe4b99e5c1b5e6_0.json,127,0.060798982912241506
8989b6f,c_8989b6fc563516111af7299863803a45fb948b6d_0.json,128,0.06042855403442404
9acd5cd,c_9acd5cd4d32f3f14440a6fbea766f90c71f49b10_0.json,129,0.06006185599782754
2e543f4,c_2e543f41f3f76649524707337bfaf2731dc735d0_0.json,130,0.059862676030187356
0383fd5,c_0383fd51df6ef72e41338d37748959639b788871_0.json,131,0.05919734714810687
f6c0433,c_f6c0433b65a97745b9a3044cebe3ddc6e28c1836_0.json,132,0.059192365594143204
3a1806b,c_3a1806ba26c3088de58ed5898f278dcd075b0552_0.json,133,0.059032457879476974
71a6570,c_71a657004e090a86c47593f624cdcc3bb2ea710e_0.json,134,0.05894803972813034
fe5bd51,c_fe5bd51f8adf11116f0cea83bd7cbe55b7488269_0.json,135,0.058168899993817025
8b62267,c_8b622677c63f59c320e087762aaff92514b45538_0.json,136,0.05804547946269656
9141cb3,c_9141cb39e6659340574a96b41d7f463ebdc2610e_0.json,137,0.057999457152356104
ff41f78,c_ff41f78ef59a8d4699ee30a2faf8e6964ca434c7_0.json,138,0.05779979898905907
7c4121b,c_7c4121b5e04ff7e7ff9c55511974b7d2450e24c0_0.json,139,0.057382806632880756
795fe61,c_795fe61858b9be86acade30f82e5acc87628c75d_0.json,140,0.057173823065397866
eb6ffbb,c_eb6ffbb7f3d658b8b57258e706f30fc749db70d8_0.json,141,0.05707044144259921
b227c29,c_b227c29978a2f3825812e0d5c04a6613b056c0e4_0.json,142,0.05692575413624468
5c3e513,c_5c3e51363fe10ca03f832858fb69ccf80f490ebb_0.json,143,0.056914724869504996
d7e9458,c_d7e94581d784067fccddd34e19ae46aea526f9fa_0.json,144,0.0568033912264273
339c2a6,c_339c2a689c0c02264ec633bae12c089806b13423_0.json,145,0.056793076290521216
c9dedff,c_c9dedff12e98a34ab4225bc65f810c0954207f11_0.json,146,0.05646186455551694
cee5cc3,c_cee5cc3d7442efffab84192b93ed92ad940d892c_0.json,147,0.05641355825650651
09a6e88,c_09a6e887b891152ebebb3c2df9e0d8a8dcfa3a52_0.json,148,0.05610319556790244
2ec4c99,c_2ec4c994c0458ef893af9bd518849bec21b2dec4_0.json,149,0.05602233626140596
adaccbc,c_adaccbcef4b94de8a445cd6af608e829605563e9_0.json,150,0.05582621183287895
0519364,c_0519364a838974b329cd303e9593a8bdbb99bc64_0.json,151,0.05561660362135812
16bfec0,c_16bfec07ffd785e5abbabdc4145eeac5cccc2c79_0.json,152,0.05505399932894184
49c9a67,c_49c9a67b2675ea19f2fa4f8b56d98a6269fcbae1_0.json,153,0.05496366687984777
4dfc8ed,c_4dfc8ed0747f5d7cd10ba35621add0fe4891a545_0.json,154,0.05491480369382373
a07c9f7,c_a07c9f72fcb5624c43cc90da19dd2216dffde90c_0.json,155,0.05462471293906335
1166ca6,c_1166ca605bcc035654771f1ddc1092d86f2ec1e8_0.json,156,0.054406646238521206
3567ad0,c_3567ad0acc911354a066532bf444d983a4fa76ee_0.json,157,0.0540822002765311
6e2c992,c_6e2c992072972ffdddba914b222b3d434b6e9f6c_0.json,158,0.0540650696666386
8d8502a,c_8d8502ae8caa3b2b133bdce221ea8a955a6bf97f_0.json,159,0.0538217464563725
e28d4e9,c_e28d4e9c2e2f3db38b6b1939ee1fde819debed9b_0.json,160,0.053706582126442526
6870022,c_6870022916139c3fcacef9f57d053ccb03f0c3c3_0.json,161,0.05331686505693123
9542a39,c_9542a399b8fe5eafa87c22fb29590a923f0786d1_0.json,162,0.05308996619473527
03dbcf4,c_03dbcf48c086db6b87a3f57e01fe0a9979fc79f0_0.json,163,0.05298662740701887
96a55f1,c_96a55f1d2b0e5448e98edf205f98cadb1c514cb9_0.json,164,0.05298374204404832
4c8024f,c_4c8024fb76806726b4652a738e7540260b428473_0.json,165,0.052410999271018444
0558a35,c_0558a35d9198e0f076f86630c8dcab1e0b0868f2_0.json,166,0.05236286600627915
e331df6,c_e331df694cfb3279cf4e5e4aea7fffa7ade099a8_0.json,167,0.05233753592716939
d10442b,c_d10442b68a673444a3d6716d2d7f1cf98618ce05_0.json,168,0.05231254976043609
ba26844,c_ba26844c7bca3e42036f626cd61de9d40550b76f_0.json,169,0.05226550592244483
eac54a2,c_eac54a225bc974157e914cf66cfa598171022018_0.json,170,0.05183902612173452
f6f9fc1,c_f6f9fc1d480e85839c80d0890fa5ebed74971dc7_0.json,171,0.05168899471729804
8746645,c_87466459c0086004703341766df2609467ea0b89_0.json,172,0.05153271571679585
c7576cc,c_c7576ccdedbf82cbe4bda1ae699eccf90b70bbb9_0.json,173,0.05094869022375126
f342cb2,c_f342cb2caf9ab9d9d74625a5244b29cfce181e67_0.json,174,0.050784231124232915
e23e79e,c_e23e79e0ceacf38d3298e7f5207c4518ad2b5955_0.json,175,0.05025627923151754
ba016bd,c_ba016bd7597e97eb4745cf71b423ce262f208879_0.json,177,0.050146325849399376
3d72cb0,c_3d72cb087af521b9c9cf5035af4e56889769537b_0.json,177,0.050146325849399376
1b4474c,c_1b4474c0a09d6d9a0015a1adbc7462b08941d393_0.json,178,0.049978480320387764
53f15f4,c_53f15f420bb689553f68b7297fb5cccb0cffb94f_0.json,179,0.04973531484484228
bb7d696,c_bb7d696218902c8b0709be066032162db588628d_0.json,188,0.049688267032448885
0ea3603,c_0ea3603628a516226d71204bc4f599a7303bdace_0.json,188,0.049688267032448885
193dfd7,c_193dfd79af01acc41536f6c46019100bdd45527a_0.json,188,0.049688267032448885
ad9e4f3,c_ad9e4f3b604b4b15064b595e5592e5ed738b1b07_0.json,188,0.049688267032448885
d45289f,c_d45289f384e3e939c4025b59521e82f41d926685_0.json,188,0.049688267032448885
ba609af,c_ba609af7e3f2c0d891800ba18575eedb539e6eb2_0.json,188,0.049688267032448885
2618806,c_26188064b0f206cebe0f8c9547a0666c810085b4_0.json,188,0.049688267032448885
d266471,c_d266471b4cdc2bdf7529747534f35c7b78fca6b0_0.json,188,0.049688267032448885
bbb2da1,c_bbb2da1b69cdd6c44407d0192ecb1129d4c81e39_0.json,188,0.049688267032448885
fcfb6dc,c_fcfb6dc7c5262e54995dd70939f614f02a7f7cb6_0.json,189,0.04939249827645453
05fdf22,c_05fdf22a6c0e142a985ebe0e2a295e9a46a43041_0.json,190,0.04931584759242269
db37436,c_db374369aeeb1f3ace8efcbd7155fcff20354504_0.json,191,0.04903229887212557
713e9c5,c_713e9c5382476d5e309ac4e18b1dba8f060f3837_0.json,192,0.04860718270134112
8c3aaee,c_8c3aaee61aef3b1ac7ab4507db78f9a37d285124_0.json,193,0.0482098677304833
086f434,c_086f434320e68a82ce1adcac69668ffcd7f48e52_0.json,194,0.04816785352109365
2a8ce4a,c_2a8ce4a11cf42683d7abf06c591b4c0f1e8928e1_0.json,195,0.04782483269604798
aeef773,c_aeef773ed680701ead67c6a35016d35cb3edd72a_0.json,196,0.04721227573471809
933a950,c_933a950c88c402752b189fe3890cd8aef1536fd1_0.json,197,0.04707989757023323
0e1f0ad,c_0e1f0adb716515aba5e98e5690779f2fb73ad716_0.json,198,0.046886267902393364
19ba389,c_19ba389fe8194bb6c22102b32e021d8487e1e307_0.json,199,0.04660863814562055
94b9f8d,c_94b9f8dc957d3a2276232c8e6f3acc6fe633b00a_0.json,200,0.04593690074405765
05ecd91,c_05ecd9199421844509275896b663ee62ef43bb8a_0.json,201,0.04530561386279186
5e12903,c_5e12903325795ae5678db28f57b4ce4ddfeaf936_0.json,202,0.045242754714243105
5063b16,c_5063b16c7a6d806a0a229fdf4ff2a16d74f287b5_0.json,203,0.04515948335715536
adf5f83,c_adf5f834db919d8eb584eb2f701d9963ab89f525_0.json,204,0.04504932009708307
4aee321,c_4aee321abbe92308aaa03eba2de672c46672970e_0.json,205,0.044862098407908
61b6622,c_61b66220b5806ee5bdf60a9474f8aa1f6d4a27af_0.json,206,0.044740214127861555
ecea0c3,c_ecea0c35993b2428e0a938933896329c413de40e_0.json,207,0.04464455196272099
d37f1a6,c_d37f1a6ed73e56b109c85f142214a25ba66fd802_0.json,208,0.04451531839821421
df08aca,c_df08acad745aef61a44c7f392abbee4ef9e201f8_0.json,209,0.04449618480926787
6eddd54,c_6eddd544e56b4c376619cad6b279885962293b6d_0.json,210,0.044445135526756996
aa4d069,c_aa4d069a7fcaf3778d73d7a3218422dfca7704d2_0.json,213,0.0439626172660762
ef8a489,c_ef8a489172e712fa44a832655b8a3aa7babcdfc9_0.json,213,0.0439626172660762
d89a0f4,c_d89a0f482f6fa06661e4fd15a31b54222224a6df_0.json,213,0.0439626172660762
374cd7b,c_374cd7b16d1ec48bb68fd748427c4b8942767c6b_0.json,214,0.043852719703436405
bf06bed,c_bf06bed9b8905ccf5409179263707074167ccfc4_0.json,215,0.04382363084242502
6e57364,c_6e57364216b78bca031f764b8d0a46494ba27b46_0.json,216,0.043715443427144174
cb99634,c_cb99634ab3d6143dffc90938fc68e15c7f9d25b8_0.json,217,0.04366801253246466
68322e0,c_68322e03362d1be97acc4b0eda207d45396dcb2c_0.json,221,0.04343602696510107
2ff847e,c_2ff847ea913737b28f5ff194e9295c9c5cddb176_0.json,221,0.04343602696510107
0e2ec48,c_0e2ec48f8e6ad78aa1367e1a9729b0c17820de2d_0.json,221,0.04343602696510107
75a835a,c_75a835a83736de88f13f7e5dcc39eca1e9aeb073_0.json,221,0.04343602696510107
68e75ee,c_68e75ee16dc6ac983df44ca0c9b1628a9e111caa_0.json,222,0.04320469144425465
40fb601,c_40fb601cbfd2f6cf0e4d7648faed672745c1bafc_0.json,223,0.0429708408987608
6eddaf8,c_6eddaf8b0c0cb4fe1ece10fc7da6f3b2835dd9df_0.json,224,0.04270467095964625
87d5f87,c_87d5f8780622c8f0d507b732194e3db0b76af61a_0.json,225,0.042383684790377574
70f00f9,c_70f00f973ae41aeefaac66077916945a07012b1f_0.json,226,0.042051102749296354
7e67e14,c_7e67e14bb39e7c60e0d6cc26464399dbde31c1b1_0.json,227,0.04168241901220793
40948cd,c_40948cdcec66b8dd213efe96f1251abc3f412581_0.json,228,0.04164993759465496
9c43ad3,c_9c43ad3afb5d6285070380a24235344e7f459546_0.json,229,0.04087252249636708
ddda2af,c_ddda2af0666e199e0e6e267833449223b9e738e1_0.json,230,0.040198013453279335
72d6e79,c_72d6e797caf2b1a1d033305c1baf4e43eee5f1ea_0.json,231,0.03990032717184622
12b600c,c_12b600c2520093d83d0b67ae9b3eacfae466455e_0.json,232,0.03981988782077339
e7434e5,c_e7434e5cb57088ee4d5a06e846cab7c4bed7cd10_0.json,233,0.03977075814104869
f51f43d,c_f51f43d18421d02fab7b39b55e6b55c32b5622d2_0.json,234,0.039638015173013685
48b26f8,c_48b26f82f711437fe96899d0a24153476762d22e_0.json,235,0.03952340157833789
0dbb499,c_0dbb499888e5e17322d08802222f2453bf5621a6_0.json,236,0.03944711132023859
312f5b0,c_312f5b033e7e9d532dd841eec3a179bf5659c85b_0.json,237,0.039117180493061454
f80c5bd,c_f80c5bd0ad8ed0739f43a2ed6392d94bbceae1c9_0.json,238,0.03884769382058717
aef7130,c_aef71309b6d84d2806b7aadd117d06bb6a845f06_0.json,239,0.03820553284607009
46b6a2d,c_46b6a2de4c915cc1156eed7fa6a649aa343c2793_0.json,240,0.038061287793743626
9428b9c,c_9428b9cc1afa21b73ed36d6dad928a7b0e03bf8e_0.json,241,0.03753094528492018
7fd16f3,c_7fd16f353a89e7360f060432bf7f9773284b1883_0.json,242,0.036754182855199824
1ae3639,c_1ae3639d2ca9c31ef07b3edcd2a946e6b60d94b1_0.json,243,0.036645873377824656
afc831b,c_afc831bcb837030d83f58c7cd6bd41588bfa194c_0.json,244,0.03646554257677137
6a132b4,c_6a132b40abbefb97ff58528eab8a8835fb353df1_0.json,245,0.03626803056798311
8aa0259,c_8aa02596af321b08246c0c6019384955648f71dd_0.json,246,0.0360129172670719
010c81e,c_010c81e8b474255bebaba58ba9729e426e012f35_0.json,247,0.03541011343867284
3358e83,c_3358e83a0d7a144acf12dc6f19c5a44ebd7a203d_0.json,248,0.03540016432130777
1627817,c_16278171d231ef9fc4ca2195bf7637c0caf25a89_0.json,249,0.035354929398547785
194e21c,c_194e21c283fa857bf1a121b8f37ba3346a11cf2e_0.json,250,0.03464902222329824
1c728b4,c_1c728b40e5be7b66867ead5d1c99034ddab6d32f_0.json,251,0.03455746672625315
0186a3d,c_0186a3d33533dac99ba05cc48440c87c7ffe3a45_0.json,252,0.034496859584939976
1a35541,c_1a35541867c086cae9166a0b0dc9901ea0e12812_0.json,253,0.03446890145004955
50a89da,c_50a89da39fb3f2cf126c9ba7d41a099a3e576d6c_0.json,254,0.03387430548045345
4bc562f,c_4bc562f47b46372a5ac11498fe5312846dedded4_0.json,255,0.03372045472200813
f299569,c_f29956907096b9a1d5e7a8e7ebb6f13b1b1028ed_0.json,256,0.033514020819747525
29c80da,c_29c80daa3c3feecc99643ceef6da4ded9f3133be_0.json,257,0.0333800725405371
516b82b,c_516b82b4712da79bcefbeeb06b8a59f17aa99976_0.json,258,0.033288975210603144
5a7138a,c_5a7138a1da11bb5bbbd3c582b1634fd4f54817b1_0.json,260,0.033061603642356996
883780b,c_883780bcf69e7842b781632c98ac32caf824aa16_0.json,260,0.033061603642356996
e6f2de0,c_e6f2de0fa8ac4f471960629ec46ee6d7d9b5c59d_0.json,261,0.03251836722613566
cdc8b8f,c_cdc8b8f2b18bec16536f397fef994b185eebead6_0.json,262,0.03244921454479299
165a5dc,c_165a5dcaf41b490cd80e90c65738453140c0ef61_0.json,263,0.032285990293640654
61a879b,c_61a879bf681402a7986165c32c9e1c4e3fb94b18_0.json,264,0.03222964913291537
6306dd7,c_6306dd71817e91eb556fd28f2f4cc6c7675e169d_0.json,265,0.031281704547572176
4efb5ae,c_4efb5ae19a23ba6d8b643bf4ac84a74d349fa5c7_0.json,267,0.0312351761445282
3ea85d4,c_3ea85d4c8b5d874e10bf6b3a7754f9b521e22af9_0.json,267,0.0312351761445282
6b1eaad,c_6b1eaad5a6967587d2a7daa5bca601cf6d1ca32d_0.json,268,0.03109643859418698
33eb71e,c_33eb71e9a144bc8ab0ff303a1b2f0a00c489f727_0.json,269,0.030966796202257063
a7bd28c,c_a7bd28c496457aa7c32db4ea529c4f3df7e78fe9_0.json,270,0.030745013843714863
3fd45b5,c_3fd45b544159e19165ecd3e4a8f5517ac2dd5c50_0.json,271,0.030306635722149977
83b1072,c_83b1072703023411900b5eaefe9b8e99bc6b9414_0.json,272,0.030184847265339987
462af64,c_462af644569da906920d75a87b2476b05b1214ae_0.json,273,0.030176388750353556
dc7a719,c_dc7a71979d2a7686b21482a9067cfe306c6c738b_0.json,274,0.030112236917187007
37a261b,c_37a261b385257f3988f22c4b602aa569a68bfddd_0.json,275,0.030101376371811428
f921e77,c_f921e7760507593781ca17de0298ce13a83a9159_0.json,276,0.029891456748494805
ae5e789,c_ae5e7898f584fd06b2b7f7d6f00d8a6c3001bea5_0.json,277,0.029853088024806795
d8eaf1c,c_d8eaf1cd616a1e92c76ed6356790a907135c3d81_0.json,278,0.02976575068462539
b5c3342,c_b5c334222c31c14e8e85bdd34d9fe2be3cada05e_0.json,279,0.02974559874041638
4a70de4,c_4a70de4b4471e2cf4ad6ea70719c0dd799246d80_0.json,280,0.029595141533314773
eb13cb1,c_eb13cb152a3e7ab53feb5b3a11c960fb91f59a97_0.json,281,0.029427874748256255
f6f02e5,c_f6f02e52655a01222dc4e1036e52d33a187f01f7_0.json,283,0.02938856929388034
b5589d0,c_b5589d0fcb0509ff0ff4815bda31b7d75b92f92e_0.json,283,0.02938856929388034
e4a6faf,c_e4a6faf8ab204d8eb738f5b85350c03258fb4b48_0.json,284,0.029367959950051148
bf1d01d,c_bf1d01d79dd7e178899921bba34b66ab8d0515e5_0.json,285,0.029160828909274183
0e8084a,c_0e8084ab27bdd1e183b243b6c4cef97d603d23ad_0.json,286,0.028996443381015036
0f8cc22,c_0f8cc2228ca860514360cf6eae237fb8a6a98456_0.json,287,0.028937681217192757
561adc6,c_561adc6440cb832fe064554e3dc017e0ff5327a1_0.json,288,0.028723465213519317
e940855,c_e94085595f372cd27900ee462c93be0a43d63a22_0.json,289,0.02865810020143722
57a1aef,c_57a1aef278cb457ba80725508756f5cf053da170_0.json,290,0.02855911428583513
02b2146,c_02b21463e68e7b3d5f3d9980746d131a08a08eed_0.json,291,0.028381261726122875
13092ba,c_13092bad7d2011b76f4a40e7baf8c4248e111139_0.json,292,0.028375566245643413
98e075b,c_98e075b22d6127826804a1379196ba4555c2cfca_0.json,293,0.028242785408315263
a5cd9dc,c_a5cd9dc1c5fad2d3e6ba616c632f22c4783df73f_0.json,294,0.02809095492307445
389fcd2,c_389fcd218eca6fd7e2826cafb08933fcb1ae8faa_0.json,295,0.028012426313291927
8f0d0e0,c_8f0d0e03d684c34229e1d64a163b4835cded1891_0.json,296,0.027993396049782016
fa5dca3,c_fa5dca3be144dcfd855384471f1687fa2dc95aca_0.json,297,0.027951837368090593
56ca585,c_56ca5858db4765112dca44e5deeda0ac181a6766_0.json,298,0.027911702031281793
6359d22,c_6359d220bdc8d79d42af25e7f89e473dad49678c_0.json,299,0.027632616526549025
2018c0c,c_2018c0c41f569f8eb7f694ac9e3868675b307c1b_0.json,300,0.027610478934071647
e5a7b27,c_e5a7b27224f01c6a692c414cc3aa53fd7a98f268_0.json,301,0.02745269434262565
3296f59,c_3296f59696d9ba83eb6791c6064f0e6a33e765fc_0.json,302,0.027413787008500612
5d15c38,c_5d15c38eed08d4fef85602dd6e29eab0f5295267_0.json,303,0.02736412605865035
02a36dd,c_02a36dd41dc1bb80eb567feb39dc86b36afcc0ff_0.json,304,0.027337119087672
e488916,c_e4889167d2cd173b109e25a8ba3d2396d9782f0b_0.json,305,0.027128339224305353
eb472cb,c_eb472cb82ab0b7d0b821b17af0417cca6c1c6b4f_0.json,306,0.027071547851291622
f444c7c,c_f444c7cd3b069434c451eb644a10f2f1251090fd_0.json,307,0.027059274323353866
4ed7299,c_4ed7299b5e0788f851ba5fb5e9c9e364e0420cc8_0.json,308,0.026910551308535924
b9b3b58,c_b9b3b58cbdcfd419549b0ccee89da75c7045ef43_0.json,309,0.026886557916422027
a1f7d8b,c_a1f7d8b1667850fd87d5b8400bb730096187302a_0.json,310,0.02686355663984663
77c6382,c_77c6382ee55fbc80b61fe46a919335a9dfd16796_0.json,311,0.026856740907683307
f656bb7,c_f656bb7cb671794cd35b319b30fb6d6ebab310ce_0.json,312,0.0268505966422784
dd1ebc9,c_dd1ebc9c9aad04cb190edcb80b1ab00d7e114658_0.json,313,0.026817587652475217
e33bede,c_e33bedefcec054f9813f6214cf0cd12d6553fb1e_0.json,314,0.026610699824379802
933cf2d,c_933cf2d038b2a5b6381fc6ee4a04e52d4994cde2_0.json,315,0.026604186556178022
e2e8c25,c_e2e8c2523cbd2f0b8b8a2ee4ea2c8744227cc07a_0.json,316,0.02652060988313587
45d972f,c_45d972fe5b7807db5f5bb6fed182f107993da5a4_0.json,317,0.026447691063366308
c694d06,c_c694d060bdc95760b32c96b62a4b14c4e3d502f8_0.json,318,0.02635557988206816
6b67a34,c_6b67a34b87e59e72bffd7e3b9dff31c07aa4bb65_0.json,319,0.026093102255168477
a708256,c_a708256b65819eb39fb401516e12b59818fffffd_0.json,320,0.026049201558713597
0fb414b,c_0fb414b6f21d11ed61740e66c04aced832827577_0.json,321,0.02599624226259667
dbbae1e,c_dbbae1eccdf486c70204f99f1a938c26fc062e2f_0.json,322,0.02588823159094844
d422c1a,c_d422c1a8b5a7f4567ae138ae7c1fd68077f94776_0.json,323,0.025807588281715255
d2c8f90,c_d2c8f90800f45a0bf99e539180147e5157951428_0.json,324,0.02580739629859241
53fd86d,c_53fd86dfbc75633b9820868c6119a75952da9bde_0.json,325,0.02567678923105332
50e2719,c_50e2719bb646870dc08dd71f2bc2314ce46def76_0.json,326,0.025475463293335054
ce1c01c,c_ce1c01c4034439f44e0ed87230311a7f619d2bd8_0.json,327,0.025336370374111516
e04a86a,c_e04a86ae117e1fa2d6e12a1869dbc547cb8cef77_0.json,328,0.02521154709973783
2ea171f,c_2ea171f2edda2568b5347b1bfcdb78032a521890_0.json,329,0.024978529867734856
fc11e68,c_fc11e687281957330d6b6f7b1854df6fb24babba_0.json,330,0.02495688333078261
517bf0d,c_517bf0d58374d53d8fa92e4f0593ec8db8e6d8e7_0.json,331,0.024899183447455675
ee4962c,c_ee4962c1eca66bc02bead363d1f042dee9c05872_0.json,332,0.024883267058369962
cdef24d,c_cdef24d9182acef747aa03b8cb6ff5865c843f14_0.json,333,0.024835106288649933
6f500d6,c_6f500d6067887a6dffd1e23f0a111012a4777347_0.json,334,0.024720899381834194
31896b6,c_31896b6d4326ad1a76fed349781c5e641e9fa014_0.json,335,0.024679936768957522
3ea8118,c_3ea8118ff3793cc32fcf6d2c93d4f5eda73b374e_0.json,336,0.024588201256281916
ee95ad7,c_ee95ad7a13b3d69096bac45ad344575e2cb54c1a_0.json,337,0.024511020584260135
9d00beb,c_9d00beb3525c135c1f5ef7f5b43c2481090c5763_0.json,338,0.02444693426245448
f6c9a36,c_f6c9a36ad6d14485e9020231f91e9046a957a76c_0.json,339,0.02432945802777775
ecf59be,c_ecf59bef6e5bfcfe7dd048babd848bd7906a3a95_0.json,340,0.024310954261147044
6f94c8a,c_6f94c8a3daa2c967542659f7026eda4a3aef6aaf_0.json,341,0.02413671240958737
9f6d3f5,c_9f6d3f541330670df684d01b8b6fae67f474bb90_0.json,342,0.024089955021031173
3655efc,c_3655efcedbf804408a433cbbd25eef3fc91c675a_0.json,343,0.02408277566788708
91058bb,c_91058bb95fdfc945dd841a5043fa4641333d4b85_0.json,344,0.023984524276634556
1e83d1f,c_1e83d1fb590274c393a8b3d2d968fb32d529d24e_0.json,345,0.023974039536118763
5111efd,c_5111efd46d868f5ce85479ffbbbab7882d09d767_0.json,346,0.023907873914075117
7d8c7f1,c_7d8c7f17ff5ee965b7e1d47e667fcd878d59c6aa_0.json,347,0.023882276655000756
1e0dd7b,c_1e0dd7b4b3a499f5507136b8a04aba37889d2d47_0.json,348,0.023861198669019923
350d34d,c_350d34d5cfe45c4e7036422e0e2e0f6039eb6f98_0.json,349,0.02384647404453022
7825b26,c_7825b260f30074c869c18fbedba24c6d60bcf7e2_0.json,350,0.02381879929052766
3cd5c85,c_3cd5c85e8a9e1cdcaad4059d5aa3eb4c15228ecf_0.json,351,0.02373739659526153
1046db8,c_1046db8f90a4dfae375c359f86d9676cc85c23f8_0.json,352,0.023730195481007854
cfcca02,c_cfcca024a5a74f96c9892cfa579fafd07783f4ff_0.json,353,0.023710186148871104
a5b76b6,c_a5b76b6c20a5b9a1a6dc893e25f090b758f695e4_0.json,354,0.023510947743003885
7addc8f,c_7addc8f6889d3d1f4e5fe3bcb1c0f8161a6fefb9_0.json,355,0.02333865590435724
4c530ac,c_4c530ac40dcd17e70abb0a2b28c6a557d2520117_0.json,356,0.02330663794218102
4b5faab,c_4b5faabefd896ef24b21d7f9d3dc20741f6b89b8_0.json,357,0.023171542487239738
992c064,c_992c0645e0b4d9436593f39c3bcff77328adb37c_0.json,358,0.0231334340481143
03a6b50,c_03a6b5031938b652bcc0f12dfba6713eea954578_0.json,359,0.023074028550183923
1b78bc1,c_1b78bc150215f2867c4b971253b672ad8c72be0e_0.json,360,0.022903263235723004
5c9b878,c_5c9b878dfd2539e7e5d725d116763c241901ac12_0.json,361,0.02276469712954743
564e824,c_564e8244b6f89c9a0d9c43a940e87963bab142bc_0.json,362,0.02274492021843999
84e46bd,c_84e46bd5857e56596f0a52b18686dc467c3350fe_0.json,363,0.022645517198661258
fba5809,c_fba580930f091620159f8740bb441bb11290b27a_0.json,364,0.02263901040196792
d994897,c_d994897420ca5935d489821847897abf2138f46e_0.json,365,0.022589570488370403
b372050,c_b372050f7f238b14953e609d3ec28dc755fca685_0.json,366,0.02244916774015926
b55fb21,c_b55fb21d78e30748ae19f1c8d16902439643799a_0.json,367,0.02222996682081957
323b7ae,c_323b7aedaea1c57dc225fa2ca64613a3672156d0_0.json,368,0.022208563836041306
415218f,c_415218fb6d84408dd239231e3b7fb310f86793e9_0.json,369,0.02215467245549474
ddfe9df,c_ddfe9df74f39bb0e3851fbc8fb6e9669cb60ca69_0.json,370,0.02205619768273459
78d7055,c_78d7055f7166e9899f613bc66d51b418a7860115_0.json,371,0.022053668192771325
1c642fc,c_1c642fc7ecea497c92b961614ebba569ac151aa8_0.json,372,0.02203743893554
e1377dd,c_e1377ddc671e208e090b08eb0357c823b579b886_0.json,373,0.021998831933238372
1418238,c_14182380d59abc9c5a18504833c5c93d27fd0f8e_0.json,374,0.021869617712291345
43987a7,c_43987a7d781598d1f7896a07c78755a62698efbd_0.json,375,0.021847885574751924
7fa5b4e,c_7fa5b4e68f16b4d4b33141ff7adae7d6caa3bf9b_0.json,376,0.02175085158806589
dca481f,c_dca481f79c2d04e4e1ea438845f485af5c7f4ad1_0.json,377,0.02161017605157689
bdb5842,c_bdb5842eefc24b52286fa9c1cfe1871a93d30f44_0.json,378,0.021534644362876776
eeeafa5,c_eeeafa5faa784cdf632f6235a987104c7355bb32_0.json,379,0.02147410742160527
5c9697c,c_5c9697c158e45ae8a964d561cc948e43fca8a76d_0.json,380,0.021405293734945485
3eff704,c_3eff7042455220b6e0b67117beebb65fa8cf44ae_0.json,381,0.021399103622821825
5b6b1fa,c_5b6b1fa33cd033a401834a7968604b0c7ccb182f_0.json,382,0.021173626773714593
2b7bae9,c_2b7bae9f170c200f13d29506f83964e254baa11f_0.json,383,0.021157652835744667
8bba58d,c_8bba58d1ed87da343da51e239d094dcd06745015_0.json,384,0.021076275778462827
637ef14,c_637ef14ee4aa842fe689b166e36d2e88363d5c20_0.json,385,0.020994798041137797
cc4cc47,c_cc4cc4747e0ab9247ef549a819d8b1cf65d4beba_0.json,386,0.020939295927410284
25f4b3e,c_25f4b3e9985684ed07bfbf8238d9148960001e7e_0.json,387,0.020870926126115186
4b5e8d7,c_4b5e8d70f1361e58e0736551fdf0da462ae6e0ba_0.json,388,0.02083753628601248
660f37a,c_660f37a20a357901217136116f06629a75f694a6_0.json,389,0.02083164183231534
62a5276,c_62a527636d16f0a05cce64355bc09ac1caf9a74e_0.json,390,0.020776814674934307
75bd702,c_75bd702468ed3019f5ac0d66b4db02b0d20d7163_0.json,391,0.020719765473612428
d992442,c_d99244287c8b974e118f0ee4330ba20aef9621a3_0.json,392,0.020641028897092184
67390ea,c_67390ea3046a451e54607d071af2300d4b3afe6d_0.json,393,0.020475317978124297
c6bdeca,c_c6bdecabd82eebc9efce450aa4057b668984479e_0.json,394,0.020468688234468457
523171e,c_523171ed4148757656b92771bc163dff924558a9_0.json,395,0.020433707682019686
e6e8074,c_e6e80741d86f4f28a6645394dce3244966e6615e_0.json,396,0.020380727023839973
a0f10ed,c_a0f10ed5495800b1df7a5e70fcc043ce05735bbf_0.json,397,0.020312303223485872
a53c76b,c_a53c76b43ac003cb7f741d59d2f705f562d28008_0.json,399,0.020277604243082115
637426c,c_637426c50d753bcbfd46577172dbdd9e8d8ca6a1_0.json,399,0.020277604243082115
70584f8,c_70584f87f57ae7137e7b639f51728210f5e95365_0.json,400,0.020262346798337494
c510c72,c_c510c7222f7cd773708d672726b873fefb3f0dc7_0.json,401,0.020248253535635086
5cbfe40,c_5cbfe40c585bcf524ff263c79a9b694383678398_0.json,402,0.020235291293430824
7d07c19,c_7d07c1915c7fbabb9deb83c3ecb0d04d7ba15b55_0.json,403,0.0202018686596368
5744ee8,c_5744ee8a1698687fe4acc0c269cbbbb1e234b06d_0.json,404,0.02013136594442455
8e9fb0e,c_8e9fb0e9896da664f28efe5d32c225ecfc473f70_0.json,405,0.020093774583929802
df59276,c_df592767fc0b0a4c4528256198ced0c4763e9e66_0.json,406,0.02002351908585953
5a925ff,c_5a925ff1fffefd0d2ee11f4c8dfe860791f09965_0.json,407,0.02000199852316198
a05816d,c_a05816d2e7fba8780067ff0e005588074bd78f2c_0.json,408,0.019908898381374218
060fd48,c_060fd48fe4f25505f4ea55c85eaca82c48f8231c_0.json,409,0.019791264746585324
1b0ccbe,c_1b0ccbe4c7d5a183913063429198e8c51bb768f9_0.json,410,0.019687498634343492
9a27bb5,c_9a27bb570df37e5e64282e66b9bae9540222f655_0.json,411,0.019618480861928078
6f1db38,c_6f1db380588ea17c1f59dcf77c9e7dc6c53c1ab1_0.json,412,0.019536729836786337
17139b8,c_17139b840fc076b36f7e15be40495faefee08ad4_0.json,413,0.01943841950535774
cbcfb72,c_cbcfb72912f41d1fac3f6d26ca27406cca94da9e_0.json,414,0.01942765306704275
2afbbfb,c_2afbbfbdc03864cc5c8fe8bbfd91e96eee313383_0.json,415,0.019332585862203322
1337758,c_1337758f9f88b06d425007d3ad30508e3536e404_0.json,416,0.019331952263575647
8886fac,c_8886fac6d7909dc15b836a580691426e6c867e1a_0.json,417,0.019320609779600484
9fb2b4f,c_9fb2b4f2b100c8d5a769532ee26973832c2a61c0_0.json,418,0.01932044465026772
8cd4024,c_8cd4024e6dd24e0a4deda6a44bcb85abb81727e3_0.json,419,0.019177242201431466
66a56ee,c_66a56ee1a47645c4d91076858e00ab9977d1a399_0.json,420,0.019053868512834637
8159aea,c_8159aea6d1802d9a821fe69e582027dcfc8f310c_0.json,421,0.019033562779619095
fdfe508,c_fdfe50842f8ac0a842ba0a220bbd2613178e7a75_0.json,422,0.018977650460434314
639e68e,c_639e68e2533dbe65e4b33de380aa2bdb790068b3_0.json,423,0.018837216031579507
65ab9db,c_65ab9db952daebf62fc092c90f7f74cbb25b8c0f_0.json,424,0.018468465704782888
7592782,c_7592782eee5e1744f032fa7ffe2924c2eb9f577e_0.json,425,0.018426962647690948
35b954e,c_35b954ed36494f64b27b495ded6e66b409d0ed79_0.json,426,0.018395309157535067
83e4a90,c_83e4a903b18c43a10caa551c50ece4e251a0f674_0.json,427,0.018353143910306846
1746b74,c_1746b7475d2400d85f5a7c70e1a4ecf821c683ff_0.json,428,0.018017265489340684
ef9018b,c_ef9018bb1ef6a541ad3e2225559b145e8f90fa14_0.json,429,0.017997822707201405
3a90cfe,c_3a90cfe249a1c3623aec65965ac59e1a8674163e_0.json,430,0.017946361084556606
6a91c05,c_6a91c050616bea399ce8a272d283fc4c6c4a393c_0.json,431,0.017926354680553147
e857ebf,c_e857ebfca1bc34dc7ae8b79b4d714a47b8d203a0_0.json,432,0.017807139730318777
759596a,c_759596a54a3939e5633c126ae57be179d578e2d2_0.json,433,0.017760761665597258
8033a71,c_8033a710b00d911882385ed604a7ad423716758b_0.json,434,0.017707159730893762
29944bc,c_29944bcec1cdc9f27c95857b9729960690fc63b1_0.json,435,0.017683333061289774
3daeb02,c_3daeb02c0812ced8e5011de86048d64239cf6099_0.json,436,0.01746897896336974
5f1aa66,c_5f1aa66714f4d5e16bcccde012c2d47b22c86e23_0.json,437,0.01733422797464146
8608520,c_8608520aa13bec03cdcb8d4273116e81004321ba_0.json,438,0.01716246722488668
9bafed6,c_9bafed6b236296f95c33738fc68fc2d20c2d9169_0.json,439,0.017052054932269134
42757c2,c_42757c237647f4c1aab5a163d1b96136b8426df0_0.json,440,0.01686871591141703
1d7ebab,c_1d7ebab2118a4bb4ed542dd67380c3ab8abc485b_0.json,441,0.01679450647117242
9ce0716,c_9ce0716a4397d07b041aca2f4f319da09dce4c0a_0.json,442,0.01678759852282541
0d63758,c_0d63758e095d2a671d0ba10fc8cae141add29a45_0.json,443,0.016495700211696662
fa07dea,c_fa07dea5850eb11bb7b4dc06823802156b89baaf_0.json,444,0.01626551369589113
fafacd1,c_fafacd179d4a564b3176014039eef05669a26ffb_0.json,445,0.01624911890715308
e235b2a,c_e235b2a63cf9654eedc2a33dbe33e16989f0b91d_0.json,446,0.01615373964349942
8f068b6,c_8f068b60ed69a61ab5e68938e4b04776fa9dd3ba_0.json,447,0.015978351398376445
0638a37,c_0638a37368292357ecc059494845f1490d7d16c9_0.json,448,0.015959879079090022
b73040f,c_b73040f2bccdee43261d9f34229040630b70179c_0.json,449,0.015873534242433318
dd26201,c_dd26201ac47f60cd9e18800726cc28660b81bdaf_0.json,450,0.01580858463917223
861da51,c_861da51f243e29ecbe30891174c2bc54b01ce402_0.json,451,0.015800504807043647
1299ddf,c_1299ddfe3fec5000f68c203a7f61e9af02955296_0.json,452,0.015622839394130228
05b5c8e,c_05b5c8ef488d5d230d665b9d488ca572bec5dc0c_0.json,453,0.014984853083844785
ac6e857,c_ac6e85792f3ca00a11a85426901f9b61f7366374_0.json,454,0.014929540070134917
7c2cfea,c_7c2cfeaf5884b9dd698309f5a10e80a1ba6705b0_0.json,455,0.01487001431664281
3c08f7a,c_3c08f7a5c47f9d19bc2e473b33d2fbe6c9f047f1_0.json,456,0.014482445864420934
8462234,c_8462234502ff4c6543e54e3e7b542029182bdcd3_0.json,457,0.014228017077334454
20d3ec4,c_20d3ec46fd2c07eba4bfbefacd9fe868849828ae_0.json,458,0.014083523748014914
7faf450,c_7faf4509000e4c4d32af15b0c81b5ec9bcfd928e_0.json,459,0.013252633903011013
