9	1661	b4bbe344	c_b4bbe3446adbcaf66dcc27ae915a7cacef471eb8_0.json	1	183.0035400390625
9	3706	dc9eb319	c_dc9eb319e918e32ed9b6f9295ed53c1f70984b5c_0.json	2	182.32037353515625
9	3155	bb5612d4	c_bb5612d4d36bf33644926c5b99732dbe1e7f75ce_0.json	3	179.69967651367188
9	1570	aab15d03	c_aab15d03dfa62169c0c1c7c24639b0ac3f4a8ae6_0.json	4	178.0535430908203
9	901	508cb4e3	c_508cb4e32036ecf5c0d388de72637a56d0f78f08_0.json	5	177.95199584960938
9	705	9aeabf6a	c_9aeabf6a381ae0f69de6f4d0218f758e54f336fd_0.json	6	177.86476135253906
9	854	e511f759	c_e511f759c4b626c4b884500fe4280885dbdaf453_0.json	7	177.23480224609375
9	2597	d87651ff	c_d87651ffa9fd8409ab8277ed81329d24d26aa48d_0.json	8	177.19552612304688
9	2797	6a4d871e	c_6a4d871e5b30643cf809200a0e07f4b9e9bf1cbf_0.json	9	176.88430786132812
9	209	7873348b	c_7873348b94092368c87ab3c70c53c56ad0b52946_0.json	10	176.55996704101562
9	2405	02f92a32	c_02f92a3273d8a1352f2b2a549234566d23405f28_0.json	11	176.30035400390625
9	2501	9d76c94f	c_9d76c94f1d97e689540b6840a0005fb0ea27f4fb_0.json	12	176.02529907226562
9	578	ca79137f	c_ca79137f55a7278e761ffc6022c61941e019d01e_0.json	13	175.8856658935547
9	2920	8b72006b	c_8b72006be46b68085b3cac5c65b810bc273bf5df_0.json	14	175.69931030273438
9	671	f8b5acca	c_f8b5accabf0f0d90d004e67cb109eb2512d3a471_0.json	15	175.63262939453125
9	897	e1da0ae3	c_e1da0ae3c9daf1861ff6c4e59cbe23a9ed128c37_0.json	16	175.5096893310547
9	2433	2af72281	c_2af72281fcb919dac92b0c4e464f847adda23be1_0.json	17	175.08731079101562
9	3295	85de10a1	c_85de10a10c8ed31f6d581d8183be11a7b9e281d6_0.json	18	175.07345581054688
9	3009	641ff186	c_641ff186556957fe30ba08109439c58b7bdb5e99_0.json	19	174.9727325439453
9	1205	bd4ce14f	c_bd4ce14f28242f5e152987a852e82497ecadfaf5_0.json	20	174.5825958251953
9	2666	d94a128f	c_d94a128fb39b68b43d8ebd277fd79c1a61984a66_0.json	21	174.57313537597656
9	1178	d792ae74	c_d792ae74c63831f254e87a0c169ff6dd4a2f8e74_0.json	22	174.39488220214844
9	2141	617b0617	c_617b0617e21ddaf2a509ce52ffef92a8071d45fb_0.json	23	174.35556030273438
9	127	bc31e531	c_bc31e531edcdcab235585086ced5eb1dec33e1d6_0.json	24	174.2635040283203
9	2886	3bc3c15e	c_3bc3c15e2d33d7217aa3092f320d5f09774cc44a_0.json	25	174.16001892089844
9	2719	88c4506b	c_88c4506b6ead363262cb80b98cdf757c028ba14e_0.json	26	174.13392639160156
9	3689	ad20e42f	c_ad20e42f6cf2141273f9b5d659401dc0c8b64e48_0.json	27	174.07054138183594
9	189	5cb403cb	c_5cb403cbbcb292481c680728298cb87c46663914_0.json	28	174.06451416015625
9	2265	66ed6908	c_66ed690888345aa9ba392e472f20ed509f12c3db_0.json	29	173.89044189453125
9	1233	e14da1ee	c_e14da1ee750d60c1c9d73df43ce4d4091f8fe9b1_0.json	30	173.88746643066406
9	805	4bab5610	c_4bab561059df57a4bc8e8d4f3475dc6986360146_0.json	31	173.83779907226562
9	2002	d3d2350a	c_d3d2350a00d7b132cf9cfc92bd921d0c0c28244f_0.json	32	173.79925537109375
9	690	e6275ff1	c_e6275ff1701d45b9743a02c39206652f3be04034_0.json	33	173.7825927734375
9	1986	8dd6c42c	c_8dd6c42c4ab6157f9126ac5430b33fd6ce262429_0.json	34	173.68719482421875
9	3530	0d9020c5	c_0d9020c59acab76278d046574679030e8c96bc9d_0.json	35	173.60743713378906
9	3300	6adc7f6a	c_6adc7f6ac48bd29123c2f4a9d5b8fc78420b7dfc_0.json	36	173.58053588867188
9	935	372619e5	c_372619e520ceae34daa37db4b12c65c25debf5e1_0.json	37	173.52133178710938
9	902	66065339	c_66065339339282890e38a9e784c9d6fdb66bdafe_0.json	38	173.3729705810547
9	1454	7528388e	c_7528388e3af0059ea832be3d8bd767bcbb3d9d01_0.json	39	173.35531616210938
9	3687	be040b59	c_be040b594a29650c9dda72fb88afd8766070e99d_0.json	40	173.35035705566406
9	3663	3d57e118	c_3d57e118e0e3bf40e2f70ef8ff91f19608662331_0.json	41	173.32351684570312
9	2179	00ee0d14	c_00ee0d140c76672459ec150d54f3e0b22ca9a925_0.json	42	173.32286071777344
9	2667	bbde2752	c_bbde275210895f1988932c4be494548e379f0271_0.json	43	173.29095458984375
9	3602	875ed1f4	c_875ed1f4d90d1457c0ab40dafc79be5a0c6f9bf6_0.json	44	173.26211547851562
9	1008	d080f905	c_d080f905c595ec0336cdc618cc5f8741980ae75f_0.json	45	173.16546630859375
9	1988	eb60d3d8	c_eb60d3d8b5ac846eeaa4c6588fb820223465db13_0.json	46	173.080810546875
9	2848	c9e3f7f3	c_c9e3f7f393bd00384b049a94f488b4b129c07e8e_0.json	47	173.02603149414062
9	3697	9b5247c9	c_9b5247c9f6a3a14a39300a8ada9d659bb1616149_0.json	48	172.9412841796875
9	3303	9ddd494b	c_9ddd494bd1f0149db8a633b1a03c9c34db64f17e_0.json	49	172.93313598632812
9	3296	a87ba1f7	c_a87ba1f7c8b0b4cb5dd4d26083c578f3ef6bf861_0.json	50	172.9185791015625
9	3167	48a95a92	c_48a95a925f590c06d9c0491aac3d1f6c2ce2d147_0.json	51	172.91653442382812
9	1159	d0978230	c_d09782308cf5598cfedc6e1238e17312378da684_0.json	52	172.8973388671875
9	283	88f86751	c_88f8675121ec780b7c2eb68d3c6d4208a7259aa7_0.json	53	172.87002563476562
9	883	e5f16ff9	c_e5f16ff92cba9e441de86d6cbc81cde15c2ddd0f_0.json	54	172.8350830078125
9	3268	9d552d48	c_9d552d480d2ac9c70aa7164b7e7931e7c2017c87_0.json	55	172.82264709472656
9	1998	11b1b604	c_11b1b60440bfbf6b58d7b4dfa270b4a2aad19c9e_0.json	56	172.8140106201172
9	3312	6c3ba12a	c_6c3ba12ac9b5ffaf8fc28a973490e8564d5eac17_0.json	57	172.8057861328125
9	1905	7b764d57	c_7b764d57c4907adfc5db3135c0781202c25d55b1_0.json	58	172.80287170410156
9	1985	dc5fdf71	c_dc5fdf712a7d0f04d44f97db379827a4f1fe043d_0.json	59	172.6840362548828
9	1337	df0fca30	c_df0fca305cc19bf19951cb00ce4494c69c6b7acf_0.json	60	172.61087036132812
9	1616	556c5770	c_556c577089a0d270bb68e4da55a13cd98ecc15c8_0.json	61	172.57290649414062
9	2869	b22056ad	c_b22056ad99528113348e9240fcf718d3c2ca6bd8_0.json	62	172.55438232421875
9	3584	f5364974	c_f53649744ccade10e90d359610c25723b51b9e89_0.json	63	172.53807067871094
9	2279	4ba1b2b2	c_4ba1b2b2c9b9b60d28555a47c1f03f8e3ef54c6a_0.json	64	172.53237915039062
9	808	0b83d765	c_0b83d765c1474555c17cb84dd25e6de4cef78850_0.json	65	172.5166015625
9	3354	a5822a64	c_a5822a64a848adb5a1221d8caf650beaad9ae41f_0.json	66	172.50833129882812
9	2360	def9fbf8	c_def9fbf8701afa6937fe582c7572c7be011c319f_0.json	67	172.416015625
9	3061	c14e02b7	c_c14e02b7877e91f0faf79bc91f34df4e0ebea56f_0.json	68	172.31484985351562
9	1680	1bc8da88	c_1bc8da88342eb1c26bdacaae1e17cc5cc0698a8a_0.json	69	172.23867797851562
9	2006	ad4076c2	c_ad4076c21660a708e009318ea7b7bdbf0ccfcbd0_0.json	70	172.21234130859375
9	3538	8130aab6	c_8130aab6262be1ca199a204ab5bc9b2690411f07_0.json	71	172.1926727294922
9	2327	c88ba4f6	c_c88ba4f6a2ce627ed3c4a1b8aefb19550be72357_0.json	72	172.13522338867188
9	3173	8a843492	c_8a8434921c835f5fd8c24d17f5843adbb48d2945_0.json	73	172.07728576660156
9	2253	4d95c18a	c_4d95c18a15bdbc2048953924d7a8dd735202a5ff_0.json	74	172.07077026367188
9	3151	d4d928c8	c_d4d928c858a58bab3134060ace8d3eb18f5dbaf2_0.json	75	172.06155395507812
9	655	7512d765	c_7512d765a2d539eb035f7169840a1e0bba8ac533_0.json	76	172.02777099609375
9	3302	2cb82cc9	c_2cb82cc9d33861dac4db57137af1da557160b5a5_0.json	77	171.9749755859375
9	1732	53335bad	c_53335bad55937b1447697455d11e42fe3d26874e_0.json	78	171.97412109375
9	188	5d66d93e	c_5d66d93e57e142760603024ce1429f2d229a6c8f_0.json	79	171.90281677246094
9	119	f456a804	c_f456a8044c8753f62515a5dd88425bffb431b387_0.json	80	171.86129760742188
9	3010	c6225ada	c_c6225ada2deeb1e01c93ecc3ce160e7d497af385_0.json	81	171.85897827148438
9	2926	e038f286	c_e038f286fc8c16904fdb7ddf808069cabd6739fd_0.json	82	171.82730102539062
9	2921	07480af7	c_07480af7d0d60fb01b8ce956cc6ffec4031fd0d3_0.json	83	171.800048828125
9	3475	b83009ed	c_b83009edc394853908248469ae1efc8e9dc9fb85_0.json	84	171.79295349121094
9	3322	0ba61013	c_0ba6101319d95ebf6aa9d0651393c95d2bde2b29_0.json	85	171.78102111816406
9	2278	c8bb7cc4	c_c8bb7cc4bbf53334f9b803cdcd4c3af6390320a1_0.json	86	171.7710723876953
9	3311	b4dc65be	c_b4dc65be701ab2e5d8d69c2bd7f0c5a1f5fab47f_0.json	87	171.76963806152344
9	2063	3d4d0641	c_3d4d0641c250deb07e9f553d44ab21df67b8b8c8_0.json	88	171.76412963867188
9	2509	1f0b0b23	c_1f0b0b235d847231ad337c985246c00e6fcaa880_0.json	89	171.76148986816406
9	2853	d7238cad	c_d7238cad823da5d2edce8ec9fb8341623eee1fe1_0.json	90	171.74111938476562
9	1621	1161903b	c_1161903b77703b1a6487d2f768703011ef58dcad_0.json	91	171.73126220703125
9	3446	5a50073d	c_5a50073d07ca309d78cfc4e071f4bbe051bdbd40_0.json	92	171.68325805664062
9	2251	da5cdba5	c_da5cdba5aea3df27a884103334610f6ce89982f6_0.json	93	171.6801300048828
9	137	0a904461	c_0a904461932f2c0455611e77ec6a8d8aced2980b_0.json	94	171.64414978027344
9	1288	6722abd0	c_6722abd0842ab42b75e5131aaee737b3b27f7710_0.json	95	171.62774658203125
9	2392	2ca334be	c_2ca334be4b6aa077fbcf19c28952bb510e1c2e22_0.json	96	171.62611389160156
9	465	4f92fd25	c_4f92fd25bd851573559a1d7405c34753bb239748_0.json	97	171.5748748779297
9	2293	4fb53c76	c_4fb53c76030656981644a1a9792cd439c16a4137_0.json	98	171.53677368164062
9	2843	d1551969	c_d1551969085eb52e591732d060779f130a9b8aaa_0.json	99	171.53530883789062
9	2210	6fb7c7a5	c_6fb7c7a5a7b7913a615671d4b3cbd1e14f5475a4_0.json	100	171.53167724609375
9	3343	c2d90f79	c_c2d90f7906fa89be7e1729fb0e2b059060f4a4bf_0.json	101	171.52352905273438
9	3522	734ffc68	c_734ffc68458942000e984c368bee743f59bace9d_0.json	102	171.52294921875
9	1920	3bfa7d18	c_3bfa7d188e4284defc9089a7fbadfc0415ed42ff_0.json	103	171.4530792236328
9	3453	e457a7cf	c_e457a7cf5f62dc9507a93232cf11f54b269e635e_0.json	104	171.4423065185547
9	794	6e17e5c6	c_6e17e5c6d21aeb201d919eb5b592e3b1cc9aa2a0_0.json	105	171.42236328125
9	98	2a02f635	c_2a02f635e9fafbc59f755bd0a434639f2a184ab6_0.json	106	171.387939453125
9	3679	e972c036	c_e972c0368e8f0eb58bd55556be6104ce5ec19f89_0.json	107	171.3655548095703
9	869	a792a2de	c_a792a2de0f3309571086e0670f69b22a544a5e71_0.json	108	171.35684204101562
9	2291	907d55ee	c_907d55ee00e256bf26376c0ac3ae918f30130510_0.json	109	171.31723022460938
9	2361	3c319db4	c_3c319db494928e9d51ea6091b301302c65f4eceb_0.json	110	171.27719116210938
9	1511	1f1bc152	c_1f1bc152745fcf6069348ec98915451c54a83597_0.json	111	171.23248291015625
9	3507	ec145be0	c_ec145be03350c6b29b2f59078f374dbdb28ffb66_0.json	112	171.21372985839844
9	672	b5e1c855	c_b5e1c855deb58ee74b5d08907ddd489409c893c9_0.json	113	171.13485717773438
9	2465	4c2ddfce	c_4c2ddfce919a53f14a47e951a661080e5ef6b3c5_0.json	114	171.09487915039062
9	1202	4877e676	c_4877e676807b1c0920787c315e508a20823e56b3_0.json	115	171.05731201171875
9	3170	af943131	c_af9431318d96ec72cc7d832331a5b936b73d5806_0.json	116	171.0317840576172
9	2003	c298aa50	c_c298aa50ad2b535b2da331409aef1605966698fd_0.json	117	171.00131225585938
9	996	8bf7df05	c_8bf7df05e8df6530d6d47c21421ba026d9df0132_0.json	118	170.99481201171875
9	3671	71a785df	c_71a785dfebb9a0653ef6db2b6d92c16ee7c019d8_0.json	119	170.98594665527344
9	3342	ede5a287	c_ede5a2876b16b111a25aff1d1e43ada594e97d23_0.json	120	170.93927001953125
9	2244	6446b6a5	c_6446b6a53dbc52b505914fa003addef07127d1bc_0.json	121	170.9370574951172
9	3166	0221dccf	c_0221dccf153d57cc8fccc7f40f377f2118ff52b8_0.json	122	170.92457580566406
9	950	fd4c6129	c_fd4c6129a51151ffdb0c08d4b42f6008272eacc5_0.json	123	170.91171264648438
9	3707	c6b46664	c_c6b46664ce20152f9c765f5aa822e55acd30f49a_0.json	124	170.9013671875
9	2391	50747ca4	c_50747ca40587bc29710c263a9cf164002fd26c78_0.json	125	170.89697265625
9	644	b0f473cd	c_b0f473cd04ae3fee722f57a7344fb80aeec3bf3a_0.json	126	170.88827514648438
9	2910	5062a571	c_5062a5716be5d338f6c229bcc0b395612299304b_0.json	127	170.8837890625
9	2086	aca98c76	c_aca98c76dbfd1e8e535eaeab94280cc8f1f45732_0.json	128	170.87986755371094
9	186	4d630d00	c_4d630d00dee9e713f2a84551682586bf90f6cee2_0.json	129	170.85675048828125
9	3080	125b95c5	c_125b95c579ccb51c65e48ca78895fab9e660a030_0.json	130	170.855712890625
9	3294	60a5394d	c_60a5394d6e8fe82bf0ba01fcb1c7f6f33e77ee97_0.json	131	170.85531616210938
9	192	3f892d9e	c_3f892d9e5957dca9312d5a72c6930fae62625da9_0.json	132	170.85397338867188
9	1738	986597f5	c_986597f52ce9c6c1ff13fb134b91696de6ec2796_0.json	133	170.83834838867188
9	3175	9ba65a4f	c_9ba65a4f37acfbe11b648de96cf218265f07bcdb_0.json	134	170.83168029785156
9	2394	d4f113c5	c_d4f113c5573262a1995e05d65a3b0a0da4d434af_0.json	135	170.80322265625
9	3607	fb151767	c_fb1517672dafee6d80b1ade6b39d75e06df399e5_0.json	136	170.79852294921875
9	1973	e46d3bf1	c_e46d3bf1c103f80913cdb0fdfc677f1185f37f82_0.json	137	170.79852294921875
9	1195	cdd62a0f	c_cdd62a0f07e3d715f72243aa7e881ca53b59afe3_0.json	138	170.77191162109375
9	1718	e38ef229	c_e38ef229b69c9d85867f920bc74d62c5b2dccbc4_0.json	139	170.76971435546875
9	141	a7fbd3ed	c_a7fbd3edc48543cd58e9599a6a81583d30ecdf64_0.json	140	170.7660369873047
9	1802	76e8b58e	c_76e8b58ecb1892f609ade05fc53a0eed03f21c24_0.json	141	170.75537109375
9	2934	966d2eee	c_966d2eeef17b0b9bc7c07822be8da337bffedf97_0.json	142	170.73391723632812
9	2708	0a29c864	c_0a29c864064de98bcd33951c06effbf92a763a46_0.json	143	170.729248046875
9	2720	f6d4c8cf	c_f6d4c8cfaad3711348304c0b3d2901b31ed635ae_0.json	144	170.7275848388672
9	2653	faa0a1d1	c_faa0a1d1d8547487f90f68c2a522972290bb1457_0.json	145	170.70919799804688
9	3315	5c72ac02	c_5c72ac02a063ef5e02bb911612c695578711b07c_0.json	146	170.698974609375
9	3285	96dfe1af	c_96dfe1afa1c06fb243e312d3366daf99b88ca7b5_0.json	147	170.697998046875
9	3678	aa2bd1d0	c_aa2bd1d0656b0001192aa2b2ef779cfd1f3b7e4d_0.json	148	170.69049072265625
9	2383	7855e7c6	c_7855e7c65a5ecc769bbd984643abd55fce34d373_0.json	149	170.682373046875
9	177	2be1c1f7	c_2be1c1f73355fe80ed84c9bfab3a91bb24dd63c5_0.json	150	170.6698455810547
9	1471	3ef88405	c_3ef8840567a01c76b3c8536a8e21b367e83aa652_0.json	151	170.6663360595703
9	2046	d655c3c4	c_d655c3c4b4ce13b05814ed773851b339641198a0_0.json	152	170.66128540039062
9	2385	2ce0a51b	c_2ce0a51bb5de3eb05e2627332e9f4389ac4ebb98_0.json	153	170.64663696289062
9	3333	a1d1658a	c_a1d1658a69abf1beb7b7a45e32ae99f48c29872b_0.json	154	170.63058471679688
9	2299	f3450895	c_f34508958e47b663652c2ad420e6801f7150dac3_0.json	155	170.61477661132812
9	2883	c2da4218	c_c2da421878f5df7c60305f07c874652107b47ec3_0.json	156	170.59689331054688
9	2727	a4a9dbb5	c_a4a9dbb5d12b4264de88b929202627097f55872a_0.json	157	170.5814666748047
9	1645	7e65c5d2	c_7e65c5d2b07b2706be148fa5463ba3d2b89a2f93_0.json	158	170.56629943847656
9	810	779d86ef	c_779d86ef619abea691610aa251b03d1232974ebb_0.json	159	170.55552673339844
9	2916	6c2bc82c	c_6c2bc82c1bb4ca83535ee0b2694dcbcdf7da1340_0.json	160	170.55209350585938
9	3008	13ab8721	c_13ab872169a447ed0e273a44bf2a1fca74f8c390_0.json	161	170.5266876220703
9	913	6c1283dd	c_6c1283dd46b91317ab2297a27b7a274c87f62e86_0.json	162	170.50860595703125
9	1620	87ccced5	c_87ccced5653a90bbd8f05e918298e4ea24aff875_0.json	163	170.5042724609375
9	2491	3b27af76	c_3b27af76266eaa453d146fcd03909a9b7daffa40_0.json	164	170.49134826660156
9	2382	82377f0b	c_82377f0b51a996fbe2b0429abad64ddf8d5cd855_0.json	165	170.49024963378906
9	678	516187ee	c_516187ee50a0aefa46baa5735a03f584cc8d05af_0.json	166	170.4877166748047
9	3431	b02fa4a0	c_b02fa4a0e3e94e2600f47d9221f9a03dada72eae_0.json	167	170.48646545410156
9	2530	287f41b3	c_287f41b32167b6022e720c7656c5dec1ecc887f6_0.json	168	170.48133850097656
9	2923	768f5bea	c_768f5bea53ba6ce8492f4728fca1ed64dc51781c_0.json	169	170.47366333007812
9	1600	1687372e	c_1687372e34828dff42e1482ed6575bb982b81b00_0.json	170	170.47276306152344
9	2256	55c2d751	c_55c2d751c7231a880e3fdac6fd2aa062e81e6d07_0.json	171	170.47125244140625
9	1792	f76efe5f	c_f76efe5f4ef36fadc677c94269927076f2f42eb9_0.json	172	170.47047424316406
9	3043	f498331d	c_f498331dda26df916adab7ebfca9d8cf292e3ad4_0.json	173	170.47042846679688
9	3290	9330689f	c_9330689f4c303b890ddb94442e46a1d5fe18ccd7_0.json	174	170.46905517578125
9	1843	ec427d18	c_ec427d185ac42e1270797ae23af71ff7d771ad4e_0.json	175	170.4515838623047
9	29	fe697149	c_fe69714916c8b0d9842c6f1ee07bef75aa64f5cd_0.json	176	170.44554138183594
9	2919	fc871d74	c_fc871d745753842f01d52e0be4763e0de6af0cfc_0.json	177	170.44219970703125
9	2259	bae38c17	c_bae38c17a62f9ab0d9ba70b6b93a27ad9b8f148c_0.json	178	170.4240264892578
9	2859	d4df0e53	c_d4df0e5382524acc79f5c392ad2c51a843b43f65_0.json	179	170.38302612304688
9	2879	05a5b002	c_05a5b0022899959bacbc739a4ded42f2b6f86221_0.json	180	170.3809356689453
9	880	40c365e5	c_40c365e5cfaf905286ef478ab1362afbf4c8b53b_0.json	181	170.34556579589844
9	3337	ef55f447	c_ef55f44727f593b065a22200c0d30363944d3fbc_0.json	182	170.32058715820312
9	2150	0c38504f	c_0c38504ffa3ef520ce78e260538d7b8742c895e8_0.json	183	170.310791015625
9	2994	4f2a4383	c_4f2a4383b3d59d3859d2ea7c91713e797fb1df9d_0.json	184	170.30455017089844
9	2525	bab9c780	c_bab9c780e9fda6582fd067f8334262a00ddb1e3c_0.json	185	170.30450439453125
9	314	71c867a4	c_71c867a4af6deab5dc7cd6373461b13cad409883_0.json	186	170.30226135253906
9	1739	1909dbe0	c_1909dbe0ca1fc678d9baf1388f8efcf4c65b2a54_0.json	187	170.2748565673828
9	1977	d03df858	c_d03df85846b3eadc6da781fb4a4611a8a058226c_0.json	188	170.2176971435547
9	3395	6f311353	c_6f311353290e589854729616477f3088ede10efa_0.json	189	170.21054077148438
9	820	2c6b6be4	c_2c6b6be4ba2b9abf4dc6d52864b148a910de8e90_0.json	190	170.19281005859375
9	3691	d2a916e3	c_d2a916e325a1c47f12137ea902aaac100ed1f5db_0.json	191	170.18667602539062
9	1756	91b44a1e	c_91b44a1ef7563f54e8acdf29906bd872985a2a6e_0.json	192	170.1809844970703
9	3040	665a0f0f	c_665a0f0f116e6e6f3e6c7d9f320395cdd3fe6945_0.json	193	170.1566619873047
9	1999	a4900c9d	c_a4900c9dbad88add3eb1c0ee6366fc199edef7f7_0.json	194	170.154296875
9	2136	9967ac89	c_9967ac899eadab63172b35f209310f5988141341_0.json	195	170.1129913330078
9	697	6f35d5bb	c_6f35d5bb66e6e085371c4a501e792886153fe709_0.json	196	170.0679931640625
9	3239	567f081a	c_567f081a13c551dc4ae9c9c61389ece993b566d0_0.json	197	170.04452514648438
9	1185	161a915d	c_161a915dc67125b19c1c0a199d3bcddbcb97279a_0.json	198	170.0390167236328
9	238	916c991b	c_916c991b5f28cfb00d6113921011d42ad7793d88_0.json	199	170.0362548828125
9	1883	74ff198b	c_74ff198bd249a56d1349b963bd265f8899743b9b_0.json	200	170.02203369140625
9	1263	379ad27e	c_379ad27ea0279c786847bf763cca4f26789ac151_0.json	201	170.01329040527344
9	2904	263601a7	c_263601a77802082d5cd6388bc151a41fd9337fd9_0.json	202	170.00973510742188
9	2646	857230bb	c_857230bbf39199124228b7dc55a938f72e02c08d_0.json	203	170.0023193359375
9	1778	2bc1662e	c_2bc1662e8b098f6de01f893ba7c672306447fd70_0.json	204	169.97581481933594
9	3060	2a55ee24	c_2a55ee2453fd46c3508e58a4696fd031e332a537_0.json	205	169.94189453125
9	1328	e2195889	c_e219588914049787df1bcfab6f04b5832def1e34_0.json	206	169.9276885986328
9	939	920b7bf4	c_920b7bf447aa94843c1c6b63299707f642d08e3c_0.json	207	169.9099884033203
9	1794	970afd6c	c_970afd6c78e783ab98b652c8e81c8e07c22a5e52_0.json	208	169.89602661132812
9	2459	21c2e0c6	c_21c2e0c68a31e2022179371c0060a25313bbafdf_0.json	209	169.89559936523438
9	2998	8ee0fbfd	c_8ee0fbfd03f1cfd5d202fa33f6c018a011cab270_0.json	210	169.8602294921875
9	2199	0b135be4	c_0b135be427b6f5a9ab6a9772abe868fa3d326fc9_0.json	211	169.84750366210938
9	833	8ece39a3	c_8ece39a39c8db43cea3f0b1e09dce201adc4c687_0.json	212	169.84478759765625
9	3059	64ee5650	c_64ee5650c7ca86aef9e29e76830d1fb4cc4ec736_0.json	213	169.8409881591797
9	1605	384a216e	c_384a216e3f32cda58559ceddb8b161c395239553_0.json	214	169.8304901123047
9	544	ad6929ea	c_ad6929ea0c89c085422c1e43bb3f763a0e3d25e4_0.json	215	169.82847595214844
9	2689	47bb4fac	c_47bb4facff0d83e50cba59733e81cd8948c01eff_0.json	216	169.82571411132812
9	23	2782a2d0	c_2782a2d0f5bea80bb0c58a7209df8d051348fcd5_0.json	217	169.82261657714844
9	2863	59bd46ba	c_59bd46bae7e8e8dc2be5cc319564b31ae20d5d81_0.json	218	169.81298828125
9	3655	c73c80b4	c_c73c80b4e9aa2e7e4277d3d8554addae6f0b2e7b_0.json	219	169.81117248535156
9	3492	9893a19a	c_9893a19af5809f9f40c1b51ec283885a3d910d2a_0.json	220	169.7897186279297
9	395	13498e67	c_13498e67e73acb4c2cf5820b289d44828d223fdd_0.json	221	169.7864532470703
9	2639	186e9832	c_186e98326119df27b2f70db5534856a98a7eca53_0.json	222	169.7840576171875
9	317	455f95bc	c_455f95bcf76059c4c31e28d2928a9315b4108534_0.json	223	169.77525329589844
9	3451	7f7c4852	c_7f7c4852c00878beb0fe92627700ad52ed51f261_0.json	224	169.76339721679688
9	1602	aa09ac7c	c_aa09ac7ca6e01a2ba41470ca590f07f2ada8af6f_0.json	225	169.7430419921875
9	1608	b16a0886	c_b16a088623fd1929e1b978c4305c3366f65c7543_0.json	226	169.73605346679688
9	3598	44e0590e	c_44e0590e2dcfa2cba064866c502c06bc0aa32993_0.json	227	169.7319793701172
9	2220	dc1f09da	c_dc1f09da29ce98d7c19f8fda057b0f3d6ad8bf58_0.json	228	169.7288818359375
9	832	46287ca9	c_46287ca9e7c9f653eec0eab5453ceb4c0336fb6c_0.json	229	169.7164306640625
9	2388	e3b42f70	c_e3b42f703f2da15cec97030c0e9190acbd5f0b77_0.json	230	169.71629333496094
9	3682	71d26087	c_71d26087887d715c22d682f94948fe007828c324_0.json	231	169.6976318359375
9	3013	9c9ac394	c_9c9ac3945e1825a9766ff38a3e9d2ca4f87c7234_0.json	232	169.6829071044922
9	2819	c23859f0	c_c23859f0172edba1ff75577d0ad98e3fb41aa6d4_0.json	233	169.6722869873047
9	2448	e82b5615	c_e82b561588a633f3bcaa8e816bd93c8ee4251602_0.json	234	169.66201782226562
9	2572	83ba9853	c_83ba9853e51e7f93cb741d56609faefc8600caaa_0.json	235	169.6468505859375
9	3638	e4d49aa0	c_e4d49aa0ed81bfffa943d346d404adad452b72da_0.json	236	169.64398193359375
9	3331	43d4d429	c_43d4d429f6eafcace9eeb4fa01a1b26b187b257a_0.json	237	169.63235473632812
9	948	d3b7d9ad	c_d3b7d9adc2b787c864e649edb1d5ed6020dd1cff_0.json	238	169.62686157226562
9	3156	29d5df5e	c_29d5df5e1f75a870a6c5cbc751255531d80c1f0c_0.json	239	169.61561584472656
9	2419	3266e8c6	c_3266e8c661bfba288095e77ccd30603039afc98c_0.json	240	169.602294921875
9	2436	8581b76a	c_8581b76a7e3481095bd967873127920272d72eaf_0.json	241	169.59909057617188
9	3339	e3d956a7	c_e3d956a7654bdb7e1cae72a75ae19911d6b7755f_0.json	242	169.59376525878906
9	1954	0308fc35	c_0308fc3555d1f3b15e914fb8a097bc8f23d2f508_0.json	243	169.57864379882812
9	2412	ce95573d	c_ce95573d61e6de535371b537e474f50f389dc6a8_0.json	244	169.57174682617188
9	2482	72fcac42	c_72fcac42163b9aa29c2fb640e582bf7527860af0_0.json	245	169.5673828125
9	3649	abe9cb84	c_abe9cb84292c5469f8e43afff555287ffb800f53_0.json	246	169.5591583251953
9	2640	6be2cd42	c_6be2cd428573b2fd01d87beda6f1dce261e7857a_0.json	247	169.55548095703125
9	2507	742bc40d	c_742bc40d53168a12d68832c36f8710e6fe61992c_0.json	248	169.55088806152344
9	1183	d4e2da4f	c_d4e2da4f81253d4163d979196d8a53a73a718831_0.json	249	169.54632568359375
9	2452	87af8395	c_87af8395994971b41698fd93f2be177ae3872fd8_0.json	250	169.5387725830078
9	2486	d34e070f	c_d34e070fd607c83c0ad464170da72c47b7721d0e_0.json	251	169.53285217285156
9	1969	c26e90f6	c_c26e90f68b327d3263ab2abe029c7c7d82552e8e_0.json	252	169.53082275390625
9	2576	cb83d723	c_cb83d72339e35c930c30f478fbc0c633e9efbeb0_0.json	253	169.52664184570312
9	2213	e18b784c	c_e18b784c4513fc16c27e945d80350b777af4adae_0.json	254	169.514404296875
9	523	4f1e69b5	c_4f1e69b5313761cb95909359a408d13e6aa29635_0.json	255	169.5030059814453
9	2882	6442d50c	c_6442d50c8189f2f86fd75f6e5863d9471d9a7e2a_0.json	256	169.50157165527344
9	2929	d6ddfb57	c_d6ddfb5701aa6d425e20f04ac48d64e4eda2e45c_0.json	257	169.501220703125
9	3634	f2796cfa	c_f2796cfac99851f734037f246134f2e79165a255_0.json	258	169.48980712890625
9	3435	14c51c34	c_14c51c348f87b8ed3bac36e24a65430761f469bb_0.json	259	169.472900390625
9	3608	386325d9	c_386325d919b8e8d4f83e85f1d4838b1594ba1989_0.json	260	169.47174072265625
9	213	c7908709	c_c79087091a989fe0936ada38a484ecf8f588da2b_0.json	261	169.46946716308594
9	180	d31c6430	c_d31c6430a2812c4792285695f1962a6e26cfda5f_0.json	262	169.46316528320312
9	3340	35a0a78b	c_35a0a78b0f4df3dd713a5b3608725cc21b21df38_0.json	263	169.452392578125
9	1366	3cd91307	c_3cd913075c0f07077da16a71b57572281b8fd104_0.json	264	169.45162963867188
9	1227	2dcc0cc9	c_2dcc0cc9a3d1dcfee71b94fd94ecc981aa7e64c9_0.json	265	169.44741821289062
9	1876	8302dd02	c_8302dd02498495277ec0db9301edb2158bb0e314_0.json	266	169.44027709960938
9	667	5edec31c	c_5edec31c26d01d2d23750aebaf2e90c097714e11_0.json	267	169.4379425048828
9	1463	317793ee	c_317793eeff84dc9b260301adbe4aa8f5c79f703a_0.json	268	169.43731689453125
9	1326	daf025e7	c_daf025e7eb5c951a08eb630af00210ee2c5238db_0.json	269	169.43507385253906
9	1878	104dbac7	c_104dbac78b0b40e02a1adb16b69fe94a03acce80_0.json	270	169.4315185546875
9	1111	2f8f04d5	c_2f8f04d5c049c8996ab596500dcbe73b374505e3_0.json	271	169.4263916015625
9	428	6a978ea2	c_6a978ea29f680a87dfc380c760adf2e17b2e7c9c_0.json	272	169.41790771484375
9	860	4eca0cc5	c_4eca0cc5c19035441975c4acde9bce59336279d1_0.json	273	169.41351318359375
9	3246	2e923443	c_2e923443a18297c4a31b2aac910368a321bbf9d3_0.json	274	169.39910888671875
9	3389	3a6d84ac	c_3a6d84ac3ceba78c196b48a018e25f75b7fbf7a4_0.json	275	169.39747619628906
9	2768	cef8d30a	c_cef8d30a2148948f9df5c6cff075ba8bb20ddced_0.json	276	169.39614868164062
9	865	ed492bd0	c_ed492bd0c5c5c3a0258a65cb31cc8723d8f011fd_0.json	277	169.39451599121094
9	1519	d962ba0d	c_d962ba0d9c92943dff986e2016bd840241af2e86_0.json	278	169.38876342773438
9	2234	6be65936	c_6be65936bdcfd2a3e04a7e8d50848a3ef9d36567_0.json	279	169.38763427734375
9	1238	95d2cf0a	c_95d2cf0a090068a561701ae57a0e17436ec8c284_0.json	280	169.38648986816406
9	1591	01bc6a7b	c_01bc6a7b664af64cc7c74abc5a96a8809880a7d8_0.json	281	169.3714141845703
9	3310	1bb1ae37	c_1bb1ae37304fc7d465dba2f30e8b2c66d649cd19_0.json	282	169.3695068359375
9	1141	ae6753dd	c_ae6753dd5e4ce3b0ed9bd67f92d2d4e92587300f_0.json	283	169.36375427246094
9	3028	02e0ba1a	c_02e0ba1acbb8fe971253bdabe452d35fb6934bf4_0.json	284	169.35838317871094
9	3623	64763c33	c_64763c33b77376a74fb012071a665d6cbd4db6b7_0.json	285	169.34683227539062
9	3130	53dc23b7	c_53dc23b721f012add52fc44a2d5420c1d7f8ccca_0.json	286	169.34613037109375
9	488	2bb96a82	c_2bb96a82964c04c9cdbb18f8b01eeb2bcee9ab4d_0.json	287	169.32769775390625
9	1526	7d903ca5	c_7d903ca533833e5db8d2fe150f1e31b54ddda700_0.json	288	169.3185577392578
9	1976	5bfbf611	c_5bfbf61114fb751054cc6bfdb74b83089be89882_0.json	289	169.3124237060547
9	1331	a93e3a5f	c_a93e3a5fe01af201940b9640046aaf0d0028b9f8_0.json	290	169.30990600585938
9	2815	f8160b49	c_f8160b492a15067239220b5f42a25743f498bfeb_0.json	291	169.30711364746094
9	2219	789f03f5	c_789f03f525db3c44dcc4e7566f7f69751d86bf21_0.json	292	169.30368041992188
9	2599	31017e0d	c_31017e0d2975e85487582257bf5ae9f356355c02_0.json	293	169.30259704589844
9	2460	127b0313	c_127b03135e6a0775eac27dd1e29d06ec4e7a55a0_0.json	294	169.2887725830078
9	995	8f7a2494	c_8f7a24947517068bd76ccefc6f9e878d2f6ecd91_0.json	295	169.2850341796875
9	2834	999b7d32	c_999b7d32c42c248470e286a5f50b029020ed66ca_0.json	296	169.27947998046875
9	579	3009748f	c_3009748f133d47fb5f3b09c4c2cc9dd3ec7c2469_0.json	297	169.27911376953125
9	551	35612e24	c_35612e24838b03d04b5e14bb7988a8bf7e4bd4c9_0.json	298	169.27737426757812
9	2777	b43e6a00	c_b43e6a00a979edd719898cedc2beb3c5fee88a8a_0.json	299	169.271484375
9	3464	4c5534fc	c_4c5534fc9c99e4bfd55991c42821bf26fc0eef49_0.json	300	169.2579345703125
9	1622	5d16b13b	c_5d16b13bf54b319705e352638205a8c1c204a6cb_0.json	301	169.25257873535156
9	3287	473d151d	c_473d151d4d217ccc2af9499ff5e9239a137774af_0.json	302	169.24609375
9	3027	e786b2c6	c_e786b2c643ae5c8312e81d5eb75cd6c246759d16_0.json	303	169.24371337890625
9	1724	2dff5872	c_2dff5872394b6f9c0e65f919540df9250f7cdeed_0.json	304	169.2359161376953
9	773	96ef54d7	c_96ef54d716955b6e8f8e232813a0470d982ad1af_0.json	305	169.23301696777344
9	3168	eb50c984	c_eb50c98440b0da963d5df4bfd1bf734bc415977f_0.json	306	169.22198486328125
9	191	14b3a111	c_14b3a111d0e055384d762395770f2240eb1f271a_0.json	307	169.22047424316406
9	3626	cab33508	c_cab335083a88062c897b2b3da439a9f220a20113_0.json	308	169.21865844726562
9	2185	61a188be	c_61a188be8961fff8d8ffaa167b2bb883b664691e_0.json	309	169.21546936035156
9	878	2384ac70	c_2384ac70e8740ec3c4ec764c5351df751d3f658b_0.json	310	169.2062530517578
9	2462	260d48d4	c_260d48d4be0717e8f5ba7c3a48cc2de11e07326b_0.json	311	169.19769287109375
9	827	30a40fa6	c_30a40fa69d15367196d134823032514f6cddbaf6_0.json	312	169.1897430419922
9	2858	c5420b34	c_c5420b344e6aa6ec24f2007ff587eda82473be85_0.json	313	169.18228149414062
9	2544	6695c90f	c_6695c90f120663a42650e7e39798cb1e7596fc6b_0.json	314	169.17994689941406
9	1235	dfd9f067	c_dfd9f0676b690fe8c0928316b656ffb87d44cd31_0.json	315	169.1696014404297
9	2837	b255e2c8	c_b255e2c8c8f5f8514dbb8bd43dc2b13a373ecc80_0.json	316	169.16217041015625
9	3696	16361b8c	c_16361b8c28b403b28124c0414ea541f2332622de_0.json	317	169.1555938720703
9	1743	38876a53	c_38876a538f7a9b8b37d6b5232cd2481256fa456a_0.json	318	169.13719177246094
9	936	a3022f3b	c_a3022f3b4abd2ce339fb74d9f07b2706aa887244_0.json	319	169.1214599609375
9	631	95d84005	c_95d84005fdd65f9fb67e000aa3ed3f83b511d25b_0.json	320	169.11773681640625
9	3147	f25cf01d	c_f25cf01de7b1a63baaa60bed02c7fc3a88b8750f_0.json	321	169.11721801757812
9	941	fa66d399	c_fa66d39996428ee44f52289ffd9833c87981b4f2_0.json	322	169.11570739746094
9	930	f780d5d1	c_f780d5d1fa5d2aa88ee23a7f67856719e927e0e7_0.json	323	169.10751342773438
9	519	c7a42fb2	c_c7a42fb239f8b723a9daf1903ec1ad64388da6bd_0.json	324	169.1067657470703
9	2475	b23b84ba	c_b23b84ba3f1d1e9480f6e74ee39b008b22bb6714_0.json	325	169.10223388671875
9	1635	3729fba9	c_3729fba951e714135102e8c3c3aa866ac8b75cf9_0.json	326	169.09725952148438
9	2885	29f55a6a	c_29f55a6a8e32554310c74e5b1aaed73ea8c24cd0_0.json	327	169.0821533203125
9	1864	cfe62b0e	c_cfe62b0ee011e2477275e6f615a2b99473ebd9f4_0.json	328	169.07186889648438
9	791	23bf64e8	c_23bf64e8a46595ea57fb2bc5ee0b922cb4ec987c_0.json	329	169.0686798095703
9	1639	f604a9e3	c_f604a9e3a49c08396379e2cd3ec0f11002a0cd71_0.json	330	169.0650177001953
9	2691	765a5563	c_765a55635703ee2c41cd2a0ac6f75d3446fcff4a_0.json	331	169.06158447265625
9	1795	b1a44319	c_b1a443193116341440f41344780d1fca85de9a11_0.json	332	169.05943298339844
9	2071	30686a1d	c_30686a1d42510a55d6d1ad043baa4d80d81e1bc6_0.json	333	169.0500946044922
9	1575	ff0352df	c_ff0352df4a4f8c2a1480f3d6f877beb909bcc025_0.json	334	169.0481414794922
9	2485	0a577c2f	c_0a577c2f5993498b364570f1951d93160a5b010d_0.json	335	169.0460205078125
9	3490	d0d685f3	c_d0d685f3f3c180d1e1fd75f5bd8071806d1c3005_0.json	336	169.0340576171875
9	2416	ed400a85	c_ed400a85341cb4b26cdd9f5339231c3862fef77d_0.json	337	169.0327911376953
9	2000	e38bbe5d	c_e38bbe5ddea1abc0d886842a6958d6028a017928_0.json	338	169.0308380126953
9	3066	04b07ea6	c_04b07ea61cace08acdbc390ca52c8c155fa75337_0.json	339	169.024169921875
9	2878	d34f4af4	c_d34f4af471f656ee51054e7dd7804e38b5c67787_0.json	340	169.02032470703125
9	3693	79abf3c4	c_79abf3c48b73309e48038d69702c2987dd4fc8f1_0.json	341	169.004150390625
9	1775	e9877e5b	c_e9877e5b89b4393a29ed50f6d5273ccd10d8db1c_0.json	342	168.96302795410156
9	1446	a7ee33b1	c_a7ee33b1e2341c9fbe0b6d5b76c125fe7b6ad62f_0.json	343	168.96157836914062
9	1856	4020136a	c_4020136a4c3ff42348cd97e76758cab001288ac9_0.json	344	168.9276580810547
9	1892	381176fd	c_381176fdafa492b89b9d628f36d1fb61d62dac5b_0.json	345	168.90603637695312
9	3072	454235db	c_454235db882cabfb7ca4224bae1bad3a252b1292_0.json	346	168.89341735839844
9	638	59f6a943	c_59f6a94328c97ddea3b048005b361d8db3e3ff7d_0.json	347	168.8883056640625
9	2833	8e3e57b7	c_8e3e57b778bd18e646b405020181f8db784c8b58_0.json	348	168.87940979003906
9	1152	e1df5f54	c_e1df5f5486f10ac521dfc3dc20d1bfe508e67aa8_0.json	349	168.87266540527344
9	1406	296f2c6a	c_296f2c6ae42a099a01f84c4d80065cb6efab5faa_0.json	350	168.8712921142578
9	2424	c2792666	c_c27926664780f59834f3f0a77d01b27bd20d600f_0.json	351	168.85423278808594
9	3415	f015c761	c_f015c7614bf133e93b0b916ae41b2600636ddee1_0.json	352	168.8533477783203
9	1281	c849836b	c_c849836b259a481e85f10164df2092a402c31c7b_0.json	353	168.8489227294922
9	45	5a915a8b	c_5a915a8b3d46f3b4ce853f02699365ab8b8ef05f_0.json	354	168.84188842773438
9	2595	47c98b38	c_47c98b380995e631a72aa7c03d5804520ba50bb5_0.json	355	168.8396759033203
9	2243	55795293	c_557952936b02434c78495f85e361e895d2c161d2_0.json	356	168.83766174316406
9	3605	b221a734	c_b221a7342856a2a548f5d9817055defc0ec4dea6_0.json	357	168.8252410888672
9	1793	7e00cc35	c_7e00cc35a331ab86e33838579a8507c6fb6d0da0_0.json	358	168.8222198486328
9	2039	34b67820	c_34b67820de002100899910042b36d9821fbec924_0.json	359	168.8048553466797
9	152	14fa7276	c_14fa7276518f8e2f21d41d261d921cc0cc87b9c8_0.json	360	168.80191040039062
9	1028	29a7b90c	c_29a7b90c3bd4d1ced381fbb30878507cfcae20d2_0.json	361	168.79324340820312
9	3603	6691271e	c_6691271e9f5ce4f754c5d915653e740017d8288d_0.json	362	168.7803955078125
9	3184	d2110ad7	c_d2110ad776f4a7e77c0050fc5b52531c9fa18aa8_0.json	363	168.77528381347656
9	614	2efb90d0	c_2efb90d039689b83f2d274665255bf62481a3f2f_0.json	364	168.7743682861328
9	623	86d5e414	c_86d5e414c2167b979f7b0aa14991f2eec406b1ab_0.json	365	168.7731170654297
9	1873	278366bb	c_278366bbfd95dfba0ea5658eeb17b3a2ae1343cf_0.json	366	168.7699737548828
9	3196	f1a0493c	c_f1a0493cca9048303953a7fd47b53ef57b6d33d6_0.json	367	168.76695251464844
9	622	c94083be	c_c94083bed5ab1942419dbf9f995fe5645c98d6de_0.json	368	168.75686645507812
9	2508	3fecfb64	c_3fecfb64e63369e0724d1861e71d2ec6cb55047b_0.json	369	168.75389099121094
9	2369	2f066a5b	c_2f066a5b2d2fe8a00a251a3220b0d52446fe392d_0.json	370	168.72991943359375
9	610	10cb7004	c_10cb70048c84baaf2e64bb646baee3f8df4269a6_0.json	371	168.7065887451172
9	2158	e3c25c93	c_e3c25c933acbde46ca3c3e79b95f341c1cd963b1_0.json	372	168.7019805908203
9	2867	1935989f	c_1935989fac4493870a185e9c4eaee481a968aac4_0.json	373	168.69363403320312
9	2504	d26fa5a5	c_d26fa5a59f9bdf25595a67dfb943ef138abee101_0.json	374	168.69085693359375
9	2281	0d7fa0fd	c_0d7fa0fd61810e6c4fba2839c4101f9c5cf62c25_0.json	375	168.6826629638672
9	3440	9e9a52e6	c_9e9a52e69de2a1b17167a2a992ab0576cb4aa306_0.json	376	168.67739868164062
9	2839	7f5762d4	c_7f5762d469f5ecc0ea100113a92c9371ef50ddcd_0.json	377	168.6542510986328
9	1011	88561265	c_88561265ca3364a66a5a903a8f513f7da07f7245_0.json	378	168.65399169921875
9	1619	da4756ac	c_da4756ac563ffb33a8b716f066525d15fa0fd67b_0.json	379	168.6515655517578
9	1837	3c3ccb79	c_3c3ccb79d4e909ddbb552a07a7e9acf2c4e75377_0.json	380	168.64920043945312
9	85	dcede03d	c_dcede03d186e12e017469b1ea43e505a268d0184_0.json	381	168.63272094726562
9	940	2ab69023	c_2ab69023c5216da15183b1e666aa57d3bc2c0fe7_0.json	382	168.63201904296875
9	1060	3a8a9685	c_3a8a9685ec252116dce375ae9ca61f4cd41fa70f_0.json	383	168.62782287597656
9	2699	296f11e2	c_296f11e2fc3a34498e53975461f31749f9cc6fa7_0.json	384	168.62767028808594
9	3033	216ac006	c_216ac0065f5f75e72601b459c7b9415f81be17a8_0.json	385	168.61297607421875
9	1503	1d10d023	c_1d10d023e068c246b7fc5b822b05019b849d391d_0.json	386	168.60194396972656
9	1377	b998c2fe	c_b998c2fe8687c0fa38a0f0de9c15985fa9d70dc8_0.json	387	168.59913635253906
9	2242	3bbddff0	c_3bbddff0bb4e9550f9c13df1e9190e61c57aef2e_0.json	388	168.5968017578125
9	899	40555d1e	c_40555d1e7c0a031b6ebee36ae018347dcb27d9a5_0.json	389	168.59152221679688
9	2680	5e4424a1	c_5e4424a167e457f9bf1dd075331eff3a3396ffc5_0.json	390	168.55772399902344
9	3007	8dae1929	c_8dae192919073d7851ea2f5e043d9eb942a2e5ca_0.json	391	168.54959106445312
9	1568	39e2ad8a	c_39e2ad8af8fdedac51144158061cb31e7863c3a1_0.json	392	168.52407836914062
9	3469	72cd0ef5	c_72cd0ef5b41e567a88575134e5a593ae448336b9_0.json	393	168.51904296875
9	2824	6ae7300e	c_6ae7300e18b0a98dd2b1e54dd90c2f2eaab20d84_0.json	394	168.51699829101562
9	3169	634e6726	c_634e6726ab4cf1a986ce78430b5bf903a57528f2_0.json	395	168.48988342285156
9	2641	be8c8ede	c_be8c8ede79be0ecea0714689174939d517d1749d_0.json	396	168.48667907714844
9	3314	45d0ed8c	c_45d0ed8cf9de00c60a8af605c615a5818c2cdf33_0.json	397	168.47268676757812
9	2818	6c96efc2	c_6c96efc2b99b98420ed409ccedd2f92215aa143d_0.json	398	168.4643096923828
9	2390	1b989ad9	c_1b989ad91b864f07366ba737f8f05dcd84aec185_0.json	399	168.45806884765625
9	3601	87324e56	c_87324e56a31c110a1653955cdd715e9e88a54ed7_0.json	400	168.45413208007812
9	1887	0264e583	c_0264e5833a5379d77d9999f544ea2299a17daf80_0.json	401	168.43470764160156
9	838	8cfe8b60	c_8cfe8b609eeda562f4d446f5cbeb8e8e01b32370_0.json	402	168.42919921875
9	677	03210786	c_0321078627653b71f94e0c19102e673a2458ccde_0.json	403	168.4076385498047
9	3118	3fd0dea5	c_3fd0dea5786d70c876e1ac1e6af1a5fcad913006_0.json	404	168.39747619628906
9	1978	1a1471b9	c_1a1471b9ad5ca60a345e5c85a902bab167426538_0.json	405	168.39599609375
9	2896	7273ca12	c_7273ca129874dc511800d3a379c370d39dcb1bcf_0.json	406	168.3809356689453
9	1829	98cfeedd	c_98cfeedd7930e9821ea22124f2ebe74da52b534a_0.json	407	168.37973022460938
9	724	5914a958	c_5914a958ca337a4bcfbfebd87e784036f60bff70_0.json	408	168.36444091796875
9	1477	966160f1	c_966160f1d5520d1d807fb69568df26dac0b00a0d_0.json	409	168.3614959716797
9	1970	26208c15	c_26208c15934856fadde46f75c23838d118fa6e32_0.json	410	168.36109924316406
9	1310	efabab28	c_efabab28b83811b92fb2c858226b04b42bab21e6_0.json	411	168.36061096191406
9	1092	dda2b4b8	c_dda2b4b8b6a6571de05d2c6cee9cc99e61815bb4_0.json	412	168.35968017578125
9	938	e1d68585	c_e1d68585bec81a68e08ab08ad274494a612856d0_0.json	413	168.35801696777344
9	1030	dd7ae135	c_dd7ae1350ef823d8e6d7a0c77f847980fe24ca10_0.json	414	168.35299682617188
9	3258	5075b8f9	c_5075b8f98b2f56cdd773f27eba16a2de7f190afa_0.json	415	168.3397216796875
9	2428	b68a2cae	c_b68a2cae5a9192bc95c245464054cbc2ef34bc7d_0.json	416	168.33607482910156
9	478	d79a0a65	c_d79a0a65d87f9027fba31d5655d6f9b2f379bb80_0.json	417	168.30926513671875
9	2583	1d5be061	c_1d5be0610d78ba72b831fdd36ba8a76d41b872ee_0.json	418	168.30313110351562
9	1137	06999945	c_069999454d6a538d14927e7e64c01609da4ba013_0.json	419	168.2975616455078
9	2825	66f81698	c_66f81698401ebef6a2da8930ff317676da6d1e39_0.json	420	168.29025268554688
9	2842	71df5226	c_71df52260c47f73a7d1c3f5ff54787b31ccd0dc8_0.json	421	168.28782653808594
9	1703	96eca830	c_96eca83048dfa6759382e3f4942e0ebfcf2db635_0.json	422	168.28424072265625
9	2028	60deb4c9	c_60deb4c99ecf6d74c5e5110d6ed2bd7748ee8187_0.json	423	168.2784881591797
9	442	a71b17a9	c_a71b17a9d1c6da3a3572ef3f4a55da742c0734b4_0.json	424	168.27487182617188
9	1782	590ce805	c_590ce8052a6f09007cdf070bf0ac15c2d9debf3b_0.json	425	168.2698211669922
9	1972	36d87980	c_36d87980e2c7d9b868b32bcd76018b02c256f16e_0.json	426	168.26759338378906
9	1582	79522bbb	c_79522bbb5869778ec805ee001710eccc6a4d2ca0_0.json	427	168.2594451904297
9	3000	4e96a73b	c_4e96a73b94195ba3abb29ff251d8c0b444ee1c4d_0.json	428	168.25709533691406
9	3317	996dd998	c_996dd998e3081e4a842017b8ebcdae9b6059b530_0.json	429	168.24485778808594
9	3185	baad7bdc	c_baad7bdc1c3f64eb36643e5fe01562711b00d0e7_0.json	430	168.23529052734375
9	401	ad9b8fd7	c_ad9b8fd74cadb4e62887c9e1c4761b91b194deda_0.json	431	168.22215270996094
9	3562	136233e9	c_136233e94f30be2981ad90cc36dc6f5a4606d269_0.json	432	168.22137451171875
9	455	af98e93b	c_af98e93bd2b12bd3a4a5627155b8f626bff962fe_0.json	433	168.22032165527344
9	3198	adcb11a8	c_adcb11a8ca235de923720daf6f33167f8ab8e0ce_0.json	434	168.21487426757812
9	937	3dfcbc54	c_3dfcbc54ae7579daf7f44ea6544ece4910e1172b_0.json	435	168.20004272460938
9	1549	dd7c8dfb	c_dd7c8dfb0a53aae71716d23b411efbfc934fa2d0_0.json	436	168.1991729736328
9	2927	21cb65e6	c_21cb65e6365a89c9402b3c9a3d972be41d4605c9_0.json	437	168.19334411621094
9	1228	ec17cb3e	c_ec17cb3eb967dbb518e505357989e645800021bd_0.json	438	168.1930389404297
9	3329	e7798925	c_e77989250442bf4d08a05df5628cb560dd4d1edb_0.json	439	168.18255615234375
9	1407	4c13fdf4	c_4c13fdf4d517925195024e2cd52a6ff1f89a96a5_0.json	440	168.17091369628906
9	2909	e67840f9	c_e67840f946a2fb0af40a5d07ca58b6a5517bb80a_0.json	441	168.1647186279297
9	974	952b6125	c_952b612547a5bcd7141820da95d3774b62c73cf5_0.json	442	168.16091918945312
9	332	08aeba4f	c_08aeba4f0355ae6806f71bb92e9f81004cdbe6fe_0.json	443	168.1597137451172
9	3476	f8e1f632	c_f8e1f632689e84de5af872c17fda1fd93bc0798a_0.json	444	168.15768432617188
9	1557	84042310	c_8404231006b9d6670dabf742d99a5df48a9b1c34_0.json	445	168.1529541015625
9	1523	12968ffa	c_12968ffa7226ca324b333ebb8d06608a0fa6d6ed_0.json	446	168.14747619628906
9	2284	b6328892	c_b63288921360f7408579ac64189d8a530c7957bd_0.json	447	168.14215087890625
9	230	402160b9	c_402160b94a9ffd5f400d8e5717badcaa2fd3c5af_0.json	448	168.13272094726562
9	839	a86a2771	c_a86a2771460679ff91c49e2c0c33b2fb65b7c40c_0.json	449	168.12686157226562
9	915	87521a10	c_87521a10495768a6022d37628321ae0d6b16c420_0.json	450	168.10105895996094
9	2336	5d0946ef	c_5d0946ef1bd54776e8b3115e45ba7fe2ad4a36f3_0.json	451	168.0927734375
9	1798	38844d12	c_38844d12e3c59b3c39acc8c00d7e1dbc52d84e25_0.json	452	168.0915985107422
9	2835	2cec1fff	c_2cec1fffced9df9c5659aa16a9150f1b2a20f7f8_0.json	453	168.09100341796875
9	270	4c47502d	c_4c47502d072d5fb1192f6fae88b6d98e69128eab_0.json	454	168.08523559570312
9	977	559bc9e5	c_559bc9e51d490cb51fa1aa3f2364e9ff07c9524d_0.json	455	168.08203125
9	53	200ab0ec	c_200ab0ec4adeeea15f6b641d56170989cf16cb58_0.json	456	168.08042907714844
9	3450	0dd45982	c_0dd459826d7f17c9382004ef7707d9af2ab87f58_0.json	457	168.0775604248047
9	1752	80b1e90b	c_80b1e90b42a34856b61cec628fcea6633d1000cd_0.json	458	168.0773162841797
9	1966	65e6fadc	c_65e6fadc8e5224c9200e2179b689eb4975752ac8_0.json	459	168.07513427734375
9	1832	284dc105	c_284dc105f474333eeaec59ca9c1b2f1322789363_0.json	460	168.07347106933594
9	3544	947dbf71	c_947dbf7122ee3d63278a9d63ec071c6b3cfba3be_0.json	461	168.07293701171875
9	2140	43dd0dc9	c_43dd0dc99f9f3ebc0790e62dbc6aa9f849c85a14_0.json	462	168.07208251953125
9	3421	a76049d0	c_a76049d095aa1f1664ae22918b3b5155c517df57_0.json	463	168.06788635253906
9	2477	9d8f28a0	c_9d8f28a08be2525a0794f1f7b29e120180539c99_0.json	464	168.06271362304688
9	1314	0832bf9b	c_0832bf9bacfa9d8fc6cb3b9d0ee82756a7bca5ad_0.json	465	168.0559844970703
9	1643	0387c81f	c_0387c81fc18a9a69ececcc3db0db6f6aa734e27c_0.json	466	168.05572509765625
9	3524	2a7be0b4	c_2a7be0b493fed75487796db3f592fff109ab6773_0.json	467	168.0534210205078
9	139	a71e0699	c_a71e069908f97b336a1f1201502ca525fd8a54ba_0.json	468	168.04989624023438
9	2549	742c710a	c_742c710a102a9e59ed2910308d19fca44cc9b93d_0.json	469	168.04058837890625
9	1650	bef25517	c_bef255176b2f22883364791f769cdd5645b96d2a_0.json	470	168.03759765625
9	3164	c1494f2a	c_c1494f2aeee50d538f0ceafa31863c285f56c2fd_0.json	471	168.03607177734375
9	2245	e9bac4ca	c_e9bac4ca1bf8c6b61474b9d305e03dde1441fddd_0.json	472	168.03013610839844
9	836	076a21a0	c_076a21a02a93855080a9212002b16a4e09cbc209_0.json	473	168.02842712402344
9	142	6399a6d8	c_6399a6d8dffc1b85ac2b4477781e55bc6a468bc6_0.json	474	168.01181030273438
9	10	2bbad8ec	c_2bbad8ecca1a9b52c20dadcff06f30682a77a738_0.json	475	168.00836181640625
9	3112	2cdae2e7	c_2cdae2e75334db2bef64b5db8f783de1ee497638_0.json	476	167.99551391601562
9	3218	5462eca5	c_5462eca5e4bbdecbfdb73999f3c93a700e57f797_0.json	477	167.9786376953125
9	726	205f072d	c_205f072d46ee6de572597ed68007543233ac96d9_0.json	478	167.9759979248047
9	723	8cbd6384	c_8cbd63844bcc221f9f69a5a53245c6f96dcf38b7_0.json	479	167.9707794189453
9	2951	1450a1c6	c_1450a1c6dbcba86c7f60eed3134bf18037b6949a_0.json	480	167.96286010742188
9	1842	d7f23ef3	c_d7f23ef317b82db42614e5db5a712460ccaa131d_0.json	481	167.958984375
9	2011	7c42d548	c_7c42d548679c6b202d15bdabac8eb95058953f8f_0.json	482	167.95706176757812
9	3628	67017f36	c_67017f3679660f547d50eee807d43583d3ee0b07_0.json	483	167.95330810546875
9	2128	3436cec7	c_3436cec71a215ce91d42e9a180d744d45a82f732_0.json	484	167.95315551757812
9	2609	e730c83d	c_e730c83d05d28d870e8108b6d4535df46d228a5b_0.json	485	167.9528045654297
9	2922	5a8be77a	c_5a8be77a303c9e2f8c19d029e8628d7697fb581d_0.json	486	167.93814086914062
9	223	dff65acb	c_dff65acb9ab99d0d8bf656563501436981bd7bea_0.json	487	167.9376220703125
9	1139	def648a1	c_def648a17dfd6789db108fe97be8cabe93d78232_0.json	488	167.9368438720703
9	2283	7a6670e8	c_7a6670e8628e75a69dbdeeb6527d6fb5a2a6e55b_0.json	489	167.935546875
9	3425	f36f4f4c	c_f36f4f4c3c859a27a06c4d0113b960965e498a39_0.json	490	167.92845153808594
9	3019	88f944e1	c_88f944e1aada536e9a70b041387bb328d61490cd_0.json	491	167.9232635498047
9	1435	65cbdada	c_65cbdada7d2fc7fc9a22330a9b339d152a71fc8d_0.json	492	167.9170379638672
9	1259	0fa07f93	c_0fa07f93e27089455c14068064f64e4b9284b995_0.json	493	167.9068145751953
9	1035	09390c3e	c_09390c3edae743a657cfdbc615c67ba165468851_0.json	494	167.90109252929688
9	336	c6515c77	c_c6515c77999e63defaf2e31008502e696b72f4a5_0.json	495	167.8963165283203
9	1084	e4acfb1a	c_e4acfb1ab321d1101d2c7a4e24937a54029b225a_0.json	496	167.89297485351562
9	3335	35ad54c1	c_35ad54c1453afa75c0074cafb30722b967d8a42c_0.json	497	167.88841247558594
9	2274	cfcd4cf9	c_cfcd4cf992702e25c9b15e5a2ebb7fc8bec010f4_0.json	498	167.88619995117188
9	2745	962e7803	c_962e7803445b5a2d7c1791f8b4aadf5b6b0771e4_0.json	499	167.884033203125
9	722	6375e636	c_6375e636998ba899dd6354a5aaf60b357dbe66d6_0.json	500	167.87603759765625
9	275	8d825e47	c_8d825e475b702a65e1568590161bea6bc8f0103f_0.json	501	167.87184143066406
9	1597	1d98f1d5	c_1d98f1d5aa7bd247aa8a5bc8a884f3bb1d71c669_0.json	502	167.86444091796875
9	2987	61051318	c_61051318b282c62f59f59141792d3347854cfa70_0.json	503	167.8640594482422
9	2560	9e6b0f8c	c_9e6b0f8c9a7d1f3e450fc4805ea93fde4ef205ac_0.json	504	167.85528564453125
9	912	231e2e58	c_231e2e584f0fa919f74485519f8b8faba5a3d58f_0.json	505	167.8511962890625
9	3534	f377db35	c_f377db35695def4a1dca81e9db863da995e0f5a9_0.json	506	167.84776306152344
9	1811	120e9f52	c_120e9f5229c0e1f27788603fe95dc8a43f686ac9_0.json	507	167.83108520507812
9	2342	5eb2de03	c_5eb2de035e356ca5cfcbffb978acda8c42bd4abe_0.json	508	167.82577514648438
9	3005	2bd1b8d0	c_2bd1b8d09c8abb942019c570c6ecc621544af71c_0.json	509	167.82217407226562
9	2520	5a27ee81	c_5a27ee819e33ef932dbe93f38edfb7cc9deae07e_0.json	510	167.82064819335938
9	546	3661c94a	c_3661c94afdb9efc85df19c7639cde42284f0e812_0.json	511	167.81529235839844
9	1306	2d48981a	c_2d48981a85c36bb55ea963394d57edb8e044ead1_0.json	512	167.8036346435547
9	225	04c3ab9b	c_04c3ab9b355b2c52e0178533068dd22586c0eabf_0.json	513	167.7968292236328
9	1527	3ced4f2a	c_3ced4f2a4e2546f0d7c309bd8f6305edee0dee8f_0.json	514	167.79522705078125
9	3051	2bc9091c	c_2bc9091c6189e6c386eb2f1a87a00f3fc41180ee_0.json	515	167.78746032714844
9	592	93cef035	c_93cef035bc8de890039f9df0bd0cdcafa1ed0528_0.json	516	167.78353881835938
9	3127	dcbfce41	c_dcbfce41594a4c2fee75f2dcb1149260947a44b5_0.json	517	167.78097534179688
9	2177	636dd19a	c_636dd19a9511e4a61a61780e873d27b81e2cd8df_0.json	518	167.7798614501953
9	2618	b9d91ae3	c_b9d91ae3fb716e737028cc31a91437bebaac7e7e_0.json	519	167.7774658203125
9	1847	74cd1e53	c_74cd1e53b5ba7e9ef148c0e99c2b11e44ab5f5e7_0.json	520	167.77479553222656
9	2950	bd56278b	c_bd56278bbd6dbcdbc74840d691a3ff734f357365_0.json	521	167.75906372070312
9	3077	6684eb1f	c_6684eb1fc3456730464a28982e4afe8d79c2b185_0.json	522	167.74258422851562
9	3297	a1a421f1	c_a1a421f1639630c22389d8a4de82cb62fb90e015_0.json	523	167.73721313476562
9	2300	5b2451be	c_5b2451be7e569fcbd43596b7ef6483423fd10baa_0.json	524	167.7360382080078
9	2840	ba827efe	c_ba827efe76bda9b69f7121af9cbbf6506d270f8b_0.json	525	167.73455810546875
9	2775	4843259c	c_4843259cfaa61a2b0c8f7b7eaf787e66fef4b111_0.json	526	167.72894287109375
9	3624	ce3f5c43	c_ce3f5c432b2d8500982e67cd862440b38698c391_0.json	527	167.72084045410156
9	2109	00fea9d8	c_00fea9d8078d487e31cec8292dbd9bd69bc9c216_0.json	528	167.71401977539062
9	3352	d74b5e28	c_d74b5e2873377cb181f640b3ff097f7fddcdd795_0.json	529	167.7006378173828
9	3701	a71b633d	c_a71b633d21925f961189c339054aa6bc0c6e3301_0.json	530	167.7002410888672
9	2302	3eb3573c	c_3eb3573c62df5b89cb02a4ea67f08d85d2ceefba_0.json	531	167.69082641601562
9	2874	65ed08e1	c_65ed08e15af15617e967d3ea9d635dc55a0ef866_0.json	532	167.68927001953125
9	3200	490ec33e	c_490ec33e24dfc8784f6e91325f142dee1e4107da_0.json	533	167.6883544921875
9	2823	2701ed7e	c_2701ed7e2e534de65e672e0c54664ddef217e962_0.json	534	167.6879119873047
9	2613	22251642	c_222516425d6be0f2df1c1ebdbe4c9c5dfbbb180a_0.json	535	167.68597412109375
9	3271	5d7868b3	c_5d7868b30a2f5896fc90366ff75169924b8243f1_0.json	536	167.68411254882812
9	3076	8f1afdf5	c_8f1afdf5aa9591aa61d27a4e4c82ceee56600198_0.json	537	167.68295288085938
9	3612	4bc3f630	c_4bc3f63055976d1b3130dda2049b809b10e62fe0_0.json	538	167.67886352539062
9	2323	b522106e	c_b522106e845feae4200e37d0bd190fb6cdc5b756_0.json	539	167.67527770996094
9	1345	7695a8c9	c_7695a8c9162520d0d8770bbab6d6088c9a4cd657_0.json	540	167.6678466796875
9	1057	7a75e894	c_7a75e894d7821c1d3fc4093c338350a328bc7956_0.json	541	167.6667938232422
9	1956	32209ce2	c_32209ce225eae6832c8b438d0b627c1238d5130b_0.json	542	167.6625518798828
9	3684	007b4c14	c_007b4c14b10ff8428540c9974ec1c17a1eec9f8a_0.json	543	167.65965270996094
9	1391	1ae19043	c_1ae19043a1f78a2661e6907bf9ac3ee1be82e0b0_0.json	544	167.65499877929688
9	3052	e5c7e405	c_e5c7e4055ab2a40cb107a7ebd33766867325d5cc_0.json	545	167.65472412109375
9	3086	67ad1564	c_67ad15647c0def0693eea364c2bd17a2d8067ac6_0.json	546	167.64248657226562
9	904	4850e884	c_4850e8849830763b0bc886d39c69a603cd1c36cd_0.json	547	167.63096618652344
9	3353	7be3196e	c_7be3196ed5c7f8665d95307afd03f0a6f5277cc4_0.json	548	167.6301727294922
9	3265	480a0aa8	c_480a0aa8123ad447186e40f33fb0605c69a845f6_0.json	549	167.62652587890625
9	3140	631c5bcb	c_631c5bcbb2d8d46eed1091031310ed24fcd866ed_0.json	550	167.6219024658203
9	1050	f5c5faf7	c_f5c5faf71661dc286a7fc867ab0da72866b79216_0.json	551	167.6217803955078
9	2067	19a21f53	c_19a21f531697627f3cf49482796884763a6c74ba_0.json	552	167.62057495117188
9	2393	3306daa4	c_3306daa405bc1937506ba64210dc5ae5d408b65d_0.json	553	167.6192626953125
9	306	8992fc6a	c_8992fc6a4ac6923cd1b4432eee8d00489a53018f_0.json	554	167.61758422851562
9	2763	f3f6438e	c_f3f6438ede479a3b2ba65563507f0d6e97989956_0.json	555	167.6106719970703
9	2212	0aa6277c	c_0aa6277c80b0aa1257f893f0c0699f8a58de2c83_0.json	556	167.60452270507812
9	1275	e0a760f1	c_e0a760f14bdcf8318071f87392fc905ac9d17dff_0.json	557	167.60372924804688
9	2414	e4ab3df1	c_e4ab3df112eff5ef614823d863b1053f0453134b_0.json	558	167.60150146484375
9	1851	c118e62d	c_c118e62d6b95c5e0643b34e752b043ad002ba419_0.json	559	167.59710693359375
9	2032	3972fbb6	c_3972fbb63778bebc21b4d9bc2f42b671c7a37d4a_0.json	560	167.59042358398438
9	1623	b25bec37	c_b25bec37c059442830ee749c6653ff83e8510259_0.json	561	167.57699584960938
9	2076	b67bf47e	c_b67bf47e45fa177c25fd5c445011d868a5383a6d_0.json	562	167.57518005371094
9	994	e958565b	c_e958565b02f003f85f203af89cf466e3358178eb_0.json	563	167.57467651367188
9	448	365eb32f	c_365eb32fb0c3a2b86b8248e90d7dcf7eb0d4d7c0_0.json	564	167.56434631347656
9	1674	615ca9a0	c_615ca9a000c253575e6f62bed87db6110b750834_0.json	565	167.56365966796875
9	2511	44840e06	c_44840e064f246e4f86135dc0838531b03d7890f8_0.json	566	167.5535888671875
9	3414	3f753c8b	c_3f753c8b3e033dda43e8b2ac7667fa85f6bcfb7e_0.json	567	167.55007934570312
9	3264	f1791c64	c_f1791c640b8a107325d1737b8403a8cccecc39ec_0.json	568	167.5490264892578
9	1652	b996bf72	c_b996bf72e605eee298285cdfd11deb7563a3acf1_0.json	569	167.5435333251953
9	676	61a2561b	c_61a2561bcd43f3b28eca1de12148a974024323ac_0.json	570	167.54103088378906
9	877	c557eb22	c_c557eb22d4e8b8b99b3b73be7684cf5346f142fa_0.json	571	167.53988647460938
9	2894	9744c652	c_9744c652bf8be7ecf69159aada16da121db9d1be_0.json	572	167.53958129882812
9	447	f8d4090a	c_f8d4090a899526c34fe32435a67ef5f4559dbf2f_0.json	573	167.5185546875
9	1226	ac12f102	c_ac12f10237f625f1f4601f730931713ad35fc7dc_0.json	574	167.51730346679688
9	1504	79c28fac	c_79c28fac1984f6fb380359082e1c6180f3cdaecf_0.json	575	167.50625610351562
9	78	2b57d659	c_2b57d6595c2c9095dc09bd42ba40fe1c69df0735_0.json	576	167.4971923828125
9	3148	350b2b1a	c_350b2b1aa1ed5d7df05a77bf13f701ac1712dbc0_0.json	577	167.493408203125
9	590	0f5e3e77	c_0f5e3e77be4e78d71512b0e436fca381969e8ecd_0.json	578	167.48944091796875
9	3673	a2730903	c_a27309031b7fdeeabb75b786e4482f9323d1d17d_0.json	579	167.4889678955078
9	682	23ed9b90	c_23ed9b90e6cbfa1ab4ef95f0534e717537287602_0.json	580	167.48855590820312
9	1796	dd73c918	c_dd73c918d31f35c9d86ac7cb3d6c7c1ebebc6809_0.json	581	167.4875030517578
9	1787	6a07726a	c_6a07726a825da09003d153e52ea30005b1a4c013_0.json	582	167.48736572265625
9	144	a8d7b366	c_a8d7b3661db269dad434c6d172eaf691ea94deeb_0.json	583	167.48391723632812
9	2935	1a15d5f4	c_1a15d5f4c13eca0435b0ed7e6a624064e7f7e07f_0.json	584	167.46762084960938
9	1705	cfff0e3c	c_cfff0e3cd35c9ddee335eacfe90a61ca66e0c42a_0.json	585	167.46572875976562
9	167	9e2581a4	c_9e2581a44ec1d38923824afcd7c7022df4536443_0.json	586	167.4640350341797
9	3702	6e60dc76	c_6e60dc76cbdb619c871b1282eb33fa284ba48b4e_0.json	587	167.46234130859375
9	823	876d1333	c_876d133334e8dde309cc11f884c0dd4cc9ce530e_0.json	588	167.4462432861328
9	1106	6fce0ba9	c_6fce0ba9870aedea135b2001720a9505a3e71a85_0.json	589	167.44021606445312
9	2441	330f3fe1	c_330f3fe17d132bd4e2a91ff812ccf489e77f390f_0.json	590	167.4371337890625
9	3401	ca031b9f	c_ca031b9f6bab7d0cae8be1cf9d72eec935743413_0.json	591	167.43478393554688
9	1394	14a77ce0	c_14a77ce029e01e2cd8c317a72effc066b49f0d1c_0.json	592	167.4320526123047
9	3639	e23eb4d7	c_e23eb4d782b2faca29e8c517564bcb3938516d28_0.json	593	167.42710876464844
9	1722	a758b7eb	c_a758b7ebe34f0e7b8bce305411fa7db1d1124211_0.json	594	167.41783142089844
9	2296	e6cc3e05	c_e6cc3e054346c1af13d5150d41d9459dbb4c661a_0.json	595	167.4087371826172
9	2841	cebe0505	c_cebe0505eeb25a7303b1fae3764d5c583ccbfb0a_0.json	596	167.39962768554688
9	2574	a318e0ef	c_a318e0ef63c3b768d0cf1e5522e67186ee8fec8d_0.json	597	167.3963165283203
9	1392	81d127cd	c_81d127cdfb34bccebe12b817c79832dc489156b7_0.json	598	167.39501953125
9	1301	3c76851a	c_3c76851af2d0f39dbc3a6680c8b2426440479b13_0.json	599	167.39398193359375
9	1559	b30bff01	c_b30bff0126e1a0301a8b86b40a0b532f1d0ae28f_0.json	600	167.391845703125
9	862	a0f3e043	c_a0f3e0435c405ec842240413e2165863c9c76a16_0.json	601	167.38597106933594
9	3627	e1ac02b3	c_e1ac02b37904d85a63358005d1aa16e34ba25187_0.json	602	167.38465881347656
9	3002	e8b2a42b	c_e8b2a42b06b61d4cebe9d1e8832857d90734ea4d_0.json	603	167.37844848632812
9	2215	88c700c1	c_88c700c10b3e001fcd0662848fe0cc2c9d5a6336_0.json	604	167.3756866455078
9	2988	de61d0de	c_de61d0de0061197de858addc8dd3181cbf865674_0.json	605	167.37551879882812
9	2911	7877daf2	c_7877daf23032d591748a8da040ec2aa4f5cf1a0d_0.json	606	167.3744659423828
9	2451	e45ff9ff	c_e45ff9ffcf611e96493aa91984ffab7a13d298ed_0.json	607	167.3595733642578
9	1946	d05f2616	c_d05f26160a434239c8d81be80206838ac63ad1c3_0.json	608	167.35873413085938
9	1611	78b3cfa4	c_78b3cfa45ce6d92e9915b076ca41c12dcd5a1f63_0.json	609	167.35348510742188
9	331	43dcbb24	c_43dcbb2433f06e0a1263d37a91f08c02561a99dc_0.json	610	167.33145141601562
9	1706	28f28f18	c_28f28f18ae42f154e9c43de8c3b78f85adf9b318_0.json	611	167.32223510742188
9	1034	d6e8487d	c_d6e8487dad60638a2e0a7dc478964513731e297d_0.json	612	167.31881713867188
9	2561	da855057	c_da8550576fcdc213c528659c61a203911d3cb084_0.json	613	167.31561279296875
9	2658	3f4c6bac	c_3f4c6bacd78f910f46fad193afc6de314d7f13ae_0.json	614	167.31443786621094
9	1610	0dd8d619	c_0dd8d619f94bf604e5000a4f87f1987b8efecc39_0.json	615	167.30499267578125
9	3461	7c78caea	c_7c78caeac716ade0a945f684ba933a7737ba8099_0.json	616	167.3002166748047
9	3397	78bc8d38	c_78bc8d3860c9f3fe1e5e73974605b2215fc210be_0.json	617	167.2943115234375
9	2023	cf1e53b1	c_cf1e53b167a325feac6dda59cdaed36f7c4cc47c_0.json	618	167.2942352294922
9	1979	278ec094	c_278ec094f9877737fde3cbadfe0b309edb8a909e_0.json	619	167.28945922851562
9	3286	f807797c	c_f807797c50224c31c027b511837e354f84744567_0.json	620	167.2888641357422
9	1868	72853316	c_7285331645183d45a7110d03b45e74acf46f8be3_0.json	621	167.28640747070312
9	1885	370a7835	c_370a7835419930860cb1708e4653647c04b6512b_0.json	622	167.27572631835938
9	2455	be63dfdf	c_be63dfdfa34833b9444c2ae02751e25a0385076f_0.json	623	167.27175903320312
9	3172	07b88437	c_07b8843782615cfc37f074141432ad4ac7b2a203_0.json	624	167.27096557617188
9	2064	ff921dd9	c_ff921dd92402696c90042c44a7e932445695aa2c_0.json	625	167.26235961914062
9	2717	0454f76f	c_0454f76fec669f3b9d5f283dac7d17b58631cd04_0.json	626	167.25184631347656
9	84	a6637ae4	c_a6637ae432f9a7cf0fa5b6d7500eaa1c59878e03_0.json	627	167.2437744140625
9	2838	89153e71	c_89153e715c6b22bff7f837bf553c5095028a6621_0.json	628	167.24110412597656
9	1005	602c21a1	c_602c21a15ae1b25e9d304d75e3181dac9d1435d9_0.json	629	167.2391815185547
9	2406	440c9e1e	c_440c9e1e0b81b52666e949ef80ea6a2a2d5bed43_0.json	630	167.22840881347656
9	587	d2d4c5fd	c_d2d4c5fd63f279be0797468277593ef72506c696_0.json	631	167.21607971191406
9	1880	49590647	c_495906471420152675a37d2e52b8a43a9f358408_0.json	632	167.21438598632812
9	2798	b6539598	c_b6539598d62e4d338c61fa3fda356c61cd5cd764_0.json	633	167.21319580078125
9	3449	abb204e1	c_abb204e12a15d6d4ee1302611169da1f91364003_0.json	634	167.2102813720703
9	2759	7841eeef	c_7841eeef9bcbcc2d8c5cbc9d2c9adcd13a693241_0.json	635	167.2099151611328
9	3458	853a7931	c_853a7931b9fe8603b49685379cf52a9e6f8263a2_0.json	636	167.20556640625
9	2241	c6b6d50a	c_c6b6d50aa787ab299305035a7913b29efb20b542_0.json	637	167.1920928955078
9	3692	7e2ffcc9	c_7e2ffcc9034de41d7787f0b33b5670474f7a10de_0.json	638	167.19161987304688
9	2454	e5304c6c	c_e5304c6c7a15115a25805a47b33e141d39e30228_0.json	639	167.1873016357422
9	1958	fc024205	c_fc024205650fd286f407da7fa40cba524a15f7ae_0.json	640	167.18624877929688
9	3134	f1703ce1	c_f1703ce11728aeb9559076e92a4afd7c661c6751_0.json	641	167.18186950683594
9	1844	757b8d51	c_757b8d51d925e72c93868bb8971c4d8e66bdce93_0.json	642	167.17250061035156
9	2807	3d67eb04	c_3d67eb0485d141cde38b6ce69bcde889dd0acdb7_0.json	643	167.16893005371094
9	3182	234d22f9	c_234d22f940364e2f8e653f9b4060ff3f6009d014_0.json	644	167.16680908203125
9	957	f5bd08d2	c_f5bd08d2b9bda97c6d6bf83308cfeb41c0557afe_0.json	645	167.1661376953125
9	2041	7c20e477	c_7c20e477daaf11f33855fcd107807254f172d60d_0.json	646	167.1593475341797
9	3426	2c00c4a9	c_2c00c4a98cd6a8b6c03f6cba8351a734785932fd_0.json	647	167.1563262939453
9	3561	a752a37b	c_a752a37be5ee9c24b46bbaad3d4d7cc7f9ef28e3_0.json	648	167.15310668945312
9	2952	4a6df444	c_4a6df444e0cd4bcf612a762bb75d3d0fd4394acb_0.json	649	167.1450653076172
9	2529	4512625d	c_4512625d1354b7cda883af4828248d84eb49d65d_0.json	650	167.14259338378906
9	419	e2192234	c_e219223496e55732708003f8da2f7021d8752d44_0.json	651	167.1402587890625
9	2449	c7e91c83	c_c7e91c8311d306e6a8f6191f9f2f69e09f50c3ba_0.json	652	167.12831115722656
9	2860	641d4354	c_641d435478c303af33d1299ee6a8069b351a0a29_0.json	653	167.12062072753906
9	1221	cbbcf48a	c_cbbcf48a52436ae383188453aef134d8494c7e3e_0.json	654	167.1134796142578
9	1167	382b5734	c_382b57344ca9dbb3ef669d0fa41e3124c3867fb1_0.json	655	167.10740661621094
9	2569	07c6c98b	c_07c6c98b82a5f4fdedfee9fb007786c2e96bfdf5_0.json	656	167.1030731201172
9	2326	2e221fa5	c_2e221fa5f9c32e964b4f3073475f314a9f3c5d99_0.json	657	167.10043334960938
9	3372	2569f068	c_2569f0687e8ef28d2c4f39191f23079bfeb46f85_0.json	658	167.09716796875
9	1774	c2659d3f	c_c2659d3f89c4527e86f1121e0135d92c0ee29e34_0.json	659	167.08729553222656
9	130	92a2a61e	c_92a2a61ebbe174a71ea2e6b42a0464b3a565402f_0.json	660	167.07916259765625
9	2005	36f716d4	c_36f716d4d118e9463b2d19a9c97402103e2f128a_0.json	661	167.07826232910156
9	1002	6d732dba	c_6d732dba587f9d92d1dbfe3f1dee6acaf806f104_0.json	662	167.063720703125
9	1143	2f4dff0d	c_2f4dff0d4184af611d4bd50f044377a88b007332_0.json	663	167.0636444091797
9	3099	52ba41f4	c_52ba41f4252de96642f708d636d1116fa7f8b92b_0.json	664	167.05950927734375
9	1715	c25bad3d	c_c25bad3d61bc21eaaaba5dc10615d81d5c0c5217_0.json	665	167.05133056640625
9	1475	d30c941b	c_d30c941b7f5dbd59bd62557cd115af6d82026776_0.json	666	167.05117797851562
9	297	dd54604e	c_dd54604e2a7c1359c60c47426829a30138bf77e2_0.json	667	167.0488739013672
9	1891	9054aac4	c_9054aac4b948117b838d6a5b15be1f50965d805a_0.json	668	167.04833984375
9	3659	739785d3	c_739785d364c3c92e20c7b8e47094ee7717e02891_0.json	669	167.04574584960938
9	2774	f510a296	c_f510a29613c3a16900766f73aff7843297ef7259_0.json	670	167.0404815673828
9	1535	9ca7fb78	c_9ca7fb78ef078e05e164cab0ad742c6ae49374ae_0.json	671	167.0393524169922
9	908	e2774b91	c_e2774b9140b16b1798fa6b2059786a40393fbbc6_0.json	672	167.03663635253906
9	3194	b22e2b56	c_b22e2b565ee266bc28092596a490fb8e756b3aa2_0.json	673	167.03404235839844
9	2662	4d994702	c_4d994702cb50c8ad80f4f977292063a118cff724_0.json	674	167.0334014892578
9	3367	d5ff460b	c_d5ff460ba69e4261f066d7856e2f90b886924513_0.json	675	167.02468872070312
9	1232	cf02f347	c_cf02f347ef83029624485bc7a292057c44a9ca5d_0.json	676	167.02345275878906
9	1660	5baa816a	c_5baa816a51ecbea2de2d8899bf412e1b595512c0_0.json	677	167.0121612548828
9	1379	036bbe27	c_036bbe27636ee9978bbecf072c26c636251d2437_0.json	678	167.01036071777344
9	585	8ac52f78	c_8ac52f78d23e8d0a0e8d72c89f7f88491b2706ca_0.json	679	167.00845336914062
9	3593	a0bb64a5	c_a0bb64a5cf71b982dead23a5de16f792889154c4_0.json	680	167.0083770751953
9	934	44c54b7e	c_44c54b7edcfd70eaa7036984a0200aea39f933a3_0.json	681	167.00576782226562
9	3073	8d647834	c_8d6478346e45d728656ccac760adc8126b3d225c_0.json	682	166.99813842773438
9	1175	605b1154	c_605b115409a95df8010dee79dee6de00da049234_0.json	683	166.9932403564453
9	156	331a6b47	c_331a6b47444c8c28ab8e6233f5fd11a1d44502d7_0.json	684	166.99298095703125
9	1797	6d908e55	c_6d908e5581121ba014f0209d98fcd47818e9213e_0.json	685	166.9924774169922
9	1632	9b80ac1f	c_9b80ac1f5c115fd95162e3c4623c32d2867b10a4_0.json	686	166.98788452148438
9	3124	609ab4f6	c_609ab4f6c90eaee53f486395942896758f5b5c89_0.json	687	166.98721313476562
9	1690	526cab34	c_526cab34dea7b961f22c55b42b4e44c617078e85_0.json	688	166.98219299316406
9	2207	66ad98c5	c_66ad98c588c195bcb4f1ab781db4ef1871927e12_0.json	689	166.98031616210938
9	648	4ce05bcd	c_4ce05bcd51ec956d789d20b59c743603d24a8ab7_0.json	690	166.96128845214844
9	1364	1e42e6b3	c_1e42e6b3f535d945eae79689e90f6e9d656b0837_0.json	691	166.960205078125
9	2250	ed5fdf67	c_ed5fdf67a31518149a74e05db23371056af10842_0.json	692	166.9519805908203
9	971	eea1a9d9	c_eea1a9d95d1e63e5aefd5897e9aeabcb552f1185_0.json	693	166.9477081298828
9	3554	5500bb8c	c_5500bb8c4f53a56d5098e7e76c5a1b5fc6686574_0.json	694	166.9361572265625
9	1790	a16f5381	c_a16f53810b9c9b8cb461674c8b1ef7c17102372e_0.json	695	166.9360809326172
9	680	2b16916d	c_2b16916df081c172c24418844b233c2c8a118a07_0.json	696	166.9349365234375
9	1590	d06e7b7c	c_d06e7b7c8e646ff489a5dfba47dfcb283a194e9b_0.json	697	166.92507934570312
9	231	9e1defe0	c_9e1defe0f93afad6a09928aa0612bdac0ecc4d22_0.json	698	166.92405700683594
9	2884	882a2ff3	c_882a2ff331464c441e02f9b26b9ac8440409e9fe_0.json	699	166.92259216308594
9	616	6da2195d	c_6da2195dd84d8517e843ad415f42730a4ccd0cdc_0.json	700	166.91790771484375
9	3146	64cca1d9	c_64cca1d9354664286d602d7e16b2f088e31ba45e_0.json	701	166.90176391601562
9	1267	2291c8ca	c_2291c8ca71ed274efce264b7ab505ccb310ca9ce_0.json	702	166.89556884765625
9	1312	b2e4c7c1	c_b2e4c7c1b81d8b54ad6dcd589c0d730c764fad08_0.json	703	166.8867950439453
9	3533	2885ba16	c_2885ba16a28d13ebff189cf9885ca407dad2d69c_0.json	704	166.8824920654297
9	692	ede34d94	c_ede34d94723e61ddd08ed6e58b80a43fefa06f24_0.json	705	166.87841796875
9	945	fc945545	c_fc945545dd627c89537af2858437e2cf38fe7cb1_0.json	706	166.8682098388672
9	3632	003bfee8	c_003bfee8e69da8a102b670997bfd6b4846523e8a_0.json	707	166.865478515625
9	976	5979df51	c_5979df51f8b7165aebf6f839f683af25e9701656_0.json	708	166.858154296875
9	3055	8314db7b	c_8314db7b32c336a254cb7147868587fa5c3e5845_0.json	709	166.84780883789062
9	1740	7dadc2ab	c_7dadc2ab019f066a7a287376ad4c63193e8a0a9a_0.json	710	166.8397674560547
9	2945	0391a5f3	c_0391a5f3cd03266a02221c784f748468932226f0_0.json	711	166.8359375
9	2771	91e6ac58	c_91e6ac584320681913de4a71a4e8d9f837e099b4_0.json	712	166.83578491210938
9	46	f3f96250	c_f3f96250e559afeeccef339f64dfd6440a525652_0.json	713	166.8290557861328
9	1333	4eb810e8	c_4eb810e816aac9329ae05715a8ebb8aa7c400031_0.json	714	166.81991577148438
9	1277	a033d9de	c_a033d9de31063ea51860a46d56c4e343b99eb43a_0.json	715	166.81927490234375
9	3079	2d846db3	c_2d846db3aec18dd081e680be05f6e0faad1cb186_0.json	716	166.81663513183594
9	2938	6b1d5860	c_6b1d5860c1c8ea8d7ed7705859a9b618c55a6f7c_0.json	717	166.81240844726562
9	626	efab3a03	c_efab3a03ae184fc5d03b6663a7b55cf974c551a3_0.json	718	166.78387451171875
9	1967	f037e5e7	c_f037e5e79ec342e160e5030d64aea1a8aab8076b_0.json	719	166.78305053710938
9	2801	4c27ae2f	c_4c27ae2ffe8f4bf7cd5d850035f78b58cac4abcb_0.json	720	166.78273010253906
9	1644	f4bc01f0	c_f4bc01f0f95d81e12042c1b7adb438b9fb8ed84d_0.json	721	166.7779541015625
9	2127	f5f0f312	c_f5f0f31248907248f5b1aa76b8e831ba8d8b2d4c_0.json	722	166.77586364746094
9	2402	6806acec	c_6806acec5162c924762f884407f1d66076b81b57_0.json	723	166.77406311035156
9	3430	f1d07456	c_f1d07456129660bc84e7ec286aa3466cab3308c2_0.json	724	166.7683868408203
9	2799	985c3c54	c_985c3c5426620775ecdbe0bf4e0ca5938117f150_0.json	725	166.75909423828125
9	630	467e76d8	c_467e76d8cf2579772449b854feb2d9eef2c21831_0.json	726	166.7564697265625
9	165	e6e7b06e	c_e6e7b06e255366ce5d9b2dd1bb7d6fe60360053a_0.json	727	166.74195861816406
9	831	9abf6700	c_9abf6700a39b965556b9ed8368fc07f63c7adbd0_0.json	728	166.73626708984375
9	3485	3d76b1e6	c_3d76b1e6be73fe75019bdf4773dcb0eeb4469984_0.json	729	166.7334747314453
9	68	eb7bc017	c_eb7bc0170eb129f6225dcb6ef696f530a5d8b23c_0.json	730	166.73123168945312
9	3545	cd7b7ace	c_cd7b7ace9552b2119e6f3cb1cecbf3a16fc24532_0.json	731	166.72772216796875
9	2729	8be749d2	c_8be749d29037ff597e76e0d0beb8a721f1ca9be5_0.json	732	166.72581481933594
9	5	b2544b4f	c_b2544b4f59bb5384ae35610df69d4fbcd2cc95cb_0.json	733	166.7239532470703
9	1316	24a6a269	c_24a6a2692e942969f5c39bd88d3d12ac0f0bf0d9_0.json	734	166.72390747070312
9	2173	a42822ff	c_a42822ffab4c20ae6317852ac83d392f23157328_0.json	735	166.72042846679688
9	2570	b3c98890	c_b3c9889040b5c3a2f4bfb0468d16b479e29a7d4d_0.json	736	166.70863342285156
9	3670	8079ea5b	c_8079ea5b8d1366445da532906e43afa9291473cf_0.json	737	166.6972198486328
9	3048	6b67f82c	c_6b67f82c40bee7bb3e69258923110bec88057717_0.json	738	166.6934814453125
9	1051	4b7a3596	c_4b7a3596be872ea15ee1cece9526a3f7cd4dc968_0.json	739	166.69342041015625
9	2776	7298d408	c_7298d4087f67eeb9c6d10a4e4201f086e6d668bd_0.json	740	166.6874542236328
9	2651	c0a94937	c_c0a94937d69cd75926e099503505c18562154b7a_0.json	741	166.68309020996094
9	1673	103f1239	c_103f12391b89112f030b921a7c4969f00ff23b44_0.json	742	166.68267822265625
9	2812	d783dd0a	c_d783dd0ac255b90b2680c8cc4cca2ba0676f924c_0.json	743	166.67071533203125
9	1440	b0b34816	c_b0b34816036095acc860f48f3eba0c1cf8d22722_0.json	744	166.663818359375
9	2634	87e0de04	c_87e0de04ccfb68e36be14182a39e03a307e8ad4b_0.json	745	166.659423828125
9	3324	be09075a	c_be09075a6d2a252b68c40e5c308449a8df08bc57_0.json	746	166.65457153320312
9	2873	de147e5c	c_de147e5cc14f8dac6da785289421a55b11d21aa6_0.json	747	166.63702392578125
9	3567	c1b0503c	c_c1b0503c856f7d05cf4f7522b20bfb521dfb3c33_0.json	748	166.6333770751953
9	3135	a3004534	c_a3004534e0148776615bdb056c25c5a8727576c3_0.json	749	166.63040161132812
9	811	172367db	c_172367db36e11dced091f4a494215bebb1a2beb8_0.json	750	166.62417602539062
9	2168	9efc2852	c_9efc28529ba8d6c514e12b949fa88a1f91f6692f_0.json	751	166.62384033203125
9	1494	dd0ddef3	c_dd0ddef3f8bfdb32b1634fc5c8abf49e3e69f12e_0.json	752	166.62208557128906
9	1901	49780d33	c_49780d33c5eede2ef35df16928d1612950e06638_0.json	753	166.62136840820312
9	485	559bd2d8	c_559bd2d87c475aeca2b312a4e6866b91857c4afe_0.json	754	166.6205291748047
9	114	98eff8c9	c_98eff8c9db069b8297234d86c81f2c42bccd6191_0.json	755	166.6162872314453
9	50	0b1b9a9d	c_0b1b9a9dc86da871ce5e7839b1b2df13c99dd9f8_0.json	756	166.61459350585938
9	1997	f31a72a5	c_f31a72a5c434d963dea3b76b438e965bec50a63b_0.json	757	166.61387634277344
9	2654	8dcd1aff	c_8dcd1aff544e084420224bcccfbdf4ce2d854a93_0.json	758	166.6090850830078
9	464	0412df24	c_0412df24e84e53397b3b5a6516aee1a4e12109c4_0.json	759	166.59774780273438
9	964	50f47074	c_50f47074d84d17a7bbb8b883221fc8f4661f09c4_0.json	760	166.59500122070312
9	1380	b56ef812	c_b56ef812eb00b70829325c94709ec7540ac43869_0.json	761	166.59432983398438
9	3631	84eadc81	c_84eadc815b6984304194cdc592aa38823b7e24fa_0.json	762	166.59034729003906
9	2389	21af49c2	c_21af49c2c86dcd4e481a7ef9ff24c6a0d3466ff6_0.json	763	166.58547973632812
9	816	1a57efb8	c_1a57efb852d7b2236182140ed5a902f6d8d472a2_0.json	764	166.58416748046875
9	271	672d0cb9	c_672d0cb95a6493afd0323678f5404a799e917151_0.json	765	166.5672149658203
9	353	ce852f91	c_ce852f91460b7789afe7b44198fe0f64f1ccced2_0.json	766	166.56716918945312
9	872	a7173861	c_a717386116e3d69fb9df72e9935b990ea87a0737_0.json	767	166.5641326904297
9	1254	1757b973	c_1757b973af087cf4086a3c7cc99a7525ce731617_0.json	768	166.56057739257812
9	3125	aff02311	c_aff023117f79b3e2d2520b0754804a9999231702_0.json	769	166.55206298828125
9	2200	da58a646	c_da58a6460a83ce78df0832a5481c6d0a50a7675d_0.json	770	166.54493713378906
9	1125	8541f303	c_8541f303370cec9a25f2b32b3d660b3f188913f0_0.json	771	166.54486083984375
9	3044	f3135ff3	c_f3135ff34fb09c7cde04195d3f90c98d72b467ce_0.json	772	166.54278564453125
9	1093	0374533c	c_0374533c6938e4e804af95c35cbf9b41e6190afd_0.json	773	166.54208374023438
9	1995	5e873783	c_5e873783294c04f2a8eb47518e808445b2b2900c_0.json	774	166.53631591796875
9	2832	0054e338	c_0054e338d755f10572c96b32024e5f0bcc9f5431_0.json	775	166.53164672851562
9	3645	5cc5ae1a	c_5cc5ae1ac70dfa5f2a8a8d44bcbbb6e0dd28eec9_0.json	776	166.5112762451172
9	3539	7ac9b655	c_7ac9b6556ac3e1cc64b99a20b4139214746dfc58_0.json	777	166.5111541748047
9	2013	4f81905f	c_4f81905fba280216227df5c7c0bd26c4c77c97f0_0.json	778	166.50906372070312
9	1241	aa200f7b	c_aa200f7bd16e97b3a6dfb8c1f5c7a2fe86074904_0.json	779	166.4954376220703
9	3137	9d82a03d	c_9d82a03d394f5db8139ccb7241f7e4ebb2e54f8e_0.json	780	166.49365234375
9	1096	f24be14a	c_f24be14aaa099d18b15ee2cb295c8951a3154866_0.json	781	166.49322509765625
9	3513	d377887e	c_d377887e375426dd3fc73bfbb85f23a91f845919_0.json	782	166.4906005859375
9	2581	4a13c4c7	c_4a13c4c7b7f2c5f1c312fdda41f944e2d4f30d2b_0.json	783	166.4831085205078
9	1971	79a29c38	c_79a29c381815d2253a610689983cf96a00af7d17_0.json	784	166.4780731201172
9	758	fd77bfbe	c_fd77bfbe13369c830259d6a5cf8b75f6cdf65321_0.json	785	166.477294921875
9	2623	eb16d73e	c_eb16d73ee29a230619798c6fb30c7cd046bc7386_0.json	786	166.4766387939453
9	3103	6f8bcd4e	c_6f8bcd4ec95c1e74fe372f5f1d4ee08d1bc444a7_0.json	787	166.47268676757812
9	1983	01fb77e1	c_01fb77e16771516646f668450f538128b38e8825_0.json	788	166.47169494628906
9	2368	34fef656	c_34fef656d03a5ba75047a55a894f6f72cbe59f2e_0.json	789	166.4679412841797
9	282	7840ab4f	c_7840ab4febd13f7c25d060a034d59790939942e8_0.json	790	166.46450805664062
9	572	1d50b591	c_1d50b5910ff9c3f014cd8d3c394152311b025461_0.json	791	166.45745849609375
9	3216	3baf9e92	c_3baf9e9296581ff4dd2083a3716841741e779c04_0.json	792	166.45645141601562
9	868	b6a0d050	c_b6a0d050502fc6fe25030446ec6690fe6dca5ab3_0.json	793	166.44142150878906
9	2398	ba4b2664	c_ba4b26647f9a026860541ca79b3e148c67564baf_0.json	794	166.43728637695312
9	1945	0b954c55	c_0b954c55d91d02491f6a5ba6cacec1f40ae7a908_0.json	795	166.43711853027344
9	2421	4a07f43c	c_4a07f43cc3b9ef4eb12e5d5e07c393ff6128c3e2_0.json	796	166.43136596679688
9	27	c0f9beb4	c_c0f9beb4b02f2dcc7ca9276d8824bb482cb6dede_0.json	797	166.42884826660156
9	2637	a727ba2f	c_a727ba2feea1ac3cb8d2e6c0df97e8b41b219c7a_0.json	798	166.42742919921875
9	2330	4b1ac703	c_4b1ac703d4d46b792c14e7bb39ac9dbb7904d292_0.json	799	166.4265899658203
9	2344	827d5ea9	c_827d5ea979e3982416d7b74fde7ab4f74d4be8e8_0.json	800	166.40550231933594
9	3201	e5dd34ba	c_e5dd34bab7ed5f654f0a04632481d2341f896cce_0.json	801	166.39759826660156
9	1720	a74f9eb2	c_a74f9eb213eefeb43c5eba610c276682cb2e2e64_0.json	802	166.3917236328125
9	2266	210d50cb	c_210d50cb415ba8c3d1406c61ab26d4959b0bedfd_0.json	803	166.39161682128906
9	696	3d0ae263	c_3d0ae263a4de112b06feffbc21caf1b650828ed2_0.json	804	166.382080078125
9	2633	994756b1	c_994756b1a06de64cc418413fe9a7e7507f75ff79_0.json	805	166.3819122314453
9	1890	87430634	c_87430634d19f8f3af1e0019f733afb578c80d669_0.json	806	166.3818817138672
9	2418	2671c941	c_2671c94177fa9529d75cf50f17945ae4e8f8ae50_0.json	807	166.3759307861328
9	2821	91cc42ba	c_91cc42ba0493938aa53585720b315b62c5784a96_0.json	808	166.3750457763672
9	241	d76192f8	c_d76192f88c2751fe5dbb6e1ab5985b27cb213e36_0.json	809	166.3727264404297
9	781	4f57455d	c_4f57455d53f8f7cb2b25aae014ab73237fbd41a3_0.json	810	166.37057495117188
9	2162	afef5eea	c_afef5eea05b8a7395f5ee33726aa2113771215f4_0.json	811	166.36915588378906
9	1810	31a4af22	c_31a4af2240b4f8e534a6aea5c6107b4425953204_0.json	812	166.3505401611328
9	3334	4a5f7204	c_4a5f72049c95483fc8f420227d40d22f7cbdd728_0.json	813	166.34963989257812
9	2600	c24c5659	c_c24c5659fe704e84a3efa4ab9842fb770982280b_0.json	814	166.34262084960938
9	2476	8f334ca2	c_8f334ca27abe7b9bf85ebba8aedcbd00d63a5d6e_0.json	815	166.33401489257812
9	2563	93aea79b	c_93aea79b33a4bed53924b5bfcf55f20f0b7d7097_0.json	816	166.330810546875
9	1865	fb076ae6	c_fb076ae61ce200c343c9d4fac27e4f88d8dfd7a2_0.json	817	166.3228302001953
9	1061	1d143655	c_1d1436557bcb21887d9b352dd0f5f3d3acb71e11_0.json	818	166.31591796875
9	1408	c95eb0b4	c_c95eb0b4feac3d85645ce327d54011c8712e0fd4_0.json	819	166.31436157226562
9	77	edbc5799	c_edbc57991142918547aa64e921408d1883cd670c_0.json	820	166.3131866455078
9	2413	66c4410a	c_66c4410a1b3e819c08db87356105e06134bbf725_0.json	821	166.3026885986328
9	1138	e90541ee	c_e90541ee13c8623b54f66b50fad83b9a72b4bfa5_0.json	822	166.29537963867188
9	871	97e55988	c_97e55988bdb1189df54ad4e32a05c7056bdc126b_0.json	823	166.28709411621094
9	2967	627520bb	c_627520bbb54eaa5803448ac7c573eb05a2368a7f_0.json	824	166.28515625
9	1689	b4899f6d	c_b4899f6d1ab7534c21921cae36f952d8a0cf78d9_0.json	825	166.27157592773438
9	3174	6352c3d6	c_6352c3d688956454ed8a76cb1fb54d44f79f7f71_0.json	826	166.2664794921875
9	674	cc84446e	c_cc84446ec3625d53c2c52934ef243cebe19d9fd6_0.json	827	166.25970458984375
9	3305	c09d5881	c_c09d5881fa0c83112f6337a589043a46865f7fe1_0.json	828	166.25823974609375
9	1899	44e0eeb9	c_44e0eeb921febce70ce592c60f55982ff16eedaf_0.json	829	166.2560577392578
9	2877	bc097a72	c_bc097a723c2fe881a7def4a4dbf2b4bc84ee6853_0.json	830	166.2520751953125
9	95	85e3b01b	c_85e3b01b74cba2f79d179e565da0a957c7b9c0b6_0.json	831	166.25152587890625
9	3283	23beda6e	c_23beda6ef46c374b90d712e801ed71f07d90fed8_0.json	832	166.24948120117188
9	1365	8cc888a8	c_8cc888a8f66dc7132b97745339b64a9f840bf057_0.json	833	166.24752807617188
9	2092	feb43d63	c_feb43d631efa5fef4c842f6ba02e417e555293a2_0.json	834	166.23892211914062
9	2754	10dac9aa	c_10dac9aa2d01f8d8711208f00eb83035437ee542_0.json	835	166.23641967773438
9	473	5da159ca	c_5da159ca5bbe5d377539e78deba46968623e97a1_0.json	836	166.23011779785156
9	1478	a0943be0	c_a0943be0de0b41c646328b38a9a728c39f21002b_0.json	837	166.22401428222656
9	1441	c01ea628	c_c01ea628aa6e1c91a7c92aa3280f0f163389c407_0.json	838	166.22360229492188
9	2779	00933c71	c_00933c7150d041cffabfe1f27907f085d6c66f12_0.json	839	166.22354125976562
9	2972	fd060f70	c_fd060f7039ed2ee8e5015c3df4327a489660570a_0.json	840	166.2172393798828
9	1618	b283304b	c_b283304b93e880d62d15fecfd31b2a37a9407ad5_0.json	841	166.21673583984375
9	2636	dc7c9027	c_dc7c90278bc5495dba318fbb6cf5528cd4326ebf_0.json	842	166.21502685546875
9	2965	4af3b3b6	c_4af3b3b64d95278c6ae4c0e55c7f57452b924086_0.json	843	166.19967651367188
9	1287	c0f3bdae	c_c0f3bdaed8cccc8ca76e8d060e96a657fa0f2476_0.json	844	166.1980438232422
9	2084	87f65fc9	c_87f65fc9cf6c588ac2c97cbda1c096598a511a70_0.json	845	166.1939697265625
9	2431	6de80346	c_6de8034647875ef7ecce49f5ca9cad1a980636c2_0.json	846	166.1924591064453
9	1029	8ce4c00c	c_8ce4c00c1e3570ddd637b3c0fe8c5190912f999f_0.json	847	166.18374633789062
9	557	79bd4b66	c_79bd4b661dc6f26d16b6a701c18f474ab57d9175_0.json	848	166.18055725097656
9	653	24af0f47	c_24af0f4737657c9dd5ea9409c25af6a905bc276d_0.json	849	166.17538452148438
9	281	4456f882	c_4456f88239df225ae680b27a9165fbb3c65f9942_0.json	850	166.17396545410156
9	2478	eaebcf4d	c_eaebcf4d4a88279af128d425797628d4f19765a2_0.json	851	166.17010498046875
9	701	8e34009d	c_8e34009d559e963a3b00cdddab9314aa57bae91c_0.json	852	166.17001342773438
9	2638	4113d09c	c_4113d09cfb81fbaa171559f9c774acf788d99bc0_0.json	853	166.16412353515625
9	1181	e593b633	c_e593b633b05982eb23c7ad6a740d5456532dd612_0.json	854	166.1619110107422
9	3091	f1d54300	c_f1d543004fa07b5fdf66a51f29002e33c9a0443b_0.json	855	166.15684509277344
9	329	adc70eb3	c_adc70eb37887e7036fd8395f489c26175546af45_0.json	856	166.154541015625
9	2566	5bb6b6d5	c_5bb6b6d5ee261f922d1391fd0af05fbeb299b6eb_0.json	857	166.14906311035156
9	3497	146638ad	c_146638add36b741ecd1def8358b0ed5f916a6dca_0.json	858	166.14581298828125
9	2800	814d15af	c_814d15af44642e09a1c37ac66d4f172949abf674_0.json	859	166.1380157470703
9	2010	10c5911f	c_10c5911f14592ff47b2f1614eeb0f171e1a91cfd_0.json	860	166.1371307373047
9	826	5d2fe776	c_5d2fe77630944293eb86a1553e303cc80c05e938_0.json	861	166.13436889648438
9	1548	136132c0	c_136132c0e8a4ac69ad12adf445dd35895784b36f_0.json	862	166.12693786621094
9	308	63c36c4d	c_63c36c4dc2d8598ee28590dd49de2074bc269faf_0.json	863	166.11402893066406
9	2494	59fac3d8	c_59fac3d8c7ab50a6b81efd845fd61bff52c289d1_0.json	864	166.11190795898438
9	1628	31811262	c_31811262d7bffbc68503029ee243b23d2ee2c059_0.json	865	166.1114501953125
9	2169	83ac3087	c_83ac3087ffd2b9dc4ecb68d6b6ebbe7c6e5a6431_0.json	866	166.10983276367188
9	1909	9be0992c	c_9be0992c0d829f45d0473127efdceda3c54a317d_0.json	867	166.10699462890625
9	651	0e29ee4b	c_0e29ee4b25a07f4ed3087eeccc485ecd9448d4cc_0.json	868	166.10597229003906
9	19	0ca5e952	c_0ca5e952c92699c98a7ad0380be7b3c197d3f55c_0.json	869	166.103271484375
9	3298	dbbf5b27	c_dbbf5b27a5a4ef5d1feeefec332d114fb7e91f1b_0.json	870	166.09832763671875
9	227	d05d5282	c_d05d5282b93eec457385b9f1bab8b9f2efa39852_0.json	871	166.096435546875
9	3498	05366a5e	c_05366a5efbe8713df2b887d3c6918c45c07c71b5_0.json	872	166.08837890625
9	3190	e383eb07	c_e383eb077befb16b4ba0617dab427ff3b73128c5_0.json	873	166.08251953125
9	2704	3b687573	c_3b68757304196242071b8b0af824e43ac1b410d9_0.json	874	166.0738067626953
9	1634	279f0803	c_279f08035026ff796976737ef900b4ff4fcce3ea_0.json	875	166.07032775878906
9	3519	7364e7ae	c_7364e7ae70441ec0a1447435d2cbe2754d187836_0.json	876	166.06687927246094
9	2277	9446a683	c_9446a6830049b54a8b7401c8c0598b7761d2b3b9_0.json	877	166.06378173828125
9	453	58798c54	c_58798c54be115919a184dce4b7b9a3e46b6a84e0_0.json	878	166.05557250976562
9	3070	a09394c0	c_a09394c01dd34371a84608bba081daeca1016464_0.json	879	166.04978942871094
9	3332	54d5fb54	c_54d5fb54aa1fb463dc17f2dfbd305dd8ad84335b_0.json	880	166.03709411621094
9	1095	37ef2552	c_37ef2552a2a70791e7cf3ee0ace5afe3a1638f3f_0.json	881	166.0330047607422
9	2247	19502bad	c_19502baded28216a3e0e93343e7d723aa1f9a7b5_0.json	882	166.0272674560547
9	2532	ed772469	c_ed77246964eabaf62b60751398a1f36751395e4a_0.json	883	166.01980590820312
9	1731	70f29147	c_70f29147ed9f8fe3b3d37c742ef126f046325d92_0.json	884	166.01654052734375
9	1402	49240220	c_4924022077e6f6270191e07248e90b43ab3158a1_0.json	885	166.01210021972656
9	157	34bc9a23	c_34bc9a237414013c1d2fc421965ca432c662c20b_0.json	886	166.01182556152344
9	1292	f3d9ac63	c_f3d9ac637dbe56de11f0ea97cde4fd0b83bc8233_0.json	887	166.0115203857422
9	1343	62bed05b	c_62bed05b1491a68d1416392e3e4cb2665f995010_0.json	888	166.0075225830078
9	3516	320475b3	c_320475b3cdc3ea06af3b46b6c0dca20a8c2e6e53_0.json	889	165.9993133544922
9	2467	21cc381a	c_21cc381a5ac77aab6327d1fcf889ba9d998c0a4e_0.json	890	165.99349975585938
9	2594	b370affb	c_b370affbd8904c420f65123d8271f65900ed73c8_0.json	891	165.98544311523438
9	3436	e20f900d	c_e20f900dc27f21dec436c1edf17b179c591055dd_0.json	892	165.98361206054688
9	3647	715bce68	c_715bce682f1469fade8b5160ab6e022a0ca9bcbf_0.json	893	165.98016357421875
9	1357	ca2b746e	c_ca2b746e226170f2c25c8ce944a08cbbffa61142_0.json	894	165.97946166992188
9	508	06117fcd	c_06117fcdf9c186896a42205ca4e10ec8ad2843e9_0.json	895	165.97933959960938
9	2899	00fcbbbd	c_00fcbbbda6b7b53f5162d22ce9df9fe34079c25d_0.json	896	165.9751434326172
9	2649	57e9718c	c_57e9718cb6e277d9e40229a48113fd4484745861_0.json	897	165.97035217285156
9	1701	07d703b2	c_07d703b2c981741c6c74acf447d708acf1d3de98_0.json	898	165.96290588378906
9	2172	909a3155	c_909a315518040c9c7751bcb5e9acd75fc01d5cae_0.json	899	165.9624786376953
9	1015	cde53976	c_cde53976c6157608bd1adbb2a34273152a9bbd10_0.json	900	165.9599609375
9	615	ff69ef1c	c_ff69ef1cc25034ce8fd11838ab4478a7a0b048f1_0.json	901	165.9591064453125
9	2065	81648e8e	c_81648e8ecac4fa6b931be235a918488e70ad43c0_0.json	902	165.95851135253906
9	2805	843f20d9	c_843f20d9f8ede125d080060c9ae51e052dab1e9f_0.json	903	165.95147705078125
9	2918	d051a58b	c_d051a58bdcc1054c8d485f2b60493ec49c3d0c72_0.json	904	165.9485626220703
9	637	06c65837	c_06c6583792c671a1b129a0a8df95927b348f9bb0_0.json	905	165.9456787109375
9	3110	97739c8b	c_97739c8be4559ef9c22213ef8adc121dfeb4bb0b_0.json	906	165.9447021484375
9	1001	415479d7	c_415479d76a52bb1cdd482894e20d91f629e1df8a_0.json	907	165.9381866455078
9	1273	8065360a	c_8065360aafd9b457564c53afad8dd555b3483b3a_0.json	908	165.927001953125
9	2804	5ef7821b	c_5ef7821b1cda166aee88071f7a9356584d167c57_0.json	909	165.92684936523438
9	2796	bab8c177	c_bab8c17720d83dee4e79bc591483fdaf1d29fc95_0.json	910	165.92666625976562
9	3541	44f670df	c_44f670df6d0da3db3d39ef5c8c0f5b551768de49_0.json	911	165.92138671875
9	2619	ff5e6b72	c_ff5e6b723fbd4319c9fe46d4f908139131291c6d_0.json	912	165.9198455810547
9	1693	d81a1dfb	c_d81a1dfb5f1b033506393b4b837b7544118fb706_0.json	913	165.91458129882812
9	2176	6393b4fd	c_6393b4fdb83412026cc950c6f1b1eaa850213e7d_0.json	914	165.9099884033203
9	2977	ba34e0d8	c_ba34e0d8458feac61e561e840e13fa474dc3ada4_0.json	915	165.90122985839844
9	2730	384ccda5	c_384ccda58aeb2c3f825e78fc3fe61bd837940cb3_0.json	916	165.89950561523438
9	1555	dc3d8e68	c_dc3d8e687d1678fc9557bc8ed85104ebaac96c41_0.json	917	165.8951416015625
9	301	86863257	c_8686325727251cd77b77e54adcfba660620488bd_0.json	918	165.88671875
9	17	d275862a	c_d275862aeb58c45429c55f8d444b7ffbc581a308_0.json	919	165.88595581054688
9	3357	67502e7c	c_67502e7c76f184c27e3f70912952e240e7132078_0.json	920	165.88552856445312
9	1024	c95811b0	c_c95811b0a49700c8503e9e7dfc5532f728b4344e_0.json	921	165.8761749267578
9	2415	dea89fc6	c_dea89fc68a7d4bba0ab396c46e046054403710b1_0.json	922	165.86819458007812
9	1105	46b75fa1	c_46b75fa18c316c8e5ad2a288aeaca2684c165429_0.json	923	165.85873413085938
9	980	e37e28a5	c_e37e28a55d8a65a49213afbb0886468cc5eb5a7d_0.json	924	165.8563995361328
9	1019	c52275ef	c_c52275ef9b7dc50d5afda235fc4a835521224c03_0.json	925	165.85446166992188
9	3362	fab7d8ec	c_fab7d8ecc61617c918013a7451bb6f1608dd870b_0.json	926	165.85142517089844
9	1186	f8a9ce8f	c_f8a9ce8fef3fdfde5f08130c0b71f33e1c593e06_0.json	927	165.84776306152344
9	1492	71b31811	c_71b31811964d5dc9387a53235e3f70616944de99_0.json	928	165.84268188476562
9	20	c5b978ce	c_c5b978ce23cde57e215327b391e0cc94a6714a06_0.json	929	165.84262084960938
9	2339	610666ed	c_610666ed70bf875174f9b71bd96ec75937b7238e_0.json	930	165.84251403808594
9	3341	ce9df69d	c_ce9df69d21cab16658506653654a588adab47cf5_0.json	931	165.8374786376953
9	3690	9c5bbab3	c_9c5bbab3f863d053ac5615d8dbac093b0a620c93_0.json	932	165.8365936279297
9	3199	717b56b9	c_717b56b998f0fe37f2a8f6b1468ddc62f3802c4a_0.json	933	165.83349609375
9	2184	7326a39c	c_7326a39c667089dfeb8c53cdc87c0159e0191644_0.json	934	165.83021545410156
9	3006	ac3759ae	c_ac3759aec04b890a0c6c701f7194d5a72da5aa71_0.json	935	165.82546997070312
9	889	02014066	c_02014066495c944c5d4da6a2c160e79ee5ef66b2_0.json	936	165.8229522705078
9	3511	7230691c	c_7230691cd391f89b1d63eed58417167b2d87e40f_0.json	937	165.81907653808594
9	3588	4ceada11	c_4ceada11d2e911f323b852f1f25ccde7b843b223_0.json	938	165.8189239501953
9	3396	e1925c96	c_e1925c967b668ab656acbc044b00b1338a65fce7_0.json	939	165.81431579589844
9	894	3dfb8826	c_3dfb882621a212fd602500f966987c0e344c3b4b_0.json	940	165.80264282226562
9	888	aedc1272	c_aedc1272b6012b36267476bfb2a9ae518f64d7b8_0.json	941	165.80123901367188
9	1272	6c2b6d65	c_6c2b6d6581b5eec4a7cf72ed3efd8c07305267f3_0.json	942	165.79983520507812
9	100	671d5c1d	c_671d5c1d5ecaac8943e16a7e9ba08c710a4d9ef3_0.json	943	165.79978942871094
9	864	7cf0c980	c_7cf0c980d5d814daf187502bc07da0542ed7a828_0.json	944	165.7985076904297
9	3609	5e60c4b2	c_5e60c4b2177847d58d7796062e1809e051218029_0.json	945	165.79302978515625
9	2893	d1c0554a	c_d1c0554a68e8deed374dd561df13ff51b03e6e79_0.json	946	165.7924346923828
9	1781	012b2e98	c_012b2e98493e90800918569bf51123e860578eb2_0.json	947	165.77635192871094
9	3181	58438af3	c_58438af37b713ec5cbb025f95c226afee6ed4bb0_0.json	948	165.76986694335938
9	80	35275845	c_35275845f7d64563a17a7b1e831821059c6d68af_0.json	949	165.76829528808594
9	2188	c11f2191	c_c11f2191d564ab50dbe5bb0aa521a1af3fe65d00_0.json	950	165.7669677734375
9	123	8d0aca99	c_8d0aca99fe6caab0f260343c22e55bece28499ab_0.json	951	165.75608825683594
9	1521	051edd33	c_051edd33e81d09cc10e3970b3ee0b1a62914a0ab_0.json	952	165.7537078857422
9	2861	0b144c23	c_0b144c231967ee5f992930d5b47d2a00f16e129f_0.json	953	165.74888610839844
9	2318	f818507f	c_f818507f05359326f63db464986331bca21c0efe_0.json	954	165.7458038330078
9	1266	a0bbb9a7	c_a0bbb9a7700a7663282d4f830eb10d2b3c66d92f_0.json	955	165.74343872070312
9	1280	921b7233	c_921b72335944cbbdaed6fdaac89882466c36e230_0.json	956	165.74119567871094
9	787	b8a46f66	c_b8a46f6657147be4ddc194c04bcbd5aa00abf23f_0.json	957	165.7382049560547
9	126	d7fff63d	c_d7fff63d95cd9e28bfd31006c89d89e454ec7c53_0.json	958	165.73812866210938
9	3423	9eab03d3	c_9eab03d3554efa9f8c15b8834e830759dceceebc_0.json	959	165.7357177734375
9	2765	e579c212	c_e579c212f733405d698b624c0ffd300f6cc0035d_0.json	960	165.72494506835938
9	2694	15dec724	c_15dec724564070ee06c59996821aa632f6bc00d8_0.json	961	165.72457885742188
9	3222	d4b19986	c_d4b1998616d52e110895adb0d071bfd7124b09f8_0.json	962	165.714599609375
9	67	82074a73	c_82074a733ad19a6e8c3ea15b9556a46d9c597b33_0.json	963	165.71383666992188
9	754	b609686d	c_b609686dc766987d05c9dbaa760387bdc6227334_0.json	964	165.70382690429688
9	3658	d3e0209a	c_d3e0209a49fb413bdb89068af15f4811b730e666_0.json	965	165.70152282714844
9	2152	ac8a7b2a	c_ac8a7b2afd1892f76c4113a495a7dff828641aba_0.json	966	165.7003936767578
9	356	00511f33	c_00511f33807cdbfe2c0904a7634724506b3ef97f_0.json	967	165.697021484375
9	2857	4e026a14	c_4e026a14f3734ad7dc0907f51ba8394874038553_0.json	968	165.6917266845703
9	624	217fd26f	c_217fd26f4aa9c0ed41427a23ee3a5352c4a6820d_0.json	969	165.69097900390625
9	2827	3dcd107b	c_3dcd107b3b4dce367cf31edd094b7e2c9c13e17e_0.json	970	165.6881103515625
9	325	1e1006a4	c_1e1006a4d0e6ff24c91ed8acc442f99ea28e5e38_0.json	971	165.68460083007812
9	3247	f5582b78	c_f5582b78775e8ab86e42dfad07105b94cf7b16d2_0.json	972	165.6841278076172
9	1115	8c8e46f6	c_8c8e46f65c08a168679b39a0b33a4155922bf3e2_0.json	973	165.67930603027344
9	3518	d4c5054c	c_d4c5054c6b4d667c7273e642e4a7f21f95c06d76_0.json	974	165.6787109375
9	3703	79e3caaf	c_79e3caaf318c9e34cfad607885ab8b02c7b442e7_0.json	975	165.67160034179688
9	434	f498cdfc	c_f498cdfcb442facecddefc9eaa9f21322e3f9565_0.json	976	165.66397094726562
9	2029	533e5bbc	c_533e5bbc6fb5ae22006b4d5d1208e7a79b1811a0_0.json	977	165.66256713867188
9	3138	2464bb22	c_2464bb227c15c88586c70b2ce4513038ae6ebb70_0.json	978	165.66151428222656
9	1994	97d623a0	c_97d623a094d6d0415282016a6ebaf49d6d147c29_0.json	979	165.65957641601562
9	892	034b1d68	c_034b1d68bd181fe876ae2106c428a80ee274a59d_0.json	980	165.65911865234375
9	2677	29f1feab	c_29f1feab3b90980a3a73ad8593bb395632f9e2d6_0.json	981	165.65660095214844
9	2606	a66879e0	c_a66879e098a74fe60057a6e6f1d1bb7d137c0d19_0.json	982	165.65562438964844
9	1729	a226f3cc	c_a226f3cc0c71c84891e6e1427410590fbbe4416f_0.json	983	165.65512084960938
9	2648	7f56c469	c_7f56c46989174fe8e7ba35df25faf8715f21b890_0.json	984	165.65415954589844
9	111	9cf28b01	c_9cf28b0197259a4884a7df51cf9f17611e7c24a6_0.json	985	165.65170288085938
9	2290	305cd956	c_305cd956104b20c7b37e13c98527b72c59910799_0.json	986	165.64942932128906
9	1348	c92a3d9e	c_c92a3d9eee0701aae4e62d6678815c0eb03f5a11_0.json	987	165.64874267578125
9	2276	fc55e295	c_fc55e2950090b84be6125cb4b6296364d97d5500_0.json	988	165.64845275878906
9	1265	2246f3bf	c_2246f3bf10c143eac9d2509fe88f7a78a0cdb583_0.json	989	165.64700317382812
9	2093	fb84d9ca	c_fb84d9ca198c41cc85d71d0be7540881362fae47_0.json	990	165.64657592773438
9	3526	fd1ccacd	c_fd1ccacd097b6818fdf37dfec5ab1727ec0662fe_0.json	991	165.64256286621094
9	2260	b00700c7	c_b00700c7fb5be634207941ac73dbf44f8ae01314_0.json	992	165.6416778564453
9	215	1e25d303	c_1e25d303fef1851347459b7f3cd8aa67104a4bb1_0.json	993	165.6298370361328
9	1274	fe9c3b87	c_fe9c3b879f183f192cf00e2cc33fa3e39464bef7_0.json	994	165.628173828125
9	2447	e92310e1	c_e92310e1cb0862d8a529952fb02c34a1fa6f931f_0.json	995	165.627197265625
9	1004	b551cacc	c_b551cacc3db5a6d659d9e92911eb602163306deb_0.json	996	165.626708984375
9	1671	a2711c18	c_a2711c189d9754c22e3aba2de1c6c125e52626aa_0.json	997	165.6165771484375
9	3065	5aa7ce72	c_5aa7ce72fa3214561ac7919cc87dcc602fa97a40_0.json	998	165.61512756347656
9	3316	33201599	c_33201599dd578318ce0b87b1cd15c29a7d046097_0.json	999	165.60812377929688
9	1896	6cca072b	c_6cca072b5c9c5e2e2e0c6f208ce874e03993ed1f_0.json	1000	165.60568237304688
