83d03ec,c_83d03ec5c8b7c49896841a9386bec0f75d2697a5_0.json,1,0.15474299367173694
d3ea99b,c_d3ea99b128b93c56de84fac2df9268be44982f95_0.json,2,0.12821981840974672
22ee97f,c_22ee97fbe1d243556c446cc09b6440afaf1d41a0_0.json,3,0.12206338516885773
57c9d6f,c_57c9d6f69a8050489f135dbbae4befc22cd8c19d_0.json,4,0.11964928478840964
6a94702,c_6a94702f5cf769973528adc8b3dc3e9cf56277c8_0.json,5,0.11937131511957877
9d1e18e,c_9d1e18e87a41f2a610ed70f3a1d57abbce7a1cd7_0.json,6,0.11754117504598549
fe33d64,c_fe33d64a3934a7beba60ce5b04f34a5018394101_0.json,7,0.1152228163027933
e5d3e5e,c_e5d3e5e012871b87d2f2a59985bc6522bb571ee2_0.json,8,0.11019518208221413
16a7379,c_16a737906f310af8b41f355b0e6c71f6bbc7c423_0.json,9,0.1085418160932734
04789cb,c_04789cb2f4e8758ae6979ce4a23c4b38065756b0_0.json,10,0.10744215539244295
05fe81c,c_05fe81c5a80d09316f95d1aa1ccbd7820f9cd6a8_0.json,11,0.10736992960213199
7a1286e,c_7a1286edcf9328ad70b0afddd552a62d93aad1be_0.json,12,0.10667619980378562
7437e9b,c_7437e9b626c812301e3fe9449e4ee71506da9efb_0.json,13,0.10408755952219173
79b90b8,c_79b90b86cdc69370c4c87685173088f488382751_0.json,14,0.09700628904478459
ad32e17,c_ad32e173b7c78f48ff85324dc310fa5b5888e2aa_0.json,15,0.09675680296779632
2ea78e7,c_2ea78e73e6ace693e18d535560606dfd49c3f9bc_0.json,16,0.09549090587495668
1146205,c_114620510958121ebec3dd8d037d70571fb7da20_0.json,17,0.09516339502434734
b88400c,c_b88400ce0e9c1a0dadfd3417c256b02a82f38fe1_0.json,18,0.09449512294435347
6fcb008,c_6fcb0080b198186d44552a5996ed81c3aa4a04f8_0.json,19,0.09138129678397588
524c758,c_524c758183be741ff1519acfa8a4bf714dd2c4cd_0.json,20,0.09011833990944051
747f250,c_747f2504d98e2d37c933ead6e40a0a1a1e36d6af_0.json,21,0.08985712179576255
9390e78,c_9390e7889e85aca41bdf98fb38a19bd69f6fdb87_0.json,22,0.08968933116295397
b70007d,c_b70007d6defc94c6361ccf93fc20cff7c02345d5_0.json,23,0.08670577350103148
8ba5e1f,c_8ba5e1f86eaf3c31b9279f92823b4fa2a50574a3_0.json,24,0.08479650819608964
4437166,c_44371669df4c40906571af947e9f2977be89be19_0.json,25,0.08448015427342637
80fe41f,c_80fe41fd0173c3eaa56f4abb783031966ea89cef_0.json,26,0.08445797276854639
0c3fdb9,c_0c3fdb92840718de9f9da085b818efb419cfb927_0.json,27,0.08429455631296245
e33e925,c_e33e925eea3a8e4de958864e531e1adc4da62e18_0.json,28,0.08424256257369778
f322be0,c_f322be0e576d5e2114cb59c0a6537197997b9c59_0.json,29,0.08359329941236293
fe58a5d,c_fe58a5d1750bab2c5d1d0ef16102c1000e761bd8_0.json,30,0.08213609257728949
2f8852d,c_2f8852d6fe2ba025215b2ab36b2379870d34bee0_0.json,31,0.08158321650816536
847b296,c_847b296c23a63aa0a0b38cc3e63883e1688288e3_0.json,32,0.08134729614921699
e829daf,c_e829dafb9b3365bda6b6bb80f5fa97783752d143_0.json,33,0.08131162931008107
4d09ce4,c_4d09ce45270187fa65a891e56081960a0ae449e5_0.json,34,0.08093141932034387
d1459d8,c_d1459d88d5a1b3e79724b2302e8e5a537e150532_0.json,35,0.08080737241508928
279196b,c_279196b617c5de1ade21110979b6b13d8eda6342_0.json,36,0.08070462779139376
35d56dd,c_35d56dd1fadec0ed50797d222de4e05f78bbf1c9_0.json,37,0.08047853486157341
170b23f,c_170b23fa89cdcc38411fc29ec4453935e0903b16_0.json,38,0.08039560647181798
f0e3cbc,c_f0e3cbc250fd9536ff92119bdf5e1a62120a7fac_0.json,39,0.08026076161791884
cd40201,c_cd40201a2437da125ac492b21f13c8ad200b96bd_0.json,40,0.08017735821577177
8bf67e6,c_8bf67e65c7ee2a202ac2dbf252727ae656642350_0.json,41,0.08003536522511434
2da5195,c_2da5195a7bb7a6dfdd3cd85b813ba26682ee2b96_0.json,42,0.07868687568457255
c197158,c_c1971584101865a747d5d1e25ef0c0193135957f_0.json,43,0.07813178754440975
449fdd3,c_449fdd3c1163cf42d9caa4e7382e37f20f2ca6ac_0.json,44,0.07744399219733755
64857ce,c_64857ce3eaa6d9ab630a509ec16cb2bc6360633b_0.json,45,0.07716290791690394
5414029,c_541402929a600a95bf099513908b4efd8b0e1c5b_0.json,46,0.07676692936917995
cc4824c,c_cc4824cb0e1ebc3f4fc6a8fe78f90e6bd8db6c0c_0.json,47,0.07626723969215166
848ace8,c_848ace840362a1f5558bec065cb40548ff66587a_0.json,48,0.0762612615083138
ec8f3c1,c_ec8f3c1ea3de563d6ed6ce7af198701f46aea338_0.json,49,0.07544077113564696
25829b0,c_25829b0395164533782d608399096803321225a7_0.json,50,0.07517227073932242
fe722dd,c_fe722ddeb545b6b3103369dea073ad3e6becde28_0.json,51,0.07501136081268123
f0362b1,c_f0362b1ab1ae1339e017b1d04f016980e3fa6cb6_0.json,52,0.07475211647953095
301ed5b,c_301ed5b03eb52debdc9b87929a45880eb2faf1fe_0.json,53,0.07445800378010115
05b7dcd,c_05b7dcdd4c4b017038586d582e8eebc4096a5619_0.json,54,0.07350246928913251
2acd6c1,c_2acd6c1986e36bfdbae85c09eb83ac1940b86c73_0.json,55,0.07312490155524254
053636c,c_053636cbd1a8fb97e55b4f82bc4b5bee8beaf47e_0.json,56,0.07286109810938135
f136b35,c_f136b358d247b27f2cb1b266d65c72f7c5af7bad_0.json,57,0.07227072256153944
07f6f61,c_07f6f61221e1d0f4540c0fe7958b4cbe2d3d718c_0.json,58,0.07225234062751851
6a4bafe,c_6a4bafed443e5365d8580ac18af603e7d250fe2d_0.json,59,0.07074309471698781
de13c33,c_de13c3313c05f4449c50c560324389d6905a214d_0.json,60,0.07073777874745846
0c8a0c5,c_0c8a0c53b2124d05b017a63bdbc720a57c89ead2_0.json,61,0.07062437515613273
f957970,c_f95797059bdc7b6c4cfc4960081f0773ec85bbf8_0.json,62,0.07032135568146325
e3bcc1c,c_e3bcc1c6e7ce7e9bfc3098cd5bf57774049f5baa_0.json,63,0.07006037598072112
c764a46,c_c764a46abf211d4677fadc33f7d466e5b14fa088_0.json,64,0.07004460503645105
9f8345a,c_9f8345afa4e5eaa24e3ff6a84d16691764698799_0.json,65,0.06980944787323984
aedd525,c_aedd5254f75c8347a69b7b22f7dad876c1c1422f_0.json,66,0.06980342499736847
a1c49b1,c_a1c49b11a34f950da65cd7288ee9a0d0c3bf0b86_0.json,67,0.06977499732378067
c2d3c87,c_c2d3c87f726630f66cbae09614853f660616eb16_0.json,68,0.06913899357154762
8a76da2,c_8a76da206034045c555297e5069eb273d05fc6fb_0.json,69,0.06885901364348701
1c2f958,c_1c2f9589453a5269f45adefed4f38b1b8253d235_0.json,70,0.06883510976860563
ff29818,c_ff29818af0528bd4a3ab0ebe840d041f2be37204_0.json,71,0.06881559452395947
928d665,c_928d6655b9fb5183cb8058ef3c4c3da6ecabf1ba_0.json,72,0.068236777472374
0304556,c_03045566981aa5e354f87b4312ee7236c79c48f9_0.json,73,0.06821534250134198
938f48a,c_938f48a60c544f6b7bdb5d49006f654a51ca9a22_0.json,74,0.06783819123760126
0a40e66,c_0a40e6661cd197e1cd0d3a3bccaa4c5313df8514_0.json,75,0.06772730515222125
f39bbdd,c_f39bbdd39c9ec2136f0a58a677bd2fdae77075a2_0.json,76,0.06769826307412041
ad75740,c_ad757409572dcd9f8c47a37aa6af9b2cc42d2fa9_0.json,77,0.06703421849119007
c628a5a,c_c628a5ada8e8e78fe54dc110fab2873c965e0e7b_0.json,78,0.06692609764246338
28e179c,c_28e179cd72aa4a20155767563b2572424a8b1e56_0.json,79,0.06691378200502918
4fe0dd2,c_4fe0dd22b4462cbd3943f3a8d77db8136ff4d9b7_0.json,80,0.06665926853757931
7a16312,c_7a163123aab9bb90dca2b14fb98f1c859bbadb18_0.json,81,0.0664634884162163
b2c12cd,c_b2c12cd9f4284d58450d1a487e29d6b6a065105e_0.json,82,0.06612220337301833
107c16a,c_107c16a3f88f04b8f128aa4f50ca5e5bd02b65f8_0.json,83,0.06609881918516236
a453c7f,c_a453c7f22fb5820664f49b5ddfbeefaa2bd5ec87_0.json,84,0.06607956711355101
9147da9,c_9147da9979fb00599efd700fa5e0cccfa93d25a5_0.json,85,0.06489865185091959
04f3807,c_04f380716cd2403ae87e2b0880a56369aa0c6c33_0.json,86,0.06483387537432939
55e1258,c_55e1258ec9f491ad2f7e4d47c7e581c687c82d0c_0.json,87,0.06464821121543418
1c5d620,c_1c5d6203ab1152a6dee19149fdca2ecd1d8f585f_0.json,88,0.06463070397979342
484b616,c_484b6166dc0254864b8fff0c7b29137ed7954828_0.json,89,0.06439779817539848
c9e8972,c_c9e89727dc8063d087d28e42629606f4fd74a6e5_0.json,90,0.0640145166158681
5bde370,c_5bde370c377946671edd3408878413d236399944_0.json,91,0.06398291777926235
9d9957f,c_9d9957fdd23ff13d187d4b8832d580bf8622baf6_0.json,92,0.06385050223228617
6e3eb4f,c_6e3eb4f7619179ba6c23db2af7549ef02f588c35_0.json,93,0.0635935988642865
9f19220,c_9f19220fbd022e8fbcee16d117564d5412e4ffa7_0.json,94,0.06330036741741174
82a9956,c_82a9956c6337d2f5d4a94ebe624d64faa54d9182_0.json,95,0.06329250777150164
3fc8aba,c_3fc8aba7ea7489001365f5beaaa3492418751e94_0.json,96,0.0632608235020925
40e45bb,c_40e45bb4017ba81769e97537ba443ec4ae34cd10_0.json,97,0.06302494212445864
2f5cb16,c_2f5cb1622371de540fe20dcbe0411651ec89f952_0.json,98,0.06295575572061718
6d374c3,c_6d374c3ee4c9c2651ffb44048924e127fd2bf37c_0.json,99,0.06288230035190745
83f6917,c_83f6917e503ec7b32570af9e986ad749042d9dcf_0.json,100,0.06270633224268674
36a890d,c_36a890d0dd7911a5a1b8e1682435945972a05cdc_0.json,101,0.0627018598853547
8f8b3c3,c_8f8b3c307e05b9cb8071bd4cb4dad0036f9e4623_0.json,102,0.062375005436432485
465282f,c_465282f1ca28a208b06c47b55fd292d4631c55da_0.json,103,0.06207440874956649
260f0ff,c_260f0ffc9243ef15bd17e324c9cf7e2dfac9cc6a_0.json,104,0.0620444300652665
5885b9b,c_5885b9b72a64533fb2bd6f05d66c65b58c7d3b45_0.json,105,0.06194691597233781
b7b201a,c_b7b201a08e330c9638f52f5dfe824e426a34f2c5_0.json,106,0.061880315035783395
1771d20,c_1771d2005a441cb87df2a488069f265bd71ed9ee_0.json,107,0.061699431692123885
534a679,c_534a679e3d87d480b14aba1884e26439b0d1e288_0.json,108,0.06146586987424185
1b47250,c_1b4725062822b9f3fbad02fb5d4f64fdb6ca1096_0.json,109,0.06146278850261799
84cc81e,c_84cc81ec00e4d678de70dc1b2702fe7e059165e8_0.json,110,0.06122587884093156
83e4a97,c_83e4a9768aadbdfb0481a0aa44157b4dc80189d2_0.json,111,0.06107360589470301
f80152e,c_f80152eb5a2de72e8336b26e0e78b9e6baae37d2_0.json,112,0.061029352557790184
cd97775,c_cd9777586aa21be337ebcc6f20de6301c66c780f_0.json,113,0.060823762899270384
3137ff7,c_3137ff7d3272b649aebf80c101274dc3c18af5b8_0.json,114,0.06031766117934023
e185090,c_e185090c145950cc1eaba599e9f64bc305dec4c7_0.json,115,0.060171563741434175
dff6e01,c_dff6e0114f19c20aeb63393d67aa0880ff5745b5_0.json,116,0.060160639949934924
eb5eae4,c_eb5eae4438f49ffddd3c8be1413eeb9e7ecfb311_0.json,117,0.05995440144831499
591db20,c_591db202990a8db33126db73b09b6867c9233c13_0.json,118,0.0599268845668548
140d131,c_140d131abbce3e1457066626398126f46ddaaf6b_0.json,119,0.05992414534521773
4385971,c_43859717972907dd1ecebd8dca6e05036386e28b_0.json,120,0.059914032947644635
895c07d,c_895c07db0f9e0212aed6cac3476c7f97ef948402_0.json,121,0.05989217940355729
8e0ba4e,c_8e0ba4ed8fa6d97f698d59d24a26a1ac96b888ff_0.json,122,0.05961849680858633
d5b11f8,c_d5b11f8918aaac365ce173dd9e6edadc687fb4b5_0.json,123,0.0593322697822114
cb7f2a3,c_cb7f2a3260cdd2341721fe3ed0db910ad96b0763_0.json,124,0.059263371138166376
9de5e9b,c_9de5e9b4671773bb3f2d5932e57c1b4186b9b777_0.json,125,0.05885233898666087
efe3e7f,c_efe3e7ff6349539bae7e2c36dc627129e268de30_0.json,126,0.05876487942668518
1004aa6,c_1004aa6826a19fcb9e6a33b029b492a100fa081b_0.json,127,0.05859001852618795
ccbbcbf,c_ccbbcbf71b1cb8771c9cdad1d28b367ce6ea0da2_0.json,128,0.05818849694068795
513d04b,c_513d04bd0b3be2cf6dbf6748ed28414af4d071ad_0.json,129,0.0579479771129261
d6227f7,c_d6227f739b8380f74663b2f536ed4a9649fd0841_0.json,130,0.05792909597435736
b4801b2,c_b4801b28ceea8db0f63da7440d6769cb9b7cce8a_0.json,131,0.05790527467385731
e8eafe7,c_e8eafe7acfd53e5385e4f31692c4db67c3777185_0.json,132,0.057471730473148464
6d00ac1,c_6d00ac1a68612aade8a19d7ecc9b180f00ae5234_0.json,133,0.05735235320101073
5da32cb,c_5da32cba7b68d69acfc535f57f21d652475d256f_0.json,134,0.05712113725933432
98d279b,c_98d279bce83ddb2dca499be4bc365939f809a923_0.json,135,0.056897964938803725
ae2eb35,c_ae2eb35cc611443ce1e440c2006bbe52f8191b4c_0.json,136,0.05678184120889063
a2f9d4f,c_a2f9d4f043be0fac4d868061fbc5d088ed31823b_0.json,137,0.056186217773875335
c080c66,c_c080c668a4ccd9eb151cbb4f90980ddbbfbaba44_0.json,138,0.05605388802442157
c698f56,c_c698f56dd397f1e373d9e1d7d977223d04068301_0.json,139,0.055618358906003196
c0face2,c_c0face2a48665e46f4829f54ee24cfa4cf8d4589_0.json,140,0.05521577005388778
660e7b5,c_660e7b525f76cd64d10ccc8724a1b0e0c501d1d9_0.json,141,0.05516577154048574
592b16b,c_592b16b06a1574bce647975c5f1cc24354b814a4_0.json,142,0.05510666148168453
2b8ec0e,c_2b8ec0e5d81f5e765020faa3a74712eed54db311_0.json,143,0.05508597874932131
64bdecd,c_64bdecd712848ec35f1f43d6ad09291b9d8d2bfb_0.json,144,0.05504268741474183
bea4e62,c_bea4e626a55e934ee9a81897069d4a05414c9c57_0.json,145,0.05488140575607703
de6bda7,c_de6bda7da621841ee37e8a92399a9e7f0088dbf2_0.json,146,0.054637899454633154
4cede4f,c_4cede4f156740b7ce93d92d824066e9a42257541_0.json,147,0.054456575263698515
45be5ea,c_45be5ea3b6534eb6c34fd0c160cf0b62ba65ca5c_0.json,148,0.054159295240184036
f5e4765,c_f5e47651fbc4b9537af6e15c192ab50a888c6b61_0.json,149,0.05401997274464143
08fc255,c_08fc2551ca3c811a02407d593b6ae39d2439a88c_0.json,150,0.05377513444027637
f70742f,c_f70742f8dfc04485dbb2cbaffda0311859265a5a_0.json,151,0.05373254248682868
95aaad5,c_95aaad5c7ee47e5f33627be4cfb4bf04652358fc_0.json,152,0.053692010341969576
d6f8f60,c_d6f8f606688b2a3d1901a3006b0430a306f2d0f1_0.json,153,0.05359098180459465
4b06573,c_4b065734d8afb5ab0d241ee5da22af0fa9d75ec3_0.json,154,0.05348303500293161
8451502,c_8451502c6aa7358b50f751cba552108f5bf0d939_0.json,155,0.05345544276752834
c41e5b1,c_c41e5b19af044fd2d5f9e835addece71c3548edb_0.json,156,0.05331800587410207
0593df4,c_0593df4f98c349d98fd00595966477494a0bcd29_0.json,157,0.05323206652269763
c5ac973,c_c5ac973f85c2f9db420490c3982a98c45b8b7f55_0.json,158,0.05271961591411323
b67116e,c_b67116eec83f769036f7354eb0270141edc8e5fa_0.json,159,0.052698456459038256
77b7c78,c_77b7c78d4aeeb6471f2f668a06c0f61a68f95ccd_0.json,160,0.052696120624731724
d964d23,c_d964d232de65db2370c06ce04de9865a3b2c8c9f_0.json,161,0.052524209683645906
1668b77,c_1668b7774dd529234defd8c19cf6d20a1673b582_0.json,162,0.05248585312266574
aa12315,c_aa12315634b30a5233d2705febc6f10bab576993_0.json,163,0.05237071818435368
d5e2ff0,c_d5e2ff0785050ac532fcae42f4396b52313af0c4_0.json,164,0.05233055874963677
35b886a,c_35b886aab738f7c117c889725d65964a9d179a5d_0.json,165,0.05207049193674751
52666da,c_52666da81761e9652993fd8e7e375ad456408419_0.json,166,0.0520686250714576
9925370,c_9925370292834ea846727f1f9db76af0d40261df_0.json,167,0.05182091344687756
0912109,c_09121090dd6be70970b34b5fc0afca5c11c6391c_0.json,168,0.05177312429780645
6ee4f24,c_6ee4f24898632726e63ade4b42636b18e1df6aa7_0.json,169,0.05176974454354655
58c3e4c,c_58c3e4ce1d17ec619bcc4964bdeebc676f93567d_0.json,170,0.05176699448495525
ac9fde2,c_ac9fde2263db9e1216a8d4c9a7aa7b3026a6bd8d_0.json,171,0.051431116642703834
1369e98,c_1369e98d3d3b130b4677959b570b00ecbcb85cc3_0.json,172,0.05112873111375782
aafd378,c_aafd3788df73bd0d21c9411014a7cbda0a5bbd17_0.json,173,0.05110242317668967
a4a3b0e,c_a4a3b0ec39dcb5ff6a05c00477235deba672d281_0.json,174,0.051024804431203385
027f494,c_027f4949c97913eac7dc4ba2402ceaf66246685e_0.json,175,0.050892693888440976
4434b45,c_4434b45f18d2e74ec809a9bbeb67571b604ce6d0_0.json,176,0.05085936638248112
71a9ef6,c_71a9ef6258d01b0e05820209be0035fab11a8d3a_0.json,177,0.050765408864620776
00c6b6e,c_00c6b6e0f0798db704b3e5fc4a0547bd90e55289_0.json,178,0.05060385202528961
7d6ca28,c_7d6ca28dda13c58829bb7b07cceab46dbe7a1510_0.json,179,0.050574475984109135
01f3b98,c_01f3b9808f2f969a10828966a7e8f1399750a1dc_0.json,180,0.05056560744311955
b6028fa,c_b6028fa67a8a8c0d8560b47297163f91ca8e34f7_0.json,181,0.05054824912117306
58d95f7,c_58d95f78d02133da8424319302d28e827a0786e2_0.json,182,0.050531604963495624
5592f80,c_5592f80e96e7fe3b7751c441efdd8eba6ccfc4ba_0.json,183,0.05009086060579726
0b9488d,c_0b9488d9734c0021829f26f334b594de1a1d8e42_0.json,184,0.050068705473709785
d5bf6b4,c_d5bf6b425c5d52b28136afc9770876139b34acd7_0.json,185,0.04989034137871684
8633ed0,c_8633ed0c3fc01692fb1ee3c90a2da757f23c765a_0.json,186,0.04965583053087008
b347ce3,c_b347ce3a71e23a4ab92dc0a6c07d43e2f497c953_0.json,187,0.04957014322129938
b29d4a8,c_b29d4a8bc7138f9216930edfebed29d42f0dca89_0.json,188,0.049482895734107135
45f2bdf,c_45f2bdf91ad3c2f2ac901c72efe9e26148b08d2b_0.json,189,0.049467274447773435
4ccc7f3,c_4ccc7f3359019b0217393b0b22edca2e598b5597_0.json,190,0.049369011409831964
b1ffe42,c_b1ffe42efdaaf0266b4ba10e05de124a885cf979_0.json,191,0.04930679718014752
d1f2538,c_d1f25380b5d74c5303533491e36ae4b33a50e2da_0.json,192,0.04927930134574343
b30eb41,c_b30eb41c34d380c0f5ab6d98bff95dc437179a52_0.json,193,0.049238358794239656
760bded,c_760bded3242093d86611a82e81fdca302a1487f1_0.json,194,0.04911835733029857
a3ed6ca,c_a3ed6caf81e25d0cff2f84ba7f7dd80dab9e8086_0.json,195,0.049052871379944074
6a30daa,c_6a30daa5450a77c66a704bc11a78d12b5e7eee31_0.json,196,0.04872406127465767
f7013a9,c_f7013a96d57fd9f69cbc60e54010d2da34f68a4e_0.json,197,0.04863025399870946
f78e933,c_f78e933dbc678936ed5fcf453ab3c80b87d1e59d_0.json,198,0.04856758724039478
1729698,c_17296982d8892d972412352289c307a4d60d2c50_0.json,199,0.04844619527983429
d7e85b0,c_d7e85b0997ebb3d920c977de7a4a3f8ede5ba2d8_0.json,200,0.048418884051925515
c669a68,c_c669a68d9206402f0779338261351907bae9c26e_0.json,201,0.04838165729473087
a6ca7c1,c_a6ca7c196cb8f9bcddefd038d80217c3de486e4e_0.json,202,0.04832485805740516
369282d,c_369282db85567f1bf2c9635d0c0043d47f114814_0.json,203,0.048175070519441476
1c92a54,c_1c92a5447451e3d6e663d4bf508237a6eaeccf90_0.json,204,0.04799381613537046
cd17f34,c_cd17f34a2da15b08b169cf06e72a4a209cbd6e0c_0.json,205,0.04798104306681539
817b76b,c_817b76b372d0f071dc1965b47e8134c0e3511f91_0.json,206,0.04793195097945324
a9757e8,c_a9757e8c7d85f9ee9622b3e5352955ba3429733d_0.json,207,0.047754406813111494
7093341,c_7093341a5107e6afd7fb0145aa6e07991091047b_0.json,208,0.04771534198379945
44e5994,c_44e59948342527c9d8ffc6f2b01d86af72aaef54_0.json,209,0.04760241643104801
5b4d241,c_5b4d241bf1caf69e32bb55bc076ed70ce5cb3d4e_0.json,210,0.04723844846702019
91d0d35,c_91d0d35fba40aac9316db9e2f8aa94cd3a3b6c2e_0.json,211,0.04720406238294328
12e777c,c_12e777cea2b7a6e50792d6f07475a0c4bc4a6c72_0.json,212,0.04717934194575446
4755483,c_475548341c38755063c8475379745ba31caffe41_0.json,213,0.04706670963616222
a70a7c5,c_a70a7c599e53a7752cf4b9e6e82b4408c3c4c04b_0.json,214,0.04704922025805869
52ee613,c_52ee613aac16221a15fa8ba3b9bbc14b56ce8fb7_0.json,215,0.047006191152893395
171a223,c_171a223035d6017f0889b1b302bb1851e1ac3662_0.json,216,0.04679110202263892
6f2539a,c_6f2539acd3c37bd7f0d031b43364f75a5cd6d5f7_0.json,217,0.04672570785776564
4c6e103,c_4c6e1039b80859f17de5f3cbcfeba61ed8ea0485_0.json,218,0.04635635007702055
a455a43,c_a455a437d82e4945330499cb7925fc767a4db046_0.json,219,0.04634071845143939
3c3abc4,c_3c3abc459ce1f720fee690dc8398b03701263c38_0.json,220,0.04628763683732451
5b3bc3f,c_5b3bc3fa01328cdbbde6b865c4d3ff7562bc9d6f_0.json,221,0.046189954138023404
07663b6,c_07663b6946caa097ad92b5375e333936351e3256_0.json,222,0.046163015481523684
66485d3,c_66485d3df654fa92b7500d5e15b58300677edca3_0.json,223,0.04616202997784913
d24a652,c_d24a652c89b3798648fade2401b741eae981d535_0.json,224,0.04612856799627596
ff22c95,c_ff22c95f50a9ba027076d68d610673f5ee423e7c_0.json,225,0.04612057691284688
d381212,c_d38121222cc7c1d5e8dd2c34dcea4c2dc7468450_0.json,226,0.046095110342718404
f660799,c_f6607996d6d3bd6820ce3848d147991b27600a12_0.json,227,0.04603044164876435
45e90a3,c_45e90a3d390335fe246b8d3f1868a74e1663b607_0.json,228,0.046028164123732895
c684806,c_c6848064f7a5f696e34b6054ea6cc75b13eb9acc_0.json,229,0.0460024231396553
9b04e62,c_9b04e62d89c89cfa636ae803e210ddbeb007a626_0.json,230,0.0458700794354161
3faef1d,c_3faef1d4959a55ebd86a09cd5395afb54ab5ec25_0.json,231,0.045869167641734654
5f09a76,c_5f09a76531fb4f6e182238411017e6fc7e74ad16_0.json,232,0.0458556795786671
063290b,c_063290b4d9e449ef7a2c566f18d89227c6f0a5f6_0.json,233,0.04584497126053377
ebb59a9,c_ebb59a97610015bc41bda7f458dd1428a3a3e335_0.json,234,0.045769258943148095
69d9533,c_69d9533d7d152a8aa8e401d567131fe7da25013d_0.json,235,0.045757641252625936
ad3247e,c_ad3247e8d1c85ece25cfb054a5d7fd106b4d8ec9_0.json,236,0.045712327104145745
ce838ee,c_ce838eec1b2f13856ddf664c5393b8486f47347c_0.json,237,0.04513950290430513
6a2378d,c_6a2378d43d1f06344f6418388d45c66fe3466a07_0.json,238,0.04508461198374958
71a6f60,c_71a6f6049d9359ea047adafc2a77e4dfb1398f41_0.json,239,0.044886197258891314
a486b83,c_a486b8345202c35efe3a2b63f16259e1933c359c_0.json,240,0.04463391541878903
8aa879a,c_8aa879a4eeb18cfc8d13e6c843a32b7f41ccd516_0.json,241,0.04463026059933739
f9d8ba4,c_f9d8ba4dffcd00329d5197aba72d1b7403e1d4c4_0.json,242,0.04426308335885143
c722073,c_c722073c9544792e02d8a101ae317869430180a5_0.json,243,0.04409276124741823
75aa5f6,c_75aa5f653b08995428743f6951a99ad101e73e37_0.json,244,0.04393554087003704
f1a08e4,c_f1a08e4f38ace8c387085a7e7e2f52adaa9d88ca_0.json,245,0.04388060274148209
0635582,c_063558234d35b8c29b4bfcab475277c8e6360e51_0.json,246,0.043876183471573516
113a08f,c_113a08f59e8116fb11a7d4ceb11d5bb09b74ac3c_0.json,247,0.04373445203778692
4672a1a,c_4672a1aca15e6d5c3e7c2e00e31767f3c8327335_0.json,248,0.043712511922118
5254fe6,c_5254fe6ac0ef2363d760430c39788aceaed3f5af_0.json,249,0.04340750420671147
6afe53c,c_6afe53cb82f87071567808d816dea524a74ae3ab_0.json,250,0.04329022311767694
fe64e87,c_fe64e87cccd2c38524c0b36c49beb4c988d1453a_0.json,251,0.04328594759750426
1c75a54,c_1c75a5484b515bd593295fbf0c8491e2dd1f1c45_0.json,252,0.04322126825376671
8832cf0,c_8832cf02d37e6750006a7fbb7d979d36ea366925_0.json,253,0.04306784525028928
21a2103,c_21a2103d7fa5664ea324ef9ee25b4a8922e50955_0.json,254,0.043008973900398595
66527dd,c_66527dd399f7142edc491037b4488b158073ae55_0.json,255,0.042941275919876065
3c4504a,c_3c4504a78a84e4715439cddb4028c25be2ce308f_0.json,256,0.04292884082286197
e578606,c_e578606c74bd8a24d0cabcb64f9ea1e950003af1_0.json,257,0.042885930492521984
b549eca,c_b549eca779808ff17559775a294dd3fd3d9bc382_0.json,258,0.0428541479613197
2bc4e29,c_2bc4e294e28b2cd78e92feafa497261d524bae23_0.json,259,0.04276528128420398
222eafd,c_222eafd303155b3eac5cd244584b2cb3c4c11975_0.json,260,0.042706658981509826
4581182,c_458118289064379bc22acfc7fd991686a4b062f1_0.json,261,0.042681894999457404
c165df9,c_c165df989529cc8eaf9b9100595b86b219a9c5de_0.json,262,0.042461587016115354
c00a33b,c_c00a33b88d00f3b28787da26e3bb65ae2c1f4893_0.json,263,0.042395747049960186
86caf52,c_86caf52b53f53d8b83e9c1092f4b15ddeb6ca5bb_0.json,264,0.04216111573043402
74a817b,c_74a817bbf5256d671036356c58096f612535e4a2_0.json,265,0.042136910495209734
0c1e512,c_0c1e512f5eea2f80aa8caf529aa6790c86a88e2c_0.json,266,0.04209909890430008
5818d17,c_5818d174d5f45189cb705071ddf35fc012ada891_0.json,267,0.0420281847239079
43f6b63,c_43f6b639e7129e2d69135e065ac481298d4e34f7_0.json,268,0.041927594128944534
28982c3,c_28982c32f367108886311969e01d69156230fd35_0.json,269,0.041697765890135186
831de24,c_831de24c490d14ef7dc99148cf2be39f6c67df92_0.json,270,0.04161144183235721
a2715a5,c_a2715a52745d816a87c05d3007ed8bfe7ef18491_0.json,271,0.041603932634800556
026a108,c_026a1083635e5564b6c18264372ee884f410490f_0.json,272,0.041594350230358845
0907b66,c_0907b6618a60b2de23c8f7ec2217a37dc5e9a091_0.json,273,0.04147966452546181
b823ff3,c_b823ff368e21fbd36344db07f512d55826eded37_0.json,274,0.041450705491953954
df223ef,c_df223efd38c514d584f00d076488ab9a02011492_0.json,275,0.04132634648202693
bbff7b8,c_bbff7b87746d7ded975d0d122fc0e0c3485e5c5f_0.json,276,0.041252469794704205
f42e3e4,c_f42e3e4ac6273bf9f25392b34de24672e5d56883_0.json,277,0.04119885132182488
93b0215,c_93b021578e479422012dd323b72110b19cbe41f8_0.json,278,0.041144714364499624
ddb4d11,c_ddb4d1112eaf5e16c7ac36a820faa0dcd53d89b8_0.json,279,0.041046126224730806
be01040,c_be0104009f06fafdb7428398d2c8299d13a1df12_0.json,280,0.040931213182687665
4938fd2,c_4938fd2f88debf796c181d44ae5b9a35aa595513_0.json,281,0.04090296676228922
9a05def,c_9a05def053bc2ac4b24a5c1f72b35f6a2e753b0e_0.json,282,0.04085897130801719
b9bc153,c_b9bc1534921f1e98da5a373e39ea2d71a4a39175_0.json,283,0.04081579248751155
4bd29c6,c_4bd29c66f884aaae3a3bc2cdf8019ced6e13089c_0.json,284,0.04068982472343108
2581851,c_2581851be3b2202bd48d4c76889b020f4cecebf6_0.json,285,0.040474755729425826
3698fee,c_3698fee71e3671171c587f932795a8ab8e852cd8_0.json,286,0.04030165239926509
1e03ad0,c_1e03ad032456a42908e19a7f2df46786969e7121_0.json,287,0.0401962643733671
4b5d629,c_4b5d62920ef4606fd30dfa42eb72df2785415533_0.json,288,0.04008939950011203
b8fb1c4,c_b8fb1c4377809503625087f13c1ade664ce9b7e2_0.json,289,0.0400834212355784
d1df970,c_d1df970451b5a18956448097b3afb43f3a82263d_0.json,290,0.039939664394359475
5c4ba56,c_5c4ba569a07e89689e482be5a3d3b521f3754f0d_0.json,291,0.039891888309314116
b089412,c_b089412dba369d4d4defe6fc0b4a52ed58f06091_0.json,292,0.03978248531458628
229c3ef,c_229c3ef1c37d88ea66d2e37b8de940f7b73315fb_0.json,293,0.039679914363884405
3924ff1,c_3924ff1e4a236d68a0b5448d185537d90ca04419_0.json,294,0.03962725416089563
69c3608,c_69c3608899f162b58555e4b5f9dab2719f9fbf11_0.json,295,0.03955212829213184
74121ba,c_74121ba8a381f96a209260617f969ef71900bff7_0.json,296,0.0395382806699246
d00fc0c,c_d00fc0c64dba6762b649f9690cd52c68b849e118_0.json,297,0.0395036130200318
ca13ac9,c_ca13ac9a6a0ec6703115d909774379456c5a23a9_0.json,298,0.0394652098966084
2a43cf2,c_2a43cf22f1e5e4ee4ddb99aceb5a566c05b0c6d4_0.json,299,0.03935068940658204
ffe07f8,c_ffe07f8c307c6b421cead64229eddb3602369f44_0.json,300,0.039302943878289476
10587cd,c_10587cd1fbd6b189089444d0bd2aa24d557b480c_0.json,301,0.03929421181792381
9548f86,c_9548f8637872d775c168e91d63a657d5694035e1_0.json,302,0.03922047248093441
6a17da8,c_6a17da87f9e132bdc147b33223826da040c77a6b_0.json,303,0.038884593672260936
a2153e7,c_a2153e7405e09c8fa413a01874c949b8b2bcd32b_0.json,304,0.038763928814386284
a83c486,c_a83c4868dbc0f3229d31af5ff1b8554c44908459_0.json,305,0.03862662297376007
5db16f8,c_5db16f8f51592b6a6ac97c609fb0c691cc3f201a_0.json,306,0.03854418680652749
1038156,c_1038156ae5874939d7a7fab18a49da1daac86e83_0.json,307,0.038521473509634196
db6ecf3,c_db6ecf32790e8a1454f6bf1517444f8637211eae_0.json,308,0.03852012315377984
52ecbc6,c_52ecbc65e981b9f169466f8898155bc5f8bfad7a_0.json,309,0.03851391251591685
da8366a,c_da8366a51512687284bd51ef8b0c5e7bdd515149_0.json,310,0.03825892225286953
3cc8b3a,c_3cc8b3a5889f8b88ef7a2bd0b8ccea8cb0d916c4_0.json,311,0.038235686217367615
1385aee,c_1385aee6c949f93239f52634129d6ef9a7e58b59_0.json,312,0.038092559824214556
c1c31ef,c_c1c31ef4cad0af0c8f3524ff85a48053d00f97fb_0.json,313,0.03808061159072984
cf96848,c_cf96848764f0b01a57bd9daa512903a1f0b1c00a_0.json,314,0.03790241657288285
ce18471,c_ce1847172d56aedfd334d962445af8d6b82f4c72_0.json,315,0.037861089285889826
93a26fd,c_93a26fd0d28101a6fd4633414c7ea168af8e3b84_0.json,316,0.037735701020182755
68c9dd7,c_68c9dd762c89b2d1d0e2c2edb1e82df43602e7bc_0.json,317,0.03770811442450461
5061aa1,c_5061aa1ed7924826ae3049b20f9dfd388c0155e7_0.json,318,0.03754504096410949
072fa2d,c_072fa2d047573d2d1f0187ba4bf76b1afa75031c_0.json,319,0.037389367204408774
8ff053c,c_8ff053c723ec20f5b8e1e9e87164bbd657f7d2ca_0.json,320,0.03725180961560004
27b083a,c_27b083a44185add5dd0d3e4bfcc69161462175d9_0.json,321,0.03724130313506002
8c5eb24,c_8c5eb247cb5361a6ffa2d86aa4c2de17c234bda7_0.json,322,0.03719697796618726
86a7d25,c_86a7d25f3cc1177f35dc6480260fb807912c03fa_0.json,323,0.03710704208070503
43c245f,c_43c245f0ff8d409e81e25687e69d34666b7cf26a_0.json,324,0.037047918460307194
b8c52bf,c_b8c52bf5e76948ee8d561fa55a36cc6c9f5d0c68_0.json,325,0.03701069874095031
f93cdf9,c_f93cdf97ea803c4702023daf1326dc45172de611_0.json,326,0.03694625464853385
043a352,c_043a352c2e85815a90a1926d112902d924bab6c1_0.json,327,0.03691629313958744
4726b80,c_4726b80a80f5172dc5dcb71ca3932dfbe7b4322e_0.json,328,0.03683115100010559
6667430,c_6667430d7d2cf9f2b7ad487b517c96c929398f25_0.json,329,0.03680673994379102
75be1e6,c_75be1e67f85ac4f1d3731c71515db4bcc9508241_0.json,330,0.03673076717846291
d63b204,c_d63b204e3e8f5fd9b78ba8408c9599dda122694c_0.json,331,0.03672428168404274
c72f52d,c_c72f52d7152d6c638dcedb827bcc8c7fd023774d_0.json,332,0.03657864658696941
3bee5d7,c_3bee5d740c96572faea4b9fb8b632e0e07b13cbb_0.json,333,0.03657583079661009
30994e2,c_30994e27ebfa34e4820df650cd15f9f34d10238f_0.json,334,0.036532998346125
086aeab,c_086aeab1deabfa192544f14670d7d2fd2b12cffe_0.json,335,0.0364788758370822
f8229e7,c_f8229e74701c28f001e5b4954c1f1f7a2b764c11_0.json,336,0.03647466200097271
5bebea6,c_5bebea634889ca79649889eaa21205880eb3ad33_0.json,337,0.03642738450577787
48701cc,c_48701cc70fde194c05ecd008fc1015b9d82921d1_0.json,338,0.036412185930104646
40ab7fc,c_40ab7fc97ed52e3a1c1235ee20f97c10e39d6390_0.json,339,0.03634309298091998
d132d6d,c_d132d6d962bf9a1999eff3fcaa6d8b53b4d66956_0.json,340,0.03627382665958545
6b49cfd,c_6b49cfd9022fe111bdad745c78ea877fbc2f7ba3_0.json,341,0.03627222198938718
e805e65,c_e805e65cbda20cf7f2159e348bf6b483fb15c953_0.json,342,0.03624008409974766
0a2bbb2,c_0a2bbb24bdb5d496868b8639413cf1c8087da1f5_0.json,343,0.03607772382859353
3c2047d,c_3c2047d4ed1b14fc5e5269d08ee17bfc19bb5374_0.json,344,0.036022735171272746
6dbca87,c_6dbca87c463d8a1e229a0d92d5cdf92247fdefde_0.json,345,0.03597987398660896
819dd2d,c_819dd2d2f8dc36cc6770236f1eb91635f3f9410e_0.json,346,0.035897944956138406
f4801b5,c_f4801b5511ef9e266b9dfff987c1f6e1deebc8c5_0.json,347,0.03585699290346034
2daa009,c_2daa009d090adc7f4e6b9130b35a68b8a1536e7b_0.json,348,0.035823911826623034
83026ba,c_83026babd3b768f508780b0c38c3cef2bb9242a5_0.json,349,0.03582031604151381
cf5fd88,c_cf5fd88f13f0b11625ac407f85cb58b36862e173_0.json,350,0.03581892937651299
4229da4,c_4229da4361f428863d38b99b2d6ed213246571be_0.json,351,0.035796594246571445
11bd742,c_11bd742011d67590031dba6e9d1f7186393b38a0_0.json,352,0.035781742552912
9eeebbb,c_9eeebbbe85d3d91568acc622f3db362c8a851477_0.json,353,0.03570853614091052
1d806d5,c_1d806d5becb1be384050f49ffadbb57b7523db35_0.json,354,0.0356424520387274
65714d6,c_65714d6c49ce1b3c722836717e38f9b13021b8bb_0.json,355,0.035599906958667216
2e68acb,c_2e68acb05c7a37396c9efc449e14226b6d3fb7eb_0.json,356,0.03553387552356191
761072d,c_761072d3253078706cfadf0cde6237bb268a309c_0.json,357,0.03539391023630556
95b271c,c_95b271ceb201ca2fa87a9908cc631c2b223de301_0.json,358,0.035369776987595136
c25df7e,c_c25df7eca2462861bf42ad8b74215099c3f81ae6_0.json,359,0.03532234262033185
0895c28,c_0895c28861ee4a1969acc858f1a703ab11ddc64c_0.json,360,0.035240043381828956
f4a33b6,c_f4a33b6f70a39d7e039d0c91901f67f10cf31b97_0.json,361,0.035015399447635875
653599e,c_653599e7c3922059a78958ea32b216ff9c42800e_0.json,362,0.034943177842402084
2c90b14,c_2c90b14c19d8e4f920872e6a4340502cce1fb50c_0.json,363,0.034860317978796185
7a0bb06,c_7a0bb06d85735d901894cce2aff99251bcf67484_0.json,364,0.034842113399436214
162c806,c_162c8063a095195dda833a99802367e059f354b0_0.json,365,0.03483025500238457
f3335b1,c_f3335b14f11b447f57abe43301649694dd0bebde_0.json,366,0.0346590525943844
be7c3f2,c_be7c3f2f02e3eb2ad0153ebdff8b8d4fbafa8567_0.json,367,0.03458767306642618
e1feab1,c_e1feab189248bba77e40434f2bf5185cad6a20e7_0.json,368,0.03458354609456016
baa06eb,c_baa06eb5d4fa96fc674484130f093e83dacf7bef_0.json,369,0.034580154716367884
c5e143f,c_c5e143f7df0c3d73f6634488cac8ad8e7054fe05_0.json,370,0.03452026183121348
4922461,c_4922461babcc37fb037d2a6db3fcb33fe4127a60_0.json,371,0.034484607630366204
f147cca,c_f147cca743f4975fc88e26001a8efc74d592cfd1_0.json,372,0.034405357409178716
6bf3a64,c_6bf3a6410d71c3da0ea29c8ca425962d284f361c_0.json,373,0.03440496840766005
41acde3,c_41acde3e8e5e8d37ade765b41d9fd29861f03e5e_0.json,374,0.03440056523973434
05f5aa1,c_05f5aa1184d5796c0afe11a66c92a72bdfd10864_0.json,375,0.03425261213364217
fdce3fd,c_fdce3fde269834d9907127955701fc6d783fb3bc_0.json,376,0.0342330647856105
0ea5dcb,c_0ea5dcbd06d744efc2b74f8c072006e3ddbf3ea7_0.json,377,0.03414892725822205
e13c794,c_e13c794216c0a0e2affd53039a7d715086bc135e_0.json,378,0.03412427988541511
06484fe,c_06484feebf8fc124b48eb1c252e57bc4e6f76d6f_0.json,379,0.034105719912878585
d6ac4fe,c_d6ac4fe53569b1415f66db221d7511c74f4a965b_0.json,380,0.03408603779938646
82d3c01,c_82d3c01785f8b25113ca3fd7cc8b37da5d8a44a4_0.json,381,0.03402742068530229
15acafb,c_15acafb00636f99295b394145b9b60a5e624ddfa_0.json,382,0.034027025609329464
092f42e,c_092f42ed1b30b7307e948b1bd0bbe13322a4ecc0_0.json,383,0.03399389798624641
09f7659,c_09f7659ab484bb62ec5b12a7e8f34455e96afc13_0.json,384,0.033918944905224735
3a76f8e,c_3a76f8e3ce96a5c3fc7baed2012ef8e079ebb9f3_0.json,385,0.03382958790103885
8268221,c_8268221c77c7d18834cbe8c55dbfadfd2733a7a0_0.json,386,0.033697318108888874
2cc3dc1,c_2cc3dc1c1e37aa72611aa8ac99a4b0fa7adf1e16_0.json,387,0.03358789592164024
f2189dc,c_f2189dcfb82d8097996956665669ce2cebe35544_0.json,388,0.033573091827657664
681cd7b,c_681cd7be75bc549183ad231950716f344226050d_0.json,389,0.03343289787472392
e7ad242,c_e7ad2425c384dcb18a34bec8e147a91c658d5118_0.json,390,0.03342299099740431
7fbff50,c_7fbff508f8590793108aa192a1898dc617e7b040_0.json,391,0.03332279019405615
bae144c,c_bae144ca994994d3ada90c9311286e9277f86288_0.json,392,0.03329452327328286
ae61437,c_ae61437e564734077ea36e26d6e0378af3288571_0.json,393,0.033154278261931736
f3c23f7,c_f3c23f757da302483c86414ec8b9c502f10fce00_0.json,394,0.033102370565587624
42c7587,c_42c7587ffb41f2ce179710d64eb9285053379de0_0.json,395,0.033062635060350676
f01925c,c_f01925cbf7a39a885e51865208368e861d25a0c1_0.json,396,0.033046094638120915
215bff7,c_215bff7bf7034ad0cb15caa3eaaa1be561aa3ec3_0.json,397,0.03303652065574625
cf3fcbb,c_cf3fcbbc124d5b8948d7bef5215c45d80dbeae8e_0.json,398,0.033027497411706075
695eed6,c_695eed613dede3a21f673cd18f89b39e086ddc45_0.json,399,0.03302607894971754
8703ffc,c_8703ffc3c1e71d42a8a41932055a875bf428bf8d_0.json,400,0.032997540969266215
eaaa156,c_eaaa156632369f88e9667f55c7761cef8367cf57_0.json,401,0.03295965132640111
e6e661b,c_e6e661b9ad751a51132f6de7e46be94d86fb3557_0.json,402,0.03278304343014671
6a36f04,c_6a36f04485599820ff86441accee002b4deec2eb_0.json,403,0.03267557761063744
efd3c17,c_efd3c178e471df6a689c1a50fbd7c404e778bfaa_0.json,404,0.03262582876116937
39c4d53,c_39c4d538a4a1363db7385476d3e6bcc09cb71f65_0.json,405,0.03251707818980154
0a39688,c_0a39688562637465944df3c29ae0c1259cc0a4dc_0.json,406,0.0324806421815832
168bc14,c_168bc14ff5e9e664863c3b1146f2a5b7a30ffb42_0.json,407,0.03244945000278088
e152ec0,c_e152ec001d2c6a9bbd6e0d9443552371d11e461f_0.json,408,0.03244152349175655
c64b935,c_c64b9350aa206a4ec8deedaca08d6e4f1d84f4e8_0.json,409,0.03243124284538779
6854432,c_685443251d5be1186e0d8abf4ad1181153bebe01_0.json,410,0.03238860605121885
5e63746,c_5e63746459b65c508dbeab01bebac3a4b89ef43a_0.json,411,0.03233112209000111
cc67102,c_cc67102f3b08386cf78cdac3b7c038efc853acd2_0.json,412,0.03228181268425068
d7a094a,c_d7a094a288f86ca58bf05c9867320096e468c45e_0.json,413,0.032135822795379965
ef33293,c_ef332935817a940ca10d1ce431d8a2037fe59ac9_0.json,414,0.03212118043126977
0bc5bc5,c_0bc5bc535ebb3afbe081961db35302a670b07781_0.json,415,0.03205762395907996
81a77a2,c_81a77a269d5a9cd6b9baf34812b17fd22933b46e_0.json,416,0.03205747298699391
95876c3,c_95876c343fb7e628978397bc8311f1b3788e28f2_0.json,417,0.03204597589376956
e76e568,c_e76e5680cb1816ba1e420fd6aa2c37f6fdb8c941_0.json,418,0.03198708952370577
e94b5cc,c_e94b5cc0f19b45dbd6fb65ea365f67d038e815ef_0.json,419,0.03186924070704367
50c1b3d,c_50c1b3d39ff5b17c956a2235f97f7b5da05ab6f0_0.json,420,0.03182727159164467
bc82b39,c_bc82b39db195e20d822db9213d98887b5d8016ef_0.json,421,0.03178250828657059
936537f,c_936537f0ed66d00d0365fecd4e85a44802bca759_0.json,422,0.031736676047567025
845f5ff,c_845f5ff65858fd0d1829f3d2f16f758725e8028f_0.json,423,0.031612871177181034
03bfd27,c_03bfd27446569ed220b7248b8e1d9be0c2cb8187_0.json,424,0.03156257930959305
2e526cb,c_2e526cbea28c991cd34d3f73a77891fa2ffbf6ee_0.json,425,0.0314799012414414
1206325,c_1206325ed073735c475790a85ed25eada8dfc72c_0.json,426,0.031389399978700716
807aaf2,c_807aaf2569e9eb09761068c5aeb95654daea30d9_0.json,427,0.0313501511269032
f116658,c_f116658ed959c0a0f8199c3e70675e33742c2c04_0.json,428,0.03131820778831551
37bc6d4,c_37bc6d41f17d17a822bbcd9aed9f17649a3384fd_0.json,429,0.03131201993520871
28f53ea,c_28f53ea8e95302f96c6fa2fd91e4afc8178ab8a7_0.json,430,0.031238646796494463
7aca9cf,c_7aca9cf8f9faf78cb906ae6c877f920092b50f2c_0.json,431,0.03120966261696978
2131059,c_2131059de15ba858adf7646bfba5cbd04b661336_0.json,432,0.03116014112299348
b02b646,c_b02b646a75d6dd26f41fe6d987841ed01c8ec161_0.json,433,0.031118858467198862
164dbb3,c_164dbb3842f3028ccdf89cdbe678d161518e9f05_0.json,434,0.030956873383388928
6a6ea48,c_6a6ea480bae01f40f9795218ac911bb7de18d34a_0.json,435,0.030890780274033913
a4f32ed,c_a4f32ed8acef2880288fe9559f8c60fba444bbe3_0.json,436,0.030835819655075758
5ce68c9,c_5ce68c90f9951f10b5ee83062ce238d39df60e2f_0.json,437,0.030830546514945767
bca9abb,c_bca9abb0e3062d373fe52c0e8340337588c05708_0.json,438,0.030590733532171788
d428fd7,c_d428fd717118b7c5c9efb1eae32dba60de430397_0.json,439,0.03056434404041808
4cf197f,c_4cf197f69d8733ac68b02672b2e23d7939e5eb76_0.json,440,0.03054315893584425
a095236,c_a095236ba70304d61b8ec02ea316d3504cc0ea1d_0.json,441,0.030408317465156598
2d0aac9,c_2d0aac92183a4b6bac01d67cfe0114ab96bd908c_0.json,442,0.03034517961993255
34fd5f8,c_34fd5f8275ae69fc772c2283a3c5fd13b93a7c42_0.json,443,0.030288773658318946
f86b892,c_f86b8929454da31fbc59cbf95293c7138e0b8200_0.json,444,0.03010785910289515
9a1ddf5,c_9a1ddf5f982e54ecbc3e028dfa84ef9bd07a8044_0.json,445,0.03005650217814071
dd220d3,c_dd220d3b564c39825a3a63eb0213b950dbbc56f8_0.json,446,0.029995742023303795
45fd54a,c_45fd54a488cfbf27978fc4811a722f1fedb8ddaa_0.json,447,0.029939084152505235
8f4f620,c_8f4f620ebc773ac935157e9319ea3989fd84110d_0.json,448,0.02984199268385823
2104037,c_2104037227b14377af17d176c453565380b96c3e_0.json,449,0.029841721123324394
c103552,c_c103552830f9b0555387bb7bd65604006c53ed28_0.json,450,0.0297869283920541
e4d7559,c_e4d75597fbd25bab4291efcfd8b36be880258498_0.json,451,0.029581047854563725
b326ab0,c_b326ab0a322d0ece76e61955852ada034122192b_0.json,452,0.02948636788039949
7faf592,c_7faf5924ea9c2ea0910cac2f6be17faa843ccf54_0.json,453,0.029422969830525725
ba01197,c_ba0119710233a1be87c10c5e71424dc5922cc627_0.json,454,0.02939743800561323
6bbac11,c_6bbac115c9a7928a7053b2da3a78df9569df8570_0.json,455,0.029379652946601054
78995bf,c_78995bf9e88599055a8c4165d89c09dc92a44b30_0.json,456,0.029225611875335566
5b0913e,c_5b0913e2ad3efc49ddf1e737f4e2addbfe04f7bf_0.json,457,0.029209499701813524
c306f81,c_c306f810ac0d653caadb7bf0b7cf7c12d6c06a20_0.json,458,0.02919133509775429
c8459fe,c_c8459fed6ef415be2276c6f84a0bc104e49f799e_0.json,459,0.02916545986943453
c6cc58a,c_c6cc58a9bc617483366141386e047b085b4e83ff_0.json,460,0.029129026642635836
b2202ac,c_b2202accb3307ad0cd1d1af88fb7ad9463f4b3e3_0.json,461,0.02909813401215533
fbf47bd,c_fbf47bd6fe52121c22d9c1fa6764e6686221df99_0.json,462,0.02908355503499227
3b40047,c_3b4004792feca6cf307fdcd85baaae3e1aef4bd4_0.json,463,0.029032459298439672
295c978,c_295c978bfbf070d28214b27239cd26aaea58b6d4_0.json,464,0.0290266682725262
5a3b4cb,c_5a3b4cb6b7e816aacd0ffd4c71e23da949fe360d_0.json,465,0.02901391975076273
6d49795,c_6d4979514fd802dd4deded67f3ba1929e74a928d_0.json,466,0.028913114963531772
027442d,c_027442d1a12004c6e27ca76d5eea68774c52ce7c_0.json,467,0.02890971385820762
084b868,c_084b868bc2fbf9d6d0319e5a362ade1d7f43f899_0.json,468,0.028884247987388645
9d72612,c_9d72612f028076aa43a9b259c29b2a940398465f_0.json,469,0.028868089801435515
599e408,c_599e40891b9e5cb55af2dd3bb8027cee846087c1_0.json,470,0.028816134590888387
d885b40,c_d885b40bed151a624cd5d16a00eaff7e3f3cea35_0.json,471,0.028743568318445045
7b7e141,c_7b7e1413f5b55254e38b65ad0c0849b07b7abb17_0.json,472,0.028570652860452683
c2c1501,c_c2c15014b06a90e90c6f6c9be7fffd4a26883c86_0.json,473,0.028563594214399357
1bd8d2f,c_1bd8d2f0f4f3edcc11aa441f50223967a98bf85d_0.json,474,0.02851478402939822
e4d80a3,c_e4d80a3331cf7a9c1b7bdc9e2082d330381c3719_0.json,475,0.028509293881301967
5709ec1,c_5709ec1d0bbe5b7726a14d06f7eab9c35150e314_0.json,476,0.02844576324466641
86fc0c5,c_86fc0c596ece8917888075e8e8b42f701131632e_0.json,477,0.02841851380540128
16d5317,c_16d53172f3a149a396c628a782e1a201efabaca1_0.json,478,0.02833467138877277
bb87784,c_bb877849306e221202b283f9b8eb3873d7bdc9ae_0.json,479,0.028246059176596727
da794a3,c_da794a3a9cb2cebc0efb708ba9b465a4510c7235_0.json,480,0.02822826513934451
7eaa0d8,c_7eaa0d8eca2549742649af34671eaf3da83b5c08_0.json,481,0.02819147784947218
31e978e,c_31e978ee1763bb13fc4046fe9821763019422de9_0.json,482,0.02818904874526884
7dfe089,c_7dfe089019805bd9a62ce26c1993b3c86d1aa3d1_0.json,483,0.028147626905516754
f64a3f5,c_f64a3f51bd346547ce6e1edb30601df73dff27d9_0.json,484,0.028076061894485305
5811ff4,c_5811ff459cf6847fcb30650fa82564abe2742b2f_0.json,485,0.027952135972780567
fcccf54,c_fcccf543e85a214f0948d1ac5cab3fa05363e845_0.json,486,0.027927762781936205
58eb2f5,c_58eb2f51fc73ac0f572d0fa226a916c442621568_0.json,487,0.02784233884955556
309b4b8,c_309b4b8353342766fac7c446722d277cf19b6ac1_0.json,488,0.0276524464015937
585c473,c_585c473c5d43a895b217d14408412b746469568b_0.json,489,0.027631130962811334
b6e3f5c,c_b6e3f5c01de00915df7682dba4e9a7f733630d34_0.json,490,0.02762298641616212
a2d8936,c_a2d8936fae3eb0e3873c7f7c0233344c81436404_0.json,491,0.027620864361828867
9b4ae3a,c_9b4ae3ac4b39ed3267d23e12d99e1fd6d86400c5_0.json,492,0.027603516967518837
2f29d7e,c_2f29d7ee3aaf3fe2372eb49104d4eb9ab93531ca_0.json,493,0.027550736870954662
651f77e,c_651f77e2186282317bd51072ec90b499d30ade53_0.json,494,0.027546746419253698
2dc356a,c_2dc356a34ace77d20b27fa90fb6467d303bd09a8_0.json,495,0.02747986684374082
3df1d1e,c_3df1d1eeb4a5868e5331ee98fb6748a2f1ccedba_0.json,496,0.027469698606831905
0d3e179,c_0d3e179ac3e994571aadb8f7c622b6442f387deb_0.json,497,0.027395392203859448
4bc5881,c_4bc588102a66b46608a29e41d0343e1e27e1c3e5_0.json,498,0.027339188654265434
b09e9b1,c_b09e9b1e0be9e010eb46d4cb3555c6407e223866_0.json,499,0.027290486857899587
ffe67f2,c_ffe67f22a342291ecfed36c1c6ee7c01186f9eff_0.json,500,0.02726202003903322
3c77775,c_3c77775a0fdc5385a48eea5e5b07187f7681f834_0.json,501,0.027235769464231563
ff81c55,c_ff81c557b950927e7853ca6d2c7441b6b1fe8822_0.json,502,0.027208550987822377
25a1be0,c_25a1be0fa2c52ffbdae237256d0daa2cbaa6af96_0.json,503,0.027165467212357908
a417952,c_a4179524774f4b4e86960699856223573490471c_0.json,504,0.027130041758612222
3ce4716,c_3ce4716848eb71b6e78a4545a2cc0c27e74a29b3_0.json,505,0.027117507063014634
22f6cda,c_22f6cda30ea24cd6c0ce8935e3148c1b0c6b1551_0.json,506,0.02711641903970685
3d39287,c_3d392879b6d7b3f3f947490c7aa6d515f6417374_0.json,507,0.02709263643109905
7650b5a,c_7650b5ace28ffa1ab370a515ccb34e0e5ec08622_0.json,508,0.027060481098200695
725ecc1,c_725ecc108d6c4e02730ed79f471437f240fbc107_0.json,509,0.026952511154883174
8686011,c_86860111110ec7a96d92fbefb6c3ae15e3575405_0.json,510,0.026917688465525114
a396589,c_a39658930c714323e70092d545cb82b5f13b6280_0.json,511,0.026909552564001626
97bbbff,c_97bbbffb65eda01aa9b38a5cec43a598afb39070_0.json,512,0.02686908816420419
7d80ca9,c_7d80ca979b09eed590c85c00fb7957f90e1706d4_0.json,513,0.0268649649050845
13fa93d,c_13fa93d548673546ea7b13471858cf3febbd1f40_0.json,514,0.026814878954082966
0d98b3c,c_0d98b3ca84c0b6179b71a9de75b0a2fe42d7343f_0.json,515,0.026780047154202458
d48c365,c_d48c365ba8251057a71a2e2b7aabff640209e31b_0.json,516,0.02678000669680336
6d8fd42,c_6d8fd424925b186d720112e4f14e6898386a66b0_0.json,517,0.0267642326726496
2c01268,c_2c01268cc5c10c4ac8b2949ca28655eeebb2deba_0.json,518,0.026722904521953472
7bfdbd9,c_7bfdbd9164601af44d17edd51be829fde2cc51aa_0.json,519,0.02671843714701705
30cef26,c_30cef26cddd46c9bad49c18c3e4bedcaad26bd48_0.json,520,0.026697108294851613
0ef2982,c_0ef2982cd2fdbc09ef7af3f9912289fa7a4fc71a_0.json,521,0.026434828437871927
d07260c,c_d07260c6993303adf0d1d0c8d4d01ab8d10308c8_0.json,522,0.0263837064266087
0ace02f,c_0ace02f4d582988b228fcc313ba03c6861e77693_0.json,523,0.026316204655782882
67289ae,c_67289ae4cbaba3ae70cd2e8fb92f3f2898039dfb_0.json,524,0.026313493388067655
cccb850,c_cccb85065f352d69f5c7bb15f31ece81f734c18d_0.json,525,0.02613661519656163
530ed0e,c_530ed0eff3806a9bb9dd6b58d15597f9a91c66a6_0.json,526,0.026091713952479445
030f59d,c_030f59d811ce0b6cbeb7900004b4a08418942a04_0.json,527,0.02607937513305769
8676b93,c_8676b938a4311b0330abcbe12ab338983cb31d2b_0.json,528,0.026034333734311077
8159a9f,c_8159a9f30a503650d754b7e8b30d491c4e415a72_0.json,529,0.025968927713502232
24b7eb9,c_24b7eb9a4a8850f2d0988eb81245b4b9a977d53a_0.json,530,0.02594522696798751
78eb672,c_78eb67212252fb94f85e77fba7bc69dd33b44d3c_0.json,531,0.025944726951975694
9d52e4f,c_9d52e4fe146533053ad96d3cc29d54d05c869154_0.json,532,0.025806761907746112
2665037,c_2665037fa174f1fc17928a27c7bd6d90c8e9e559_0.json,533,0.0257487665086249
211c8c6,c_211c8c6eae5117f156aa348d843ce688b80f5ea7_0.json,534,0.0257104607304679
22775ad,c_22775ad7cad0bea94d56726e1d6a80f31604c118_0.json,535,0.025655173739768222
8851724,c_88517240e25a7a38d6d25595397eb90e7b316014_0.json,536,0.02562578846393171
70f817a,c_70f817ae4f80ac11dd2dfe97babf5896c690fb48_0.json,537,0.02551770511613638
1c438ec,c_1c438ecc7aabda089f109a9b7d51295439570615_0.json,538,0.025468295620469483
793a500,c_793a50095cb8e289cbe3e3446f7432e33e2d102a_0.json,539,0.02544392315129651
81e67f5,c_81e67f532751bc1744bd1940825f014c935061c0_0.json,540,0.025440412385922206
9150994,c_9150994b2e41be7d49ca7ab03d3d751f782650ee_0.json,541,0.02539268337006806
03fee32,c_03fee32a06ccf8257b2da67b9034270be38805ae_0.json,542,0.025387554714524585
7c44f22,c_7c44f228de588387734227a0c08be36d11bf2b17_0.json,543,0.025376470375472082
8c4a625,c_8c4a625cdec89e6b1fa452fbb73c6f8d4c56b701_0.json,544,0.02536062306153941
5d39761,c_5d397618f3c86d9c444a4c4c6441267b8a89a21d_0.json,545,0.02532711039991231
902503a,c_902503a7f8aa4d86bbfc01a0933f2a9e6d952e7f_0.json,546,0.025273600812462216
95ac6a7,c_95ac6a7f06053f4a85286e30394836d62d141518_0.json,547,0.025231575710923493
2dbbe07,c_2dbbe0784ee3e549eb0cc4d679aeddaac1243145_0.json,548,0.025201023870581207
31134b4,c_31134b47a2c5a56410e3097676fee55830dfcb85_0.json,549,0.025164212147927745
d48e656,c_d48e656b8ef676a9d4d87503028d59628013307f_0.json,550,0.025155120565748756
88f40d9,c_88f40d95ebc76a15be0d301851ac99d828859530_0.json,551,0.025143796630967885
0b1171a,c_0b1171a359e8b53bdd72c8a29c13ed8e8150385d_0.json,552,0.02493634170794823
c28d0ab,c_c28d0ab6972531b5bd13638ce7b69eeaea551e54_0.json,553,0.024774505758049514
0b3f6f9,c_0b3f6f9feca6f027037a12978017ff055a0be538_0.json,554,0.024756732113181412
b2a304d,c_b2a304dd9ec2ab9fe4ddf88d07f80cba26cc266d_0.json,555,0.024741314961199135
7eb2d84,c_7eb2d84de101a125d41d3a1157f4eed789ca4a0d_0.json,556,0.024685787861997932
8936be7,c_8936be78f9ecad965b20fbf9ea78eda49514454e_0.json,557,0.02468046108816979
e7ce7f7,c_e7ce7f710e1bf297f1a4258b53f22f550fc1f2e3_0.json,558,0.02461652061761943
e1fa1c2,c_e1fa1c2041785474323f3c744612f0134a98fe0b_0.json,559,0.024577065645669638
6c49294,c_6c492949f3cf6e489fc7ca0bae4a8b4aa5834467_0.json,560,0.024523558032308213
4672d2c,c_4672d2c17dbddd139330f247d96b6cc94376a719_0.json,561,0.024457963940259786
8d1ce67,c_8d1ce6799ec27e62fd39fa0abc30ec4664b9b209_0.json,562,0.024417777566459686
b7ad2fb,c_b7ad2fb211e62adfb260852fd03e4d17ff51226e_0.json,563,0.024388495474490623
8eee751,c_8eee751ff9f460c4a769d598c65b1cd643dabc7b_0.json,564,0.02436983649693425
14ddcfd,c_14ddcfdc0b8d1cece3c79221b1870b84f055d419_0.json,565,0.02425310883948495
8f773e3,c_8f773e34a83ed8f5eb404dcbf4630a779779ea7e_0.json,566,0.024248435302480775
bbf3ed8,c_bbf3ed85e0f668331edb269329bf577fe27932a8_0.json,567,0.024080342246036723
20c504e,c_20c504ecbbdea3908bde81709df5a3765d1e385e_0.json,568,0.024011675130440335
f5b9746,c_f5b974651c6b4873c8df103572587a95d9be282c_0.json,569,0.024010441521305492
31baadd,c_31baadd1293c5ae7af05b3a06a1ba3a06403e4ed_0.json,570,0.023890129686878092
63c9ab9,c_63c9ab97253d7bfb1d5e2a27c39c9c3a8a6d3d7e_0.json,571,0.023867224034754275
1860001,c_1860001c0e04ba7f3085bcbcf0ea6fb2ddc3f83c_0.json,572,0.023831512407683775
e963fa8,c_e963fa841eb14be4e5b557347974493d3bb7f1c3_0.json,573,0.023814505616809645
7e0ecb4,c_7e0ecb47ba5e1f50dc2aefbdf4f20379089f49cd_0.json,574,0.023651974095315054
4031a54,c_4031a54f71a1df311b0b9ab24640297e0d526bfe_0.json,575,0.023586848318549514
0b7eccf,c_0b7eccf2fd3a9293d7b513fbb766d7bc06abd7e0_0.json,576,0.023395183856767532
269cfb2,c_269cfb2caf348e877171c80254c238525b269631_0.json,577,0.023386503324183128
13ed380,c_13ed38070494863b4bbd4f8328fa9e7e575de463_0.json,578,0.02337718233923658
09ed556,c_09ed556367fbe81b3003881dfacad643939664c0_0.json,579,0.023193043567205085
9da5006,c_9da50069d661ed8d200aa1caa7c3ee613700239c_0.json,580,0.023145864638832614
3f0ff80,c_3f0ff8087501eb0757db014163732b5d5dff5b1e_0.json,581,0.02313438264388934
8ad57c7,c_8ad57c7ee6aa7176dcfabeb934d2676f51ed017f_0.json,582,0.023027182182416173
4ee37cc,c_4ee37ccfbd12f26e713f86f07b3f13dca7cf24df_0.json,583,0.023026003800148187
1a7fbd1,c_1a7fbd18b47c102152869c3b046b65ff0f12fc43_0.json,584,0.022911409736179555
28cb80c,c_28cb80c7b5768c6381a72c5f500ec85bc4d798d2_0.json,585,0.022892648689260664
11e5981,c_11e59819ec6134736004cebf264b030517a7bff1_0.json,586,0.022789917668514126
ec80fa1,c_ec80fa13ec02cbcfac33ccc2436cd5d38c3dfd1f_0.json,587,0.022756836937950053
62aa60c,c_62aa60c33726dd4e4de412e5880b87ba713b3a9a_0.json,588,0.02272389045122647
07dd370,c_07dd3707c1a61ff21de3f7a7f15585bbb5f70573_0.json,589,0.022660586904778235
7cc7485,c_7cc748592670105f9d783b1b85f0f27e938db4ff_0.json,590,0.022651863343551293
d4bf17f,c_d4bf17f12951cf6964ac95431c2476ed3fd0c5f7_0.json,591,0.02263214548370629
192a606,c_192a60673cfd308fbcb735664fbab98e3cb3a21a_0.json,592,0.02260109248364439
db7e51f,c_db7e51f90e44be275b568d0b512e9778d6d6b253_0.json,593,0.02255232228763293
72988fe,c_72988fec494186d46dff8b78de682fd1c5c191e7_0.json,594,0.02250659856196935
9360326,c_9360326ac90197b8740b23146ffd84f7e1886139_0.json,595,0.02244137669644819
d683223,c_d68322323aa52d943b9dc5618ef8ea81d43d7b4f_0.json,596,0.022396670701367416
a857aec,c_a857aec27d79fc234fddd4a72c1215af0251b2d8_0.json,597,0.022341067475152743
4191b88,c_4191b88449010266e7e3f9b7f27f5a1cfbfa7ce7_0.json,598,0.02232292941319458
9f41fc2,c_9f41fc2ceda896faf7f5c5aabede4f2b0c48433c_0.json,599,0.022305470372049885
8d53308,c_8d53308bb1d34c16af002ce5fe46cf0ae6c38128_0.json,600,0.022078423537994607
33f7de2,c_33f7de292e24ef8306513b8fe33908af5bbad9d8_0.json,601,0.022033506274916848
25abf2f,c_25abf2f5ae140d0d9d6a3a512990661d2316a59b_0.json,602,0.022002795890274984
e4692e5,c_e4692e5529bd49aeeb8057173fea3148c7a194b0_0.json,603,0.021895365146641366
8658dd7,c_8658dd785802f7e7e41f71da3367eddd9ffc2bbd_0.json,604,0.021764628470931857
4c66555,c_4c6655509e5df39d841b6c9b93722a73ce4fae76_0.json,605,0.021623878557452514
a478193,c_a478193982ce1fb9271e3f7ebcc1369913c9a859_0.json,606,0.021459901085204236
0d3b499,c_0d3b4994ebd199eb7dc76278c31656db9c2afb56_0.json,607,0.021415257495337903
69214a3,c_69214a337414cdaa73e5fc1848bd99bcf6429270_0.json,608,0.02134524962448414
dfcdb31,c_dfcdb31eb6afcdb590b23a3c93a35b5591a43afa_0.json,609,0.021264035665100267
399ccd7,c_399ccd7b1106370a853d62c8551a7ec3eaec008a_0.json,610,0.021262279334106515
b41c7bd,c_b41c7bd823a9d7df8b9ec276ff3ce4286ab1e890_0.json,611,0.021241804743868165
61b5204,c_61b5204064333144810c184d38b4dc78f947bd62_0.json,612,0.021210005660408315
b14f33a,c_b14f33a0c7d07320600acdf732f16f6f52aa999c_0.json,613,0.021171879816846872
8bcffc6,c_8bcffc6d81ab00eaf25a963d8f8b206410fad225_0.json,614,0.021054785213651006
606015f,c_606015f2b48ebaefb3cb1193d2b9d0310f3dc2f5_0.json,615,0.021049614854767973
2b0f477,c_2b0f477f6453f4de7a7cda9b7f0630549678b0d0_0.json,616,0.021042822773008063
1f89ef6,c_1f89ef6e7d93596d94afacf7c602874d5a6cb830_0.json,617,0.020994554724617087
8be30b0,c_8be30b03493eb98e31eab98c0d69c1abf44104fb_0.json,618,0.020943383764015056
24507d9,c_24507d99ee74582adac5ea3cd2d971679dd73567_0.json,619,0.020935093385531456
2e158bd,c_2e158bdc1a74af6453d3087a7377ace75e2bcd45_0.json,620,0.02087053797428129
eb3e25d,c_eb3e25de7fc6ee4858b9805519c0dc7a13e1b183_0.json,621,0.020862228789729764
840ddca,c_840ddca5b28cea7563a5be20d2624478af67bc02_0.json,622,0.020839784437713282
e9f7e61,c_e9f7e6114414f68deb90f4116861d7a054365404_0.json,623,0.02083695410015307
468118e,c_468118ef76ffbfc993869a07672f4f86665ae145_0.json,624,0.0208331493371422
b7d0c17,c_b7d0c1729ff32aa456727ed8c04dce277b1ebf89_0.json,625,0.02079299719694272
e859f6f,c_e859f6f557d0ac39f3bf45949691b2a0e150a2e4_0.json,626,0.02076787806826008
9b27f9c,c_9b27f9c5576f0132875c45dbdef55d22f64d5dcb_0.json,627,0.020742636198256115
af21c37,c_af21c372013c72a5bedf634dcaf42a5f78878b0c_0.json,628,0.02072858192578264
de491e7,c_de491e70b971caca03f07531c2caf97b878cd1ff_0.json,629,0.020501513417409467
ee749e2,c_ee749e286b477f8d6f53ff5960a38453baf50f31_0.json,630,0.0204838788176942
aa365d3,c_aa365d3e2d35439107337c856a3b27b8dc3e1bcd_0.json,631,0.02046519086686438
711b76a,c_711b76ac1015234f86805f1735ff2c3da195f55c_0.json,632,0.02043650880863246
c1c81dc,c_c1c81dc4c84d1a74045df43d6861b4667249402a_0.json,633,0.020297910185384183
0637740,c_06377401a3b08af2cc75c10e603b3ded983aaf8c_0.json,634,0.020288785370800477
2c153d4,c_2c153d4215ca285aa1e24267162753cae67e15f8_0.json,635,0.02028154723241904
82ba14e,c_82ba14e2d8c636f707c65249f8968e89f72718d0_0.json,636,0.020140986609493705
e4cf805,c_e4cf805a6a27301672660756202e8dedee1e012b_0.json,637,0.020105243624762514
9c1eea2,c_9c1eea2dc00e2feb14c13e9a00d6a392f680df17_0.json,638,0.020101189307872414
0c56a46,c_0c56a467ca0fa7169172cfc4ee2d45834454ef0b_0.json,639,0.019957332682931983
6090aa8,c_6090aa84bdc3ff91fbb869bdbef7367ee7cdc8ca_0.json,640,0.019951563871488553
35205c5,c_35205c538a7d2f181dcf9d15b69538d9c533d7be_0.json,641,0.01994563175533004
f3d83b7,c_f3d83b7eb7b1e4afbb24ae57e1a57adadbcead42_0.json,642,0.019864110692876524
d329b2e,c_d329b2e5c911f61f534f3d997cbd615cec91d03b_0.json,643,0.019831375874784785
fc66128,c_fc66128defd24dd67a02b1bdd87d1968126f02ea_0.json,644,0.0197430083497091
54cd800,c_54cd800fce81483d7d07260ff5edb363476e8a30_0.json,645,0.019692678579143585
5595d49,c_5595d49f83e80c9ee44b0c2898a187dd7581ca40_0.json,646,0.01948524387961137
bd59bbc,c_bd59bbcf79648c23e86f3625efc98ff646c23495_0.json,647,0.01943022653297255
d8624db,c_d8624db8004fc8ef596d4ccedff7f307f444ad30_0.json,648,0.019403530740874975
e609670,c_e609670bb56e0c7216c9476a5f6a5594e7f1acdb_0.json,649,0.019232677107407836
1f5edbc,c_1f5edbcd2b5b09ec59151137e643d9ce75ef1055_0.json,650,0.019149759211351758
3c5a6f6,c_3c5a6f6a1b87c655c5eb3ed0ebcfce886ab6a614_0.json,651,0.019121960407024075
290bffb,c_290bffbf3b0a6917be44513accef3a082543bbb4_0.json,652,0.018962653298404963
1b01c37,c_1b01c3730af79c363390fc2496df345eaf2eb88b_0.json,653,0.018876713622040575
cf03eb4,c_cf03eb4d9813d8035d4c0daf893c918880cb986c_0.json,654,0.018856725593021095
ffc1066,c_ffc106663b5a9a282c44f4976bec93645c03668c_0.json,655,0.01875481537119339
ef0c0c6,c_ef0c0c69bd0d838fa623bfa0e8a71855e7741126_0.json,656,0.018752991693320897
8666370,c_8666370e5299759bc1f1f6f13b02990c879b440f_0.json,657,0.018722166947527263
9a185e0,c_9a185e0c06b0a595ca0e6fb7990945cd0114a12f_0.json,658,0.018660952498196992
95248f5,c_95248f54ad685bdbde6d9268239cd39ec434b466_0.json,659,0.018647595625392865
4014ddc,c_4014ddc89c5aa969f6eb3a5445f7b42998c5128d_0.json,660,0.01861039323483482
4c6f8d4,c_4c6f8d4352bb3b3f631d74559d5ac8f23f9fcd32_0.json,661,0.018606646228997215
853cb5d,c_853cb5d209e39fdf1944fbd48e1fab349c24b76d_0.json,662,0.01857928962916877
1be1c26,c_1be1c2636ef14071afa7da5cb8988972bd90149f_0.json,663,0.018556981165231412
3e42e57,c_3e42e575f21275d2d0f8196f2f22b4ea06995d5b_0.json,664,0.01853556360164521
96844d1,c_96844d11db95fd7a948dd1cc3d2ef7cb4e03e710_0.json,665,0.01852393253120721
b489cf1,c_b489cf1f4089225b5ae06b6f30aa82d3438210aa_0.json,666,0.018518500200885857
c857311,c_c857311f08df730f98cc47e9b59383b0349fe9b3_0.json,667,0.01849927633414783
5512087,c_55120873537502992211e66a111d7693d611474f_0.json,668,0.018485955863873027
3683047,c_36830470db8f4c695c3c096358914b49bbc48099_0.json,669,0.01841314141734518
4b55758,c_4b5575897834707871a359b3b7183c856dd301a8_0.json,670,0.01834671527639098
73f98ee,c_73f98ee988dad825ba8320bf4d8df0413fde531c_0.json,671,0.018278043446560144
af4b8d4,c_af4b8d4a2da7996f15b405f523ee8b31a0fbf021_0.json,672,0.01826707737711053
b40c6c7,c_b40c6c7e0e323f1b69fe7f9686ed8f763b01faf8_0.json,673,0.01825528380109931
b7e692e,c_b7e692ed6d6cb91c2794b57f840c75164de0511d_0.json,674,0.01822931614390011
2582794,c_25827942ba9d45825dfd92faa37a78dbc9034ad0_0.json,675,0.018226239563416957
7287c0a,c_7287c0ac1d7fb09e5b52a0bf68caf79bfcb09d87_0.json,676,0.01820599879708762
9762fa8,c_9762fa8f9b452701bfc5ece816d8847b91d8c4a0_0.json,677,0.01804870633305855
b53b7ad,c_b53b7adafe8415d66d9219e3fd938e67ccfbd231_0.json,678,0.01803855246990016
209cd96,c_209cd96451c4c5bf1f4c5fee6453c481946aa596_0.json,679,0.018009112546330086
9f3b267,c_9f3b2676f3613ddf7716f75af8e2295452174dc0_0.json,680,0.017913417929328213
6bae902,c_6bae902bd35ed4f57e7a5d612b7ad9b72f4559bc_0.json,681,0.01784278021793484
96fd67b,c_96fd67bf5342eccc5da34e351889aa87eb3e39c3_0.json,682,0.017831001351201414
915752b,c_915752b8e4ffd312eea298fb749dddd0edc0db2e_0.json,683,0.017730200816106434
bf8fc45,c_bf8fc4533884f914182f861576808e71c18410cc_0.json,684,0.017713376340497966
a4550d0,c_a4550d0e0c8352a37f7d8343dd26593426fe5ae5_0.json,685,0.017581271001674614
833cd72,c_833cd72a268c1161194038faf0d98ec6b1f203eb_0.json,686,0.01744845829446684
2b259dc,c_2b259dc7308c101961bbbde1481e79602ae023d2_0.json,687,0.01743205423369476
5f8de0b,c_5f8de0b972f1c3c359ee7a0441729691105a3d62_0.json,688,0.0174234395379943
da30f17,c_da30f170f29e983f014fb029fe5779bfd5d3b04f_0.json,689,0.017347633130818663
6022f67,c_6022f67cece038314e874551259296be732ae51c_0.json,690,0.017341824053964117
8416f4c,c_8416f4cd68b13a514aa54ed08e12f552c2404441_0.json,691,0.017269355860044744
c017fec,c_c017fec84fafb3d0b44a27008a7b42180f97f72a_0.json,692,0.017032720923930045
55d1c81,c_55d1c8181d46a0b5e5a121db314145be37a10934_0.json,693,0.01699977207917891
510ff24,c_510ff24ac51a8c73ff3f2401379654c37a00546b_0.json,694,0.016997090507866797
4839e1e,c_4839e1ea57f9a1a26debd2cc8f22beef7282b490_0.json,695,0.016971274927396585
7675b68,c_7675b68dbd7cfc37b1359fd40be9fdf0b618bc95_0.json,696,0.016956643444195563
25904fa,c_25904fa3b61c1d6ef494dd7839eae1d1f49ff38d_0.json,697,0.016878886700732898
69b2d38,c_69b2d38e6c621ef6557eabe4948f69f78bd7f363_0.json,698,0.016866463768424156
c61dcca,c_c61dccaace9a74483f45d578121b8faee04b0f57_0.json,699,0.016818159757604034
58786c3,c_58786c3f717fa506280127265cd68fedf17de0a9_0.json,700,0.016817500776748595
8980b60,c_8980b60033b1c6853cbca593ec89d3d332adf7dc_0.json,701,0.016771704460092685
0f655dc,c_0f655dc72070acbdcc5fe3a1aecf91c11955c37b_0.json,702,0.016707171240613716
38729e7,c_38729e7a4539cd369840ba01e802c932863cc142_0.json,703,0.01655799792745094
46f8deb,c_46f8deb58b89694b0e09006915cbf5fa52669db3_0.json,704,0.016487168852778233
d60b3ae,c_d60b3ae7526aa25abccb51c0061bcafbc3018b86_0.json,705,0.016390932060413976
bf4fc62,c_bf4fc620041677d3031a326fd2c0f91352fa6e27_0.json,706,0.01637826754139482
edc9ea8,c_edc9ea8c17c95cbf32d2373fa7bf8c4dec614326_0.json,707,0.016337298071388617
23705fe,c_23705fe72470fa22ba41e86ad0e463263a7cf947_0.json,708,0.016169821337247647
7efb21a,c_7efb21a25bb44dcfc513d584c6b191aeacfba367_0.json,709,0.016160246348634
c5a6976,c_c5a6976d8f6b8a3c548f9ce9ea12123b9fff0f0d_0.json,710,0.016158087140833888
40e4513,c_40e45135df035f70d8cedfb80d195f3aaad3a6dd_0.json,711,0.0161001166092406
d768bbc,c_d768bbc4212ee0d95d20d52426fbad47f0f9c56e_0.json,712,0.016000878487886117
38becef,c_38becef02d9727b59d1f9792f68d584d6189335c_0.json,713,0.015968801530484633
9adfc80,c_9adfc8062e31dc6b9cd5614d4ba6f8ecd27d5c92_0.json,714,0.01595318038733462
0cfd65a,c_0cfd65a8bf4241082546225151026fd65a28c455_0.json,715,0.015929938174530034
f9e7db7,c_f9e7db7548d301bb93a49a87f63ffeb3e0b39edf_0.json,716,0.01580994577110617
41abf3b,c_41abf3b75893403d9e21c33d06e8dc233b5cf657_0.json,717,0.015800632715754492
f52df3c,c_f52df3c6b84cee1fba6d7fba75c2a8f78ca8d743_0.json,718,0.01576896600324884
dd09a0d,c_dd09a0d5d3af753bf28fe2ceba0dab7eb22373bc_0.json,719,0.01572454021590708
92d3cd3,c_92d3cd3eaa7d7e8b5b36322e9bab8eabe6a53c01_0.json,720,0.015662609853397624
49239b9,c_49239b94b9eee7a46b9c86cd0c0b1d4909048d52_0.json,721,0.015662381675124792
1046b0c,c_1046b0c09e2371f8924f72331d42db5b554c4a32_0.json,722,0.015632264396908235
dace906,c_dace90682a063279376435f07bd2379d70ae9c0e_0.json,723,0.015573826947144043
5cd9c1e,c_5cd9c1efe90dc7c1be33cd7f8c1dcbaa9225909e_0.json,724,0.015540304236700053
39dde4c,c_39dde4ca5df6263d7058029e081a710d7fa13de9_0.json,725,0.015395772761328863
2f0c326,c_2f0c32605f1c9ecc73ee9786b4f4c1b8f574ceb0_0.json,726,0.015358596682984116
3119300,c_31193006e16b909a3115f998789057fb05d76b18_0.json,727,0.015242434533044968
5741fcb,c_5741fcbabf37d54f3d37f4b497b44527ede76be1_0.json,728,0.015167986487266472
e276b9f,c_e276b9f30132f9cc0a7a47d6181ca54e4214b5cc_0.json,729,0.015100213775286475
1868857,c_1868857212ec30a6fe0e2a10396edbcad82927f2_0.json,730,0.014999328456596461
f65f91e,c_f65f91e8bab0c265e6795691f7f13c4655ea2249_0.json,731,0.014947876790395775
7a1ffc0,c_7a1ffc0ee87ec8ec2168b134dd644cd73c399584_0.json,732,0.014865212083291168
19ecde4,c_19ecde4b224e78d3cf3ebad293a76a0d7b7bf376_0.json,733,0.014792264382771592
68e0061,c_68e00612bc6a04357b638958f380ea6d4072ccf1_0.json,734,0.014576922949648852
145faa8,c_145faa871db6b60f468ebee99b3551c6c18a8459_0.json,735,0.014564157103316933
80ee905,c_80ee905775eded2256972f3e762862fcf66f0095_0.json,736,0.014541678583218087
386ab6d,c_386ab6da410291c7b9b4880354dae764275a9518_0.json,737,0.014538086724485533
026c346,c_026c346555bbcc9d25fdeedbc85a6d68f0307775_0.json,738,0.014395942960659491
7451ba0,c_7451ba03648961a591ec5af7e33d665e25867304_0.json,739,0.014362583438125687
8354dcb,c_8354dcb5eb30240c82c08d060779809d9137c46f_0.json,740,0.014320128010029354
fa45534,c_fa45534251c33bc8ab890dd58a8ff51dd75ed02d_0.json,741,0.014217072570980704
6a6e135,c_6a6e135c75df2ee2d8a03c010d045000b23007f0_0.json,742,0.014151016867971822
de70209,c_de70209098a5cb103655afede52ff428f001a59f_0.json,743,0.01401745680322064
78b01c3,c_78b01c3a435cd175ce3ee70f97b2f8faac342cdc_0.json,744,0.013916532620617095
c2824ce,c_c2824ce4565143140d6b93d0241a6f7e6c81c3a0_0.json,745,0.013879871167235658
e06d214,c_e06d2141edf709488a67be35e63f9cf7a2aa2638_0.json,746,0.013866652975902394
b494aff,c_b494affaa7997bd683ff032557c167dccd6745d6_0.json,747,0.013788087276780603
26d8656,c_26d86562dbca7b21739296826935b74e2cd75dbf_0.json,748,0.01369911103450605
9afca86,c_9afca869d4236594514b8461d771af9999c8a989_0.json,749,0.013510419682448704
341a643,c_341a6431f3671b780bd16c47a4543cd6f8f2e671_0.json,750,0.013092624807338193
6938aaa,c_6938aaabd0c2424ad36a4e13e7ce072b944ce33f_0.json,751,0.013067074610601415
f02faf9,c_f02faf9d0650270eeb430d368240401d0f465597_0.json,752,0.012938517288779039
5af11d3,c_5af11d33f8b3f5403c9987104601f544cddb96c1_0.json,753,0.012925082688875822
52547e6,c_52547e61d187e102f21e5545c24e8d232fefe92f_0.json,754,0.012299567005710887
