08a3d67,c_08a3d67273f31718acde383a4c5158bed9c506b2_0.json,1,0.23452982270655776
e322266,c_e322266704817edd0a19e05207a15b791ca160b6_0.json,2,0.21932712451456593
e8e755b,c_e8e755bfb9a0b1b8b19e8312942ea29cb9b626da_0.json,3,0.20859134234129884
2e49694,c_2e4969497c5734d90d394103728bb517644f9157_0.json,4,0.20489874000706898
e6cc4ce,c_e6cc4ceff4e1d119f1779d1370ff99aaa2911f23_0.json,5,0.14325459853444578
2f73257,c_2f732574251122055092a4c6869123eb08058b14_0.json,6,0.1392835172494491
3eb8a67,c_3eb8a67876703682e4156b378871911870fcaad9_0.json,7,0.12034444990843274
20ed24c,c_20ed24cefb5df53c48021459af98bef83c55f241_0.json,8,0.12016851441803689
f435b79,c_f435b791e193cfe771d7dbd28d2822c32a0889e2_0.json,9,0.11581056556302627
4555f2d,c_4555f2d3bdd513bfa82e444930e29531387d0215_0.json,10,0.0903048184332298
86c1d97,c_86c1d97c5f83cb6cc9c0d7490942b806d3a1d3be_0.json,11,0.08798846913749414
444f558,c_444f558a8ed804f8851f16dc234ced136252d485_0.json,12,0.08693046905407331
a83d5f1,c_a83d5f1a692d468e71edd96801caa156492b4817_0.json,13,0.08623406407494016
e9e331c,c_e9e331c2b922a5ac3f89ab8b3ca364df3ab11080_0.json,14,0.08532264636865516
6e760a4,c_6e760a412fba8715f219e98def54c6cd6267582f_0.json,15,0.08453901223451554
4cfd3c3,c_4cfd3c373f49f8e56f53ae28c1401cc2f528e451_0.json,16,0.0792361762321443
83d1848,c_83d1848144abf29b501d59e0c3ec41e40c9cf020_0.json,17,0.07193260620805719
93e9d84,c_93e9d84da0e87896aaaac14769eece487ba9e64d_0.json,18,0.07184976218487737
d6da0b0,c_d6da0b0240d8e550ab459c9b222cb34cee5a9cc8_0.json,19,0.06823221851970984
eb95cc7,c_eb95cc7662dc5c438de8d9ef47ccf131bf7191a8_0.json,20,0.06299792650839109
9d3ab85,c_9d3ab85127dff8f684d18243425f543b204aabef_0.json,21,0.06279605657783105
97f29aa,c_97f29aa3541dac70b811f766dd58ba47ac34d58c_0.json,22,0.06151500148601896
9dcc488,c_9dcc488f3c6afb691e49af42755cfd61b0a69d04_0.json,23,0.05932405852963252
ef57a00,c_ef57a000b65f075de35f8d593a5223779755ac26_0.json,24,0.058551284460096276
3ff2694,c_3ff2694aa22c5e12bbc67b9d7ddf736a9cb82e5d_0.json,25,0.05818665160782477
ac809a4,c_ac809a4a5e816e69ede5f18005a519f0436a31c3_0.json,26,0.057959883589521755
7f653fa,c_7f653fab63ce7ae048a6fba1c2f529dc586369ed_0.json,27,0.05112783200806359
d2f4ea6,c_d2f4ea69702a20eb74cc0e43491fc156d0c88d6e_0.json,28,0.05076666089383797
8929d96,c_8929d961dfd44d1a6758b81c9a0c5adf8e408f6b_0.json,29,0.05006792060996845
2cce405,c_2cce405d1eed3536b222f830220ef32f5a2937d7_0.json,30,0.04931957786791852
18e9a8f,c_18e9a8f2ba83bd50dff8766bb0dab902a317f2f5_0.json,31,0.04878506950175887
48a63ff,c_48a63ff1edb2b35098ca14ff9e03733dd9fab0a6_0.json,32,0.04850661374630061
ed30e5c,c_ed30e5c14b7ebdd2d9328150b65fadc09d833c71_0.json,33,0.04759057338190953
c01af22,c_c01af2290073af0ea42eb02dfe965b4cda58e112_0.json,34,0.04713525217154935
0c312eb,c_0c312ebdb813b1128061ba0d32b10f4a2e098c39_0.json,35,0.04578296047737629
00aa39e,c_00aa39e3faef106f8fbb3068fa65991b1001a7c8_0.json,36,0.045191031984654795
7b1a876,c_7b1a8763534bb06d5f83b03ed8f6abb3e6d4db80_0.json,37,0.04492201563600995
4a0e5a5,c_4a0e5a59e690f53f4fbeb16ef80ba5afe66bb744_0.json,38,0.041831964468418414
8c211dc,c_8c211dc36f541f385b3de99edda9779c3a81a4ed_0.json,39,0.04177243896282112
6fe6c34,c_6fe6c34a888486b417a913deaca517305b76cc71_0.json,40,0.04016554989504251
0722718,c_0722718f1f3e3811639600a3333ec7665592364d_0.json,41,0.039551476879887804
84de4ab,c_84de4abc83b1831f96a353e8e87d09def5c1621a_0.json,42,0.038101301646834784
7649933,c_7649933bba7ad5960415065dd95cc99aada42240_0.json,43,0.03793600120901053
2264b36,c_2264b369e32637b6d82a0bc3362d28173561662a_0.json,44,0.03683173834665565
102caa1,c_102caa116c375ab74da564ac0f4d5d954b6296dc_0.json,45,0.03607832914408737
be365c5,c_be365c578e7b9a0214eafb468a0753133345854b_0.json,46,0.03460748655924639
7eeb74d,c_7eeb74d133625c8819ba8da52e37f4e4db4b8a26_0.json,47,0.034467409120293224
d31572d,c_d31572d7abb174d3a75d80d909d9aaa0be093c62_0.json,48,0.03419577942730356
43e16a6,c_43e16a608ddc00981c92cf3772c350c8b7e934dc_0.json,49,0.03392579506349702
e4ff08f,c_e4ff08f2bad145ec500228de112c8e821e8725cc_0.json,50,0.032339644589060246
40a3575,c_40a35750e655d5229744684086a9249b233058bf_0.json,51,0.031133077897410488
d23db47,c_d23db47db68a1b25b90e4ce255156e9758697ed2_0.json,52,0.030442437313413673
bd3e7c8,c_bd3e7c8ada7748dc5cf2428e68c828c0cf744469_0.json,53,0.030274507736026135
cdeae1e,c_cdeae1e34bcc646c3bd07e7d74e7fc164a157bea_0.json,54,0.029416520922868283
847e03e,c_847e03ecfe09ae074844e5821ee185cd8c581f42_0.json,55,0.0290547664019285
1168662,c_116866284b8068c817ad53b2b611568a7be25090_0.json,56,0.02885789819053497
83b8d1a,c_83b8d1a6c8db2d34fbb344ae3125781978910725_0.json,57,0.028627113630183665
f992e41,c_f992e41708287a8251dc9d92ce9db874e0e8f076_0.json,58,0.02860727189682455
03336ea,c_03336ea9dd5d2aef2e31fe5e6402a04242f4d9f8_0.json,59,0.028130934906552163
10cfa04,c_10cfa0465c9d48f6a3ce3f5996259e77b43fa858_0.json,60,0.027207408732604854
9bed789,c_9bed789bfee6c6433945c0a3e2c710c897616888_0.json,61,0.026887573526849784
0474436,c_047443682327a75059c936fec9a323a0d27659a5_0.json,62,0.026163350622156578
8877dab,c_8877dab91c2c4074db6ff7b459d247959019caad_0.json,63,0.026129853293951677
14db439,c_14db439cfb817b8869bcd6f603960040059d9643_0.json,64,0.025967303641017625
da9b977,c_da9b977ef99e2595602a964561906a930b4332f3_0.json,65,0.025271071027803793
ce843ec,c_ce843ec83988e3e3318fa7db38133b06be741a1f_0.json,66,0.025230115196925307
210eead,c_210eeadbea339e00711cfe3f8bd68f600ea0765c_0.json,67,0.024859309225123583
3091fd4,c_3091fd44859c3e5849fbc51fcab48342823276c2_0.json,68,0.024551401067515632
e96bd4b,c_e96bd4bc44fa8e57993679ba0f4851554a8e7131_0.json,69,0.02430869267860536
0b56f3e,c_0b56f3e5e012e689af8dda0e96d6e0c9f31853b6_0.json,70,0.0242832506903341
ec49e38,c_ec49e3832a1db13efc343d22798efb1523684959_0.json,71,0.024020425716837268
28418f8,c_28418f8335d2b359690e80e61d0081f4e892769c_0.json,72,0.023934360281436695
abdf227,c_abdf22714e557304d9f6782d30da9b7254ce017c_0.json,73,0.02389692355657358
37d4c1f,c_37d4c1f1d3297fd078dd8d1574b7f7c2357a99b4_0.json,74,0.02386527136522354
40979c9,c_40979c984d6ceebd50dab1ba516babb1570841a7_0.json,75,0.023604439430637947
9db51cf,c_9db51cf756951fa62a7670b70d314af2f0ffc197_0.json,76,0.02351816933708839
95945f1,c_95945f173ca94f9ac6620011cb970707351f070e_0.json,77,0.023134609738281964
f5b1a2a,c_f5b1a2ab1294970be9b4fc6abefe38ac7e5039be_0.json,78,0.022924645057751936
a3d03f9,c_a3d03f9a1ffbc4e9ba5bcbe991ca6ac2e5207f6b_0.json,79,0.022706791828322914
19f2541,c_19f2541e9dad74a7e734225f3d1b598324a6ea49_0.json,80,0.022607314116611765
3205f0e,c_3205f0ef9409bb622f66315983830aa89d9313cf_0.json,81,0.02259996257448116
2ca58b7,c_2ca58b79dd165a6eec7ce990cf53ceaf9445e5f0_0.json,82,0.022323974168343086
98e828a,c_98e828a29423b72397d8783c4d02159e50bd50a4_0.json,83,0.0220555020257982
56bacbd,c_56bacbd1532e9a985a879e686fdfdbf65d24be7c_0.json,84,0.02192737098223263
0081d16,c_0081d162cca8ad23b500b53799195fec644f261b_0.json,85,0.021228482922110548
027c415,c_027c41520e029ae88e578cc9b28491a74d8bb25a_0.json,86,0.02113336601801674
bb4ead7,c_bb4ead7c350695c1ed3c52d028090da4d4cecd1e_0.json,87,0.021072780013479897
ad405f9,c_ad405f99cb5f41fb311fa086dbd6762a8e84264d_0.json,88,0.020949749769371917
3509095,c_35090950b41fdd4f3c4cee798d53229d837e7599_0.json,89,0.020944327679576102
05ea09d,c_05ea09d373e05aa538793ba042148f83859d1402_0.json,90,0.02073858870558498
82855b0,c_82855b07f5336d30c70dc20548ab7ab8adeac05e_0.json,91,0.02072585347660605
ffde882,c_ffde882f49c01900d6ff3b65e9407a3da3d57f1c_0.json,92,0.02067645176674615
fcab98c,c_fcab98cdd311deb3dd4fd63fef2bc6c4c397f186_0.json,93,0.020512142033692227
e491745,c_e4917452778b4e1b19b2fcbe9f258e9e4061a97f_0.json,94,0.02039015279042422
314fa9d,c_314fa9d2351741b47c34337f57faacc8fd5448da_0.json,95,0.02029274516317392
5ca6b40,c_5ca6b4041d0605025f1a1582a605d2aee377bc1c_0.json,96,0.020244491661504105
e5cd584,c_e5cd584705f746893f75e85cf7acdb2d7a0db1af_0.json,97,0.01990013343129937
e65b503,c_e65b503c2054ec715d75815c07187e41182efe18_0.json,98,0.019693701427336507
b57bab4,c_b57bab46e4241cd3cacce52cb6ff310bbf69eb7b_0.json,99,0.019676489855042223
8c07dc1,c_8c07dc18a69efe2ea811d4c1ffe630b56e2d8629_0.json,100,0.01959298016180555
ce69123,c_ce691239d40e469b75fa22b0bb6a065202c475a7_0.json,101,0.01951562922288197
3dd9e66,c_3dd9e66bc21c6f53aaa21ce45666610f68540555_0.json,102,0.019482857028870537
479e85f,c_479e85fc44c56061a15b7b4a4f7469ed337f83e3_0.json,103,0.01945926626714445
d24b485,c_d24b485e252d9e86858207da7a57678d41d3f72c_0.json,104,0.01934897153133841
b87be0c,c_b87be0c0384503d832a34d363800441b94b8fed9_0.json,105,0.019345647179456416
a657d09,c_a657d090e2f127ebdce131f1f97e7758a8ddc463_0.json,106,0.019013251050418623
daf4666,c_daf4666075b44c4405f7dc648467bdd39c236556_0.json,107,0.01897144298019804
ad20367,c_ad203677d7d98af76d29ac8938dcdc7751ef14cc_0.json,108,0.018963717407116443
2f0a7bf,c_2f0a7bf507020d98b3bdbf0a93bb1c753dd90268_0.json,109,0.01885353452467864
6c2032d,c_6c2032dc6cc1b502c88cad8964d59b668039c3db_0.json,110,0.018441188533996455
57bce6d,c_57bce6dc8424637621f6b660855f23e72a08c4b3_0.json,111,0.017633454509146107
916d539,c_916d5399a698ccf3eb2e0f02f4cad234fedec177_0.json,112,0.017613003554204254
671e03b,c_671e03b570f586b6583feb1ee3ddb5d5c62bd50c_0.json,113,0.017569920142952666
62ea04e,c_62ea04e4d5cbf91b1b1a225c90b8077e6db27e58_0.json,114,0.017303865595552526
3f67316,c_3f67316f30614c43d14533ccc5246f7d964db70e_0.json,115,0.017277107228512723
c1ef042,c_c1ef042a598d492cbcf0bcf09526a49c74bec073_0.json,116,0.017234519991409236
b04c541,c_b04c5412eb75a7a35925896db7121c3a2c67e1c4_0.json,117,0.01695888005396029
050c5b2,c_050c5b2c4e3b6b6993b71313a82ac50c64d94555_0.json,118,0.016845280755334202
c95216a,c_c95216aa6e1f0dc5d39aea88624b05b953953d3d_0.json,119,0.016614050832684746
6b0dd15,c_6b0dd15b9542b184a55040de992e0140e613fec8_0.json,120,0.016527127123131313
c84469e,c_c84469e7d9e9cb48ab10a50d557d1a52d08f554a_0.json,121,0.0163239769626764
1342c61,c_1342c6117241469f0c376353798821105cf7cd02_0.json,122,0.016103544589373242
a8ca1da,c_a8ca1dae42c522d5c13c2bd7fbe3673507679ca8_0.json,124,0.016098530399704214
a9768aa,c_a9768aa5d5a9c9dd427d589ca3e1494786cfcb12_0.json,124,0.016098530399704214
214c568,c_214c5686b075152d2bf8995731632080ed8f8e83_0.json,125,0.015972686931994273
aec561f,c_aec561f3328980182f299e61eaae45420245141b_0.json,126,0.015935373260827723
0703968,c_070396808fcb7cf41ff29ad52f7d1078aba99832_0.json,127,0.015862812292855355
46e1e97,c_46e1e9780049f855ca60f2c32c594062358a3330_0.json,128,0.015763948749040635
27a52f9,c_27a52f90a25699bebe23ff1ff94d6db361fdb11d_0.json,129,0.015583597879026745
19aecf2,c_19aecf27292e894fefe4552309549325387163d2_0.json,130,0.014992712742881609
a52e669,c_a52e669ca8bc48265accd57d610c0258f7891841_0.json,131,0.014988734277988636
9c8969d,c_9c8969d48f776ce2f1bbcac73a2e0b4c85c71556_0.json,132,0.014982472588271123
982e4f9,c_982e4f96560dadd33e627a1ecea7557f08745d98_0.json,133,0.0146849115224148
f4f2efb,c_f4f2efb22f24378eb608aa308ba30cbfee3b3df2_0.json,134,0.014644551420739171
e256bb7,c_e256bb7fc5979de256371bb324f1ca1330e38112_0.json,135,0.014583980563081744
e2c62cd,c_e2c62cdc3cc8f265af6ea100b60964ac6336d6e2_0.json,136,0.014353676609270893
f0f3eab,c_f0f3eab9c34cc32c6ad06a991fe572d243ca9e85_0.json,137,0.014181593866300468
e8e29ca,c_e8e29ca111772980970275662e0027fa695d9f27_0.json,138,0.014055055398410565
4cbae5a,c_4cbae5ad165b260c43f5c369517dff90a2139377_0.json,139,0.014027869973571527
2660750,c_2660750b2e6691a2d5414f3f9f878b69a49539bb_0.json,140,0.013984057444819342
211a0b3,c_211a0b397d251f043e9b2c4815a7e452741dbd0b_0.json,141,0.013975116715628788
09d99e7,c_09d99e7e5edc96348b9fa50131274aed3ee1bd2e_0.json,142,0.013971955912501777
ac95e9f,c_ac95e9f55bc7ffb60febb341571d85635dada8fd_0.json,143,0.01397010174664226
f8841ed,c_f8841edabba28d6125dd87ed72f557e85570066b_0.json,144,0.013580897333888897
6fcffa8,c_6fcffa8f400ec9980b9fa30d3f737eceb46be234_0.json,145,0.013575593726438462
0402525,c_04025259e96d3676097e84126fb55124b92c50ed_0.json,146,0.013522507595039923
cacbbfb,c_cacbbfb9604fc5ce565b3547f4a7de77c037013f_0.json,147,0.013431279113659378
674dab0,c_674dab0387c4bfad01465574c4be6ea4b3f4f6e9_0.json,148,0.01333155200193048
496e6a1,c_496e6a1e56c3af11c8071820c74565bc55f1850d_0.json,149,0.013318540957922176
6b60af6,c_6b60af669bc6102f0328af330532986b8670f3ac_0.json,150,0.013278308725622745
7898cdf,c_7898cdffecce78996012bd06eac0792dd4b6ac6d_0.json,151,0.0132392213823318
f607d8f,c_f607d8fcf01d7053b61b63aabfb8c4d7a0f7e02f_0.json,152,0.013177759195766026
548ce13,c_548ce13435a00bb447fbffdbca8c5ce3be752ee4_0.json,153,0.013159854802349491
f0f280c,c_f0f280cd42096a41058b87517a3a2da9f5bcecb2_0.json,154,0.013006892854893537
0831a08,c_0831a08ea788e93c68159318fe8880d435d40c23_0.json,155,0.01294882590798152
528b793,c_528b793d86be485f7b4fff51f97e67708eb632da_0.json,156,0.012924870945162148
961e4d7,c_961e4d7186308a33aad544f83e67e0a57d30b35e_0.json,157,0.012897107669718078
4b9bd67,c_4b9bd67fcac532d7c1ed9553015f3ce1da75cce0_0.json,158,0.012721160321482516
a29e8b5,c_a29e8b5374c7ba0828752fe78b3cc3471532121b_0.json,159,0.012644533359757237
77add79,c_77add7946ea5bca622b1f4f654f97e62f6db1e95_0.json,160,0.012588737881740864
72fe766,c_72fe7662416118598bc0af126c15cba3ca09d9b4_0.json,161,0.012578430038394872
e2f6a9d,c_e2f6a9d19c7025431278f0d77085dde4dc2da798_0.json,162,0.012547028989822517
2217137,c_2217137d9254f124e01aa935628a4076f7478995_0.json,163,0.012391911807292044
4f2ff53,c_4f2ff53293ce4afb609ff7cb8b2d2fd27240cb39_0.json,164,0.012221369502075752
4bd743a,c_4bd743a3a5492d1d185bd21f421e49ce3a27af7c_0.json,165,0.012008901612782008
dfe666c,c_dfe666c45ece6ee90c0a7586f38ddfc6825cd65c_0.json,166,0.011735833756606695
e97f564,c_e97f564d2450702d2b74ff35ecc5ad5c1e57fc0d_0.json,167,0.011724444200602924
1f3cfcf,c_1f3cfcfb08a5e7454e61513389b814c7da6072ac_0.json,168,0.01168920881469293
ff329d5,c_ff329d584a733c7fb58bb378a752541a7838fbd2_0.json,169,0.01162766199606513
0e4c8bf,c_0e4c8bf728d368fed47e458f5f91517c677f1d60_0.json,170,0.011520659648346587
c6936dd,c_c6936dd3daab6dc7098065dff0bf39d8318349eb_0.json,171,0.011519789445114781
36be16c,c_36be16cd662f56ea0fc01bedf14c8651ed74776f_0.json,172,0.011514186207539967
d8dbde8,c_d8dbde85408a685075e5cbec0709877317393497_0.json,173,0.01150731261817095
7a7419f,c_7a7419fbc1bcdee4329f90b2361f4fce5376eb92_0.json,174,0.011484565308872652
7e5fb42,c_7e5fb4251ba7c8f815b271ac8f6dc4a84768c59c_0.json,175,0.011254897545449727
7568b91,c_7568b9143d1688129350c1a6ff8ceb923b9e4731_0.json,176,0.011245325726562894
f548940,c_f548940dd8be5f8c93ef17a8896b2807aa2a08bc_0.json,177,0.011228109466718927
eaf6bf4,c_eaf6bf4ad42f86fb6c2608e4a8bb5d5fdf1e46ce_0.json,178,0.011185198859306578
2086539,c_20865395f255eb2cfefc1187822efe658ea83c54_0.json,179,0.011121296344387854
e5f6e08,c_e5f6e084f755969196ca9a87c6b334f7125359aa_0.json,180,0.010982324323871917
5eecccd,c_5eecccd3eae2d7af9c8426473e9ee53bc01bc7c0_0.json,181,0.01092188982361686
9824d00,c_9824d000c7b73f52a277dcc83b55602225154fb2_0.json,182,0.010915994774297721
2e22a34,c_2e22a341cd460a58d3f70ed8bf77bef53e9bec0f_0.json,183,0.010904287285467551
80c826d,c_80c826dc46a5270826c411d3741bfab8c98eb42e_0.json,184,0.010860967554956913
4c35318,c_4c3531886a0f7b2a3cd6987dc9c926c5eff8fd03_0.json,185,0.010712177635117892
84056de,c_84056ded0760b1ea9a2eb816d6fc0170b8d7f3cd_0.json,186,0.010690575730639251
eec6bb0,c_eec6bb02b3ce782af30f72048b800b8588c1908f_0.json,187,0.010669666266272082
ac57740,c_ac57740b13bddd414c98253d53092546c1c330a2_0.json,188,0.01061333065068304
aef65a9,c_aef65a900ef328f92bb487752105f89d9a735672_0.json,189,0.010471421153246507
5b40706,c_5b4070635f916b7d9d99e306a4c3016473828db6_0.json,190,0.010421064328224094
ada7795,c_ada77956bb99a098503ee57446fcd8cb59cd3354_0.json,191,0.010278951602839204
e86fce8,c_e86fce8a0480ec35b76cd42c82b3466d724af082_0.json,192,0.010259287412655027
97d203b,c_97d203b3e70d9f2387fb6b11fb115b182e1f5e41_0.json,193,0.010236317343436885
6c945b2,c_6c945b25b006e621a056c97ad75d80fcc04ff3fd_0.json,194,0.010205146553241673
935cab0,c_935cab0e00f289ce5369f4c217b5eb3a3d9e33e7_0.json,195,0.010179945477077013
9e2d371,c_9e2d3711ff5f23e39b0f956d03c3a2b547239fc1_0.json,196,0.0100459767602743
45e787d,c_45e787d054b2851e0f3607bab47e2c41496efe76_0.json,197,0.010027738228325922
a147ce5,c_a147ce5467129fa15e62e31c725f8115dc6b5560_0.json,198,0.009999665970417349
57567c6,c_57567c678cadb79fbc19b86e11391e325834dffb_0.json,199,0.009926276500760611
c1472f3,c_c1472f385f1c24c047543787ab7ef8b807cc8ba4_0.json,200,0.009836977965172133
2bc4205,c_2bc420589478b3cb01398cd9eb233be25b73b7c0_0.json,201,0.009818241123847549
af580c3,c_af580c310cab08ed637afb235c22a83bb71f4f9a_0.json,202,0.009791857390708314
79c6723,c_79c672355bb31aa69c23d2dd1ed8cc3f89dd2844_0.json,203,0.009791120848216539
09b0d1b,c_09b0d1b6008ee7fa4fa7cf6dbaa798d967254a02_0.json,204,0.009742401012774682
ec69d09,c_ec69d09deb79468edde57456c0f79c19128e19e1_0.json,205,0.009715182627613284
d65b6da,c_d65b6dad2a88e584be032481d30b7fc09112d225_0.json,206,0.009640060336996825
6788a6d,c_6788a6daf22fc16c752cfa51d53b17a9436df1c0_0.json,207,0.00947240984459996
4296f2c,c_4296f2cd95db753c80becf915733c8ddaf751daa_0.json,208,0.009382793940095335
c4bb2a4,c_c4bb2a4933994931900cde164e517ff0e3a61353_0.json,209,0.009356201950171394
0eeefe4,c_0eeefe41eef0c037f514965618e7f9c2d2129d7b_0.json,210,0.00930750491578991
8a49d09,c_8a49d09f5c2acfb89b0c1f2887728793a036aa15_0.json,211,0.009262979668045013
b8b7308,c_b8b73080085bed3b2062e1a90ed940056997a0ff_0.json,212,0.009219405804499536
78d40f4,c_78d40f41b9567d7e8a0c891f31b7deee2b1f3f19_0.json,213,0.009137377936774382
09adeec,c_09adeec44230265c8300408e5aaffa431af88957_0.json,214,0.00909283803013028
5e52f1b,c_5e52f1b266173593fab32fe9d8a4963066b2f2fe_0.json,215,0.00904977789907635
62afbdf,c_62afbdf6a85fec75fde38d327928a180bc5bccb3_0.json,216,0.009033796850299036
8bb732b,c_8bb732b7ccb51f4006fa7fa221762755eed949c7_0.json,217,0.008933880436990616
6c28472,c_6c28472ebeca802a22d8b4b775c381b7117393d6_0.json,218,0.008895337360314892
40a3cda,c_40a3cda062a8e856cd87b1f7b26d200d2c4980ec_0.json,219,0.008863070193222189
45718e9,c_45718e932a4b1d88f4228e95e52992d2c5ab7402_0.json,220,0.008850953804619865
cf3676c,c_cf3676c534e92052acf870c71e2fa8fb9c060fe6_0.json,221,0.008820855400908267
315292d,c_315292d76e2e415be2a743ebefb5116898cd97ac_0.json,222,0.008812241011612931
e23559f,c_e23559f993f64cf0f1720eac5c930dbaff0c8b71_0.json,223,0.00871262946721063
01342bc,c_01342bcffce91c36e280158b7c6f2e2cb72237b6_0.json,224,0.008656549755081455
17486e2,c_17486e2fa5b542b1f68b9b60efbefecd216a4a48_0.json,225,0.008283320696714558
eb1edd4,c_eb1edd463b1f3b52b541d58487718676445d0d34_0.json,226,0.008219367328827554
6cff72a,c_6cff72ab387d211de65567d7537a73d81a37fd69_0.json,227,0.008204836977930285
80ca2f7,c_80ca2f7994a5da3b502a639440128f3da7187711_0.json,228,0.007828001097003656
0073422,c_00734226f07e57a2d13f82a4b395b4bb7b9ee20b_0.json,229,0.007789643162502191
4899674,c_4899674eccbb5b188a97915db8b858a3fd618098_0.json,230,0.007727482884240966
ba5d660,c_ba5d66010db39205e29289ae81122fc85299d145_0.json,231,0.007627330965666701
544281d,c_544281d17133045c19f52c1a0f3aa7b87ef7d231_0.json,232,0.007530342428285763
2f5b187,c_2f5b1878624b28c268e337fcb2748dbc249c5e6d_0.json,233,0.007490852494565381
7520dee,c_7520dee7b688bdab536bfd76fca47a65316d2147_0.json,234,0.007238799443677002
2202259,c_2202259e8bbf9eafa83a0a06cf765d01f5beb69a_0.json,235,0.007206608460445518
e05e185,c_e05e1855a90905b7d467cfc8d273e7a078ad0769_0.json,236,0.007174186134684124
577b292,c_577b29272d3cefacef578ea035e90efd78a1360b_0.json,237,0.006748821571629704
ef74889,c_ef7488975ee41c8743e4615677555e5af2046567_0.json,238,0.006725154211077111
59d5e26,c_59d5e26e6a0450ca74a9d696c6c1054f0837a5f7_0.json,239,0.006053589079572319
