24	223	8ee0ed53	c_8ee0ed532e4ddbf2746d802f9926b9e3d0116cc5_0.json	1	164.4522705078125
24	150	fe4b5459	c_fe4b54595b1a9ac9e6abfd2ce31ddb348ae2df77_0.json	2	164.36541748046875
24	194	d3c29775	c_d3c2977592e308a14bd0343586b217141d1c32e8_0.json	3	163.89285278320312
24	52	6bcbf153	c_6bcbf153c4497c38c4c36c3a04c1eac1f4cc153b_0.json	4	163.63223266601562
24	222	28a8c187	c_28a8c187f1423b5f10654aba41dc2e8ad4719c81_0.json	5	163.56826782226562
24	123	42b00e99	c_42b00e9972d7abcf2001fc641d4c824b38b2a75c_0.json	6	162.33987426757812
24	149	279e5a9c	c_279e5a9c468a48574a55db31f0a6e33d9309a667_0.json	7	162.2569580078125
24	178	53ed9125	c_53ed91258ae02f21edd9aadd53e57cb1c1f5cfaa_0.json	8	162.00462341308594
24	96	5db7cc6d	c_5db7cc6d0dacef08622701220a562508f23624ae_0.json	9	161.9698028564453
24	206	b6cfdf96	c_b6cfdf9648f6f09f76e9bc686fd79ccfdd1d6102_0.json	10	161.08773803710938
24	228	0a8de54f	c_0a8de54ff89093fc8c5a2b00f7c0c856c5cbe57d_0.json	11	160.9810791015625
24	201	33abc034	c_33abc034037e3ef5d85d1b03010122617c386827_0.json	12	160.9214630126953
24	165	f7895947	c_f78959477b207bf710049aa35730ef7659f0a1b9_0.json	13	160.65830993652344
24	171	a52a9af7	c_a52a9af7c135b93a2f8c2480916ec5f5bad226ec_0.json	14	160.56187438964844
24	106	0c5f4058	c_0c5f40589c4978f952db05ff9fa9258a0ca99381_0.json	15	160.50656127929688
24	174	08cf0f5d	c_08cf0f5d990cdc0daa251fd1a84d011e8cbecc9a_0.json	16	160.3518524169922
24	224	8f8639f6	c_8f8639f6a2606f45c130d7d9b65248248fc431c1_0.json	17	160.08351135253906
24	107	b92abb24	c_b92abb2404801d931c42d55f25749ad862947ea3_0.json	18	160.05259704589844
24	209	3d11b55c	c_3d11b55c1c5b33af7f4a822987aad5d2e18fd39e_0.json	19	159.79200744628906
24	89	45c01740	c_45c01740a0bc7f9fcf74c1d0acebb55b139ffcfd_0.json	20	159.7881317138672
24	3	e56f1e19	c_e56f1e194d5832c7d74bc5142fbcd1afc72ab54e_0.json	21	159.63267517089844
24	86	e4925b28	c_e4925b286a8e73ab64041c1266463ef1955efb51_0.json	22	159.54722595214844
24	70	00809582	c_008095820a47306543a2659e54b74b98880a773e_0.json	23	159.40301513671875
24	83	9a282e71	c_9a282e71e0a7c3333d7818dd9b7c6e23e4081516_0.json	24	158.97503662109375
24	162	3dc96b8c	c_3dc96b8c65512372b4ab3d2936ae8433f06cedbe_0.json	25	158.97280883789062
24	97	249ba6c8	c_249ba6c8d44720bc697400961a18f935110526b1_0.json	26	158.96017456054688
24	132	6b7691b5	c_6b7691b583f10c92258d2ca1960896af187bbcd9_0.json	27	158.9447784423828
24	120	b120308e	c_b120308e5307a4a4fec6d4f1c6b0a5390d6c4558_0.json	28	158.8755645751953
24	151	3864adf9	c_3864adf9edcafbabd48fc8b228acf7f4d9a27558_0.json	29	158.84774780273438
24	29	745d1a53	c_745d1a535c9cf45d24455afc150b808981c8e0df_0.json	30	158.65777587890625
24	175	97744806	c_97744806d59820b096fb502b1d51ca54b5d0921d_0.json	31	158.64779663085938
24	122	5b14c5cf	c_5b14c5cfb2f0a9e900b3e581212308db87112782_0.json	32	158.48838806152344
24	9	5e987625	c_5e9876251049e7580a948cd7a1f019444599d554_0.json	33	158.4802703857422
24	64	bd813d59	c_bd813d59ee787ad02916b51a1854e5366864dfab_0.json	34	158.46873474121094
24	173	7220ac2f	c_7220ac2f6b0dd525e5384e2d5708fb63475f836c_0.json	35	158.41360473632812
24	98	a8a8ec06	c_a8a8ec06a85a1090d560dc6cf236663da580863e_0.json	36	158.4131317138672
24	188	df8f8e16	c_df8f8e160c5fc9b955c627c4b65c7ba67088b7ac_0.json	37	158.11244201660156
24	117	3a93ea2a	c_3a93ea2aca3f922db5fad09547908cfc559e9937_0.json	38	158.07122802734375
24	192	f887e8b6	c_f887e8b6e2ebb519c6d0e51b1ddae6bd356dc3c0_0.json	39	158.05136108398438
24	33	5c427ddc	c_5c427ddc8fc5a36bcc21021eccfb0e82063bef3c_0.json	40	157.84674072265625
24	104	b75b00a5	c_b75b00a56fe738c55abbd70addf2f7128d979245_0.json	41	157.77330017089844
24	45	436ef8b2	c_436ef8b2ff7381e797436fc50d087d70b8032f40_0.json	42	157.75460815429688
24	170	c29455d2	c_c29455d2608f77b546093e9b021950645a37fabc_0.json	43	157.69577026367188
24	125	cce36ecc	c_cce36eccbc144814d3cef1d4c54cad1bcb75c150_0.json	44	157.50442504882812
24	100	648c03ad	c_648c03ad0f852812cb9d056159313f4de713faac_0.json	45	157.4739990234375
24	133	d7b3db12	c_d7b3db12bec1b028cf659cdfc7c8640facc88728_0.json	46	157.4631805419922
24	80	b75a08c7	c_b75a08c7fb0d7088cd263606b2322cdb41740833_0.json	47	157.23802185058594
24	48	3b8e3de5	c_3b8e3de5b7599a6165d48103f94f3a830361188d_0.json	48	157.19935607910156
24	203	b736fcf7	c_b736fcf7c59cfee084e65d06e85cb2c4caf2e9d1_0.json	49	156.821044921875
24	186	298804b7	c_298804b71d4e5f8b621f48a300f421229a3f5c86_0.json	50	156.74545288085938
24	20	16b91ad2	c_16b91ad2b9f5f524b2b07ba4515c65479999f7ee_0.json	51	156.39263916015625
24	91	cb8c4573	c_cb8c4573aa89c9097d9b91effb66d91e13b4449c_0.json	52	156.34600830078125
24	126	5606f004	c_5606f004a69c67c4a9dfbe199818ec92ea7f502e_0.json	53	156.27342224121094
24	137	5ad6ce22	c_5ad6ce22f851b3a05b370890686b45997182effa_0.json	54	156.25918579101562
24	8	929f3973	c_929f3973abd81100e7dd6cd1714bddd65a133d57_0.json	55	156.24337768554688
24	102	1f984e2b	c_1f984e2b4fd36b1619c4c99983a8344a29d74f00_0.json	56	156.17877197265625
24	129	96b70343	c_96b70343ac75bc9f71e9c3a6f0460704baf4907b_0.json	57	156.16700744628906
24	134	234ae35d	c_234ae35d4fc177e27e25269c2774e20f444b8a58_0.json	58	156.047607421875
24	196	0149b8ad	c_0149b8ade6ca4994531a54603472e7bd43d07b3f_0.json	59	156.04690551757812
24	75	fd3362fb	c_fd3362fb2cbe9fecb4a79654972b33088750630b_0.json	60	155.95457458496094
24	225	81fe7161	c_81fe71619e9e96906d50c4dda64714b62353a2bd_0.json	61	155.8828887939453
24	184	6a6bb488	c_6a6bb48840aa0043200a5d9f6fffea47aea1a8db_0.json	62	155.77963256835938
24	115	18cf7990	c_18cf7990899da4d0e5c4c1ec311a952420b54dc1_0.json	63	155.729248046875
24	93	1314233d	c_1314233dde6b3f73c888fe4274e45d654b7639aa_0.json	64	155.71841430664062
24	119	c51e61f8	c_c51e61f888f37b4536c2a667881fdae450ae9c43_0.json	65	155.66531372070312
24	10	7e3bcff9	c_7e3bcff98a5e290755664dc27eb9b86ba64330d1_0.json	66	155.63848876953125
24	38	f5771830	c_f577183054dd835d31a3f40026fe63831c140791_0.json	67	155.45440673828125
24	202	d36adebd	c_d36adebd3547279b709960c902c3fb7b89a9a4ef_0.json	68	155.2016143798828
24	69	7411e1ff	c_7411e1ff1bd0baf352683e67ac779bc9b0f2d54f_0.json	69	155.17173767089844
24	12	7c571fe3	c_7c571fe33b6f07a0529f515819d54700227342c2_0.json	70	155.09913635253906
24	16	70a7b5fe	c_70a7b5fe868e872348374741cc27d2d453fb49bd_0.json	71	155.09913635253906
24	208	05e7cd0a	c_05e7cd0a3266cb9d1a425be5107beb27fe171c2a_0.json	72	155.08465576171875
24	158	2ff9573f	c_2ff9573ffb08dd52ec3a55a49f2d77a1e94efbdf_0.json	73	155.07647705078125
24	190	2490250f	c_2490250f9b3044e4cd946f11b46694f943f5814d_0.json	74	155.0654754638672
24	13	c7127329	c_c7127329dad2c5d6284532da09ddc0fdefd67436_0.json	75	155.0573272705078
24	47	4c34483e	c_4c34483ea18c6a4f259f19a6d18637bb1fbae1e8_0.json	76	155.02642822265625
24	215	aa050a69	c_aa050a69b2395f496f953f4f9c4f63a475dcf430_0.json	77	154.89537048339844
24	95	fe5fd7e9	c_fe5fd7e9cb8482c8ae5ae08e3679390781f425aa_0.json	78	154.86892700195312
24	90	9903ac85	c_9903ac8576124325025a7219ba15bd51836e942e_0.json	79	154.7654266357422
24	1	4cca25d7	c_4cca25d72b216bfc8f2e75e4a99afb608ceb6df8_0.json	80	154.75747680664062
24	187	fea35870	c_fea35870b69c0d37ab36ab6783edbc7aacc0842c_0.json	81	154.70166015625
24	22	1060ee73	c_1060ee73965dc30d92afbad80525bd4cdabe9153_0.json	82	154.64810180664062
24	172	1545ae48	c_1545ae48a67ad7f2c18942f4c2dfaf9ab8f7eccd_0.json	83	154.63369750976562
24	19	5aa47b70	c_5aa47b707d299503caf33e9ee1b44903b3a13eee_0.json	84	154.59283447265625
24	164	b599e124	c_b599e124a373de091bb6e5b0d771505efccc444d_0.json	85	154.5649871826172
24	210	d029367b	c_d029367b15c4ea8f6d4ef60e95d1eda4493dd167_0.json	86	154.54644775390625
24	159	c155cebd	c_c155cebd4127367a7b649ca167c0c69284cc066b_0.json	87	154.43618774414062
24	204	1c6da3c7	c_1c6da3c7f3f6005f3de725807ba9b0396ef20be9_0.json	88	154.4272918701172
24	154	1d040cee	c_1d040cee6c21afb693e1b849ec37712c493dc981_0.json	89	154.4136962890625
24	14	991e627d	c_991e627d88b40d246f0fe29367994cbec0c1d3ff_0.json	90	154.37997436523438
24	44	db906786	c_db90678631fe5ea639563960b5bb51a31abb80fc_0.json	91	154.2389373779297
24	40	872f1d5b	c_872f1d5b21aae8a374249d5fabd026ec14b27c5a_0.json	92	154.17623901367188
24	78	667f17a8	c_667f17a8305c3ee6ac0fb01e91c62569ec162690_0.json	93	154.14682006835938
24	200	51f4ee70	c_51f4ee70a4f5a8a921557b2a53413fb19c52b918_0.json	94	154.13873291015625
24	114	cf25dd1b	c_cf25dd1b71923b13af6a72328916161d4a4aaac2_0.json	95	154.11575317382812
24	94	9cb37e0e	c_9cb37e0e0363bc71646a146b1dac6ac59b6a629e_0.json	96	154.0966796875
24	226	f641323f	c_f641323f4fed604953fdab54405a98eeaa2b1271_0.json	97	154.0439453125
24	35	821b85fe	c_821b85fe781d57c9bd5851d3c95f3497ea397c17_0.json	98	154.0426025390625
24	108	39591cd3	c_39591cd3b26cc893a69f2304d2dff91683fb5e0f_0.json	99	154.03529357910156
24	218	4727b372	c_4727b372ec04b648e55ce434747fd19de7fbfcde_0.json	100	154.01889038085938
24	76	7fb448fe	c_7fb448fe0afe4fe9d49e9a05e7e208ebe06b2fee_0.json	101	153.9064483642578
24	167	6f972cf5	c_6f972cf56d7a3054bac902fecb6d3dd5ee310dea_0.json	102	153.9037322998047
24	140	976f6ae1	c_976f6ae13f850fe840f57babf5b08ae1226a40e3_0.json	103	153.8802490234375
24	152	c967bd6c	c_c967bd6c9b990cc8b70fd6ef771e2d0829552337_0.json	104	153.80178833007812
24	138	ba3db969	c_ba3db969a6dc7a346b0c11912483264af9d80554_0.json	105	153.7273406982422
24	79	6e9aaf2c	c_6e9aaf2c13738c98df616641ef036ea2d4e52c45_0.json	106	153.7105712890625
24	157	b0e1b80b	c_b0e1b80b6d4a10a9c9f46539bc4c7a3cce55886e_0.json	107	153.62808227539062
24	131	9a3f8e0c	c_9a3f8e0cad47a90f8f648abee54159b00f334a85_0.json	108	153.60198974609375
24	11	4dcbfa67	c_4dcbfa673771c8fcd2477cf7dd122ef8fe8967b7_0.json	109	153.38221740722656
24	118	86f58230	c_86f582300c76520151e98bb70b898b8dbb2299c0_0.json	110	153.2886199951172
24	49	347bbeb8	c_347bbeb8f98a49744501ac50850457ba8751d545_0.json	111	153.2775115966797
24	217	20dfc60e	c_20dfc60e4c04d9fd69fdedbcbe50020c7e798f3a_0.json	112	153.2740020751953
24	148	e2e94724	c_e2e9472412b3a88f698c80127c4883d9fe78c5f5_0.json	113	153.2404022216797
24	168	7d52b84b	c_7d52b84bd4399872c37c6c0fc3936ff7a7415c6a_0.json	114	153.12811279296875
24	92	798f9e5c	c_798f9e5c5c508d2edf86300b8fc00687d4a4f914_0.json	115	153.06991577148438
24	18	fbc0bd02	c_fbc0bd02b0d9d97ae044aebbbfbc5b13d3eacafe_0.json	116	153.06385803222656
24	50	0f52eff0	c_0f52eff086c74ad246c23a82f01b39a39c107ffa_0.json	117	152.98460388183594
24	65	c2309ac5	c_c2309ac5b35772af1dcf5a3626a0763e13608b01_0.json	118	152.75111389160156
24	156	d5c05da1	c_d5c05da1d75d6926e56269a5bfefb8e763f1a9e4_0.json	119	152.70672607421875
24	130	ae8e1d82	c_ae8e1d82dfc046b4054b6158cf818d1bfe6584ec_0.json	120	152.62109375
24	31	d30f12f8	c_d30f12f8fc30ddc2c30a08beea0c10d6d8f2029b_0.json	121	152.6149139404297
24	128	dff95ba8	c_dff95ba80396e9b9d6f1e1142fb85840ff552ef8_0.json	122	152.59527587890625
24	121	c193918c	c_c193918cab8d7fce175fd58aa5fee346f3cf838c_0.json	123	152.56005859375
24	147	8576b533	c_8576b5331ce810a2349bea05b6a266f9dbd37c49_0.json	124	152.48931884765625
24	58	9b2b8038	c_9b2b8038b52be022e42c8c7fdf26e236888f94c5_0.json	125	152.40684509277344
24	85	30623711	c_30623711dbb452d26fca945c08d86675b544db5b_0.json	126	152.23338317871094
24	136	099a4540	c_099a4540e153fdb81689d66ce2f4ac060c70b040_0.json	127	152.16128540039062
24	26	469e7179	c_469e71799a438ccb2d0925e50d4bb9dce37cdba2_0.json	128	152.15773010253906
24	54	5470bcaa	c_5470bcaa9d75d73fb9c687fa13e12d642c75984f_0.json	129	152.10806274414062
24	185	4f407378	c_4f407378c93b9e2a8e24c855e8bed5eb12bf7a06_0.json	130	152.02020263671875
24	213	d4e64e2b	c_d4e64e2bd02759b4f5c01c888a3787d6c526f687_0.json	131	152.01768493652344
24	77	94dff209	c_94dff209382d395434924a7914f677fbfaae8656_0.json	132	151.97442626953125
24	99	e543edc2	c_e543edc2a488729baea94cc554631cec3fb62b74_0.json	133	151.96243286132812
24	216	459f2d09	c_459f2d0921b1659dfb3579881831449059f7add4_0.json	134	151.9479217529297
24	72	dd78531f	c_dd78531ffab00b772a8fb0e0a284f5fabbe72ca1_0.json	135	151.91578674316406
24	124	e3f4d1c0	c_e3f4d1c0f2ef2ac9a4a33f49368b7386f8913c2d_0.json	136	151.85986328125
24	62	326ac6df	c_326ac6df53e07b7090164c6b5d19db7554ec8d60_0.json	137	151.8356170654297
24	105	8ee4b573	c_8ee4b573a3ad381d13adaa945d62371d557da957_0.json	138	151.7469482421875
24	189	d72a578a	c_d72a578a8949e4b1c437ec55997d8786836f139c_0.json	139	151.6610870361328
24	23	f9df5184	c_f9df51847e354190206432ba87661586e6dc814d_0.json	140	151.6488037109375
24	57	6dffb657	c_6dffb657aa427151ba9bf2b832977c42f8c01f7a_0.json	141	151.60150146484375
24	61	fc2253e2	c_fc2253e286a8fac3d1091f187428a3f258aea6c0_0.json	142	151.5645294189453
24	177	4cf1b71f	c_4cf1b71f9f9b7a102fafaa6e03825aa3eaffca7e_0.json	143	151.554931640625
24	101	083189d6	c_083189d6835464b71fff4d36caa3d55de2087825_0.json	144	151.42269897460938
24	139	4b0bfcfa	c_4b0bfcfa66b01f6d5e8ccf6225bd483bb27d879b_0.json	145	151.29331970214844
24	5	09474659	c_094746596cb39b2bfbd1843233b7dd2009736c00_0.json	146	151.19744873046875
24	135	24972c5e	c_24972c5eec9bb74dc7c1617c5df87a7ca60fd371_0.json	147	151.01345825195312
24	27	04490af0	c_04490af06faa8fd1be15da88172beb32218dd336_0.json	148	150.8801727294922
24	182	1b0a32df	c_1b0a32df8c9d7011d01a27b5fc682f48714b0d9b_0.json	149	150.74647521972656
24	46	0c281fb0	c_0c281fb0977c8bc7ac8c9e98cf9ff45bec6cf257_0.json	150	150.69964599609375
24	229	8d450c90	c_8d450c9096426d4419d07f67f260067e42e5a76e_0.json	151	150.6979522705078
24	39	62670f56	c_62670f565aa434b6cb614c1054a8ea5bc3715f25_0.json	152	150.5263671875
24	193	10195f22	c_10195f227a2285d8213eea422996aadda00ba7cd_0.json	153	150.47543334960938
24	166	3880640e	c_3880640ee6268a2ecb2912e1ae896153dc2229e5_0.json	154	150.4662322998047
24	212	7efb32e5	c_7efb32e5ab2acecf30ca344857c420a4e7133c95_0.json	155	150.4384002685547
24	6	f24d6a43	c_f24d6a437b9eb4ed3eebfe3bd2267a51df1e3912_0.json	156	150.2687225341797
24	153	08002a78	c_08002a783fd06ff75decd877e4e8bed1556c73f0_0.json	157	150.26058959960938
24	113	c969cb74	c_c969cb74f20b48ed7f002ddf45f2990b790290ea_0.json	158	150.16952514648438
24	220	84d333ab	c_84d333ab1a80231963280a47711086a6b1a56781_0.json	159	150.10546875
24	109	43369022	c_43369022c5babd048535386e3773dbc1f67a5117_0.json	160	150.04917907714844
24	24	83b7cebf	c_83b7cebfb619359348f9f56658aa94bd999d159f_0.json	161	149.93821716308594
24	146	111821a9	c_111821a90c84973a98511372ca024dc1a61f0126_0.json	162	149.89715576171875
24	68	8f95e4a7	c_8f95e4a724350f9f80429c2af1c3ac9bb2b2c2db_0.json	163	149.8809814453125
24	214	b8f82593	c_b8f825936796e2f5b6663de021aefa53fa728f67_0.json	164	149.8233642578125
24	67	f72129b3	c_f72129b3ef1cdcd83565cf1f925a8a134aad615f_0.json	165	149.81764221191406
24	211	0158f772	c_0158f772b3ea94000054cd5b1fc0d0cda2f29a1b_0.json	166	149.772705078125
24	103	107ea069	c_107ea069b95617c3c3e537abdaffe11b858d3e16_0.json	167	149.6794891357422
24	207	ead1f16f	c_ead1f16f5983e080e4abc98b9b5aba288f2c320f_0.json	168	149.57843017578125
24	127	e503a076	c_e503a076f584ca4aacbd8fa785111262f7411098_0.json	169	149.31118774414062
24	169	efb671d4	c_efb671d4eeb460f38cb61ef80abcba75b8af5bc6_0.json	170	149.171142578125
24	74	8a1f0cd1	c_8a1f0cd108efac40b6c3634129871963849b280e_0.json	171	148.92791748046875
24	179	f3f97332	c_f3f97332ec76c66891c516cbaf3b53cedfdfcdfc_0.json	172	148.77195739746094
24	180	7a759b5f	c_7a759b5f2c7b9e2874d008d2138604aa3644884f_0.json	173	148.7180938720703
24	71	5904ffa8	c_5904ffa88dddfe622884cebec904dca975ce0b2c_0.json	174	148.6839599609375
24	110	8bd594f4	c_8bd594f4f437a969a5d9a89e1d62cebd59472961_0.json	175	148.64442443847656
24	59	3fd1eb0f	c_3fd1eb0f0b58e61775dd5fee98d1a00eb53363de_0.json	176	148.5936737060547
24	155	7054900f	c_7054900f3187c70c60e9e86f1c2bcd4c13d7878f_0.json	177	148.57510375976562
24	116	cc7da5a7	c_cc7da5a77900d67237c96b35a33ee6a5efff12e8_0.json	178	148.37271118164062
24	28	dde69934	c_dde69934d7f0bee13e4cd1fc99a7d60ce95a0c78_0.json	179	148.3414306640625
24	191	665386dc	c_665386dce6e8804408871eb35040bec6d42da528_0.json	180	148.23326110839844
24	17	7f90b98c	c_7f90b98c1f77a0c1af9c774a12e8e257d7a0d1ac_0.json	181	148.1846160888672
24	144	b3ca31bc	c_b3ca31bc9ead69510a671456a5c973d6dd01f9aa_0.json	182	148.13963317871094
24	145	1452fbbc	c_1452fbbc3421891c93831293705926e168e43299_0.json	183	148.0648193359375
24	41	a0212835	c_a0212835ed42e03a01c2c930a695e478a0884f68_0.json	184	148.06263732910156
24	205	8214cec4	c_8214cec49675d881c49a22172a20edee09add6f7_0.json	185	148.00418090820312
24	221	34869394	c_34869394d0dcb4fc6bcb31027657b346bbc2afac_0.json	186	147.71766662597656
24	112	823dfdd1	c_823dfdd16943a76ae9b6d70dcd03cb34d2a852fd_0.json	187	147.55691528320312
24	183	3fc3de95	c_3fc3de95a9090a99b864d60041c7b187e6859214_0.json	188	147.36654663085938
24	163	79a1091b	c_79a1091bd0a2dba7decacd23beac8104f3b5a5cb_0.json	189	147.30848693847656
24	197	9f086c53	c_9f086c536256675a6ca900999fdb54ec06e71f71_0.json	190	146.0805206298828
24	36	b1efd861	c_b1efd861095ee4f0a13337fa4e83e900a297d0bd_0.json	191	145.93519592285156
24	161	d35f2fa7	c_d35f2fa7a06457469a617677eeb4c1dc21484006_0.json	192	145.86009216308594
24	81	e9224920	c_e9224920fa2f47eaba256a264b0f29dfff1fa150_0.json	193	145.7593231201172
24	219	3011f7bc	c_3011f7bc688fa2f89650352617950a7f03a5c50b_0.json	194	145.0039520263672
24	53	beb276cf	c_beb276cf237cd5d21286f522b56338ee6d31199f_0.json	195	144.32945251464844
24	60	500e99fe	c_500e99fe45960b7fceae35bb0bc1e01e45df602a_0.json	196	142.61288452148438
24	82	832d7af8	c_832d7af86e7db6441a11fe6cb860b51b67531e7b_0.json	197	142.584228515625
24	199	cb3b8455	c_cb3b84558257d6c9868ae797a50ef806d08692fd_0.json	198	142.43641662597656
24	160	85248e8a	c_85248e8ae52232ed75c2b4c52d4071bdf192db37_0.json	199	142.21563720703125
24	37	c08f7383	c_c08f73835beda155421d78ee4f96d9e11c501159_0.json	200	142.0441131591797
24	111	cc6b4048	c_cc6b4048a07001cc7e6586038d78249b5affd849_0.json	201	141.86746215820312
24	84	6270b291	c_6270b291e3e1b9d829656c9134ef968e13aa2d81_0.json	202	141.79989624023438
24	176	bfe6bd86	c_bfe6bd8634895645aa71d6a6dc668545297d7413_0.json	203	141.75399780273438
24	73	3d5dd241	c_3d5dd2414b0be49c4ed4286ff97254ed569263d9_0.json	204	141.7435302734375
24	198	5f8a5705	c_5f8a5705f94be11bbaaf6f6845d11814b02400c2_0.json	205	141.614013671875
24	34	79d5a462	c_79d5a462977cd1ded406e11f67a105978f7b11c7_0.json	206	140.7314453125
24	142	d5d9daf2	c_d5d9daf235c7a223df7a765bd3aa78b1d15de893_0.json	207	140.7144775390625
24	51	5dae7698	c_5dae7698bb51736f18290b9c565f144854d03e18_0.json	208	140.668701171875
24	141	d5a2b871	c_d5a2b871f38badc9d06e555478b9f522f46feaf5_0.json	209	140.62794494628906
24	56	be7dfa5b	c_be7dfa5b0a0e0bf609ac77ae45aeb2c3287ad453_0.json	210	140.59255981445312
24	195	92e4871c	c_92e4871c2ccc39882a1e522bbe8b226ca02752a5_0.json	211	140.58358764648438
24	42	c8aa5fb6	c_c8aa5fb6bafc838ad742635d360404d6149c320f_0.json	212	140.1770782470703
24	143	f671febe	c_f671febe85e806a04b791c797b4645784c386400_0.json	213	140.06607055664062
24	63	c0d5c79f	c_c0d5c79f572fc44c527e842f94bbbe9e4b12701d_0.json	214	139.70428466796875
24	227	c49b5fe1	c_c49b5fe1cbce7809a20535ef2e2910e10d485756_0.json	215	139.65631103515625
24	87	43c4f66d	c_43c4f66d93a9cc09eb4e8cdd17f71fe151edae9c_0.json	216	139.2259521484375
24	55	7e6dedb3	c_7e6dedb3098a6704422cf2ded3c099bdc0e0c6a0_0.json	217	138.4305419921875
24	15	e56c41bc	c_e56c41bcf610081622b663fc053521552705909f_0.json	218	137.70899963378906
24	7	66d0ae62	c_66d0ae6216730abd8bd736e210be73229c8e807b_0.json	219	137.6314239501953
24	21	e6ca08f0	c_e6ca08f00a87ad141ab46c8739374adfd396782b_0.json	220	137.2923126220703
24	25	4fbf5978	c_4fbf5978d9473a2504a554cbe53dc29c49dd67b5_0.json	221	136.8974151611328
24	2	ead3757e	c_ead3757ef361f85cfb92754e808dafd74eb15702_0.json	222	136.65235900878906
24	30	fc0723b7	c_fc0723b7aa9d4f05dd7ac5fb6131efe419da31d1_0.json	223	136.63113403320312
24	4	08a1eabc	c_08a1eabc26336b225cfadd3f90b2582dd2c50500_0.json	224	136.14309692382812
24	181	4e5351db	c_4e5351db96d4640e93bd52b95e03e951ab601871_0.json	225	136.11395263671875
24	32	f1a32a54	c_f1a32a54f9ccc6895f94122aa32937167cbc3d3c_0.json	226	136.09849548339844
24	66	213c137b	c_213c137b7515e71abf006611d8927b4fa68bd62b_0.json	227	135.93699645996094
24	0	aae50c58	c_aae50c585ec3ac33c6a9af792e80378904a73195_0.json	228	135.79551696777344
24	43	43a35455	c_43a35455d2e62a7a4ea2820e7e05fbebc2a84f3e_0.json	229	135.60891723632812
24	88	96923d14	c_96923d146a098512857b19c745c32109cc18bd81_0.json	230	134.3680419921875
