68	213	d7e85b09	c_d7e85b0997ebb3d920c977de7a4a3f8ede5ba2d8_0.json	1	158.27906799316406
68	2	96fd67bf	c_96fd67bf5342eccc5da34e351889aa87eb3e39c3_0.json	2	157.84677124023438
68	546	215bff7b	c_215bff7bf7034ad0cb15caa3eaaa1be561aa3ec3_0.json	3	156.6459503173828
68	169	6d00ac1a	c_6d00ac1a68612aade8a19d7ecc9b180f00ae5234_0.json	4	155.8402557373047
68	802	441d31de	c_441d31de49d1ccfec562a7287b1ff4451c9815e4_0.json	5	155.13104248046875
68	89	7bfdbd91	c_7bfdbd9164601af44d17edd51be829fde2cc51aa_0.json	6	154.18798828125
68	602	39c4d538	c_39c4d538a4a1363db7385476d3e6bcc09cb71f65_0.json	7	153.90530395507812
68	47	9afca869	c_9afca869d4236594514b8461d771af9999c8a989_0.json	8	153.8780975341797
68	825	aa7c8f99	c_aa7c8f99aa0cf5b8016e139b383aa0dd13f68051_0.json	9	153.75418090820312
68	645	52ee613a	c_52ee613aac16221a15fa8ba3b9bbc14b56ce8fb7_0.json	10	153.7495574951172
68	775	a28ca576	c_a28ca5764c6836f267b011d95fd00d0ec9a6adbe_0.json	11	153.49818420410156
68	771	38405b88	c_38405b88fee5511d1b50bc24339a295cbc91613f_0.json	12	153.49818420410156
68	402	3698fee7	c_3698fee71e3671171c587f932795a8ab8e852cd8_0.json	13	153.16439819335938
68	557	36a890d0	c_36a890d0dd7911a5a1b8e1682435945972a05cdc_0.json	14	152.63858032226562
68	77	848ace84	c_848ace840362a1f5558bec065cb40548ff66587a_0.json	15	152.59188842773438
68	717	31baadd1	c_31baadd1293c5ae7af05b3a06a1ba3a06403e4ed_0.json	16	152.3838348388672
68	329	4c6e1039	c_4c6e1039b80859f17de5f3cbcfeba61ed8ea0485_0.json	17	152.35797119140625
68	270	15acafb0	c_15acafb00636f99295b394145b9b60a5e624ddfa_0.json	18	152.2978515625
68	265	c1035528	c_c103552830f9b0555387bb7bd65604006c53ed28_0.json	19	152.2978515625
68	251	aafd3788	c_aafd3788df73bd0d21c9411014a7cbda0a5bbd17_0.json	20	152.2445068359375
68	536	2da5195a	c_2da5195a7bb7a6dfdd3cd85b813ba26682ee2b96_0.json	21	152.13682556152344
68	300	64857ce3	c_64857ce3eaa6d9ab630a509ec16cb2bc6360633b_0.json	22	152.02029418945312
68	777	d6f92e5d	c_d6f92e5de267c39d29182cfa89b2f01b7710b607_0.json	23	151.86962890625
68	636	5709ec1d	c_5709ec1d0bbe5b7726a14d06f7eab9c35150e314_0.json	24	151.8477783203125
68	768	8be3896c	c_8be3896c7639f91d83ac220531cc5cbdc5a029d4_0.json	25	151.82720947265625
68	525	e6e661b9	c_e6e661b9ad751a51132f6de7e46be94d86fb3557_0.json	26	151.8211669921875
68	3	7efb21a2	c_7efb21a25bb44dcfc513d584c6b191aeacfba367_0.json	27	151.81024169921875
68	449	3c5a6f6a	c_3c5a6f6a1b87c655c5eb3ed0ebcfce886ab6a614_0.json	28	151.71847534179688
68	617	1d806d5b	c_1d806d5becb1be384050f49ffadbb57b7523db35_0.json	29	151.63534545898438
68	167	d7a094a2	c_d7a094a288f86ca58bf05c9867320096e468c45e_0.json	30	151.60079956054688
68	163	0ea5dcbd	c_0ea5dcbd06d744efc2b74f8c072006e3ddbf3ea7_0.json	31	151.58314514160156
68	776	a2d9c861	c_a2d9c861616c0308024d74a3be2b34f3d4cdd066_0.json	32	151.5155792236328
68	632	82d3c017	c_82d3c01785f8b25113ca3fd7cc8b37da5d8a44a4_0.json	33	151.49063110351562
68	504	936537f0	c_936537f0ed66d00d0365fecd4e85a44802bca759_0.json	34	151.45022583007812
68	341	b2202acc	c_b2202accb3307ad0cd1d1af88fb7ad9463f4b3e3_0.json	35	151.4413299560547
68	256	c41e5b19	c_c41e5b19af044fd2d5f9e835addece71c3548edb_0.json	36	151.42747497558594
68	155	97bbbffb	c_97bbbffb65eda01aa9b38a5cec43a598afb39070_0.json	37	151.41107177734375
68	74	9a1ddf5f	c_9a1ddf5f982e54ecbc3e028dfa84ef9bd07a8044_0.json	38	151.38766479492188
68	779	552148a7	c_552148a7cdf57d0adfab8ca14c99d5f600627512_0.json	39	151.34861755371094
68	237	3d392879	c_3d392879b6d7b3f3f947490c7aa6d515f6417374_0.json	40	151.30377197265625
68	644	04f38071	c_04f380716cd2403ae87e2b0880a56369aa0c6c33_0.json	41	151.29188537597656
68	156	260f0ffc	c_260f0ffc9243ef15bd17e324c9cf7e2dfac9cc6a_0.json	42	151.28147888183594
68	307	793a5009	c_793a50095cb8e289cbe3e3446f7432e33e2d102a_0.json	43	151.25607299804688
68	364	3b400479	c_3b4004792feca6cf307fdcd85baaae3e1aef4bd4_0.json	44	151.23773193359375
68	145	ebb59a97	c_ebb59a97610015bc41bda7f458dd1428a3a3e335_0.json	45	151.07028198242188
68	94	938f48a6	c_938f48a60c544f6b7bdb5d49006f654a51ca9a22_0.json	46	151.06837463378906
68	457	b02b646a	c_b02b646a75d6dd26f41fe6d987841ed01c8ec161_0.json	47	151.04603576660156
68	205	98d279bc	c_98d279bce83ddb2dca499be4bc365939f809a923_0.json	48	151.0234832763672
68	609	fa455342	c_fa45534251c33bc8ab890dd58a8ff51dd75ed02d_0.json	49	150.98388671875
68	293	f2189dcf	c_f2189dcfb82d8097996956665669ce2cebe35544_0.json	50	150.96031188964844
68	296	3f0ff808	c_3f0ff8087501eb0757db014163732b5d5dff5b1e_0.json	51	150.9560546875
68	188	4229da43	c_4229da4361f428863d38b99b2d6ed213246571be_0.json	52	150.95315551757812
68	638	f80152eb	c_f80152eb5a2de72e8336b26e0e78b9e6baae37d2_0.json	53	150.94528198242188
68	397	1bd8d2f0	c_1bd8d2f0f4f3edcc11aa441f50223967a98bf85d_0.json	54	150.93785095214844
68	488	7437e9b6	c_7437e9b626c812301e3fe9449e4ee71506da9efb_0.json	55	150.87380981445312
68	316	68e00612	c_68e00612bc6a04357b638958f380ea6d4072ccf1_0.json	56	150.85623168945312
68	394	12e777ce	c_12e777cea2b7a6e50792d6f07475a0c4bc4a6c72_0.json	57	150.80789184570312
68	159	a9757e8c	c_a9757e8c7d85f9ee9622b3e5352955ba3429733d_0.json	58	150.77197265625
68	751	a4f32ed8	c_a4f32ed8acef2880288fe9559f8c60fba444bbe3_0.json	59	150.69664001464844
68	406	45e90a3d	c_45e90a3d390335fe246b8d3f1868a74e1663b607_0.json	60	150.6949920654297
68	409	b14f33a0	c_b14f33a0c7d07320600acdf732f16f6f52aa999c_0.json	61	150.64959716796875
68	460	ec80fa13	c_ec80fa13ec02cbcfac33ccc2436cd5d38c3dfd1f_0.json	62	150.537841796875
68	380	69214a33	c_69214a337414cdaa73e5fc1848bd99bcf6429270_0.json	63	150.5232391357422
68	104	a70a7c59	c_a70a7c599e53a7752cf4b9e6e82b4408c3c4c04b_0.json	64	150.49195861816406
68	82	ddb4d111	c_ddb4d1112eaf5e16c7ac36a820faa0dcd53d89b8_0.json	65	150.45574951171875
68	142	b29d4a8b	c_b29d4a8bc7138f9216930edfebed29d42f0dca89_0.json	66	150.4477996826172
68	424	af4b8d4a	c_af4b8d4a2da7996f15b405f523ee8b31a0fbf021_0.json	67	150.44509887695312
68	12	5af11d33	c_5af11d33f8b3f5403c9987104601f544cddb96c1_0.json	68	150.39500427246094
68	467	2e68acb0	c_2e68acb05c7a37396c9efc449e14226b6d3fb7eb_0.json	69	150.39114379882812
68	576	d329b2e5	c_d329b2e5c911f61f534f3d997cbd615cec91d03b_0.json	70	150.37661743164062
68	849	32c0f8b8	c_32c0f8b8b23713431c3866ab5769e735abe3a429_0.json	71	150.3358917236328
68	5	6a36f044	c_6a36f04485599820ff86441accee002b4deec2eb_0.json	72	150.3013916015625
68	335	8159a9f3	c_8159a9f30a503650d754b7e8b30d491c4e415a72_0.json	73	150.27015686035156
68	178	e33e925e	c_e33e925eea3a8e4de958864e531e1adc4da62e18_0.json	74	150.2664031982422
68	671	8451502c	c_8451502c6aa7358b50f751cba552108f5bf0d939_0.json	75	150.2494659423828
68	836	75a9013e	c_75a9013e3907e5db97f10578227497d7b018caf5_0.json	76	150.2045440673828
68	286	b67116ee	c_b67116eec83f769036f7354eb0270141edc8e5fa_0.json	77	150.19027709960938
68	92	fe722dde	c_fe722ddeb545b6b3103369dea073ad3e6becde28_0.json	78	150.18714904785156
68	54	819dd2d2	c_819dd2d2f8dc36cc6770236f1eb91635f3f9410e_0.json	79	150.16851806640625
68	723	9b27f9c5	c_9b27f9c5576f0132875c45dbdef55d22f64d5dcb_0.json	80	150.1432647705078
68	709	f39bbdd3	c_f39bbdd39c9ec2136f0a58a677bd2fdae77075a2_0.json	81	150.12594604492188
68	367	3a76f8e3	c_3a76f8e3ce96a5c3fc7baed2012ef8e079ebb9f3_0.json	82	150.123291015625
68	421	4c6f8d43	c_4c6f8d4352bb3b3f631d74559d5ac8f23f9fcd32_0.json	83	150.1026153564453
68	209	6bf3a641	c_6bf3a6410d71c3da0ea29c8ca425962d284f361c_0.json	84	150.09921264648438
68	7	8354dcb5	c_8354dcb5eb30240c82c08d060779809d9137c46f_0.json	85	150.04013061523438
68	138	6e3eb4f7	c_6e3eb4f7619179ba6c23db2af7549ef02f588c35_0.json	86	150.03720092773438
68	450	2f29d7ee	c_2f29d7ee3aaf3fe2372eb49104d4eb9ab93531ca_0.json	87	150.02163696289062
68	452	3c3abc45	c_3c3abc459ce1f720fee690dc8398b03701263c38_0.json	88	150.02163696289062
68	454	f42e3e4a	c_f42e3e4ac6273bf9f25392b34de24672e5d56883_0.json	89	150.02163696289062
68	848	19d4a073	c_19d4a0738ff90967c054ea9fecff0aaa115a45b7_0.json	90	149.98663330078125
68	160	dd09a0d5	c_dd09a0d5d3af753bf28fe2ceba0dab7eb22373bc_0.json	91	149.975830078125
68	583	2d0aac92	c_2d0aac92183a4b6bac01d67cfe0114ab96bd908c_0.json	92	149.97006225585938
68	407	c722073c	c_c722073c9544792e02d8a101ae317869430180a5_0.json	93	149.9364776611328
68	404	52666da8	c_52666da81761e9652993fd8e7e375ad456408419_0.json	94	149.9364776611328
68	548	6ee4f248	c_6ee4f24898632726e63ade4b42636b18e1df6aa7_0.json	95	149.9362030029297
68	342	55120873	c_55120873537502992211e66a111d7693d611474f_0.json	96	149.8935089111328
68	807	db1fdf97	c_db1fdf97454a6e4ff2d29cab5f1ef2273b54c0b4_0.json	97	149.88906860351562
68	229	17296982	c_17296982d8892d972412352289c307a4d60d2c50_0.json	98	149.88436889648438
68	130	2dbbe078	c_2dbbe0784ee3e549eb0cc4d679aeddaac1243145_0.json	99	149.8425750732422
68	701	229c3ef1	c_229c3ef1c37d88ea66d2e37b8de940f7b73315fb_0.json	100	149.8373565673828
68	646	4434b45f	c_4434b45f18d2e74ec809a9bbeb67571b604ce6d0_0.json	101	149.77867126464844
68	492	8416f4cd	c_8416f4cd68b13a514aa54ed08e12f552c2404441_0.json	102	149.7613983154297
68	846	d12de273	c_d12de273ab94c681feedf108fe86be8099c24d52_0.json	103	149.73074340820312
68	378	5a3b4cb6	c_5a3b4cb6b7e816aacd0ffd4c71e23da949fe360d_0.json	104	149.73045349121094
68	390	83026bab	c_83026babd3b768f508780b0c38c3cef2bb9242a5_0.json	105	149.6700897216797
68	127	f8229e74	c_f8229e74701c28f001e5b4954c1f1f7a2b764c11_0.json	106	149.61412048339844
68	710	8703ffc3	c_8703ffc3c1e71d42a8a41932055a875bf428bf8d_0.json	107	149.59222412109375
68	344	5254fe6a	c_5254fe6ac0ef2363d760430c39788aceaed3f5af_0.json	108	149.551513671875
68	65	b8c52bf5	c_b8c52bf5e76948ee8d561fa55a36cc6c9f5d0c68_0.json	109	149.51815795898438
68	355	e06d2141	c_e06d2141edf709488a67be35e63f9cf7a2aa2638_0.json	110	149.5142364501953
68	778	aebca72a	c_aebca72a977c23bf2fa7901eb70e52d0702fddf8_0.json	111	149.4900665283203
68	790	cf26186f	c_cf26186fea8324a4e6e49f4fa61b9f13d93809d0_0.json	112	149.47109985351562
68	315	22775ad7	c_22775ad7cad0bea94d56726e1d6a80f31604c118_0.json	113	149.4259490966797
68	796	091577d5	c_091577d5000b2260452cdc79eacf54925de894a3_0.json	114	149.42498779296875
68	664	e4d80a33	c_e4d80a3331cf7a9c1b7bdc9e2082d330381c3719_0.json	115	149.41896057128906
68	629	e4cf805a	c_e4cf805a6a27301672660756202e8dedee1e012b_0.json	116	149.418701171875
68	87	4938fd2f	c_4938fd2f88debf796c181d44ae5b9a35aa595513_0.json	117	149.39337158203125
68	813	d700e3ee	c_d700e3ee80e8c050211607c62d97f89c3e18b649_0.json	118	149.38587951660156
68	29	d964d232	c_d964d232de65db2370c06ce04de9865a3b2c8c9f_0.json	119	149.37705993652344
68	185	83d03ec5	c_83d03ec5c8b7c49896841a9386bec0f75d2697a5_0.json	120	149.37039184570312
68	419	25904fa3	c_25904fa3b61c1d6ef494dd7839eae1d1f49ff38d_0.json	121	149.34507751464844
68	150	58c3e4ce	c_58c3e4ce1d17ec619bcc4964bdeebc676f93567d_0.json	122	149.3416748046875
68	758	2f8df834	c_2f8df834aa5b0f6114a42ee0fe0d3729eb83995e_0.json	123	149.32928466796875
68	493	4ccc7f33	c_4ccc7f3359019b0217393b0b22edca2e598b5597_0.json	124	149.3235321044922
68	187	dff6e011	c_dff6e0114f19c20aeb63393d67aa0880ff5745b5_0.json	125	149.31631469726562
68	490	0907b661	c_0907b6618a60b2de23c8f7ec2217a37dc5e9a091_0.json	126	149.30650329589844
68	261	2581851b	c_2581851be3b2202bd48d4c76889b020f4cecebf6_0.json	127	149.2920684814453
68	579	de702090	c_de70209098a5cb103655afede52ff428f001a59f_0.json	128	149.27842712402344
68	154	301ed5b0	c_301ed5b03eb52debdc9b87929a45880eb2faf1fe_0.json	129	149.26602172851562
68	408	c5e143f7	c_c5e143f7df0c3d73f6634488cac8ad8e7054fe05_0.json	130	149.25119018554688
68	50	8ba5e1f8	c_8ba5e1f86eaf3c31b9279f92823b4fa2a50574a3_0.json	131	149.22813415527344
68	26	14ddcfdc	c_14ddcfdc0b8d1cece3c79221b1870b84f055d419_0.json	132	149.21507263183594
68	808	8f4b1746	c_8f4b174685e702b19e32a46eb6623d8a74ac79e1_0.json	133	149.20672607421875
68	172	4672a1ac	c_4672a1aca15e6d5c3e7c2e00e31767f3c8327335_0.json	134	149.19924926757812
68	210	4d09ce45	c_4d09ce45270187fa65a891e56081960a0ae449e5_0.json	135	149.18063354492188
68	102	6f2539ac	c_6f2539acd3c37bd7f0d031b43364f75a5cd6d5f7_0.json	136	149.16502380371094
68	149	9147da99	c_9147da9979fb00599efd700fa5e0cccfa93d25a5_0.json	137	149.1571044921875
68	311	28cb80c7	c_28cb80c7b5768c6381a72c5f500ec85bc4d798d2_0.json	138	149.1550750732422
68	377	9d1e18e8	c_9d1e18e87a41f2a610ed70f3a1d57abbce7a1cd7_0.json	139	149.1495819091797
68	383	8980b600	c_8980b60033b1c6853cbca593ec89d3d332adf7dc_0.json	140	149.1495819091797
68	441	4b065734	c_4b065734d8afb5ab0d241ee5da22af0fa9d75ec3_0.json	141	149.1468048095703
68	250	ad757409	c_ad757409572dcd9f8c47a37aa6af9b2cc42d2fa9_0.json	142	149.13259887695312
68	676	4ee37ccf	c_4ee37ccfbd12f26e713f86f07b3f13dca7cf24df_0.json	143	149.1279296875
68	81	d4bf17f1	c_d4bf17f12951cf6964ac95431c2476ed3fd0c5f7_0.json	144	149.08946228027344
68	743	8c4a625c	c_8c4a625cdec89e6b1fa452fbb73c6f8d4c56b701_0.json	145	149.0841064453125
68	139	cb7f2a32	c_cb7f2a3260cdd2341721fe3ed0db910ad96b0763_0.json	146	149.05361938476562
68	842	29312d9f	c_29312d9f6d01e6c1fce4da0a644881c83864549f_0.json	147	149.01806640625
68	455	0ef2982c	c_0ef2982cd2fdbc09ef7af3f9912289fa7a4fc71a_0.json	148	149.00039672851562
68	620	7b7e1413	c_7b7e1413f5b55254e38b65ad0c0849b07b7abb17_0.json	149	148.99365234375
68	610	b30eb41c	c_b30eb41c34d380c0f5ab6d98bff95dc437179a52_0.json	150	148.992919921875
68	606	8268221c	c_8268221c77c7d18834cbe8c55dbfadfd2733a7a0_0.json	151	148.98175048828125
68	369	9d72612f	c_9d72612f028076aa43a9b259c29b2a940398465f_0.json	152	148.9784393310547
68	741	591db202	c_591db202990a8db33126db73b09b6867c9233c13_0.json	153	148.9778594970703
68	597	b6e3f5c0	c_b6e3f5c01de00915df7682dba4e9a7f733630d34_0.json	154	148.97335815429688
68	824	87c1e605	c_87c1e605e2539c756e53ff931b18a36c83216779_0.json	155	148.96728515625
68	248	ad32e173	c_ad32e173b7c78f48ff85324dc310fa5b5888e2aa_0.json	156	148.96290588378906
68	622	95876c34	c_95876c343fb7e628978397bc8311f1b3788e28f2_0.json	157	148.921142578125
68	147	eb5eae44	c_eb5eae4438f49ffddd3c8be1413eeb9e7ecfb311_0.json	158	148.8486785888672
68	436	7a1ffc0e	c_7a1ffc0ee87ec8ec2168b134dd644cd73c399584_0.json	159	148.84066772460938
68	326	c698f56d	c_c698f56dd397f1e373d9e1d7d977223d04068301_0.json	160	148.83848571777344
68	769	6b57a1d8	c_6b57a1d88764b25c247d7ad0da9dec465b2f4893_0.json	161	148.82769775390625
68	594	bd59bbcf	c_bd59bbcf79648c23e86f3625efc98ff646c23495_0.json	162	148.80181884765625
68	518	711b76ac	c_711b76ac1015234f86805f1735ff2c3da195f55c_0.json	163	148.7960205078125
68	774	fdccd7dd	c_fdccd7dd83594a58a6943d6dbc53531024a4d708_0.json	164	148.7812042236328
68	473	f65f91e8	c_f65f91e8bab0c265e6795691f7f13c4655ea2249_0.json	165	148.75375366210938
68	11	6a6ea480	c_6a6ea480bae01f40f9795218ac911bb7de18d34a_0.json	166	148.74298095703125
68	214	192a6067	c_192a60673cfd308fbcb735664fbab98e3cb3a21a_0.json	167	148.74237060546875
68	249	d428fd71	c_d428fd717118b7c5c9efb1eae32dba60de430397_0.json	168	148.69822692871094
68	8	efd3c178	c_efd3c178e471df6a689c1a50fbd7c404e778bfaa_0.json	169	148.65476989746094
68	635	0c56a467	c_0c56a467ca0fa7169172cfc4ee2d45834454ef0b_0.json	170	148.64541625976562
68	16	3924ff1e	c_3924ff1e4a236d68a0b5448d185537d90ca04419_0.json	171	148.6368408203125
68	767	7fe50e46	c_7fe50e46bcfe485994a7fa112dfeb19e9e4b42c8_0.json	172	148.62823486328125
68	194	7faf5924	c_7faf5924ea9c2ea0910cac2f6be17faa843ccf54_0.json	173	148.61558532714844
68	700	ba011971	c_ba0119710233a1be87c10c5e71424dc5922cc627_0.json	174	148.6138916015625
68	840	1836235c	c_1836235ce62e69f7d91432005eec9c3924d1aa1e_0.json	175	148.58505249023438
68	507	cd40201a	c_cd40201a2437da125ac492b21f13c8ad200b96bd_0.json	176	148.58338928222656
68	603	9150994b	c_9150994b2e41be7d49ca7ab03d3d751f782650ee_0.json	177	148.5802001953125
68	605	62aa60c3	c_62aa60c33726dd4e4de412e5880b87ba713b3a9a_0.json	178	148.5802001953125
68	626	7c44f228	c_7c44f228de588387734227a0c08be36d11bf2b17_0.json	179	148.5802001953125
68	675	1e03ad03	c_1e03ad032456a42908e19a7f2df46786969e7121_0.json	180	148.579345703125
68	674	8bf67e65	c_8bf67e65c7ee2a202ac2dbf252727ae656642350_0.json	181	148.579345703125
68	680	c00a33b8	c_c00a33b88d00f3b28787da26e3bb65ae2c1f4893_0.json	182	148.579345703125
68	382	39dde4ca	c_39dde4ca5df6263d7058029e081a710d7fa13de9_0.json	183	148.57923889160156
68	158	55d1c818	c_55d1c8181d46a0b5e5a121db314145be37a10934_0.json	184	148.537109375
68	52	83e4a976	c_83e4a9768aadbdfb0481a0aa44157b4dc80189d2_0.json	185	148.5283966064453
68	581	761072d3	c_761072d3253078706cfadf0cde6237bb268a309c_0.json	186	148.5056915283203
68	42	928d6655	c_928d6655b9fb5183cb8058ef3c4c3da6ecabf1ba_0.json	187	148.50511169433594
68	577	d6f8f606	c_d6f8f606688b2a3d1901a3006b0430a306f2d0f1_0.json	188	148.49020385742188
68	575	d3812122	c_d38121222cc7c1d5e8dd2c34dcea4c2dc7468450_0.json	189	148.485107421875
68	51	52ecbc65	c_52ecbc65e981b9f169466f8898155bc5f8bfad7a_0.json	190	148.45748901367188
68	232	d3ea99b1	c_d3ea99b128b93c56de84fac2df9268be44982f95_0.json	191	148.44857788085938
68	129	74a817bb	c_74a817bbf5256d671036356c58096f612535e4a2_0.json	192	148.44606018066406
68	351	4b5d6292	c_4b5d62920ef4606fd30dfa42eb72df2785415533_0.json	193	148.43682861328125
68	49	c857311f	c_c857311f08df730f98cc47e9b59383b0349fe9b3_0.json	194	148.43678283691406
68	633	19ecde4b	c_19ecde4b224e78d3cf3ebad293a76a0d7b7bf376_0.json	195	148.4255828857422
68	694	e13c7942	c_e13c794216c0a0e2affd53039a7d715086bc135e_0.json	196	148.4255828857422
68	684	26d86562	c_26d86562dbca7b21739296826935b74e2cd75dbf_0.json	197	148.4255828857422
68	660	9d52e4fe	c_9d52e4fe146533053ad96d3cc29d54d05c869154_0.json	198	148.3833465576172
68	498	55e1258e	c_55e1258ec9f491ad2f7e4d47c7e581c687c82d0c_0.json	199	148.36322021484375
68	499	3137ff7d	c_3137ff7d3272b649aebf80c101274dc3c18af5b8_0.json	200	148.36322021484375
68	46	28f53ea8	c_28f53ea8e95302f96c6fa2fd91e4afc8178ab8a7_0.json	201	148.34512329101562
68	683	b41c7bd8	c_b41c7bd823a9d7df8b9ec276ff3ce4286ab1e890_0.json	202	148.33633422851562
68	785	b836418b	c_b836418bee65f5d8e45664151cb13ec4b0d08a2a_0.json	203	148.30514526367188
68	333	bf8fc453	c_bf8fc4533884f914182f861576808e71c18410cc_0.json	204	148.297607421875
68	331	41abf3b7	c_41abf3b75893403d9e21c33d06e8dc233b5cf657_0.json	205	148.297607421875
68	313	807aaf25	c_807aaf2569e9eb09761068c5aeb95654daea30d9_0.json	206	148.2928466796875
68	55	449fdd3c	c_449fdd3c1163cf42d9caa4e7382e37f20f2ca6ac_0.json	207	148.28294372558594
68	91	3df1d1ee	c_3df1d1eeb4a5868e5331ee98fb6748a2f1ccedba_0.json	208	148.24838256835938
68	192	9de5e9b4	c_9de5e9b4671773bb3f2d5932e57c1b4186b9b777_0.json	209	148.23660278320312
68	442	a83c4868	c_a83c4868dbc0f3229d31af5ff1b8554c44908459_0.json	210	148.2285614013672
68	845	63df133d	c_63df133d0850805818d1e280ba47dcefc9763c89_0.json	211	148.22100830078125
68	439	d07260c6	c_d07260c6993303adf0d1d0c8d4d01ab8d10308c8_0.json	212	148.21961975097656
68	514	9d9957fd	c_9d9957fdd23ff13d187d4b8832d580bf8622baf6_0.json	213	148.19845581054688
68	198	6a94702f	c_6a94702f5cf769973528adc8b3dc3e9cf56277c8_0.json	214	148.18905639648438
68	487	8936be78	c_8936be78f9ecad965b20fbf9ea78eda49514454e_0.json	215	148.1855010986328
68	182	c9e89727	c_c9e89727dc8063d087d28e42629606f4fd74a6e5_0.json	216	148.16012573242188
68	484	f1a08e4f	c_f1a08e4f38ace8c387085a7e7e2f52adaa9d88ca_0.json	217	148.13352966308594
68	433	ef332935	c_ef332935817a940ca10d1ce431d8a2037fe59ac9_0.json	218	148.126708984375
68	612	2665037f	c_2665037fa174f1fc17928a27c7bd6d90c8e9e559_0.json	219	148.11480712890625
68	614	09ed5563	c_09ed556367fbe81b3003881dfacad643939664c0_0.json	220	148.10894775390625
68	332	07dd3707	c_07dd3707c1a61ff21de3f7a7f15585bbb5f70573_0.json	221	148.1037139892578
68	550	b823ff36	c_b823ff368e21fbd36344db07f512d55826eded37_0.json	222	148.1033935546875
68	254	e4d75597	c_e4d75597fbd25bab4291efcfd8b36be880258498_0.json	223	148.07122802734375
68	31	915752b8	c_915752b8e4ffd312eea298fb749dddd0edc0db2e_0.json	224	148.06512451171875
68	438	eaaa1566	c_eaaa156632369f88e9667f55c7761cef8367cf57_0.json	225	148.05731201171875
68	703	84cc81ec	c_84cc81ec00e4d678de70dc1b2702fe7e059165e8_0.json	226	148.0171661376953
68	358	eb3e25de	c_eb3e25de7fc6ee4858b9805519c0dc7a13e1b183_0.json	227	147.9927978515625
68	1	0b7eccf2	c_0b7eccf2fd3a9293d7b513fbb766d7bc06abd7e0_0.json	228	147.975341796875
68	794	77efc4f9	c_77efc4f9054e8f18b317f955f9d1e53b76f8e28d_0.json	229	147.96836853027344
68	337	f6607996	c_f6607996d6d3bd6820ce3848d147991b27600a12_0.json	230	147.95797729492188
68	363	2e526cbe	c_2e526cbea28c991cd34d3f73a77891fa2ffbf6ee_0.json	231	147.95248413085938
68	830	ec4a34c2	c_ec4a34c2bd87ba54fa8770affdeeea4f3c42089b_0.json	232	147.9142303466797
68	212	833cd72a	c_833cd72a268c1161194038faf0d98ec6b1f203eb_0.json	233	147.9121856689453
68	591	817b76b3	c_817b76b372d0f071dc1965b47e8134c0e3511f91_0.json	234	147.89529418945312
68	618	a2153e74	c_a2153e7405e09c8fa413a01874c949b8b2bcd32b_0.json	235	147.89236450195312
68	173	ccbbcbf7	c_ccbbcbf71b1cb8771c9cdad1d28b367ce6ea0da2_0.json	236	147.88821411132812
68	720	41acde3e	c_41acde3e8e5e8d37ade765b41d9fd29861f03e5e_0.json	237	147.860107421875
68	27	4191b884	c_4191b88449010266e7e3f9b7f27f5a1cfbfa7ce7_0.json	238	147.83697509765625
68	204	b2c12cd9	c_b2c12cd9f4284d58450d1a487e29d6b6a065105e_0.json	239	147.81918334960938
68	399	3faef1d4	c_3faef1d4959a55ebd86a09cd5395afb54ab5ec25_0.json	240	147.8144989013672
68	58	d1f25380	c_d1f25380b5d74c5303533491e36ae4b33a50e2da_0.json	241	147.80235290527344
68	243	dace9068	c_dace90682a063279376435f07bd2379d70ae9c0e_0.json	242	147.7814483642578
68	604	b489cf1f	c_b489cf1f4089225b5ae06b6f30aa82d3438210aa_0.json	243	147.77027893066406
68	458	05b7dcdd	c_05b7dcdd4c4b017038586d582e8eebc4096a5619_0.json	244	147.76980590820312
68	661	6667430d	c_6667430d7d2cf9f2b7ad487b517c96c929398f25_0.json	245	147.76817321777344
68	137	e3bcc1c6	c_e3bcc1c6e7ce7e9bfc3098cd5bf57774049f5baa_0.json	246	147.7420654296875
68	391	8eee751f	c_8eee751ff9f460c4a769d598c65b1cd643dabc7b_0.json	247	147.73818969726562
68	255	747f2504	c_747f2504d98e2d37c933ead6e40a0a1a1e36d6af_0.json	248	147.7214813232422
68	111	45811828	c_458118289064379bc22acfc7fd991686a4b062f1_0.json	249	147.71022033691406
68	179	0895c288	c_0895c28861ee4a1969acc858f1a703ab11ddc64c_0.json	250	147.68113708496094
68	370	7cc74859	c_7cc748592670105f9d783b1b85f0f27e938db4ff_0.json	251	147.68064880371094
68	126	7eaa0d8e	c_7eaa0d8eca2549742649af34671eaf3da83b5c08_0.json	252	147.66781616210938
68	527	840ddca5	c_840ddca5b28cea7563a5be20d2624478af67bc02_0.json	253	147.6678009033203
68	36	86860111	c_86860111110ec7a96d92fbefb6c3ae15e3575405_0.json	254	147.6540069580078
68	165	170b23fa	c_170b23fa89cdcc38411fc29ec4453935e0903b16_0.json	255	147.64907836914062
68	361	92d3cd3e	c_92d3cd3eaa7d7e8b5b36322e9bab8eabe6a53c01_0.json	256	147.6171112060547
68	277	309b4b83	c_309b4b8353342766fac7c446722d277cf19b6ac1_0.json	257	147.59805297851562
68	567	24507d99	c_24507d99ee74582adac5ea3cd2d971679dd73567_0.json	258	147.59332275390625
68	565	0d3b4994	c_0d3b4994ebd199eb7dc76278c31656db9c2afb56_0.json	259	147.59332275390625
68	571	6a30daa5	c_6a30daa5450a77c66a704bc11a78d12b5e7eee31_0.json	260	147.59332275390625
68	662	027f4949	c_027f4949c97913eac7dc4ba2402ceaf66246685e_0.json	261	147.58660888671875
68	305	9390e788	c_9390e7889e85aca41bdf98fb38a19bd69f6fdb87_0.json	262	147.5839385986328
68	403	ef0c0c69	c_ef0c0c69bd0d838fa623bfa0e8a71855e7741126_0.json	263	147.566162109375
68	480	a4a3b0ec	c_a4a3b0ec39dcb5ff6a05c00477235deba672d281_0.json	264	147.55514526367188
68	252	d885b40b	c_d885b40bed151a624cd5d16a00eaff7e3f3cea35_0.json	265	147.50624084472656
68	735	7dfe0890	c_7dfe089019805bd9a62ce26c1993b3c86d1aa3d1_0.json	266	147.50059509277344
68	148	3c2047d4	c_3c2047d4ed1b14fc5e5269d08ee17bfc19bb5374_0.json	267	147.49050903320312
68	780	3f8896c5	c_3f8896c5f08cd04efabfc1bd9915ebfd93fb832a_0.json	268	147.48666381835938
68	401	de491e70	c_de491e70b971caca03f07531c2caf97b878cd1ff_0.json	269	147.48211669921875
68	61	c0face2a	c_c0face2a48665e46f4829f54ee24cfa4cf8d4589_0.json	270	147.47178649902344
68	240	8633ed0c	c_8633ed0c3fc01692fb1ee3c90a2da757f23c765a_0.json	271	147.47021484375
68	86	16a73790	c_16a737906f310af8b41f355b0e6c71f6bbc7c423_0.json	272	147.4472198486328
68	98	1f5edbcd	c_1f5edbcd2b5b09ec59151137e643d9ce75ef1055_0.json	273	147.43536376953125
68	365	f9579705	c_f95797059bdc7b6c4cfc4960081f0773ec85bbf8_0.json	274	147.412353515625
68	4	78995bf9	c_78995bf9e88599055a8c4165d89c09dc92a44b30_0.json	275	147.4033966064453
68	345	5b3bc3fa	c_5b3bc3fa01328cdbbde6b865c4d3ff7562bc9d6f_0.json	276	147.3904571533203
68	330	e1feab18	c_e1feab189248bba77e40434f2bf5185cad6a20e7_0.json	277	147.38966369628906
68	312	b9bc1534	c_b9bc1534921f1e98da5a373e39ea2d71a4a39175_0.json	278	147.38473510742188
68	502	ff29818a	c_ff29818af0528bd4a3ab0ebe840d041f2be37204_0.json	279	147.38134765625
68	67	c6848064	c_c6848064f7a5f696e34b6054ea6cc75b13eb9acc_0.json	280	147.37355041503906
68	371	cf968487	c_cf96848764f0b01a57bd9daa512903a1f0b1c00a_0.json	281	147.36087036132812
68	529	7e0ecb47	c_7e0ecb47ba5e1f50dc2aefbdf4f20379089f49cd_0.json	282	147.3585205078125
68	303	c165df98	c_c165df989529cc8eaf9b9100595b86b219a9c5de_0.json	283	147.3364715576172
68	13	3bee5d74	c_3bee5d740c96572faea4b9fb8b632e0e07b13cbb_0.json	284	147.3273468017578
68	211	f86b8929	c_f86b8929454da31fbc59cbf95293c7138e0b8200_0.json	285	147.3164825439453
68	146	72988fec	c_72988fec494186d46dff8b78de682fd1c5c191e7_0.json	286	147.31201171875
68	568	1a7fbd18	c_1a7fbd18b47c102152869c3b046b65ff0f12fc43_0.json	287	147.3035125732422
68	235	96844d11	c_96844d11db95fd7a948dd1cc3d2ef7cb4e03e710_0.json	288	147.29183959960938
68	309	0593df4f	c_0593df4f98c349d98fd00595966477494a0bcd29_0.json	289	147.28822326660156
68	485	f5e47651	c_f5e47651fbc4b9537af6e15c192ab50a888c6b61_0.json	290	147.27621459960938
68	570	c2824ce4	c_c2824ce4565143140d6b93d0241a6f7e6c81c3a0_0.json	291	147.27369689941406
68	582	95ac6a7f	c_95ac6a7f06053f4a85286e30394836d62d141518_0.json	292	147.2725372314453
68	816	b783533a	c_b783533aac33c06fc34ed4c3f284aa8411ea0c54_0.json	293	147.26942443847656
68	713	290bffbf	c_290bffbf3b0a6917be44513accef3a082543bbb4_0.json	294	147.2552947998047
68	647	524c7581	c_524c758183be741ff1519acfa8a4bf714dd2c4cd_0.json	295	147.23287963867188
68	634	164dbb38	c_164dbb3842f3028ccdf89cdbe678d161518e9f05_0.json	296	147.23025512695312
68	53	f78e933d	c_f78e933dbc678936ed5fcf453ab3c80b87d1e59d_0.json	297	147.2223663330078
68	199	0c8a0c53	c_0c8a0c53b2124d05b017a63bdbc720a57c89ead2_0.json	298	147.20849609375
68	385	5db16f8f	c_5db16f8f51592b6a6ac97c609fb0c691cc3f201a_0.json	299	147.1985321044922
68	375	cc4824cb	c_cc4824cb0e1ebc3f4fc6a8fe78f90e6bd8db6c0c_0.json	300	147.1956024169922
68	170	b4801b28	c_b4801b28ceea8db0f63da7440d6769cb9b7cce8a_0.json	301	147.1880340576172
68	477	f64a3f51	c_f64a3f51bd346547ce6e1edb30601df73dff27d9_0.json	302	147.16925048828125
68	400	08fc2551	c_08fc2551ca3c811a02407d593b6ae39d2439a88c_0.json	303	147.16748046875
68	287	aa123156	c_aa12315634b30a5233d2705febc6f10bab576993_0.json	304	147.154296875
68	304	48701cc7	c_48701cc70fde194c05ecd008fc1015b9d82921d1_0.json	305	147.14019775390625
68	45	026c3465	c_026c346555bbcc9d25fdeedbc85a6d68f0307775_0.json	306	147.13522338867188
68	202	82a9956c	c_82a9956c6337d2f5d4a94ebe624d64faa54d9182_0.json	307	147.1031036376953
68	793	d4ae974e	c_d4ae974ec86aa8ad84a45f6502d90f07b611dc22_0.json	308	147.0844268798828
68	183	465282f1	c_465282f1ca28a208b06c47b55fd292d4631c55da_0.json	309	147.08282470703125
68	486	81a77a26	c_81a77a269d5a9cd6b9baf34812b17fd22933b46e_0.json	310	147.06344604492188
68	704	69c36088	c_69c3608899f162b58555e4b5f9dab2719f9fbf11_0.json	311	147.06112670898438
68	128	93b02157	c_93b021578e479422012dd323b72110b19cbe41f8_0.json	312	147.0338592529297
68	640	d132d6d9	c_d132d6d962bf9a1999eff3fcaa6d8b53b4d66956_0.json	313	147.0135955810547
68	481	7451ba03	c_7451ba03648961a591ec5af7e33d665e25867304_0.json	314	147.0050506591797
68	686	7d80ca97	c_7d80ca979b09eed590c85c00fb7957f90e1706d4_0.json	315	146.992919921875
68	692	aa365d3e	c_aa365d3e2d35439107337c856a3b27b8dc3e1bcd_0.json	316	146.992919921875
68	9	2acd6c19	c_2acd6c1986e36bfdbae85c09eb83ac1940b86c73_0.json	317	146.99261474609375
68	453	1c92a544	c_1c92a5447451e3d6e663d4bf508237a6eaeccf90_0.json	318	146.99139404296875
68	459	be010400	c_be0104009f06fafdb7428398d2c8299d13a1df12_0.json	319	146.99139404296875
68	625	5d397618	c_5d397618f3c86d9c444a4c4c6441267b8a89a21d_0.json	320	146.98118591308594
68	690	0ace02f4	c_0ace02f4d582988b228fcc313ba03c6861e77693_0.json	321	146.9746551513672
68	412	c61dccaa	c_c61dccaace9a74483f45d578121b8faee04b0f57_0.json	322	146.95228576660156
68	711	4fe0dd22	c_4fe0dd22b4462cbd3943f3a8d77db8136ff4d9b7_0.json	323	146.9445343017578
68	787	940d5ecc	c_940d5ecc692b4a6b6b530d04316c23c61da51615_0.json	324	146.94334411621094
68	763	77063ce8	c_77063ce89ab93f9778c34804a992079c672d8ba5_0.json	325	146.9148712158203
68	171	bc82b39d	c_bc82b39db195e20d822db9213d98887b5d8016ef_0.json	326	146.91455078125
68	580	8be30b03	c_8be30b03493eb98e31eab98c0d69c1abf44104fb_0.json	327	146.90550231933594
68	347	fe58a5d1	c_fe58a5d1750bab2c5d1d0ef16102c1000e761bd8_0.json	328	146.903564453125
68	119	a2f9d4f0	c_a2f9d4f043be0fac4d868061fbc5d088ed31823b_0.json	329	146.89649963378906
68	166	cf5fd88f	c_cf5fd88f13f0b11625ac407f85cb58b36862e173_0.json	330	146.89199829101562
68	272	66527dd3	c_66527dd399f7142edc491037b4488b158073ae55_0.json	331	146.8842010498047
68	279	831de24c	c_831de24c490d14ef7dc99148cf2be39f6c67df92_0.json	332	146.87664794921875
68	707	27b083a4	c_27b083a44185add5dd0d3e4bfcc69161462175d9_0.json	333	146.86526489257812
68	106	369282db	c_369282db85567f1bf2c9635d0c0043d47f114814_0.json	334	146.85830688476562
68	112	be7c3f2f	c_be7c3f2f02e3eb2ad0153ebdff8b8d4fbafa8567_0.json	335	146.84498596191406
68	114	9da50069	c_9da50069d661ed8d200aa1caa7c3ee613700239c_0.json	336	146.83349609375
68	446	3c77775a	c_3c77775a0fdc5385a48eea5e5b07187f7681f834_0.json	337	146.80471801757812
68	556	2ea78e73	c_2ea78e73e6ace693e18d535560606dfd49c3f9bc_0.json	338	146.78846740722656
68	506	c1971584	c_c1971584101865a747d5d1e25ef0c0193135957f_0.json	339	146.78759765625
68	193	ae61437e	c_ae61437e564734077ea36e26d6e0378af3288571_0.json	340	146.78623962402344
68	177	107c16a3	c_107c16a3f88f04b8f128aa4f50ca5e5bd02b65f8_0.json	341	146.77053833007812
68	656	9b04e62d	c_9b04e62d89c89cfa636ae803e210ddbeb007a626_0.json	342	146.7559814453125
68	18	845f5ff6	c_845f5ff65858fd0d1829f3d2f16f758725e8028f_0.json	343	146.7381134033203
68	417	40e45135	c_40e45135df035f70d8cedfb80d195f3aaad3a6dd_0.json	344	146.72702026367188
68	318	30994e27	c_30994e27ebfa34e4820df650cd15f9f34d10238f_0.json	345	146.7013702392578
68	781	e323b879	c_e323b879de2e53e5eedf6e7afb0d582382c6248d_0.json	346	146.66986083984375
68	228	2b259dc7	c_2b259dc7308c101961bbbde1481e79602ae023d2_0.json	347	146.64427185058594
68	262	52547e61	c_52547e61d187e102f21e5545c24e8d232fefe92f_0.json	348	146.63768005371094
68	801	f1115542	c_f11155426907290f18d4b86854c207cd89419ddc_0.json	349	146.61915588378906
68	76	50c1b3d3	c_50c1b3d39ff5b17c956a2235f97f7b5da05ab6f0_0.json	350	146.61415100097656
68	136	efe3e7ff	c_efe3e7ff6349539bae7e2c36dc627129e268de30_0.json	351	146.6071319580078
68	766	31628adf	c_31628adfc829bdd7b1607f0d9d99c2290b1c28cd_0.json	352	146.59814453125
68	143	0c3fdb92	c_0c3fdb92840718de9f9da085b818efb419cfb927_0.json	353	146.59222412109375
68	245	5c4ba569	c_5c4ba569a07e89689e482be5a3d3b521f3754f0d_0.json	354	146.58616638183594
68	503	681cd7be	c_681cd7be75bc549183ad231950716f344226050d_0.json	355	146.56439208984375
68	574	9f3b2676	c_9f3b2676f3613ddf7716f75af8e2295452174dc0_0.json	356	146.54641723632812
68	809	71546f3d	c_71546f3dc7fc7e07b1e2214ed780afbd538660ff_0.json	357	146.5310516357422
68	153	ffe67f22	c_ffe67f22a342291ecfed36c1c6ee7c01186f9eff_0.json	358	146.51077270507812
68	611	3e42e575	c_3e42e575f21275d2d0f8196f2f22b4ea06995d5b_0.json	359	146.50489807128906
68	133	de13c331	c_de13c3313c05f4449c50c560324389d6905a214d_0.json	360	146.4934844970703
68	30	0b9488d9	c_0b9488d9734c0021829f26f334b594de1a1d8e42_0.json	361	146.48687744140625
68	280	162c8063	c_162c8063a095195dda833a99802367e059f354b0_0.json	362	146.48240661621094
68	737	dd220d3b	c_dd220d3b564c39825a3a63eb0213b950dbbc56f8_0.json	363	146.4644775390625
68	615	5f8de0b9	c_5f8de0b972f1c3c359ee7a0441729691105a3d62_0.json	364	146.432373046875
68	754	ee834409	c_ee8344091722c28c9351e78dcb4155fbfddfd1af_0.json	365	146.4212646484375
68	233	f0362b1a	c_f0362b1ab1ae1339e017b1d04f016980e3fa6cb6_0.json	366	146.41366577148438
68	508	05f5aa11	c_05f5aa1184d5796c0afe11a66c92a72bdfd10864_0.json	367	146.4058837890625
68	672	25827942	c_25827942ba9d45825dfd92faa37a78dbc9034ad0_0.json	368	146.40252685546875
68	670	b53b7ada	c_b53b7adafe8415d66d9219e3fd938e67ccfbd231_0.json	369	146.40252685546875
68	373	b09e9b1e	c_b09e9b1e0be9e010eb46d4cb3555c6407e223866_0.json	370	146.39395141601562
68	21	168bc14f	c_168bc14ff5e9e664863c3b1146f2a5b7a30ffb42_0.json	371	146.3885955810547
68	201	91d0d35f	c_91d0d35fba40aac9316db9e2f8aa94cd3a3b6c2e_0.json	372	146.38270568847656
68	224	ca13ac9a	c_ca13ac9a6a0ec6703115d909774379456c5a23a9_0.json	373	146.3716278076172
68	444	db6ecf32	c_db6ecf32790e8a1454f6bf1517444f8637211eae_0.json	374	146.3599090576172
68	537	0bc5bc53	c_0bc5bc535ebb3afbe081961db35302a670b07781_0.json	375	146.35153198242188
68	540	2bc4e294	c_2bc4e294e28b2cd78e92feafa497261d524bae23_0.json	376	146.35153198242188
68	294	21040372	c_2104037227b14377af17d176c453565380b96c3e_0.json	377	146.3446044921875
68	103	b347ce3a	c_b347ce3a71e23a4ab92dc0a6c07d43e2f497c953_0.json	378	146.34339904785156
68	384	34fd5f82	c_34fd5f8275ae69fc772c2283a3c5fd13b93a7c42_0.json	379	146.3377685546875
68	157	140d131a	c_140d131abbce3e1457066626398126f46ddaaf6b_0.json	380	146.33163452148438
68	697	a1c49b11	c_a1c49b11a34f950da65cd7288ee9a0d0c3bf0b86_0.json	381	146.3306884765625
68	343	5ce68c90	c_5ce68c90f9951f10b5ee83062ce238d39df60e2f_0.json	382	146.29718017578125
68	538	69d9533d	c_69d9533d7d152a8aa8e401d567131fe7da25013d_0.json	383	146.2805633544922
68	395	baa06eb5	c_baa06eb5d4fa96fc674484130f093e83dacf7bef_0.json	384	146.27769470214844
68	456	28982c32	c_28982c32f367108886311969e01d69156230fd35_0.json	385	146.27459716796875
68	523	606015f2	c_606015f2b48ebaefb3cb1193d2b9d0310f3dc2f5_0.json	386	146.27041625976562
68	336	f93cdf97	c_f93cdf97ea803c4702023daf1326dc45172de611_0.json	387	146.267578125
68	655	71a9ef62	c_71a9ef6258d01b0e05820209be0035fab11a8d3a_0.json	388	146.26666259765625
68	66	c306f810	c_c306f810ac0d653caadb7bf0b7cf7c12d6c06a20_0.json	389	146.26608276367188
68	811	06dadd83	c_06dadd83de79b0ad1693f21edd3ff8e2b9ffc060_0.json	390	146.25941467285156
68	161	c2d3c87f	c_c2d3c87f726630f66cbae09614853f660616eb16_0.json	391	146.2530517578125
68	189	99253702	c_9925370292834ea846727f1f9db76af0d40261df_0.json	392	146.24734497070312
68	110	07f6f612	c_07f6f61221e1d0f4540c0fe7958b4cbe2d3d718c_0.json	393	146.2467041015625
68	526	f5b97465	c_f5b974651c6b4873c8df103572587a95d9be282c_0.json	394	146.2093963623047
68	302	4031a54f	c_4031a54f71a1df311b0b9ab24640297e0d526bfe_0.json	395	146.20164489746094
68	687	8666370e	c_8666370e5299759bc1f1f6f13b02990c879b440f_0.json	396	146.1912384033203
68	689	cf03eb4d	c_cf03eb4d9813d8035d4c0daf893c918880cb986c_0.json	397	146.1912384033203
68	722	49239b94	c_49239b94b9eee7a46b9c86cd0c0b1d4909048d52_0.json	398	146.1912384033203
68	471	1c75a548	c_1c75a5484b515bd593295fbf0c8491e2dd1f1c45_0.json	399	146.16812133789062
68	505	1668b777	c_1668b7774dd529234defd8c19cf6d20a1673b582_0.json	400	146.1529083251953
68	742	145faa87	c_145faa871db6b60f468ebee99b3551c6c18a8459_0.json	401	146.14865112304688
68	208	3c4504a7	c_3c4504a78a84e4715439cddb4028c25be2ce308f_0.json	402	146.12896728515625
68	435	6a4bafed	c_6a4bafed443e5365d8580ac18af603e7d250fe2d_0.json	403	146.11904907226562
68	320	b7b201a0	c_b7b201a08e330c9638f52f5dfe824e426a34f2c5_0.json	404	146.1156463623047
68	750	58eb2f51	c_58eb2f51fc73ac0f572d0fa226a916c442621568_0.json	405	146.0931854248047
68	812	fb879203	c_fb8792033d8def08a18a1920817d4b88a68b214e_0.json	406	146.09283447265625
68	44	66485d3d	c_66485d3df654fa92b7500d5e15b58300677edca3_0.json	407	146.08689880371094
68	464	a453c7f2	c_a453c7f22fb5820664f49b5ddfbeefaa2bd5ec87_0.json	408	146.08291625976562
68	569	a857aec2	c_a857aec27d79fc234fddd4a72c1215af0251b2d8_0.json	409	146.08245849609375
68	699	86a7d25f	c_86a7d25f3cc1177f35dc6480260fb807912c03fa_0.json	410	146.0745849609375
68	115	1c2f9589	c_1c2f9589453a5269f45adefed4f38b1b8253d235_0.json	411	146.06439208984375
68	715	bf4fc620	c_bf4fc620041677d3031a326fd2c0f91352fa6e27_0.json	412	146.04730224609375
68	695	fdce3fde	c_fdce3fde269834d9907127955701fc6d783fb3bc_0.json	413	145.99041748046875
68	427	b70007d6	c_b70007d6defc94c6361ccf93fc20cff7c02345d5_0.json	414	145.9694366455078
68	75	d48c365b	c_d48c365ba8251057a71a2e2b7aabff640209e31b_0.json	415	145.96133422851562
68	691	80ee9057	c_80ee905775eded2256972f3e762862fcf66f0095_0.json	416	145.96026611328125
68	413	c64b9350	c_c64b9350aa206a4ec8deedaca08d6e4f1d84f4e8_0.json	417	145.95240783691406
68	821	de8d4c68	c_de8d4c68279b3f81307bee6c131af91f0cf6fea4_0.json	418	145.9523468017578
68	814	5b55e9fa	c_5b55e9faab08e7d9292d9b1bfe24da8631d08416_0.json	419	145.9261474609375
68	476	e9f7e611	c_e9f7e6114414f68deb90f4116861d7a054365404_0.json	420	145.91513061523438
68	588	ae2eb35c	c_ae2eb35cc611443ce1e440c2006bbe52f8191b4c_0.json	421	145.9095458984375
68	679	31134b47	c_31134b47a2c5a56410e3097676fee55830dfcb85_0.json	422	145.8809051513672
68	271	44e59948	c_44e59948342527c9d8ffc6f2b01d86af72aaef54_0.json	423	145.87353515625
68	682	d63b204e	c_d63b204e3e8f5fd9b78ba8408c9599dda122694c_0.json	424	145.86093139648438
68	598	7d6ca28d	c_7d6ca28dda13c58829bb7b07cceab46dbe7a1510_0.json	425	145.85972595214844
68	658	b7d0c172	c_b7d0c1729ff32aa456727ed8c04dce277b1ebf89_0.json	426	145.848876953125
68	791	23cf56d2	c_23cf56d241b46465bd0f112ad0cc9c6ba5583fae_0.json	427	145.8467254638672
68	107	8ff053c7	c_8ff053c723ec20f5b8e1e9e87164bbd657f7d2ca_0.json	428	145.844970703125
68	422	853cb5d2	c_853cb5d209e39fdf1944fbd48e1fab349c24b76d_0.json	429	145.84385681152344
68	733	ad3247e8	c_ad3247e8d1c85ece25cfb054a5d7fd106b4d8ec9_0.json	430	145.8426055908203
68	547	ce184717	c_ce1847172d56aedfd334d962445af8d6b82f4c72_0.json	431	145.83253479003906
68	667	6938aaab	c_6938aaabd0c2424ad36a4e13e7ce072b944ce33f_0.json	432	145.83233642578125
68	314	0cfd65a8	c_0cfd65a8bf4241082546225151026fd65a28c455_0.json	433	145.82839965820312
68	113	3cc8b3a5	c_3cc8b3a5889f8b88ef7a2bd0b8ccea8cb0d916c4_0.json	434	145.8257598876953
68	132	30cef26c	c_30cef26cddd46c9bad49c18c3e4bedcaad26bd48_0.json	435	145.82479858398438
68	25	1b01c373	c_1b01c3730af79c363390fc2496df345eaf2eb88b_0.json	436	145.8032684326172
68	225	9b4ae3ac	c_9b4ae3ac4b39ed3267d23e12d99e1fd6d86400c5_0.json	437	145.79942321777344
68	291	e859f6f5	c_e859f6f557d0ac39f3bf45949691b2a0e150a2e4_0.json	438	145.78761291503906
68	15	a4781939	c_a478193982ce1fb9271e3f7ebcc1369913c9a859_0.json	439	145.78079223632812
68	668	b40c6c7e	c_b40c6c7e0e323f1b69fe7f9686ed8f763b01faf8_0.json	440	145.74008178710938
68	308	4cede4f1	c_4cede4f156740b7ce93d92d824066e9a42257541_0.json	441	145.732666015625
68	786	97ccd2e1	c_97ccd2e190cffc9a656e2ae58bf03372f644f6df_0.json	442	145.72073364257812
68	747	f136b358	c_f136b358d247b27f2cb1b266d65c72f7c5af7bad_0.json	443	145.72073364257812
68	749	2b8ec0e5	c_2b8ec0e5d81f5e765020faa3a74712eed54db311_0.json	444	145.72073364257812
68	176	d1df9704	c_d1df970451b5a18956448097b3afb43f3a82263d_0.json	445	145.69772338867188
68	6	e609670b	c_e609670bb56e0c7216c9476a5f6a5594e7f1acdb_0.json	446	145.6827392578125
68	607	23705fe7	c_23705fe72470fa22ba41e86ad0e463263a7cf947_0.json	447	145.6695556640625
68	241	03045566	c_03045566981aa5e354f87b4312ee7236c79c48f9_0.json	448	145.66395568847656
68	195	6afe53cb	c_6afe53cb82f87071567808d816dea524a74ae3ab_0.json	449	145.65753173828125
68	573	2f0c3260	c_2f0c32605f1c9ecc73ee9786b4f4c1b8f574ceb0_0.json	450	145.64942932128906
68	850	e2da3b80	c_e2da3b80158f6df8377e95ba54da85eb286e63d4_0.json	451	145.6318359375
68	222	e8eafe7a	c_e8eafe7acfd53e5385e4f31692c4db67c3777185_0.json	452	145.62161254882812
68	792	2304ecfe	c_2304ecfec59cb34ba2f56819ce4cb7a44bec925d_0.json	453	145.6166534423828
68	388	599e4089	c_599e40891b9e5cb55af2dd3bb8027cee846087c1_0.json	454	145.61309814453125
68	101	ff22c95f	c_ff22c95f50a9ba027076d68d610673f5ee423e7c_0.json	455	145.6107177734375
68	489	5cd9c1ef	c_5cd9c1efe90dc7c1be33cd7f8c1dcbaa9225909e_0.json	456	145.59100341796875
68	278	b494affa	c_b494affaa7997bd683ff032557c167dccd6745d6_0.json	457	145.58700561523438
68	738	95aaad5c	c_95aaad5c7ee47e5f33627be4cfb4bf04652358fc_0.json	458	145.5849609375
68	496	2e158bdc	c_2e158bdc1a74af6453d3087a7377ace75e2bcd45_0.json	459	145.58148193359375
68	532	1f89ef6e	c_1f89ef6e7d93596d94afacf7c602874d5a6cb830_0.json	460	145.57693481445312
68	411	468118ef	c_468118ef76ffbfc993869a07672f4f86665ae145_0.json	461	145.57579040527344
68	28	c28d0ab6	c_c28d0ab6972531b5bd13638ce7b69eeaea551e54_0.json	462	145.55593872070312
68	381	725ecc10	c_725ecc108d6c4e02730ed79f471437f240fbc107_0.json	463	145.5361328125
68	432	73f98ee9	c_73f98ee988dad825ba8320bf4d8df0413fde531c_0.json	464	145.5279998779297
68	795	de306603	c_de306603cfe39c64672539af78bb74a10439e1b3_0.json	465	145.51869201660156
68	437	78eb6721	c_78eb67212252fb94f85e77fba7bc69dd33b44d3c_0.json	466	145.4935760498047
68	301	9c1eea2d	c_9c1eea2dc00e2feb14c13e9a00d6a392f680df17_0.json	467	145.49160766601562
68	666	695eed61	c_695eed613dede3a21f673cd18f89b39e086ddc45_0.json	468	145.4818115234375
68	276	1004aa68	c_1004aa6826a19fcb9e6a33b029b492a100fa081b_0.json	469	145.48037719726562
68	762	e8229030	c_e82290302eaf2757281651588ee43441ed6d57d6_0.json	470	145.45742797851562
68	37	6d374c3e	c_6d374c3ee4c9c2651ffb44048924e127fd2bf37c_0.json	471	145.44696044921875
68	586	6090aa84	c_6090aa84bdc3ff91fbb869bdbef7367ee7cdc8ca_0.json	472	145.43199157714844
68	624	f3c23f75	c_f3c23f757da302483c86414ec8b9c502f10fce00_0.json	473	145.41647338867188
68	510	6bbac115	c_6bbac115c9a7928a7053b2da3a78df9569df8570_0.json	474	145.4099578857422
68	100	ffc10666	c_ffc106663b5a9a282c44f4976bec93645c03668c_0.json	475	145.40719604492188
68	513	d24a652c	c_d24a652c89b3798648fade2401b741eae981d535_0.json	476	145.39389038085938
68	125	45fd54a4	c_45fd54a488cfbf27978fc4811a722f1fedb8ddaa_0.json	477	145.39161682128906
68	817	f78951b3	c_f78951b324be6cb453ebbefcb30ab83328282590_0.json	478	145.38262939453125
68	688	a4179524	c_a4179524774f4b4e86960699856223573490471c_0.json	479	145.3678741455078
68	729	03fee32a	c_03fee32a06ccf8257b2da67b9034270be38805ae_0.json	480	145.3660888671875
68	696	e805e65c	c_e805e65cbda20cf7f2159e348bf6b483fb15c953_0.json	481	145.35110473632812
68	589	fc66128d	c_fc66128defd24dd67a02b1bdd87d1968126f02ea_0.json	482	145.3419952392578
68	41	25abf2f5	c_25abf2f5ae140d0d9d6a3a512990661d2316a59b_0.json	483	145.33567810058594
68	206	660e7b52	c_660e7b525f76cd64d10ccc8724a1b0e0c501d1d9_0.json	484	145.3306427001953
68	420	24b7eb9a	c_24b7eb9a4a8850f2d0988eb81245b4b9a977d53a_0.json	485	145.31466674804688
68	823	4553519e	c_4553519e4f2e27200fca0610893a169356d5ce0f_0.json	486	145.3116455078125
68	219	e4692e55	c_e4692e5529bd49aeeb8057173fea3148c7a194b0_0.json	487	145.30809020996094
68	535	bb877849	c_bb877849306e221202b283f9b8eb3873d7bdc9ae_0.json	488	145.30697631835938
68	109	40ab7fc9	c_40ab7fc97ed52e3a1c1235ee20f97c10e39d6390_0.json	489	145.29786682128906
68	429	6d497951	c_6d4979514fd802dd4deded67f3ba1929e74a928d_0.json	490	145.2715606689453
68	230	1038156a	c_1038156ae5874939d7a7fab18a49da1daac86e83_0.json	491	145.26480102539062
68	445	81e67f53	c_81e67f532751bc1744bd1940825f014c935061c0_0.json	492	145.26104736328125
68	447	5e637464	c_5e63746459b65c508dbeab01bebac3a4b89ef43a_0.json	493	145.26104736328125
68	443	f7013a96	c_f7013a96d57fd9f69cbc60e54010d2da34f68a4e_0.json	494	145.26104736328125
68	623	1c5d6203	c_1c5d6203ab1152a6dee19149fdca2ecd1d8f585f_0.json	495	145.23806762695312
68	430	d48e656b	c_d48e656b8ef676a9d4d87503028d59628013307f_0.json	496	145.2162322998047
68	85	36830470	c_36830470db8f4c695c3c096358914b49bbc48099_0.json	497	145.181884765625
68	578	e7ce7f71	c_e7ce7f710e1bf297f1a4258b53f22f550fc1f2e3_0.json	498	145.15811157226562
68	200	1b472506	c_1b4725062822b9f3fbad02fb5d4f64fdb6ca1096_0.json	499	145.13583374023438
68	349	f116658e	c_f116658ed959c0a0f8199c3e70675e33742c2c04_0.json	500	145.1173553466797
68	324	6d8fd424	c_6d8fd424925b186d720112e4f14e6898386a66b0_0.json	501	145.1134033203125
68	244	592b16b0	c_592b16b06a1574bce647975c5f1cc24354b814a4_0.json	502	145.1070556640625
68	659	653599e7	c_653599e7c3922059a78958ea32b216ff9c42800e_0.json	503	145.09695434570312
68	164	5885b9b7	c_5885b9b72a64533fb2bd6f05d66c65b58c7d3b45_0.json	504	145.08181762695312
68	123	222eafd3	c_222eafd303155b3eac5cd244584b2cb3c4c11975_0.json	505	145.0778350830078
68	71	67289ae4	c_67289ae4cbaba3ae70cd2e8fb92f3f2898039dfb_0.json	506	145.0527801513672
68	274	f02faf9d	c_f02faf9d0650270eeb430d368240401d0f465597_0.json	507	145.0470733642578
68	34	4014ddc8	c_4014ddc89c5aa969f6eb3a5445f7b42998c5128d_0.json	508	145.01046752929688
68	558	7675b68d	c_7675b68dbd7cfc37b1359fd40be9fdf0b618bc95_0.json	509	144.99539184570312
68	68	086aeab1	c_086aeab1deabfa192544f14670d7d2fd2b12cffe_0.json	510	144.98983764648438
68	760	cc628d60	c_cc628d6050107e3dfcc7bd2748708c12ef15b4e0_0.json	511	144.95849609375
68	354	b549eca7	c_b549eca779808ff17559775a294dd3fd3d9bc382_0.json	512	144.93978881835938
68	247	69b2d38e	c_69b2d38e6c621ef6557eabe4948f69f78bd7f363_0.json	513	144.9309539794922
68	97	da30f170	c_da30f170f29e983f014fb029fe5779bfd5d3b04f_0.json	514	144.89987182617188
68	362	9a05def0	c_9a05def053bc2ac4b24a5c1f72b35f6a2e753b0e_0.json	515	144.8956756591797
68	431	03bfd274	c_03bfd27446569ed220b7248b8e1d9be0c2cb8187_0.json	516	144.87579345703125
68	800	2851a419	c_2851a41947bed8b8e100c7dac7d1edbc1c909d24_0.json	517	144.87551879882812
68	820	c438dfd0	c_c438dfd06013f82daa648d23b864842ff1881695_0.json	518	144.87551879882812
68	798	a36a61a9	c_a36a61a9027c5bca5752b0ecca7c609c07e568bb_0.json	519	144.87551879882812
68	186	b1ffe42e	c_b1ffe42efdaaf0266b4ba10e05de124a885cf979_0.json	520	144.86697387695312
68	601	902503a7	c_902503a7f8aa4d86bbfc01a0933f2a9e6d952e7f_0.json	521	144.8622283935547
68	731	0b1171a3	c_0b1171a359e8b53bdd72c8a29c13ed8e8150385d_0.json	522	144.8591766357422
68	587	cf3fcbbc	c_cf3fcbbc124d5b8948d7bef5215c45d80dbeae8e_0.json	523	144.85679626464844
68	500	e276b9f3	c_e276b9f30132f9cc0a7a47d6181ca54e4214b5cc_0.json	524	144.84815979003906
68	48	bca9abb0	c_bca9abb0e3062d373fe52c0e8340337588c05708_0.json	525	144.84011840820312
68	657	8d1ce679	c_8d1ce6799ec27e62fd39fa0abc30ec4664b9b209_0.json	526	144.77899169921875
68	619	58786c3f	c_58786c3f717fa506280127265cd68fedf17de0a9_0.json	527	144.76478576660156
68	744	f322be0e	c_f322be0e576d5e2114cb59c0a6537197997b9c59_0.json	528	144.75961303710938
68	534	40e45bb4	c_40e45bb4017ba81769e97537ba443ec4ae34cd10_0.json	529	144.7375030517578
68	14	ffe07f8c	c_ffe07f8c307c6b421cead64229eddb3602369f44_0.json	530	144.72457885742188
68	239	83f6917e	c_83f6917e503ec7b32570af9e986ad749042d9dcf_0.json	531	144.7113800048828
68	519	68544325	c_685443251d5be1186e0d8abf4ad1181153bebe01_0.json	532	144.70086669921875
68	283	74121ba8	c_74121ba8a381f96a209260617f969ef71900bff7_0.json	533	144.69589233398438
68	829	7433d30a	c_7433d30ac4cb2334d22e66299846118686efe939_0.json	534	144.6947021484375
68	759	ec82f50f	c_ec82f50f1d59755e1ec86ca2488cbbb0baeb6d75_0.json	535	144.68492126464844
68	216	de6bda7d	c_de6bda7da621841ee37e8a92399a9e7f0088dbf2_0.json	536	144.67442321777344
68	220	4cf197f6	c_4cf197f69d8733ac68b02672b2e23d7939e5eb76_0.json	537	144.67442321777344
68	756	da36f250	c_da36f250f9452743dbf0859af86312b844c0d0bd_0.json	538	144.65548706054688
68	70	1be1c263	c_1be1c2636ef14071afa7da5cb8988972bd90149f_0.json	539	144.6455535888672
68	227	64bdecd7	c_64bdecd712848ec35f1f43d6ad09291b9d8d2bfb_0.json	540	144.64425659179688
68	238	0b3f6f9f	c_0b3f6f9feca6f027037a12978017ff055a0be538_0.json	541	144.6299285888672
68	275	c72f52d7	c_c72f52d7152d6c638dcedb827bcc8c7fd023774d_0.json	542	144.6087646484375
68	366	6a2378d4	c_6a2378d43d1f06344f6418388d45c66fe3466a07_0.json	543	144.6070098876953
68	770	4d27fdcf	c_4d27fdcfda10b3cfbf0c87b3b6d691da5b5291a7_0.json	544	144.60231018066406
68	64	1771d200	c_1771d2005a441cb87df2a488069f265bd71ed9ee_0.json	545	144.6014862060547
68	17	e578606c	c_e578606c74bd8a24d0cabcb64f9ea1e950003af1_0.json	546	144.59365844726562
68	374	d6227f73	c_d6227f739b8380f74663b2f536ed4a9649fd0841_0.json	547	144.59078979492188
68	491	a455a437	c_a455a437d82e4945330499cb7925fc767a4db046_0.json	548	144.58511352539062
68	461	269cfb2c	c_269cfb2caf348e877171c80254c238525b269631_0.json	549	144.57107543945312
68	822	82882847	c_828828472848b88b6d3b1e847fa8be5dde78e2da_0.json	550	144.5078125
68	555	06484fee	c_06484feebf8fc124b48eb1c252e57bc4e6f76d6f_0.json	551	144.498046875
68	677	a6ca7c19	c_a6ca7c196cb8f9bcddefd038d80217c3de486e4e_0.json	552	144.48472595214844
68	359	ff81c557	c_ff81c557b950927e7853ca6d2c7441b6b1fe8822_0.json	553	144.48150634765625
68	181	5f09a765	c_5f09a76531fb4f6e182238411017e6fc7e74ad16_0.json	554	144.4813690185547
68	425	44371669	c_44371669df4c40906571af947e9f2977be89be19_0.json	555	144.4634246826172
68	833	dd549b15	c_dd549b157b4c4f94e1de8a5e16678eedd9a99894_0.json	556	144.44813537597656
68	191	b8fb1c43	c_b8fb1c4377809503625087f13c1ade664ce9b7e2_0.json	557	144.44712829589844
68	357	5061aa1e	c_5061aa1ed7924826ae3049b20f9dfd388c0155e7_0.json	558	144.44232177734375
68	517	4839e1ea	c_4839e1ea57f9a1a26debd2cc8f22beef7282b490_0.json	559	144.42880249023438
68	553	70f817ae	c_70f817ae4f80ac11dd2dfe97babf5896c690fb48_0.json	560	144.3737335205078
68	428	e94b5cc0	c_e94b5cc0f19b45dbd6fb65ea365f67d038e815ef_0.json	561	144.3617706298828
68	521	88517240	c_88517240e25a7a38d6d25595397eb90e7b316014_0.json	562	144.3549346923828
68	652	2daa009d	c_2daa009d090adc7f4e6b9130b35a68b8a1536e7b_0.json	563	144.34939575195312
68	418	7a0bb06d	c_7a0bb06d85735d901894cce2aff99251bcf67484_0.json	564	144.34246826171875
68	393	bbf3ed85	c_bbf3ed85e0f668331edb269329bf577fe27932a8_0.json	565	144.33914184570312
68	451	8ad57c7e	c_8ad57c7ee6aa7176dcfabeb934d2676f51ed017f_0.json	566	144.3339080810547
68	152	47554834	c_475548341c38755063c8475379745ba31caffe41_0.json	567	144.3338165283203
68	96	e185090c	c_e185090c145950cc1eaba599e9f64bc305dec4c7_0.json	568	144.33119201660156
68	828	43ef4fb5	c_43ef4fb52b64c65ebad5018ab8dff91b48f6033c_0.json	569	144.31399536132812
68	478	e963fa84	c_e963fa841eb14be4e5b557347974493d3bb7f1c3_0.json	570	144.31341552734375
68	584	42c7587f	c_42c7587ffb41f2ce179710d64eb9285053379de0_0.json	571	144.30801391601562
68	346	d00fc0c6	c_d00fc0c64dba6762b649f9690cd52c68b849e118_0.json	572	144.29840087890625
68	95	295c978b	c_295c978bfbf070d28214b27239cd26aaea58b6d4_0.json	573	144.29376220703125
68	298	ec8f3c1e	c_ec8f3c1ea3de563d6ed6ce7af198701f46aea338_0.json	574	144.27427673339844
68	765	b7d0c3ee	c_b7d0c3ee8b19c4e9387984ed6bab561929093eed_0.json	575	144.23336791992188
68	20	13fa93d5	c_13fa93d548673546ea7b13471858cf3febbd1f40_0.json	576	144.2214813232422
68	851	9407ab7f	c_9407ab7f8cabbfc7c475a1521b13ca51907d145b_0.json	577	144.18280029296875
68	764	ef2dd6e0	c_ef2dd6e0723162aaf56cf58eeede68622caeca37_0.json	578	144.1785125732422
68	334	c2c15014	c_c2c15014b06a90e90c6f6c9be7fffd4a26883c86_0.json	579	144.16647338867188
68	43	54cd800f	c_54cd800fce81483d7d07260ff5edb363476e8a30_0.json	580	144.13905334472656
68	297	9f41fc2c	c_9f41fc2ceda896faf7f5c5aabede4f2b0c48433c_0.json	581	144.12847900390625
68	215	38729e7a	c_38729e7a4539cd369840ba01e802c932863cc142_0.json	582	144.10960388183594
68	562	2c01268c	c_2c01268cc5c10c4ac8b2949ca28655eeebb2deba_0.json	583	144.10916137695312
68	561	31e978ee	c_31e978ee1763bb13fc4046fe9821763019422de9_0.json	584	144.10916137695312
68	566	171a2230	c_171a223035d6017f0889b1b302bb1851e1ac3662_0.json	585	144.10916137695312
68	117	fbf47bd6	c_fbf47bd6fe52121c22d9c1fa6764e6686221df99_0.json	586	144.09716796875
68	175	d768bbc4	c_d768bbc4212ee0d95d20d52426fbad47f0f9c56e_0.json	587	144.08840942382812
68	410	86fc0c59	c_86fc0c596ece8917888075e8e8b42f701131632e_0.json	588	144.0865478515625
68	290	46f8deb5	c_46f8deb58b89694b0e09006915cbf5fa52669db3_0.json	589	144.07879638671875
68	144	5bde370c	c_5bde370c377946671edd3408878413d236399944_0.json	590	144.0710906982422
68	57	37bc6d41	c_37bc6d41f17d17a822bbcd9aed9f17649a3384fd_0.json	591	144.06846618652344
68	35	6fcb0080	c_6fcb0080b198186d44552a5996ed81c3aa4a04f8_0.json	592	144.03819274902344
68	356	530ed0ef	c_530ed0eff3806a9bb9dd6b58d15597f9a91c66a6_0.json	593	144.03802490234375
68	740	65714d6c	c_65714d6c49ce1b3c722836717e38f9b13021b8bb_0.json	594	144.0372314453125
68	563	c1c81dc4	c_c1c81dc4c84d1a74045df43d6861b4667249402a_0.json	595	144.01461791992188
68	462	8a76da20	c_8a76da206034045c555297e5069eb273d05fc6fb_0.json	596	144.01406860351562
68	325	13ed3807	c_13ed38070494863b4bbd4f8328fa9e7e575de463_0.json	597	143.99891662597656
68	748	5811ff45	c_5811ff459cf6847fcb30650fa82564abe2742b2f_0.json	598	143.99771118164062
68	649	00c6b6e0	c_00c6b6e0f0798db704b3e5fc4a0547bd90e55289_0.json	599	143.9784393310547
68	19	847b296c	c_847b296c23a63aa0a0b38cc3e63883e1688288e3_0.json	600	143.95626831054688
68	639	8bcffc6d	c_8bcffc6d81ab00eaf25a963d8f8b206410fad225_0.json	601	143.94894409179688
68	549	043a352c	c_043a352c2e85815a90a1926d112902d924bab6c1_0.json	602	143.9423370361328
68	531	11bd7420	c_11bd742011d67590031dba6e9d1f7186393b38a0_0.json	603	143.9423370361328
68	530	6dbca87c	c_6dbca87c463d8a1e229a0d92d5cdf92247fdefde_0.json	604	143.9423370361328
68	702	01f3b980	c_01f3b9808f2f969a10828966a7e8f1399750a1dc_0.json	605	143.942138671875
68	72	2f5cb162	c_2f5cb1622371de540fe20dcbe0411651ec89f952_0.json	606	143.9263458251953
68	474	d6832232	c_d68322323aa52d943b9dc5618ef8ea81d43d7b4f_0.json	607	143.90989685058594
68	207	aedd5254	c_aedd5254f75c8347a69b7b22f7dad876c1c1422f_0.json	608	143.86727905273438
68	806	c498ecb7	c_c498ecb791f2dd8a1b37e74f94c1c119549607bc_0.json	609	143.83157348632812
68	804	b8441ec2	c_b8441ec2d615319e00970d9ad03c5ac6a3378b41_0.json	610	143.83157348632812
68	803	3130ceb0	c_3130ceb0d70332cb36e733bd68609b295dc6854e_0.json	611	143.83157348632812
68	669	25829b03	c_25829b0395164533782d608399096803321225a7_0.json	612	143.82554626464844
68	818	1c707e4f	c_1c707e4f1ac441bcb2b0170f520a22df6dfe7043_0.json	613	143.7684326171875
68	231	b2a304dd	c_b2a304dd9ec2ab9fe4ddf88d07f80cba26cc266d_0.json	614	143.74691772460938
68	834	643bd643	c_643bd6436989e7a957ccefeed8ea5ecc8e84a748_0.json	615	143.7222900390625
68	396	c669a68d	c_c669a68d9206402f0779338261351907bae9c26e_0.json	616	143.7104949951172
68	310	8676b938	c_8676b938a4311b0330abcbe12ab338983cb31d2b_0.json	617	143.69126892089844
68	596	11e59819	c_11e59819ec6134736004cebf264b030517a7bff1_0.json	618	143.68035888671875
68	734	cccb8506	c_cccb85065f352d69f5c7bb15f31ece81f734c18d_0.json	619	143.64881896972656
68	472	bbff7b87	c_bbff7b87746d7ded975d0d122fc0e0c3485e5c5f_0.json	620	143.6245574951172
68	621	79b90b86	c_79b90b86cdc69370c4c87685173088f488382751_0.json	621	143.60848999023438
68	616	5b0913e2	c_5b0913e2ad3efc49ddf1e737f4e2addbfe04f7bf_0.json	622	143.60147094726562
68	392	7eb2d84d	c_7eb2d84de101a125d41d3a1157f4eed789ca4a0d_0.json	623	143.57421875
68	844	a54f481f	c_a54f481f17f75d540426b958dd381f1556586960_0.json	624	143.56529235839844
68	835	af3e9dbf	c_af3e9dbffe3f76e20389ce7d159a73cf8d91ea41_0.json	625	143.56529235839844
68	282	d5b11f89	c_d5b11f8918aaac365ce173dd9e6edadc687fb4b5_0.json	626	143.55416870117188
68	124	c25df7ec	c_c25df7eca2462861bf42ad8b74215099c3f81ae6_0.json	627	143.54934692382812
68	40	a3ed6caf	c_a3ed6caf81e25d0cff2f84ba7f7dd80dab9e8086_0.json	628	143.54762268066406
68	831	f9733cf0	c_f9733cf0d379b87cd22574a32865c90ae8d50152_0.json	629	143.52685546875
68	105	2dc356a3	c_2dc356a34ace77d20b27fa90fb6467d303bd09a8_0.json	630	143.5187530517578
68	463	510ff24a	c_510ff24ac51a8c73ff3f2401379654c37a00546b_0.json	631	143.50997924804688
68	560	0d3e179a	c_0d3e179ac3e994571aadb8f7c622b6442f387deb_0.json	632	143.50936889648438
68	273	513d04bd	c_513d04bd0b3be2cf6dbf6748ed28414af4d071ad_0.json	633	143.50245666503906
68	783	7839b1f7	c_7839b1f74c040413edbf3e762d7b0ac876b43a04_0.json	634	143.478515625
68	0	6b49cfd9	c_6b49cfd9022fe111bdad745c78ea877fbc2f7ba3_0.json	635	143.45462036132812
68	190	54140292	c_541402929a600a95bf099513908b4efd8b0e1c5b_0.json	636	143.45050048828125
68	63	7287c0ac	c_7287c0ac1d7fb09e5b52a0bf68caf79bfcb09d87_0.json	637	143.43946838378906
68	348	f9d8ba4d	c_f9d8ba4dffcd00329d5197aba72d1b7403e1d4c4_0.json	638	143.41964721679688
68	852	f392c841	c_f392c8416faeb6dc41e663912ad7f4421d893a90_0.json	639	143.4171142578125
68	184	07663b69	c_07663b6946caa097ad92b5375e333936351e3256_0.json	640	143.41458129882812
68	724	18688572	c_1868857212ec30a6fe0e2a10396edbcad82927f2_0.json	641	143.41348266601562
68	386	58d95f78	c_58d95f78d02133da8424319302d28e827a0786e2_0.json	642	143.39593505859375
68	479	95b271ce	c_95b271ceb201ca2fa87a9908cc631c2b223de301_0.json	643	143.37229919433594
68	631	7fbff508	c_7fbff508f8590793108aa192a1898dc617e7b040_0.json	644	143.37107849121094
68	841	d5dad765	c_d5dad765e6cbdf512f80a1331e08d3e54baea3fa_0.json	645	143.36705017089844
68	151	279196b6	c_279196b617c5de1ade21110979b6b13d8eda6342_0.json	646	143.3518524169922
68	340	edc9ea8c	c_edc9ea8c17c95cbf32d2373fa7bf8c4dec614326_0.json	647	143.34817504882812
68	497	399ccd7b	c_399ccd7b1106370a853d62c8551a7ec3eaec008a_0.json	648	143.30023193359375
68	495	68c9dd76	c_68c9dd762c89b2d1d0e2c2edb1e82df43602e7bc_0.json	649	143.28750610351562
68	33	77b7c78d	c_77b7c78d4aeeb6471f2f668a06c0f61a68f95ccd_0.json	650	143.26454162597656
68	712	63c9ab97	c_63c9ab97253d7bfb1d5e2a27c39c9c3a8a6d3d7e_0.json	651	143.25933837890625
68	414	2cc3dc1c	c_2cc3dc1c1e37aa72611aa8ac99a4b0fa7adf1e16_0.json	652	143.23907470703125
68	118	895c07db	c_895c07db0f9e0212aed6cac3476c7f97ef948402_0.json	653	143.20985412597656
68	323	8f8b3c30	c_8f8b3c307e05b9cb8071bd4cb4dad0036f9e4623_0.json	654	143.20938110351562
68	757	b0f46153	c_b0f46153400c1379c44aca332e538adc1c82c8cf_0.json	655	143.19619750976562
68	168	71a6f604	c_71a6f6049d9359ea047adafc2a77e4dfb1398f41_0.json	656	143.16921997070312
68	827	e646ff31	c_e646ff31da3e0fce713c24415360ce754db33a37_0.json	657	143.16012573242188
68	773	e98c4b91	c_e98c4b910440d3bf9028686fa86b41710aca924c_0.json	658	143.1500701904297
68	516	9f8345af	c_9f8345afa4e5eaa24e3ff6a84d16691764698799_0.json	659	143.14622497558594
68	559	063290b4	c_063290b4d9e449ef7a2c566f18d89227c6f0a5f6_0.json	660	143.142578125
68	847	0ac9c952	c_0ac9c952bd6cc0259412e461a54ea6034e706359_0.json	661	143.13009643554688
68	637	b326ab0a	c_b326ab0a322d0ece76e61955852ada034122192b_0.json	662	143.1289825439453
68	719	9f19220f	c_9f19220fbd022e8fbcee16d117564d5412e4ffa7_0.json	663	143.0982208251953
68	761	c827c306	c_c827c306c28bd89bf354d0f6ece737d58eb97a61_0.json	664	143.07786560058594
68	650	cd17f34a	c_cd17f34a2da15b08b169cf06e72a4a209cbd6e0c_0.json	665	143.06854248046875
68	643	9762fa8f	c_9762fa8f9b452701bfc5ece816d8847b91d8c4a0_0.json	666	143.06854248046875
68	642	2c153d42	c_2c153d4215ca285aa1e24267162753cae67e15f8_0.json	667	143.06854248046875
68	608	b089412d	c_b089412dba369d4d4defe6fc0b4a52ed58f06091_0.json	668	143.02479553222656
68	595	211c8c6e	c_211c8c6eae5117f156aa348d843ce688b80f5ea7_0.json	669	143.00669860839844
68	746	f4a33b6f	c_f4a33b6f70a39d7e039d0c91901f67f10cf31b97_0.json	670	142.99095153808594
68	196	8d53308b	c_8d53308bb1d34c16af002ce5fe46cf0ae6c38128_0.json	671	142.98995971679688
68	524	f70742f8	c_f70742f8dfc04485dbb2cbaffda0311859265a5a_0.json	672	142.9860382080078
68	352	b7ad2fb2	c_b7ad2fb211e62adfb260852fd03e4d17ff51226e_0.json	673	142.98422241210938
68	131	80fe41fd	c_80fe41fd0173c3eaa56f4abb783031966ea89cef_0.json	674	142.9546661376953
68	483	35b886aa	c_35b886aab738f7c117c889725d65964a9d179a5d_0.json	675	142.95285034179688
68	263	053636cb	c_053636cbd1a8fb97e55b4f82bc4b5bee8beaf47e_0.json	676	142.94496154785156
68	23	a2d8936f	c_a2d8936fae3eb0e3873c7f7c0233344c81436404_0.json	677	142.92864990234375
68	226	f147cca7	c_f147cca743f4975fc88e26001a8efc74d592cfd1_0.json	678	142.92652893066406
68	528	43c245f0	c_43c245f0ff8d409e81e25687e69d34666b7cf26a_0.json	679	142.91128540039062
68	745	cc67102f	c_cc67102f3b08386cf78cdac3b7c038efc853acd2_0.json	680	142.88571166992188
68	116	8c5eb247	c_8c5eb247cb5361a6ffa2d86aa4c2de17c234bda7_0.json	681	142.85394287109375
68	714	9adfc806	c_9adfc8062e31dc6b9cd5614d4ba6f8ecd27d5c92_0.json	682	142.84962463378906
68	522	20c504ec	c_20c504ecbbdea3908bde81709df5a3765d1e385e_0.json	683	142.8252716064453
68	727	22f6cda3	c_22f6cda30ea24cd6c0ce8935e3148c1b0c6b1551_0.json	684	142.78704833984375
68	415	df223efd	c_df223efd38c514d584f00d076488ab9a02011492_0.json	685	142.7791748046875
68	509	534a679e	c_534a679e3d87d480b14aba1884e26439b0d1e288_0.json	686	142.7742462158203
68	469	7a163123	c_7a163123aab9bb90dca2b14fb98f1c859bbadb18_0.json	687	142.74835205078125
68	405	5b4d241b	c_5b4d241bf1caf69e32bb55bc076ed70ce5cb3d4e_0.json	688	142.74684143066406
68	120	f01925cb	c_f01925cbf7a39a885e51865208368e861d25a0c1_0.json	689	142.71829223632812
68	90	6a6e135c	c_6a6e135c75df2ee2d8a03c010d045000b23007f0_0.json	690	142.6472930908203
68	494	16d53172	c_16d53172f3a149a396c628a782e1a201efabaca1_0.json	691	142.62632751464844
68	22	31193006	c_31193006e16b909a3115f998789057fb05d76b18_0.json	692	142.61138916015625
68	24	06377401	c_06377401a3b08af2cc75c10e603b3ded983aaf8c_0.json	693	142.61138916015625
68	253	1369e98d	c_1369e98d3d3b130b4677959b570b00ecbcb85cc3_0.json	694	142.58856201171875
68	826	e4e13996	c_e4e139965fccdb7dbe55d04151fa4305bb4bac48_0.json	695	142.53695678710938
68	327	c017fec8	c_c017fec84fafb3d0b44a27008a7b42180f97f72a_0.json	696	142.53549194335938
68	465	86caf52b	c_86caf52b53f53d8b83e9c1092f4b15ddeb6ca5bb_0.json	697	142.51632690429688
68	353	6c492949	c_6c492949f3cf6e489fc7ca0bae4a8b4aa5834467_0.json	698	142.4957733154297
68	543	f3d83b7e	c_f3d83b7eb7b1e4afbb24ae57e1a57adadbcead42_0.json	699	142.48605346679688
68	681	2c90b14c	c_2c90b14c19d8e4f920872e6a4340502cce1fb50c_0.json	700	142.44869995117188
68	268	4bc58810	c_4bc588102a66b46608a29e41d0343e1e27e1c3e5_0.json	701	142.38348388671875
68	108	3ce47168	c_3ce4716848eb71b6e78a4545a2cc0c27e74a29b3_0.json	702	142.37677001953125
68	641	c5ac973f	c_c5ac973f85c2f9db420490c3982a98c45b8b7f55_0.json	703	142.31353759765625
68	613	d8624db8	c_d8624db8004fc8ef596d4ccedff7f307f444ad30_0.json	704	142.28759765625
68	242	09f7659a	c_09f7659ab484bb62ec5b12a7e8f34455e96afc13_0.json	705	142.2841339111328
68	434	9548f863	c_9548f8637872d775c168e91d63a657d5694035e1_0.json	706	142.2826385498047
68	599	a3965893	c_a39658930c714323e70092d545cb82b5f13b6280_0.json	707	142.2624053955078
68	772	5ed80836	c_5ed808368a40e97516a1111d77b87cf4a30b186a_0.json	708	142.2589874267578
68	752	5818d174	c_5818d174d5f45189cb705071ddf35fc012ada891_0.json	709	142.22149658203125
68	732	28e179cd	c_28e179cd72aa4a20155767563b2572424a8b1e56_0.json	710	142.18533325195312
68	789	58d71bf3	c_58d71bf34b28f4874c335af48fc047b068cff29a_0.json	711	142.16494750976562
68	797	686a1daa	c_686a1daa30deb8970d5f3d9aa799d84cff92eac2_0.json	712	142.1470489501953
68	815	836a93db	c_836a93db616b1cde4c4656fe4c0d781f02ca8ff4_0.json	713	142.1466522216797
68	545	5bebea63	c_5bebea634889ca79649889eaa21205880eb3ad33_0.json	714	142.14059448242188
68	843	1f4bd3b2	c_1f4bd3b278d61f9c26ee617cd0a5d041e4e24887_0.json	715	142.12417602539062
68	59	1046b0c0	c_1046b0c09e2371f8924f72331d42db5b554c4a32_0.json	716	142.11306762695312
68	468	ac9fde22	c_ac9fde2263db9e1216a8d4c9a7aa7b3026a6bd8d_0.json	717	142.09901428222656
68	726	cd977758	c_cd9777586aa21be337ebcc6f20de6301c66c780f_0.json	718	142.0865020751953
68	234	7650b5ac	c_7650b5ace28ffa1ab370a515ccb34e0e5ec08622_0.json	719	142.0666961669922
68	805	b8ffdb77	c_b8ffdb77ec07727232791998f560156de14054a7_0.json	720	142.0386199951172
68	223	8e0ba4ed	c_8e0ba4ed8fa6d97f698d59d24a26a1ac96b888ff_0.json	721	142.03048706054688
68	289	4726b80a	c_4726b80a80f5172dc5dcb71ca3932dfbe7b4322e_0.json	722	142.01528930664062
68	197	35d56dd1	c_35d56dd1fadec0ed50797d222de4e05f78bbf1c9_0.json	723	141.9949188232422
68	654	5595d49f	c_5595d49f83e80c9ee44b0c2898a187dd7581ca40_0.json	724	141.98475646972656
68	174	8aa879a4	c_8aa879a4eeb18cfc8d13e6c843a32b7f41ccd516_0.json	725	141.9468994140625
68	140	bea4e626	c_bea4e626a55e934ee9a81897069d4a05414c9c57_0.json	726	141.9157257080078
68	440	e7ad2425	c_e7ad2425c384dcb18a34bec8e147a91c658d5118_0.json	727	141.88746643066406
68	511	21a2103d	c_21a2103d7fa5664ea324ef9ee25b4a8922e50955_0.json	728	141.78732299804688
68	236	f4801b55	c_f4801b5511ef9e266b9dfff987c1f6e1deebc8c5_0.json	729	141.74517822265625
68	541	1206325e	c_1206325ed073735c475790a85ed25eada8dfc72c_0.json	730	141.7445526123047
68	730	09121090	c_09121090dd6be70970b34b5fc0afca5c11c6391c_0.json	731	141.72073364257812
68	728	d5bf6b42	c_d5bf6b425c5d52b28136afc9770876139b34acd7_0.json	732	141.68350219726562
68	60	45f2bdf9	c_45f2bdf91ad3c2f2ac901c72efe9e26148b08d2b_0.json	733	141.65447998046875
68	317	75be1e67	c_75be1e67f85ac4f1d3731c71515db4bcc9508241_0.json	734	141.5811004638672
68	515	8f773e34	c_8f773e34a83ed8f5eb404dcbf4630a779779ea7e_0.json	735	141.53822326660156
68	572	1860001c	c_1860001c0e04ba7f3085bcbcf0ea6fb2ddc3f83c_0.json	736	141.48367309570312
68	423	da794a3a	c_da794a3a9cb2cebc0efb708ba9b465a4510c7235_0.json	737	141.48106384277344
68	839	7baea8ea	c_7baea8ea60e30e1af116e4b831492c9a30080d0b_0.json	738	141.47979736328125
68	319	f0e3cbc2	c_f0e3cbc250fd9536ff92119bdf5e1a62120a7fac_0.json	739	141.46615600585938
68	685	4c665550	c_4c6655509e5df39d841b6c9b93722a73ce4fae76_0.json	740	141.46343994140625
68	630	6bae902b	c_6bae902bd35ed4f57e7a5d612b7ad9b72f4559bc_0.json	741	141.46063232421875
68	653	b7e692ed	c_b7e692ed6d6cb91c2794b57f840c75164de0511d_0.json	742	141.43975830078125
68	135	43859717	c_43859717972907dd1ecebd8dca6e05036386e28b_0.json	743	141.40455627441406
68	180	e829dafb	c_e829dafb9b3365bda6b6bb80f5fa97783752d143_0.json	744	141.37042236328125
68	78	22ee97fb	c_22ee97fbe1d243556c446cc09b6440afaf1d41a0_0.json	745	141.3323211669922
68	708	bae144ca	c_bae144ca994994d3ada90c9311286e9277f86288_0.json	746	141.31863403320312
68	134	c764a46a	c_c764a46abf211d4677fadc33f7d466e5b14fa088_0.json	747	141.30386352539062
68	328	0a40e666	c_0a40e6661cd197e1cd0d3a3bccaa4c5313df8514_0.json	748	141.2976531982422
68	585	db7e51f9	c_db7e51f90e44be275b568d0b512e9778d6d6b253_0.json	749	141.29315185546875
68	721	75aa5f65	c_75aa5f653b08995428743f6951a99ad101e73e37_0.json	750	141.29266357421875
68	10	fe64e87c	c_fe64e87cccd2c38524c0b36c49beb4c988d1453a_0.json	751	141.17767333984375
68	350	7a1286ed	c_7a1286edcf9328ad70b0afddd552a62d93aad1be_0.json	752	141.172119140625
68	162	2f8852d6	c_2f8852d6fe2ba025215b2ab36b2379870d34bee0_0.json	753	141.1719512939453
68	360	a095236b	c_a095236ba70304d61b8ec02ea316d3504cc0ea1d_0.json	754	141.15858459472656
68	475	6a17da87	c_6a17da87f9e132bdc147b33223826da040c77a6b_0.json	755	141.13075256347656
68	718	c6cc58a9	c_c6cc58a9bc617483366141386e047b085b4e83ff_0.json	756	141.12576293945312
68	141	5da32cba	c_5da32cba7b68d69acfc535f57f21d652475d256f_0.json	757	141.10423278808594
68	678	78b01c3a	c_78b01c3a435cd175ce3ee70f97b2f8faac342cdc_0.json	758	141.0833282470703
68	628	06355823	c_063558234d35b8c29b4bfcab475277c8e6360e51_0.json	759	141.08042907714844
68	321	82ba14e2	c_82ba14e2d8c636f707c65249f8968e89f72718d0_0.json	760	141.042236328125
68	600	1c438ecc	c_1c438ecc7aabda089f109a9b7d51295439570615_0.json	761	140.9752197265625
68	482	43f6b639	c_43f6b639e7129e2d69135e065ac481298d4e34f7_0.json	762	140.9212646484375
68	338	a486b834	c_a486b8345202c35efe3a2b63f16259e1933c359c_0.json	763	140.91250610351562
68	322	651f77e2	c_651f77e2186282317bd51072ec90b499d30ade53_0.json	764	140.8857421875
68	627	484b6166	c_484b6166dc0254864b8fff0c7b29137ed7954828_0.json	765	140.85044860839844
68	38	0c1e512f	c_0c1e512f5eea2f80aa8caf529aa6790c86a88e2c_0.json	766	140.83724975585938
68	648	a2715a52	c_a2715a52745d816a87c05d3007ed8bfe7ef18491_0.json	767	140.82504272460938
68	590	072fa2d0	c_072fa2d047573d2d1f0187ba4bf76b1afa75031c_0.json	768	140.8227996826172
68	651	4bd29c66	c_4bd29c66f884aaae3a3bc2cdf8019ced6e13089c_0.json	769	140.81375122070312
68	665	10587cd1	c_10587cd1fbd6b189089444d0bd2aa24d557b480c_0.json	770	140.81375122070312
68	259	11462051	c_114620510958121ebec3dd8d037d70571fb7da20_0.json	771	140.80300903320312
68	416	2b0f477f	c_2b0f477f6453f4de7a7cda9b7f0630549678b0d0_0.json	772	140.79278564453125
68	203	8f4f620e	c_8f4f620ebc773ac935157e9319ea3989fd84110d_0.json	773	140.74142456054688
68	32	c8459fed	c_c8459fed6ef415be2276c6f84a0bc104e49f799e_0.json	774	140.710693359375
68	784	3abadb95	c_3abadb95448ce4aefd744cefa691951a182bb79e_0.json	775	140.70156860351562
68	88	9a185e0c	c_9a185e0c06b0a595ca0e6fb7990945cd0114a12f_0.json	776	140.68869018554688
68	299	f9e7db75	c_f9e7db7548d301bb93a49a87f63ffeb3e0b39edf_0.json	777	140.56680297851562
68	466	b6028fa6	c_b6028fa67a8a8c0d8560b47297163f91ca8e34f7_0.json	778	140.56248474121094
68	292	61b52040	c_61b5204064333144810c184d38b4dc78f947bd62_0.json	779	140.55819702148438
68	260	7093341a	c_7093341a5107e6afd7fb0145aa6e07991091047b_0.json	780	140.53384399414062
68	121	0d98b3ca	c_0d98b3ca84c0b6179b71a9de75b0a2fe42d7343f_0.json	781	140.5303192138672
68	693	d5e2ff07	c_d5e2ff0785050ac532fcae42f4396b52313af0c4_0.json	782	140.48255920410156
68	501	05fe81c5	c_05fe81c5a80d09316f95d1aa1ccbd7820f9cd6a8_0.json	783	140.46963500976562
68	306	e152ec00	c_e152ec001d2c6a9bbd6e0d9443552371d11e461f_0.json	784	140.39463806152344
68	470	7aca9cf8	c_7aca9cf8f9faf78cb906ae6c877f920092b50f2c_0.json	785	140.39218139648438
68	339	209cd964	c_209cd96451c4c5bf1f4c5fee6453c481946aa596_0.json	786	140.29241943359375
68	705	9360326a	c_9360326ac90197b8740b23146ffd84f7e1886139_0.json	787	140.28173828125
68	673	b88400ce	c_b88400ce0e9c1a0dadfd3417c256b02a82f38fe1_0.json	788	140.22726440429688
68	73	4922461b	c_4922461babcc37fb037d2a6db3fcb33fe4127a60_0.json	789	140.15818786621094
68	80	af21c372	c_af21c372013c72a5bedf634dcaf42a5f78878b0c_0.json	790	140.0931396484375
68	564	4b557589	c_4b5575897834707871a359b3b7183c856dd301a8_0.json	791	140.02381896972656
68	285	fe33d64a	c_fe33d64a3934a7beba60ce5b04f34a5018394101_0.json	792	139.94479370117188
68	288	57c9d6f6	c_57c9d6f69a8050489f135dbbae4befc22cd8c19d_0.json	793	139.94479370117188
68	372	8832cf02	c_8832cf02d37e6750006a7fbb7d979d36ea366925_0.json	794	139.91537475585938
68	810	3ded788d	c_3ded788d90107f37725bd2670159cb7bb0d1306c_0.json	795	139.8909149169922
68	520	35205c53	c_35205c538a7d2f181dcf9d15b69538d9c533d7be_0.json	796	139.86854553222656
68	539	4672d2c1	c_4672d2c17dbddd139330f247d96b6cc94376a719_0.json	797	139.84475708007812
68	246	ce838eec	c_ce838eec1b2f13856ddf664c5393b8486f47347c_0.json	798	139.8343505859375
68	799	00c3d735	c_00c3d735c327a10280f3d124252ab9ea3015d06e_0.json	799	139.81704711914062
68	533	a4550d0e	c_a4550d0e0c8352a37f7d8343dd26593426fe5ae5_0.json	800	139.76641845703125
68	79	f3335b14	c_f3335b14f11b447f57abe43301649694dd0bebde_0.json	801	139.65835571289062
68	84	e5d3e5e0	c_e5d3e5e012871b87d2f2a59985bc6522bb571ee2_0.json	802	139.64500427246094
68	99	030f59d8	c_030f59d811ce0b6cbeb7900004b4a08418942a04_0.json	803	139.63702392578125
68	448	95248f54	c_95248f54ad685bdbde6d9268239cd39ec434b466_0.json	804	139.61294555664062
68	62	113a08f5	c_113a08f59e8116fb11a7d4ceb11d5bb09b74ac3c_0.json	805	139.54603576660156
68	39	092f42ed	c_092f42ed1b30b7307e948b1bd0bbe13322a4ecc0_0.json	806	139.53109741210938
68	739	c628a5ad	c_c628a5ada8e8e78fe54dc110fab2873c965e0e7b_0.json	807	139.52943420410156
68	83	c080c668	c_c080c668a4ccd9eb151cbb4f90980ddbbfbaba44_0.json	808	139.4484100341797
68	368	45be5ea3	c_45be5ea3b6534eb6c34fd0c160cf0b62ba65ca5c_0.json	809	139.405517578125
68	93	2131059d	c_2131059de15ba858adf7646bfba5cbd04b661336_0.json	810	139.35951232910156
68	387	d1459d88	c_d1459d88d5a1b3e79724b2302e8e5a537e150532_0.json	811	139.34133911132812
68	266	026a1083	c_026a1083635e5564b6c18264372ee884f410490f_0.json	812	139.25979614257812
68	837	c590fe51	c_c590fe51732eea3b712c7f894ba3f5a9d23613e1_0.json	813	139.23130798339844
68	725	fcccf543	c_fcccf543e85a214f0948d1ac5cab3fa05363e845_0.json	814	139.1590576171875
68	832	a430f618	c_a430f6187fd62e57fccbab1a2e4555ac6a555eeb_0.json	815	139.1314697265625
68	56	5592f80e	c_5592f80e96e7fe3b7751c441efdd8eba6ccfc4ba_0.json	816	139.05349731445312
68	736	d6ac4fe5	c_d6ac4fe53569b1415f66db221d7511c74f4a965b_0.json	817	139.04046630859375
68	512	5741fcba	c_5741fcbabf37d54f3d37f4b497b44527ede76be1_0.json	818	139.0390625
68	593	341a6431	c_341a6431f3671b780bd16c47a4543cd6f8f2e671_0.json	819	139.01406860351562
68	838	bd7f6b05	c_bd7f6b05affb62305cbd6a405d08e084376907d0_0.json	820	138.98663330078125
68	698	93a26fd0	c_93a26fd0d28101a6fd4633414c7ea168af8e3b84_0.json	821	138.98243713378906
68	551	8658dd78	c_8658dd785802f7e7e41f71da3367eddd9ffc2bbd_0.json	822	138.9713134765625
68	257	0a396885	c_0a39688562637465944df3c29ae0c1259cc0a4dc_0.json	823	138.78021240234375
68	788	c49ac6ab	c_c49ac6ab45a86109a8b95432a8a773d7a62068b4_0.json	824	138.74752807617188
68	706	da8366a5	c_da8366a51512687284bd51ef8b0c5e7bdd515149_0.json	825	138.67718505859375
68	122	2a43cf22	c_2a43cf22f1e5e4ee4ddb99aceb5a566c05b0c6d4_0.json	826	138.55397033691406
68	218	1385aee6	c_1385aee6c949f93239f52634129d6ef9a7e58b59_0.json	827	138.52621459960938
68	221	ee749e28	c_ee749e286b477f8d6f53ff5960a38453baf50f31_0.json	828	138.43777465820312
68	663	e76e5680	c_e76e5680cb1816ba1e420fd6aa2c37f6fdb8c941_0.json	829	138.41236877441406
68	782	d43e86e1	c_d43e86e14f15fbad64e3fe1fc1151d7a17020df3_0.json	830	138.40394592285156
68	295	25a1be0f	c_25a1be0fa2c52ffbdae237256d0daa2cbaa6af96_0.json	831	138.3958282470703
68	398	04789cb2	c_04789cb2f4e8758ae6979ce4a23c4b38065756b0_0.json	832	138.29147338867188
68	426	e1fa1c20	c_e1fa1c2041785474323f3c744612f0134a98fe0b_0.json	833	138.0605926513672
68	284	c1c31ef4	c_c1c31ef4cad0af0c8f3524ff85a48053d00f97fb_0.json	834	137.93568420410156
68	389	dfcdb31e	c_dfcdb31eb6afcdb590b23a3c93a35b5591a43afa_0.json	835	137.80174255371094
68	819	7078f435	c_7078f435a2b4b53660b5bc5339820390fb177e67_0.json	836	137.751708984375
68	217	585c473c	c_585c473c5d43a895b217d14408412b746469568b_0.json	837	137.6449737548828
68	542	0a2bbb24	c_0a2bbb24bdb5d496868b8639413cf1c8087da1f5_0.json	838	137.3784942626953
68	552	f52df3c6	c_f52df3c6b84cee1fba6d7fba75c2a8f78ca8d743_0.json	839	137.34185791015625
68	264	d60b3ae7	c_d60b3ae7526aa25abccb51c0061bcafbc3018b86_0.json	840	137.21385192871094
68	281	88f40d95	c_88f40d95ebc76a15be0d301851ac99d828859530_0.json	841	136.65762329101562
68	69	0f655dc7	c_0f655dc72070acbdcc5fe3a1aecf91c11955c37b_0.json	842	136.61471557617188
68	592	084b868b	c_084b868bc2fbf9d6d0319e5a362ade1d7f43f899_0.json	843	136.43167114257812
68	544	33f7de29	c_33f7de292e24ef8306513b8fe33908af5bbad9d8_0.json	844	135.3024444580078
68	267	027442d1	c_027442d1a12004c6e27ca76d5eea68774c52ce7c_0.json	845	135.10366821289062
68	269	c5a6976d	c_c5a6976d8f6b8a3c548f9ce9ea12123b9fff0f0d_0.json	846	134.76658630371094
68	554	6022f67c	c_6022f67cece038314e874551259296be732ae51c_0.json	847	134.13963317871094
68	753	760bded3	c_760bded3242093d86611a82e81fdca302a1487f1_0.json	848	133.65789794921875
68	258	9eeebbbe	c_9eeebbbe85d3d91568acc622f3db362c8a851477_0.json	849	133.51695251464844
68	716	3fc8aba7	c_3fc8aba7ea7489001365f5beaaa3492418751e94_0.json	850	132.67422485351562
68	379	38becef0	c_38becef02d9727b59d1f9792f68d584d6189335c_0.json	851	132.2259521484375
68	376	386ab6da	c_386ab6da410291c7b9b4880354dae764275a9518_0.json	852	132.2259521484375
68	755	5500c5d6	c_5500c5d65b022e82ba912805d649e3deb8c72847_0.json	853	131.90115356445312
