pid,vid,commit
Chart,19,c0d3f3edd2558c91e357d545507f769a1448961c
Chart,2,7903a8f85bfc70052a1fd5aaeb64d0efaaad2e17
Chart,1,a7cc1cf88cb014e937a55af53ea1f96407688a5e
Chart,4,0cbc6cd29ef222035f7bce9478042e7952252c2d
Chart,5,0466d45467491bb584ff0900483059f0aa34d8e6
Chart,8,814761ab28bacd9343abd055c41454c0ab4832b0
Chart,13,525e79b1866e73f54657e6ff1d3563985bae99a3
Chart,18,70f615a64b3bb1294d6a515a3ef9c6117d3fe7ae
Chart,26,cfbd986a2e6da8ff97458a9cf0e993bf86d03f13
Closure,2,b2430d29987b54e977a5e5e8db9242f4486c750b
Closure,8,80ee905775eded2256972f3e762862fcf66f0095
Closure,10,1a7fbd18b47c102152869c3b046b65ff0f12fc43
Closure,12,df223efd38c514d584f00d076488ab9a02011492
Closure,17,a2153e7405e09c8fa413a01874c949b8b2bcd32b
Closure,19,6700b61a2e48577ecdf2ad07f842c5996a166432
Closure,21,dbf6ea95477810188582b9e9ac6c9645717cbe95
Closure,30,74a817bbf5256d671036356c58096f612535e4a2
Closure,31,a4c526dae1537f027f429145656ffb849699c1fc
Closure,33,091577d5000b2260452cdc79eacf54925de894a3
Closure,48,41abf3b75893403d9e21c33d06e8dc233b5cf657
Closure,52,41acde3e8e5e8d37ade765b41d9fd29861f03e5e
Closure,59,8bf67e65c7ee2a202ac2dbf252727ae656642350
Closure,60,a095236ba70304d61b8ec02ea316d3504cc0ea1d
Closure,61,e9a1cc9c431416354dec3dcb393affd7f41c6596
Closure,62,22a1fcd79bd2bfbfdc9e80d5162bdf19065f9e5e
Closure,64,75a9013e3907e5db97f10578227497d7b018caf5
Closure,65,6b49cfd9022fe111bdad745c78ea877fbc2f7ba3
Closure,66,70f817ae4f80ac11dd2dfe97babf5896c690fb48
Closure,68,5709ec1d0bbe5b7726a14d06f7eab9c35150e314
Closure,73,847b296c23a63aa0a0b38cc3e63883e1688288e3
Closure,74,6b49cfd9022fe111bdad745c78ea877fbc2f7ba3
Closure,75,70f817ae4f80ac11dd2dfe97babf5896c690fb48
Closure,76,fe64e87cccd2c38524c0b36c49beb4c988d1453a
Closure,80,711b76ac1015234f86805f1735ff2c3da195f55c
Closure,82,8a76da206034045c555297e5069eb273d05fc6fb
Closure,85,2581851be3b2202bd48d4c76889b020f4cecebf6
Closure,90,4c6e1039b80859f17de5f3cbcfeba61ed8ea0485
Closure,91,82a9956c6337d2f5d4a94ebe624d64faa54d9182
Closure,92,5a3b4cb6b7e816aacd0ffd4c71e23da949fe360d
Closure,99,6d00ac1a68612aade8a19d7ecc9b180f00ae5234
Closure,104,1be1c2636ef14071afa7da5cb8988972bd90149f
Closure,107,f322be0e576d5e2114cb59c0a6537197997b9c59
Closure,113,87071ddf324c3885361f0375b84e15c7cd62283d
Closure,114,f322be0e576d5e2114cb59c0a6537197997b9c59
Closure,115,b80dfd3b0e5e4b490b7afb469320d18bac4520b4
Closure,118,f322be0e576d5e2114cb59c0a6537197997b9c59
Closure,120,000ea0f8d6684bb9ff84a483d4ff44952b29d3f7
Closure,121,78995bf9e88599055a8c4165d89c09dc92a44b30
Closure,125,4c6e1039b80859f17de5f3cbcfeba61ed8ea0485
Closure,127,a0a39688562637465944df3c29ae0c1259cc0a4dc
Closure,128,5909c3db59b16886917456ab950ef9661a7fe6b1
Closure,130,f322be0e576d5e2114cb59c0a6537197997b9c59
Closure,131,a2715a52745d816a87c05d3007ed8bfe7ef18491
Closure,133,cc628d6050107e3dfcc7bd2748708c12ef15b4e0
Lang,4,362fa778259f188a4bef82716478d9e288d3f303
Lang,6,b4255e6d071dc8d48bfc51037cecb29097b9a49d
Lang,13,01ab63a0f1d4b8d17d86dc4be56cbc7b92154a48
Lang,46,868f6976aea222e96259843f56df9aed8e48584b
Lang,51,49b8c603ef302a4b8d44070e9649770f6afe655d
Lang,53,bb1671667d9085fb76bd06af7f7ad91d2c1c8389
Lang,65,fe70395c3c4abb0ad25626cdb194197e64ff1d10
Math,2,711d6b94a120d413e9d8bd21bb26ec7d0aeecc39
Math,10,67dffec4e7adc482215df440e716525ffce5c1c5
Math,12,c1de4ed29d80cd657d4e3c46a934b9fc91b24545
Math,13,2885ba16a28d13ebff189cf9885ca407dad2d69c
Math,14,80180b28efc35d63bedde1f7014c29349d744dfe
Math,15,90279e83d82389db2ba88898ec985a1827849e6e
Math,23,36d811b2d4cfe1b867823bd60ccca25abbc80b46
Math,24,36d811b2d4cfe1b867823bd60ccca25abbc80b46
Math,26,c7b489f1e9cf9ceaff0f5844fdcf6630224ebf16
Math,28,e1776ba6ae75701bd275edd60356cada29342214
Math,42,f36be8e8b7371fb8814456b6c095866aa802de78
Math,45,8742126f8f6117d90401f8d3ca1f40cd72b489aa
Math,46,330f3fe17d132bd4e2a91ff812ccf489e77f390f
Math,48,39cf5e69259d7560d50553caf028f9229b721013
Math,50,2f066a5b2d2fe8a00a251a3220b0d52446fe392d
Math,53,6ef3b2932f4ca9219e41784bb0cd229dcabcdb11
Math,60,6ef3b2932f4ca9219e41784bb0cd229dcabcdb11
Math,64,615ca9a000c253575e6f62bed87db6110b750834
Math,74,c95eb0b4feac3d85645ce327d54011c8712e0fd4
Math,75,18b61a1b18ed7d80ec2bf28588ce95fdd3dddf28
Math,87,24a6a2692e942969f5c39bd88d3d12ac0f0bf0d9
Math,88,b03d68547460332b861044db80ccd08edec361a1
Math,89,0c84b28c3542f3340f7ec0dffc34c60dff66604e
Math,94,20786a617657c0c20315005c621052a2735dfe67
Time,1,8612f9e5b88c1bea933ef9ab1e431f5db3006b48
Time,2,3ba9ba799b3261b7332a467a88be142c83b298fd
Time,7,843d7b8f07f4899ad153ffabc25e09a6c0e897c7
Time,11,01ed04f3a83f17e9947c83d04cb258430429789d
Time,16,843d7b8f07f4899ad153ffabc25e09a6c0e897c7
Time,23,bf9c0997431172e5d0c4d52b218fd92a225ed5ac
