41	513	8f9b51da	c_8f9b51dab9020d499bc2a2ca2fcb306bbfb4e734_0.json	1	142.66734313964844
41	318	444b5cea	c_444b5cea6a4c02cecfd50e5d1ecaaaa389d05781_0.json	2	142.1177978515625
41	214	ec49e383	c_ec49e3832a1db13efc343d22798efb1523684959_0.json	3	141.1721649169922
41	219	210eeadb	c_210eeadbea339e00711cfe3f8bd68f600ea0765c_0.json	4	141.09547424316406
41	57	314fa9d2	c_314fa9d2351741b47c34337f57faacc8fd5448da_0.json	5	140.14785766601562
41	534	de941054	c_de941054022a153e8503710e9073fd258ee00ac3_0.json	6	140.0287628173828
41	145	8c07dc18	c_8c07dc18a69efe2ea811d4c1ffe630b56e2d8629_0.json	7	140.01083374023438
41	294	9ae3df99	c_9ae3df9993f3f5991d0e6fd96c649d93d547d475_0.json	8	139.40579223632812
41	339	f31916f5	c_f31916f55db7d57b67b71c469105978692b88cf5_0.json	9	138.91510009765625
41	185	daf46660	c_daf4666075b44c4405f7dc648467bdd39c236556_0.json	10	138.31703186035156
41	511	1beb36dc	c_1beb36dca19bb90c805d38e8b1f2787d169a759e_0.json	11	138.29656982421875
41	95	48a63ff1	c_48a63ff1edb2b35098ca14ff9e03733dd9fab0a6_0.json	12	138.15713500976562
41	242	ca8bad78	c_ca8bad78bf898f808ad6028d4a7c09a69bc65b84_0.json	13	138.10733032226562
41	55	56bacbd1	c_56bacbd1532e9a985a879e686fdfdbf65d24be7c_0.json	14	138.0804901123047
41	521	1833adf5	c_1833adf54de2ec33d68abf4a64202e8572d15ccd_0.json	15	137.92367553710938
41	505	cf06d020	c_cf06d02074c2526944c8a08c7b641ef51d31343b_0.json	16	137.84609985351562
41	422	7ff15ee2	c_7ff15ee20c961e370837d8f96ae77886ecd910d8_0.json	17	137.7648162841797
41	119	d24b485e	c_d24b485e252d9e86858207da7a57678d41d3f72c_0.json	18	137.66917419433594
41	139	27a52f90	c_27a52f90a25699bebe23ff1ff94d6db361fdb11d_0.json	19	137.24107360839844
41	208	e4917452	c_e4917452778b4e1b19b2fcbe9f258e9e4061a97f_0.json	20	137.08262634277344
41	220	e96bd4bc	c_e96bd4bc44fa8e57993679ba0f4851554a8e7131_0.json	21	136.95315551757812
41	570	ab7feede	c_ab7feede4eedee351f320896114394235c2395ef_0.json	22	136.76724243164062
41	405	59fb5117	c_59fb5117a767ab75fe3baf5c37966c83430b02af_0.json	23	136.66249084472656
41	486	c07ba8a3	c_c07ba8a34b6a6d6665928e106fea67bd9144e4e0_0.json	24	136.33201599121094
41	120	93e9d84d	c_93e9d84da0e87896aaaac14769eece487ba9e64d_0.json	25	136.3304901123047
41	601	2f7079a0	c_2f7079a0771fdbee94230e0297f3e6af66916716_0.json	26	136.26318359375
41	89	37d4c1f1	c_37d4c1f1d3297fd078dd8d1574b7f7c2357a99b4_0.json	27	136.15162658691406
41	384	94002db5	c_94002db5f90395b8927ae69c569e5a0726dd00c4_0.json	28	136.12745666503906
41	101	496e6a1e	c_496e6a1e56c3af11c8071820c74565bc55f1850d_0.json	29	136.12391662597656
41	338	ae80e51c	c_ae80e51cf54971b6322b9b571734ffa5507c4947_0.json	30	135.9563751220703
41	188	1342c611	c_1342c6117241469f0c376353798821105cf7cd02_0.json	31	135.9181671142578
41	340	7b9f1776	c_7b9f17760049161b775fd23b15653961620e259d_0.json	32	135.8592529296875
41	124	0c312ebd	c_0c312ebdb813b1128061ba0d32b10f4a2e098c39_0.json	33	135.8508758544922
41	32	479e85fc	c_479e85fc44c56061a15b7b4a4f7469ed337f83e3_0.json	34	135.82936096191406
41	66	e3222667	c_e322266704817edd0a19e05207a15b791ca160b6_0.json	35	135.8112030029297
41	479	68a1083c	c_68a1083c447f368a2f21b75589d0140f8a750e7f_0.json	36	135.7703094482422
41	426	0e37cba8	c_0e37cba87eea9d89156c144e3d4298c9c9ed04d4_0.json	37	135.76040649414062
41	323	7fe86808	c_7fe868089855c33d6345e740bfdbe6f140794598_0.json	38	135.7528839111328
41	28	d31572d7	c_d31572d7abb174d3a75d80d909d9aaa0be093c62_0.json	39	135.7404327392578
41	2	548ce134	c_548ce13435a00bb447fbffdbca8c5ce3be752ee4_0.json	40	135.62924194335938
41	386	cf8ae1c5	c_cf8ae1c58905cca6cddf69d9f736c1f6e7e2933a_0.json	41	135.60679626464844
41	372	04b8921d	c_04b8921d4dcab019b02588620d953c4f19d43a58_0.json	42	135.56246948242188
41	52	40979c98	c_40979c984d6ceebd50dab1ba516babb1570841a7_0.json	43	135.53961181640625
41	510	eab521f7	c_eab521f7a26c072b117f72c4371f71e75eafc55e_0.json	44	135.41262817382812
41	125	6b60af66	c_6b60af669bc6102f0328af330532986b8670f3ac_0.json	45	135.35125732421875
41	73	4899674e	c_4899674eccbb5b188a97915db8b858a3fd618098_0.json	46	135.34304809570312
41	222	6e760a41	c_6e760a412fba8715f219e98def54c6cd6267582f_0.json	47	135.3363494873047
41	35	ce691239	c_ce691239d40e469b75fa22b0bb6a065202c475a7_0.json	48	135.3279266357422
41	517	3c5061f0	c_3c5061f03f27f13dcf546c9752e424af715bb02a_0.json	49	135.17127990722656
41	395	d7b5d5b2	c_d7b5d5b28a6dd7ff198f02e1ee82160220135a74_0.json	50	135.0902557373047
41	109	36be16cd	c_36be16cd662f56ea0fc01bedf14c8651ed74776f_0.json	51	135.08230590820312
41	135	f607d8fc	c_f607d8fcf01d7053b61b63aabfb8c4d7a0f7e02f_0.json	52	134.97576904296875
41	378	1e85878f	c_1e85878fe008f6c651c348dd1d5b2edf713f63bb_0.json	53	134.8900909423828
41	159	57567c67	c_57567c678cadb79fbc19b86e11391e325834dffb_0.json	54	134.8839111328125
41	381	c9bc0b28	c_c9bc0b285b7d4336c1c1f416fb44e0775d1505fd_0.json	55	134.75538635253906
41	586	e47d9081	c_e47d90818b1918b436d252212e90a03ddf503b59_0.json	56	134.72738647460938
41	587	7d7a2988	c_7d7a298864223fd4ecea3acaa42257d24ddec1e8_0.json	57	134.72738647460938
41	92	01342bcf	c_01342bcffce91c36e280158b7c6f2e2cb72237b6_0.json	58	134.67884826660156
41	537	199e34bc	c_199e34bca6538c2125b00d20853eb4616c08a0b5_0.json	59	134.67811584472656
41	140	bb4ead7c	c_bb4ead7c350695c1ed3c52d028090da4d4cecd1e_0.json	60	134.59085083007812
41	116	f992e417	c_f992e41708287a8251dc9d92ce9db874e0e8f076_0.json	61	134.53399658203125
41	417	3cfd4511	c_3cfd45112b28c5401fc6bd70cd25b22f98c9b3f9_0.json	62	134.4906005859375
41	397	bbd77846	c_bbd778464660544e1bcacade75ca219aefd1b82e_0.json	63	134.4830780029297
41	291	c114eb05	c_c114eb0589d947dfe6f047c546380c3cfe413453_0.json	64	134.33749389648438
41	489	6c4f16f2	c_6c4f16f233cdfd7aedef33374609e9aa4ede255c_0.json	65	134.31936645507812
41	20	f435b791	c_f435b791e193cfe771d7dbd28d2822c32a0889e2_0.json	66	134.29161071777344
41	211	2217137d	c_2217137d9254f124e01aa935628a4076f7478995_0.json	67	134.27810668945312
41	183	674dab03	c_674dab0387c4bfad01465574c4be6ea4b3f4f6e9_0.json	68	134.20672607421875
41	98	ad405f99	c_ad405f99cb5f41fb311fa086dbd6762a8e84264d_0.json	69	134.16909790039062
41	77	46e1e978	c_46e1e9780049f855ca60f2c32c594062358a3330_0.json	70	134.10263061523438
41	411	dfac9ce4	c_dfac9ce465ff9c988904d05014d2be2715aa1d2b_0.json	71	134.00572204589844
41	51	c1472f38	c_c1472f385f1c24c047543787ab7ef8b807cc8ba4_0.json	72	133.982421875
41	41	d23db47d	c_d23db47db68a1b25b90e4ce255156e9758697ed2_0.json	73	133.97027587890625
41	435	109a47ac	c_109a47ac2e8dc1a510ff58a27b63bd18b377e13b_0.json	74	133.91949462890625
41	579	fee47623	c_fee4762322f85a1109edd75ccb67f38cf5008c80_0.json	75	133.87318420410156
41	132	fcab98cd	c_fcab98cdd311deb3dd4fd63fef2bc6c4c397f186_0.json	76	133.86270141601562
41	176	2ca58b79	c_2ca58b79dd165a6eec7ce990cf53ceaf9445e5f0_0.json	77	133.82749938964844
41	165	af580c31	c_af580c310cab08ed637afb235c22a83bb71f4f9a_0.json	78	133.66937255859375
41	39	6fe6c34a	c_6fe6c34a888486b417a913deaca517305b76cc71_0.json	79	133.64451599121094
41	150	916d5399	c_916d5399a698ccf3eb2e0f02f4cad234fedec177_0.json	80	133.53392028808594
41	553	a35fd085	c_a35fd085e3bbacbc7c2c9003e2d7b301ec271f4d_0.json	81	133.4846649169922
41	206	00aa39e3	c_00aa39e3faef106f8fbb3068fa65991b1001a7c8_0.json	82	133.44190979003906
41	490	3f9f33d8	c_3f9f33d88355f22aefc7ea402da09fd1950289ce_0.json	83	133.40443420410156
41	504	16d2cc3e	c_16d2cc3e401a16b272cb182eaaa6f379839105ad_0.json	84	133.35498046875
41	3	a657d090	c_a657d090e2f127ebdce131f1f97e7758a8ddc463_0.json	85	133.3341827392578
41	304	a6d9d213	c_a6d9d213ae51fdf9ce8d9d4f9b2a124ba3886354_0.json	86	133.27792358398438
41	87	95945f17	c_95945f173ca94f9ac6620011cb970707351f070e_0.json	87	133.23817443847656
41	238	9dcc488f	c_9dcc488f3c6afb691e49af42755cfd61b0a69d04_0.json	88	133.1968994140625
41	351	433d2f18	c_433d2f180058b8b73e1951c6cfbb986714e68b0f_0.json	89	133.17984008789062
41	237	5ca6b404	c_5ca6b4041d0605025f1a1582a605d2aee377bc1c_0.json	90	133.17457580566406
41	232	08a3d672	c_08a3d67273f31718acde383a4c5158bed9c506b2_0.json	91	133.1221923828125
41	509	be339d37	c_be339d37c1750bab50445ae684537e8d3a890d15_0.json	92	133.11827087402344
41	506	9a5d38cd	c_9a5d38cd5326963784b0d725f48d96298bc65f08_0.json	93	133.0926055908203
41	105	6788a6da	c_6788a6daf22fc16c752cfa51d53b17a9436df1c0_0.json	94	132.91490173339844
41	5	97f29aa3	c_97f29aa3541dac70b811f766dd58ba47ac34d58c_0.json	95	132.90660095214844
41	341	ad03c445	c_ad03c445e1384a2b7168c6889461f973b008317b_0.json	96	132.8887939453125
41	602	f5227640	c_f5227640d4365e2d4c18bd032b9656148bff8eb3_0.json	97	132.8452606201172
41	22	ac95e9f5	c_ac95e9f55bc7ffb60febb341571d85635dada8fd_0.json	98	132.81593322753906
41	70	4296f2cd	c_4296f2cd95db753c80becf915733c8ddaf751daa_0.json	99	132.71841430664062
41	71	cdeae1e3	c_cdeae1e34bcc646c3bd07e7d74e7fc164a157bea_0.json	100	132.70635986328125
41	315	82bb80e6	c_82bb80e6cc61c03f5de4064fb593e80c9ab57ce3_0.json	101	132.6719970703125
41	170	09adeec4	c_09adeec44230265c8300408e5aaffa431af88957_0.json	102	132.63778686523438
41	300	29c9d482	c_29c9d48278aafb4a4390e3ee923cd68e6086a17f_0.json	103	132.59603881835938
41	34	e97f564d	c_e97f564d2450702d2b74ff35ecc5ad5c1e57fc0d_0.json	104	132.59217834472656
41	536	91bc88c9	c_91bc88c95a2ffba906a5ae1518a438048595f409_0.json	105	132.5839080810547
41	15	e65b503c	c_e65b503c2054ec715d75815c07187e41182efe18_0.json	106	132.56362915039062
41	234	da9b977e	c_da9b977ef99e2595602a964561906a930b4332f3_0.json	107	132.56167602539062
41	36	b8b73080	c_b8b73080085bed3b2062e1a90ed940056997a0ff_0.json	108	132.4554901123047
41	476	edcc4a00	c_edcc4a00cdf6d2d7b4ea81917e48e3e9570438a3_0.json	109	132.434814453125
41	478	d9ec2623	c_d9ec262369138ca840d4a34473427e401c4cc4a4_0.json	110	132.434814453125
41	65	2264b369	c_2264b369e32637b6d82a0bc3362d28173561662a_0.json	111	132.42800903320312
41	345	f45de034	c_f45de034880877582fb6414c4d09f40c5999ac70_0.json	112	132.3985595703125
41	585	b9c17405	c_b9c174056fa44d575e23b5759d13610eae685beb_0.json	113	132.3373565673828
41	138	77add794	c_77add7946ea5bca622b1f4f654f97e62f6db1e95_0.json	114	132.26239013671875
41	111	11686628	c_116866284b8068c817ad53b2b611568a7be25090_0.json	115	132.25088500976562
41	110	671e03b5	c_671e03b570f586b6583feb1ee3ddb5d5c62bd50c_0.json	116	132.23968505859375
41	500	e187364d	c_e187364d813bff6df326d46690ccc514aa4c84ec_0.json	117	132.19155883789062
41	524	97bd4286	c_97bd42868ba98bb9a757c729d8d6e259644117e4_0.json	118	132.19155883789062
41	507	313b625c	c_313b625ca591fb2e3253a828fda0357e5c40134a_0.json	119	132.1630401611328
41	146	214c5686	c_214c5686b075152d2bf8995731632080ed8f8e83_0.json	120	132.15443420410156
41	414	3cb4cee1	c_3cb4cee19e3cb6830735a0f89d890576c7413f2c_0.json	121	132.1456756591797
41	118	d2f4ea69	c_d2f4ea69702a20eb74cc0e43491fc156d0c88d6e_0.json	122	132.14019775390625
41	441	9779d0db	c_9779d0dbcfab0abdfad9b81c85db43543b797683_0.json	123	132.0850830078125
41	172	e5f6e084	c_e5f6e084f755969196ca9a87c6b334f7125359aa_0.json	124	132.04672241210938
41	475	20088820	c_20088820f17e190db7d68c13d3f1b99fc1cecc5f_0.json	125	131.98220825195312
41	19	03336ea9	c_03336ea9dd5d2aef2e31fe5e6402a04242f4d9f8_0.json	126	131.89430236816406
41	223	b87be0c0	c_b87be0c0384503d832a34d363800441b94b8fed9_0.json	127	131.85025024414062
41	68	6fcffa8f	c_6fcffa8f400ec9980b9fa30d3f737eceb46be234_0.json	128	131.82150268554688
41	18	2f0a7bf5	c_2f0a7bf507020d98b3bdbf0a93bb1c753dd90268_0.json	129	131.8186492919922
41	375	a97385eb	c_a97385eb2870d113427b0d9430e108236ae363b4_0.json	130	131.78842163085938
41	301	694efa8b	c_694efa8bac3d66717efe7e202e47347355e07c0b_0.json	131	131.71820068359375
41	233	82855b07	c_82855b07f5336d30c70dc20548ab7ab8adeac05e_0.json	132	131.67437744140625
41	179	f8841eda	c_f8841edabba28d6125dd87ed72f557e85570066b_0.json	133	131.6195068359375
41	61	e9e331c2	c_e9e331c2b922a5ac3f89ab8b3ca364df3ab11080_0.json	134	131.5838165283203
41	8	c95216aa	c_c95216aa6e1f0dc5d39aea88624b05b953953d3d_0.json	135	131.54591369628906
41	253	2d2c9a91	c_2d2c9a911c388f105c30f690fdf0b033f22b4e17_0.json	136	131.42405700683594
41	303	6d9081bb	c_6d9081bba66809602428ea0b0f7ea78229b3087a_0.json	137	131.42022705078125
41	299	e42cce47	c_e42cce476c0749899dcf7d50ba36aa1dbdaf7fbf_0.json	138	131.41693115234375
41	277	4ad65182	c_4ad65182dbdfec91d7795206bef4342673cb8f11_0.json	139	131.41000366210938
41	531	9e1ca808	c_9e1ca808ee75ec5269bfab9c3e583792cee494c1_0.json	140	131.3820343017578
41	353	d8c3f9cb	c_d8c3f9cbc6a562a7d23711d4c0f97f4e4758444e_0.json	141	131.3456573486328
41	47	45718e93	c_45718e932a4b1d88f4228e95e52992d2c5ab7402_0.json	142	131.29644775390625
41	154	f0f3eab9	c_f0f3eab9c34cc32c6ad06a991fe572d243ca9e85_0.json	143	131.29013061523438
41	307	71608a84	c_71608a8424e1ad5d110a71d93313c370b2923411_0.json	144	131.2684783935547
41	228	528b793d	c_528b793d86be485f7b4fff51f97e67708eb632da_0.json	145	131.258544921875
41	60	83b8d1a6	c_83b8d1a6c8db2d34fbb344ae3125781978910725_0.json	146	131.24093627929688
41	364	1d31086a	c_1d31086acba06579c4e7d5928dbba9ca8a0128b1_0.json	147	131.2368621826172
41	210	dfe666c4	c_dfe666c45ece6ee90c0a7586f38ddfc6825cd65c_0.json	148	131.1973114013672
41	515	21ee3e98	c_21ee3e98b71dfd0a86c0ddd4cedbc7c0517351ba_0.json	149	131.187744140625
41	292	785d41a3	c_785d41a37f6c311084ebf2d23e83f4ceb4bb94ed_0.json	150	131.18753051757812
41	600	842977c3	c_842977c381b8d48bf12719e3f5cf6fd669379957_0.json	151	131.1739044189453
41	114	c01af229	c_c01af2290073af0ea42eb02dfe965b4cda58e112_0.json	152	131.16293334960938
41	117	79c67235	c_79c672355bb31aa69c23d2dd1ed8cc3f89dd2844_0.json	153	131.15379333496094
41	392	666275a5	c_666275a54f3e6907b5244b612483815ee70a191d_0.json	154	131.13949584960938
41	328	128b3f82	c_128b3f8212e357468cb608546a52da3826903fad_0.json	155	131.00721740722656
41	229	9e2d3711	c_9e2d3711ff5f23e39b0f956d03c3a2b547239fc1_0.json	156	131.0066375732422
41	30	315292d7	c_315292d76e2e415be2a743ebefb5116898cd97ac_0.json	157	130.97796630859375
41	520	a4c375d8	c_a4c375d8ef9d2a930b34a994719ebdbc076678b7_0.json	158	130.94248962402344
41	357	96f31681	c_96f316812fc31cd13c06a948cf84979c77b15f8b_0.json	159	130.9017791748047
41	333	c2ecaa18	c_c2ecaa18c25d92d260718217e5ba1f0496cb8eb2_0.json	160	130.87496948242188
41	469	de098c35	c_de098c35e91f9a8c15c56cc3dd30a2ff32582201_0.json	161	130.80242919921875
41	112	45e787d0	c_45e787d054b2851e0f3607bab47e2c41496efe76_0.json	162	130.7815704345703
41	91	8929d961	c_8929d961dfd44d1a6758b81c9a0c5adf8e408f6b_0.json	163	130.76512145996094
41	88	bd3e7c8a	c_bd3e7c8ada7748dc5cf2428e68c828c0cf744469_0.json	164	130.7358856201172
41	17	9d3ab851	c_9d3ab85127dff8f684d18243425f543b204aabef_0.json	165	130.71839904785156
41	156	10cfa046	c_10cfa0465c9d48f6a3ce3f5996259e77b43fa858_0.json	166	130.70016479492188
41	157	6b0dd15b	c_6b0dd15b9542b184a55040de992e0140e613fec8_0.json	167	130.69422912597656
41	221	2e22a341	c_2e22a341cd460a58d3f70ed8bf77bef53e9bec0f_0.json	168	130.67230224609375
41	332	7171cec2	c_7171cec2dfd3c8b58645b69970425864abf8ba1f_0.json	169	130.6427001953125
41	514	799b9aa3	c_799b9aa3e623b56092100fa672c034ae9f259038_0.json	170	130.62750244140625
41	317	7aec925d	c_7aec925db99f51b329305b50c77545619e9bb695_0.json	171	130.61868286132812
41	298	a14fb16d	c_a14fb16d6430d8de4bf31c898d119ab713840c2d_0.json	172	130.5955352783203
41	243	749687cb	c_749687cbe07d824be68474a68724255f4a14e15f_0.json	173	130.57029724121094
41	276	d0a7e3a0	c_d0a7e3a00350ea9bdca6a1f005ccc75e5b2d19d4_0.json	174	130.5465545654297
41	540	af77fd3f	c_af77fd3ffb2973f255419df9ef591df5f8a7409f_0.json	175	130.53994750976562
41	541	bd5e1753	c_bd5e1753a13b5f2d19cb80907b9502d6abfdb08f_0.json	176	130.53994750976562
41	544	e37cc9af	c_e37cc9afd78cb780b4c944a0caa5c1973efb0607_0.json	177	130.53994750976562
41	240	13c2af3f	c_13c2af3f24fceda5b44776a5257112ac7218d038_0.json	178	130.5097198486328
41	326	f36b950d	c_f36b950de16f6db134bd98969cd8fbe578d37480_0.json	179	130.5021514892578
41	354	6c8365b9	c_6c8365b9a0e963c1f2dc46099116a5c77f48c5d8_0.json	180	130.4755096435547
41	400	8963e2ac	c_8963e2ac79a97e694c388622e935a0471267e9eb_0.json	181	130.42735290527344
41	365	1030e618	c_1030e6182d2fde38d4d307af8e21791ad9b91429_0.json	182	130.41920471191406
41	350	889ff7cf	c_889ff7cfb605adf5b692e3740294bcdc11b14e48_0.json	183	130.33694458007812
41	361	68c05150	c_68c05150bf4ce702c334405dc707d95c6fe73577_0.json	184	130.30909729003906
41	302	db9efbd5	c_db9efbd54c6ff876768eb874f7e9fe84a6632729_0.json	185	130.2722625732422
41	94	e2c62cdc	c_e2c62cdc3cc8f265af6ea100b60964ac6336d6e2_0.json	186	130.25071716308594
41	337	70b2cf9a	c_70b2cf9a73e38bd3831a8e196c84556275c3f588_0.json	187	130.249267578125
41	147	97d203b3	c_97d203b3e70d9f2387fb6b11fb115b182e1f5e41_0.json	188	130.24557495117188
41	434	3982ea11	c_3982ea1198b8d780b42587e16ace3407bf7621e1_0.json	189	130.2357177734375
41	568	850e1c27	c_850e1c27f9bea21b70750f31964416c71f37cfd3_0.json	190	130.20924377441406
41	44	ef748897	c_ef7488975ee41c8743e4615677555e5af2046567_0.json	191	130.18568420410156
41	173	9824d000	c_9824d000c7b73f52a277dcc83b55602225154fb2_0.json	192	130.1820831298828
41	324	81d1fb98	c_81d1fb98e61ff42c856504b1427a700cda7707f2_0.json	193	130.1788787841797
41	347	1e84edbe	c_1e84edbe208aab0c9330eadc50f9773d81d70cd6_0.json	194	130.17529296875
41	90	98e828a2	c_98e828a29423b72397d8783c4d02159e50bd50a4_0.json	195	130.16055297851562
41	254	b25f8506	c_b25f8506cc212c33c0779864448a2e870dc93f34_0.json	196	130.15208435058594
41	113	2cce405d	c_2cce405d1eed3536b222f830220ef32f5a2937d7_0.json	197	130.14578247070312
41	460	76399e5b	c_76399e5b273d63d6affeb94597d8dfddce811964_0.json	198	130.09776306152344
41	155	0831a08e	c_0831a08ea788e93c68159318fe8880d435d40c23_0.json	199	130.0839080810547
41	190	e8e29ca1	c_e8e29ca111772980970275662e0027fa695d9f27_0.json	200	130.07229614257812
41	432	38e20f43	c_38e20f43502027b897135e94e9119ae9341254ac_0.json	201	130.0689697265625
41	416	615f5301	c_615f53010b21d1c0946952e33773b885fe30440b_0.json	202	130.0689697265625
41	437	38065277	c_380652774a227310ff81d61e2e3247ee0156268b_0.json	203	130.0675811767578
41	72	7649933b	c_7649933bba7ad5960415065dd95cc99aada42240_0.json	204	130.04656982421875
41	458	2518e92a	c_2518e92a052d922d81d11e28b8e5205639fed9a7_0.json	205	130.01780700683594
41	552	527a2f44	c_527a2f449f5250f8dd7863c55fe772c64e5f3eee_0.json	206	130.01498413085938
41	550	954e0f36	c_954e0f3678c67f2ed9ba520fccbb612e0ff0060b_0.json	207	130.01498413085938
41	195	62afbdf6	c_62afbdf6a85fec75fde38d327928a180bc5bccb3_0.json	208	129.9715576171875
41	269	e3627911	c_e36279116113c62b60e6c95580abb327401d9e09_0.json	209	129.9257354736328
41	281	08e2a7fc	c_08e2a7fc2f487328f1b514e07cc9f4c9ff3d3814_0.json	210	129.9092559814453
41	407	1e30a157	c_1e30a157667af1fa7108d985dcb858a801832887_0.json	211	129.87454223632812
41	123	4a0e5a59	c_4a0e5a59e690f53f4fbeb16ef80ba5afe66bb744_0.json	212	129.8723907470703
41	308	411c01ff	c_411c01ff53f56f0b84bee210ad75c8c2114efa55_0.json	213	129.86871337890625
41	530	74c61a13	c_74c61a13acb6fc11456cd442d4d982a0e943e9d0_0.json	214	129.846435546875
41	225	0b56f3e5	c_0b56f3e5e012e689af8dda0e96d6e0c9f31853b6_0.json	215	129.82421875
41	438	c3c952e5	c_c3c952e55f10b07dd9d4a9121db1b3828b0a1bc7_0.json	216	129.76943969726562
41	169	a147ce54	c_a147ce5467129fa15e62e31c725f8115dc6b5560_0.json	217	129.760009765625
41	64	ac57740b	c_ac57740b13bddd414c98253d53092546c1c330a2_0.json	218	129.757568359375
41	488	d6518550	c_d65185506919c50de85e766771898fdbd054e77b_0.json	219	129.70936584472656
41	248	b9f9860f	c_b9f9860f43834de80d6acacad6dc76bd93140957_0.json	220	129.66110229492188
41	217	78d40f41	c_78d40f41b9567d7e8a0c891f31b7deee2b1f3f19_0.json	221	129.653076171875
41	319	c0d9ad62	c_c0d9ad62ef2363b39256b3dd31466c90ae53adaa_0.json	222	129.6510467529297
41	167	ba5d6601	c_ba5d66010db39205e29289ae81122fc85299d145_0.json	223	129.6118927001953
41	76	9bed789b	c_9bed789bfee6c6433945c0a3e2c710c897616888_0.json	224	129.58009338378906
41	569	24d01fba	c_24d01fbaedf2eab505d7bbd62794f54deb617895_0.json	225	129.5725860595703
41	141	6c2032dc	c_6c2032dc6cc1b502c88cad8964d59b668039c3db_0.json	226	129.55015563964844
41	49	00734226	c_00734226f07e57a2d13f82a4b395b4bb7b9ee20b_0.json	227	129.50698852539062
41	336	c98349a7	c_c98349a7fb5598f0cbac88130520171bd6f253c1_0.json	228	129.46412658691406
41	433	a44e18aa	c_a44e18aa3c1fcd25a68a5965f9490d8f7d026509_0.json	229	129.4483642578125
41	421	e064bc48	c_e064bc4842d1412a0421435332f55908fddcc866_0.json	230	129.4483642578125
41	562	2e20bc1b	c_2e20bc1bf30e1e6efbeeae67805d9d450d2f1d5b_0.json	231	129.43905639648438
41	415	3232ff00	c_3232ff001c7c9d335e9bf5aea02ab12520cf3f01_0.json	232	129.4385528564453
41	137	40a35750	c_40a35750e655d5229744684086a9249b233058bf_0.json	233	129.4250030517578
41	306	a28fb8ea	c_a28fb8eae225ac16279a6086420f310145bf6100_0.json	234	129.41397094726562
41	142	aec561f3	c_aec561f3328980182f299e61eaae45420245141b_0.json	235	129.39675903320312
41	431	e917ada8	c_e917ada8cc976397aa5c3e11492f108a35919e48_0.json	236	129.37484741210938
41	239	adce18ec	c_adce18ec3d06b849886d203fe932205f312cc37f_0.json	237	129.2877655029297
41	581	17796e34	c_17796e34f7a9d00ba1d22db36af26cdea0fb28b7_0.json	238	129.27061462402344
41	344	16ca9214	c_16ca9214be8e4a6eb8b37dcfaaf21a79595d95f3_0.json	239	129.26715087890625
41	327	3d6f1e47	c_3d6f1e47ccf93d01364ed5f7603fa66d43eae0e2_0.json	240	129.2318115234375
41	245	6fb07413	c_6fb07413051d22873429606c0fe1db66c0571c0a_0.json	241	129.18356323242188
41	79	3205f0ef	c_3205f0ef9409bb622f66315983830aa89d9313cf_0.json	242	129.15248107910156
41	127	4c353188	c_4c3531886a0f7b2a3cd6987dc9c926c5eff8fd03_0.json	243	129.10653686523438
41	474	21d8c188	c_21d8c188b27937079007f0129f2b372b857f2e16_0.json	244	129.10211181640625
41	473	f052908e	c_f052908ec90e12bdc6b67915ef2290aa9eefa48b_0.json	245	129.10211181640625
41	430	c2a9605b	c_c2a9605b70fdae3c064b49bf2a0b633c935322cc_0.json	246	129.08477783203125
41	74	83d18481	c_83d1848144abf29b501d59e0c3ec41e40c9cf020_0.json	247	129.07032775878906
41	481	35407bb1	c_35407bb1557e2ee11e27cff552d561b3d83266ae_0.json	248	129.05784606933594
41	590	4ae8917d	c_4ae8917dac1019fc08b091c13b66d846311ebdc4_0.json	249	129.05148315429688
41	311	dc0b7cb2	c_dc0b7cb2754e714a4e65553b7ef3d186f52d1004_0.json	250	129.0320281982422
41	202	c6936dd3	c_c6936dd3daab6dc7098065dff0bf39d8318349eb_0.json	251	129.02963256835938
41	342	0d8ec381	c_0d8ec3812c8a3617e3f4fb2c6325059ee695f1a7_0.json	252	129.01837158203125
41	413	caf61a4a	c_caf61a4a0778a72ab713f72e9ef749bf373c98ac_0.json	253	129.00579833984375
41	424	deaf9f6a	c_deaf9f6a51b928dcad619fd8300ee3926345d1ea_0.json	254	128.9989776611328
41	349	5000be31	c_5000be31966a575f54d80ef85ee49ca1f5cb6ea8_0.json	255	128.97422790527344
41	482	27b9f632	c_27b9f632b1289c1b777bd1bd05bb73f61e11b419_0.json	256	128.9532928466797
41	325	f16c0c17	c_f16c0c17aa38ecff097f5fc50db7cd5e247c8737_0.json	257	128.9230499267578
41	408	77e6a1a9	c_77e6a1a900685c173afd5d88c9bc6123b568fc72_0.json	258	128.9207305908203
41	215	3091fd44	c_3091fd44859c3e5849fbc51fcab48342823276c2_0.json	259	128.91481018066406
41	168	e05e1855	c_e05e1855a90905b7d467cfc8d273e7a078ad0769_0.json	260	128.91334533691406
41	53	e86fce8a	c_e86fce8a0480ec35b76cd42c82b3466d724af082_0.json	261	128.83702087402344
41	501	81a9f532	c_81a9f5320614029f04838945674e3087eec01a63_0.json	262	128.83059692382812
41	266	dbbe693c	c_dbbe693c9fbeef94d663c963b57ea379c75806a1_0.json	263	128.7906494140625
41	164	7520dee7	c_7520dee7b688bdab536bfd76fca47a65316d2147_0.json	264	128.73715209960938
41	567	8c673ddc	c_8c673ddc1357f00009e38cb800c1c6ebb6ee4beb_0.json	265	128.73397827148438
41	136	5eecccd3	c_5eecccd3eae2d7af9c8426473e9ee53bc01bc7c0_0.json	266	128.70993041992188
41	330	3fb895c9	c_3fb895c9a9185c04eb263ef77038cd7ec8b5dfa7_0.json	267	128.67161560058594
41	557	a76f2e9f	c_a76f2e9fa14185dae1e96ae2561e3ff07c966e11_0.json	268	128.66932678222656
41	96	ed30e5c1	c_ed30e5c14b7ebdd2d9328150b65fadc09d833c71_0.json	269	128.65806579589844
41	359	84ab3d3c	c_84ab3d3c2db81f0ef215ef1395d154a0e75c0040_0.json	270	128.64390563964844
41	224	84de4abc	c_84de4abc83b1831f96a353e8e87d09def5c1621a_0.json	271	128.6378631591797
41	31	4bd743a3	c_4bd743a3a5492d1d185bd21f421e49ce3a27af7c_0.json	272	128.6268768310547
41	16	ffde882f	c_ffde882f49c01900d6ff3b65e9407a3da3d57f1c_0.json	273	128.54258728027344
41	46	43e16a60	c_43e16a608ddc00981c92cf3772c350c8b7e934dc_0.json	274	128.53909301757812
41	295	c8807e90	c_c8807e900cb66f83a5d1f28d02e55528ff6d67ba_0.json	275	128.5303497314453
41	25	1f3cfcfb	c_1f3cfcfb08a5e7454e61513389b814c7da6072ac_0.json	276	128.52072143554688
41	286	fa8a8deb	c_fa8a8deb6e03ee00c10138f42b9b5cf83803e425_0.json	277	128.51710510253906
41	282	bbca7db2	c_bbca7db20b9a45fb3d8efb29447349ed8593649c_0.json	278	128.51611328125
41	427	2d56df2c	c_2d56df2c9060c889e35bf4c386429ad1b6cacb35_0.json	279	128.46572875976562
41	1	2bc42058	c_2bc420589478b3cb01398cd9eb233be25b73b7c0_0.json	280	128.44384765625
41	260	112c1541	c_112c1541b0f7034e63c9015e582ed13efbbb5bd3_0.json	281	128.44009399414062
41	360	9afeb6b7	c_9afeb6b7645deb78ff0b3d2804771b9238806353_0.json	282	128.39984130859375
41	43	7b1a8763	c_7b1a8763534bb06d5f83b03ed8f6abb3e6d4db80_0.json	283	128.39413452148438
41	425	fa87a8fe	c_fa87a8fe2838e80ae0eeba6e2978815ef5533e91_0.json	284	128.37350463867188
41	144	05ea09d3	c_05ea09d373e05aa538793ba042148f83859d1402_0.json	285	128.36199951171875
41	134	a3d03f9a	c_a3d03f9a1ffbc4e9ba5bcbe991ca6ac2e5207f6b_0.json	286	128.34559631347656
41	21	eaf6bf4a	c_eaf6bf4ad42f86fb6c2608e4a8bb5d5fdf1e46ce_0.json	287	128.32504272460938
41	561	e936b1b6	c_e936b1b664500166bef0403011c5924c7bd7d086_0.json	288	128.29168701171875
41	186	09d99e7e	c_09d99e7e5edc96348b9fa50131274aed3ee1bd2e_0.json	289	128.2440643310547
41	446	73f0278e	c_73f0278e5b5e938ffaef897a565a94db95df70b6_0.json	290	128.23460388183594
41	252	81594d5b	c_81594d5bd21af23e7378c7192197fd1966c9852e_0.json	291	128.16180419921875
41	491	5dab7a23	c_5dab7a2379aaa7141c6c4e8306a139a6b8dd3ada_0.json	292	128.1595001220703
41	592	567b90e4	c_567b90e4abb72144a15fb5eeef74d170ef425cf9_0.json	293	128.1282501220703
41	591	c1924bec	c_c1924becd50885dfaf9bce062f86e04b10c688eb_0.json	294	128.1282501220703
41	246	073d9734	c_073d9734451738985650074bee2ab45cb395fbb7_0.json	295	128.12339782714844
41	406	05ae9786	c_05ae97865c84536a6cfe7759ca6c382eb761ecb2_0.json	296	128.10806274414062
41	529	f14bd640	c_f14bd640bf48bfbabb0ad17da4322e3c75eaa547_0.json	297	128.08277893066406
41	380	fa9d20a3	c_fa9d20a3fb3060daaaa4f183a4be5cf27caf2583_0.json	298	128.06521606445312
41	108	3f67316f	c_3f67316f30614c43d14533ccc5246f7d964db70e_0.json	299	127.96629333496094
41	297	9fcda18b	c_9fcda18b6824b0c46986bff8f1c9ecc3bf5872f4_0.json	300	127.93663787841797
41	452	834d3142	c_834d3142304e0927dc659791da6a4521f271d7fd_0.json	301	127.93425750732422
41	312	1bc34292	c_1bc34292ffd940a8936ed317a4bf617dfc66f0cb_0.json	302	127.83972930908203
41	512	b033535f	c_b033535fe2cf887de8076221a0d614abfcf17d7b_0.json	303	127.83607482910156
41	10	04744368	c_047443682327a75059c936fec9a323a0d27659a5_0.json	304	127.82901000976562
41	163	4f2ff532	c_4f2ff53293ce4afb609ff7cb8b2d2fd27240cb39_0.json	305	127.81674194335938
41	320	e30ed5d3	c_e30ed5d35cbcb92584d7fee8ae862f3929e443d8_0.json	306	127.78742218017578
41	235	2e496949	c_2e4969497c5734d90d394103728bb517644f9157_0.json	307	127.73930358886719
41	38	3dd9e66b	c_3dd9e66bc21c6f53aaa21ce45666610f68540555_0.json	308	127.71578979492188
41	115	544281d1	c_544281d17133045c19f52c1a0f3aa7b87ef7d231_0.json	309	127.70664978027344
41	519	627efb94	c_627efb94e9ec8bcf09829fb8be5cbc4f4334fceb_0.json	310	127.69967651367188
41	80	80c826dc	c_80c826dc46a5270826c411d3741bfab8c98eb42e_0.json	311	127.65565490722656
41	128	6c945b25	c_6c945b25b006e621a056c97ad75d80fcc04ff3fd_0.json	312	127.641845703125
41	578	01a62698	c_01a62698797658b0f51d323fdfb5e9744d843773_0.json	313	127.63156127929688
41	583	ac5e9e83	c_ac5e9e8392ea4ab436fe71b72ed78cdfd0aba7df_0.json	314	127.61858367919922
41	6	a29e8b53	c_a29e8b5374c7ba0828752fe78b3cc3471532121b_0.json	315	127.60710144042969
41	394	074d9bfd	c_074d9bfd5476d0430e75073fb27001f43435c081_0.json	316	127.58744812011719
41	37	ada77956	c_ada77956bb99a098503ee57446fcd8cb59cd3354_0.json	317	127.585693359375
41	161	211a0b39	c_211a0b397d251f043e9b2c4815a7e452741dbd0b_0.json	318	127.55284118652344
41	495	32ab9579	c_32ab9579f9df6f4c9dbab5e6e035dd5f8d644e2a_0.json	319	127.52980041503906
41	97	c4bb2a49	c_c4bb2a4933994931900cde164e517ff0e3a61353_0.json	320	127.52281188964844
41	558	a4883a44	c_a4883a448416031773bba432bc5bce4492f1e19d_0.json	321	127.51554870605469
41	166	847e03ec	c_847e03ecfe09ae074844e5821ee185cd8c581f42_0.json	322	127.46131896972656
41	595	ee613b20	c_ee613b20b926b31f532cda4fb3ee115db950e9a1_0.json	323	127.43887329101562
41	343	9ff954f3	c_9ff954f3876690504457be9c5f6067593df6ce19_0.json	324	127.43495178222656
41	449	c5792eb6	c_c5792eb641b13f8a853b6f065b6998053d106b7d_0.json	325	127.42486572265625
41	576	4ec4cf2f	c_4ec4cf2fc80c7faed010275d8a59f6e9decc33e2_0.json	326	127.31192016601562
41	362	f8a5dfb0	c_f8a5dfb037d363a6b6657fa71af59b66c6bec257_0.json	327	127.30741882324219
41	412	f9901ab3	c_f9901ab35d61700dd56cc6c1639e00f0aa58e435_0.json	328	127.30166625976562
41	309	51cb8669	c_51cb86699beae26b74c594e2daaa098116f9f572_0.json	329	127.22651672363281
41	454	1bae7a28	c_1bae7a28d5991f712980e6e36e76d3002f500f47_0.json	330	127.21271514892578
41	162	7eeb74d1	c_7eeb74d133625c8819ba8da52e37f4e4db4b8a26_0.json	331	127.21027374267578
41	334	93ff111c	c_93ff111c590ea57b311705360111a3e54329a026_0.json	332	127.2093734741211
41	461	2c07dc3e	c_2c07dc3e05ec1efe3c696d4888421fd6d03f4c10_0.json	333	127.208740234375
41	385	e313f95e	c_e313f95e19c752a3316048468547af939e19cdd3_0.json	334	127.2019271850586
41	100	62ea04e4	c_62ea04e4d5cbf91b1b1a225c90b8077e6db27e58_0.json	335	127.1799545288086
41	103	8c211dc3	c_8c211dc36f541f385b3de99edda9779c3a81a4ed_0.json	336	127.16304016113281
41	543	8165206e	c_8165206e8ac599512434e88267a78e543cfdc3f7_0.json	337	127.12763977050781
41	14	f5b1a2ab	c_f5b1a2ab1294970be9b4fc6abefe38ac7e5039be_0.json	338	127.11092376708984
41	316	13672ea6	c_13672ea6b50a631bbdc50a6b2bfb266089fe426f_0.json	339	127.109619140625
41	272	b800dd75	c_b800dd756bf956aa210165073824bfcf159780fd_0.json	340	127.09663391113281
41	428	1fd0a617	c_1fd0a617cb216113997569937b43ec7c7a9c2fd2_0.json	341	127.07455444335938
41	465	11185c4f	c_11185c4fc1a0bcfa15d59b23fe039bf5908a2a77_0.json	342	127.07198333740234
41	148	cf3676c5	c_cf3676c534e92052acf870c71e2fa8fb9c060fe6_0.json	343	127.06088256835938
41	193	f548940d	c_f548940dd8be5f8c93ef17a8896b2807aa2a08bc_0.json	344	127.0557861328125
41	158	ad203677	c_ad203677d7d98af76d29ac8938dcdc7751ef14cc_0.json	345	127.04878234863281
41	133	982e4f96	c_982e4f96560dadd33e627a1ecea7557f08745d98_0.json	346	127.02101135253906
41	498	4a28f776	c_4a28f7766124469dbdd5ad6179fe84abff3cd14f_0.json	347	127.00180053710938
41	527	02659375	c_0265937566f541e90933a6bd33192201095ecf4e_0.json	348	127.00180053710938
41	593	659f9832	c_659f983253f53c99175fd5b437791f20fec21ce4_0.json	349	126.99433898925781
41	377	5c43ce2d	c_5c43ce2d83e44cd46049a7f0bfaeb5d9a322c032_0.json	350	126.98072814941406
41	574	f61ba0f9	c_f61ba0f9cf5f5fa82af0938f5f4b3c28a119649d_0.json	351	126.95413970947266
41	171	f0f280cd	c_f0f280cd42096a41058b87517a3a2da9f5bcecb2_0.json	352	126.93216705322266
41	599	05faab38	c_05faab380c9b3322f24fcba833173a358765f89f_0.json	353	126.93010711669922
41	209	e256bb7f	c_e256bb7fc5979de256371bb324f1ca1330e38112_0.json	354	126.91537475585938
41	58	0eeefe41	c_0eeefe41eef0c037f514965618e7f9c2d2129d7b_0.json	355	126.91378784179688
41	29	e8e755bf	c_e8e755bfb9a0b1b8b19e8312942ea29cb9b626da_0.json	356	126.88609313964844
41	594	eacba9ae	c_eacba9ae3d8b48e25380ad6125da40a2820e93d6_0.json	357	126.88374328613281
41	231	cacbbfb9	c_cacbbfb9604fc5ce565b3547f4a7de77c037013f_0.json	358	126.87306213378906
41	278	25097669	c_2509766946d20c1339c56d5aa0970c522efd2417_0.json	359	126.81375885009766
41	467	8627ba3b	c_8627ba3bde6edb7f91cf7122d7f8e9961096c4ff_0.json	360	126.77916717529297
41	199	444f558a	c_444f558a8ed804f8851f16dc234ced136252d485_0.json	361	126.77884674072266
41	559	597ddb1c	c_597ddb1cc07d72f1f6edf4f4e25ebdf38931f55b_0.json	362	126.76555633544922
41	99	7898cdff	c_7898cdffecce78996012bd06eac0792dd4b6ac6d_0.json	363	126.75344848632812
41	523	d758acab	c_d758acab64d16f7dfb664f18fd9c0f63901d7138_0.json	364	126.74594116210938
41	180	935cab0e	c_935cab0e00f289ce5369f4c217b5eb3a3d9e33e7_0.json	365	126.74551391601562
41	352	99c4da88	c_99c4da880b4cff044696b9df680d22a47c23cbcd_0.json	366	126.73861694335938
41	84	e5cd5847	c_e5cd584705f746893f75e85cf7acdb2d7a0db1af_0.json	367	126.73294067382812
41	258	f9ffaf49	c_f9ffaf49226a04a15698050b3978d85585be0894_0.json	368	126.72062683105469
41	226	20ed24ce	c_20ed24cefb5df53c48021459af98bef83c55f241_0.json	369	126.7069091796875
41	440	82200d78	c_82200d7847e72c176611fdfa738dac62a0f79b58_0.json	370	126.6252212524414
41	107	28418f83	c_28418f8335d2b359690e80e61d0081f4e892769c_0.json	371	126.60160827636719
41	12	9db51cf7	c_9db51cf756951fa62a7670b70d314af2f0ffc197_0.json	372	126.58580017089844
41	399	00901316	c_009013169754d4869f3a55c27a3443fc72d1d1f1_0.json	373	126.5838394165039
41	516	0b9eab69	c_0b9eab69d394b38f776079a20dc19ed5848748b4_0.json	374	126.57066345214844
41	218	0722718f	c_0722718f1f3e3811639600a3333ec7665592364d_0.json	375	126.55621337890625
41	383	4b763cc8	c_4b763cc86f698d31f59e22e169e7a5a83e696a55_0.json	376	126.54254913330078
41	83	9c8969d4	c_9c8969d48f776ce2f1bbcac73a2e0b4c85c71556_0.json	377	126.53024291992188
41	379	21759032	c_21759032d2b2b76e338d22c15d13bdf7993c13e1_0.json	378	126.48492431640625
41	104	3ff2694a	c_3ff2694aa22c5e12bbc67b9d7ddf736a9cb82e5d_0.json	379	126.4616928100586
41	122	14db439c	c_14db439cfb817b8869bcd6f603960040059d9643_0.json	380	126.44384765625
41	545	a0bd1689	c_a0bd16891705bf4087e0766d744a009ac923b5f3_0.json	381	126.40382385253906
41	288	64ec9cfb	c_64ec9cfb151f26e85c0c206ce6aba063695e47cd_0.json	382	126.39666748046875
41	522	821b021a	c_821b021a1e5fc75719c71ae5ea84157d770c1a9d_0.json	383	126.33879089355469
41	423	fd12d272	c_fd12d272397fc04da34beac8c8f6e3faae81583f_0.json	384	126.32329559326172
41	143	0081d162	c_0081d162cca8ad23b500b53799195fec644f261b_0.json	385	126.31684875488281
41	126	19f2541e	c_19f2541e9dad74a7e734225f3d1b598324a6ea49_0.json	386	126.31211853027344
41	274	5998a3ea	c_5998a3eaaea26882550b657ff4d1f00e6b04fa1a_0.json	387	126.2769546508789
41	284	f317c04a	c_f317c04acf821d61601f5d986252db40505153bc_0.json	388	126.1464614868164
41	54	7f653fab	c_7f653fab63ce7ae048a6fba1c2f529dc586369ed_0.json	389	126.13972473144531
41	270	b8d2e210	c_b8d2e2108b16d5db3ce6f5744a49d4ebc4b7a46f_0.json	390	126.09310913085938
41	212	8877dab9	c_8877dab91c2c4074db6ff7b459d247959019caad_0.json	391	126.06780242919922
41	267	ae7308a2	c_ae7308a2832897f351712e44f656a3e71fac7efc_0.json	392	126.05644989013672
41	7	4cbae5ad	c_4cbae5ad165b260c43f5c369517dff90a2139377_0.json	393	126.03262329101562
41	368	5d56ace1	c_5d56ace149ae3264d2502d49dd85302fc613a27c_0.json	394	125.9871826171875
41	196	a83d5f1a	c_a83d5f1a692d468e71edd96801caa156492b4817_0.json	395	125.98389434814453
41	184	19aecf27	c_19aecf27292e894fefe4552309549325387163d2_0.json	396	125.97529602050781
41	216	b57bab46	c_b57bab46e4241cd3cacce52cb6ff310bbf69eb7b_0.json	397	125.97404479980469
41	466	fc7c7f18	c_fc7c7f18cdbb55ca1c1fb708ae573c64e5e3ead5_0.json	398	125.95858764648438
41	571	0993f66c	c_0993f66ce330ccfbd84a65005ed1b2f1ae167d81_0.json	399	125.92063903808594
41	572	83ad1bc4	c_83ad1bc40f08cbdd2994695058580972e7499381_0.json	400	125.92063903808594
41	580	4424fe85	c_4424fe8589b60f2c7ed0a6ddb3958198e779c803_0.json	401	125.92063903808594
41	290	9c46f13f	c_9c46f13fc4b17bfa6c3cb58945568ae8d8b191af_0.json	402	125.9100341796875
41	285	f9d8a9c8	c_f9d8a9c8a47be87c6d4f949dc24c6520e84590d0_0.json	403	125.90013122558594
41	42	8bb732b7	c_8bb732b7ccb51f4006fa7fa221762755eed949c7_0.json	404	125.76178741455078
41	410	fb837fe7	c_fb837fe7667480e0ca7e550f6cf813de45309996_0.json	405	125.75904846191406
41	485	d6fd1637	c_d6fd1637307f6b088eb226c3f979085725530f32_0.json	406	125.7504653930664
41	387	ede13169	c_ede131697f4a1e76d9c291e5070b700143622d30_0.json	407	125.7236557006836
41	153	40a3cda0	c_40a3cda062a8e856cd87b1f7b26d200d2c4980ec_0.json	408	125.69947814941406
41	67	2f732574	c_2f732574251122055092a4c6869123eb08058b14_0.json	409	125.65869140625
41	198	ce843ec8	c_ce843ec83988e3e3318fa7db38133b06be741a1f_0.json	410	125.60665130615234
41	382	eb8a107f	c_eb8a107f679bc2778e55cfc71f27a147ef9aa455_0.json	411	125.57981872558594
41	444	a991deb4	c_a991deb4430343e8f22de5d5aa51f829bab52315_0.json	412	125.5713119506836
41	556	119fd967	c_119fd967ba85924a5fe0d93e2f9fad3fe068c6fa_0.json	413	125.55987548828125
41	50	4555f2d3	c_4555f2d3bdd513bfa82e444930e29531387d0215_0.json	414	125.54682922363281
41	401	9b85aea8	c_9b85aea847f85982b6f2d9d910e9112f771ab5a5_0.json	415	125.52517700195312
41	151	027c4152	c_027c41520e029ae88e578cc9b28491a74d8bb25a_0.json	416	125.5203857421875
41	492	80158d6f	c_80158d6fa7445506eaaafdeadb1f4dc291ca10a5_0.json	417	125.44402313232422
41	262	fbed2413	c_fbed2413bf243300e38be8903c7be49d5533e261_0.json	418	125.40357971191406
41	447	07df0dea	c_07df0dea236d2fce4980dc3878bdb42920faf8b9_0.json	419	125.38871765136719
41	455	586c8542	c_586c85420990eab5e0f07c324fc26fcdae3af05c_0.json	420	125.38681030273438
41	131	3eb8a678	c_3eb8a67876703682e4156b378871911870fcaad9_0.json	421	125.36759948730469
41	402	c75e9cc8	c_c75e9cc85d596ff08ae858da3c61d55e717607d1_0.json	422	125.35798645019531
41	403	398f9cf9	c_398f9cf93414253c216585efdfca3b9f73f90d74_0.json	423	125.26229095458984
41	468	862c256f	c_862c256fb6e1166ca42a2f8b885c5285baf6c1f9_0.json	424	125.26158142089844
41	69	7e5fb425	c_7e5fb4251ba7c8f815b271ac8f6dc4a84768c59c_0.json	425	125.23030090332031
41	548	cbd9605b	c_cbd9605b113482873f9c99362874ca9123daaf66_0.json	426	125.22716522216797
41	129	ec69d09d	c_ec69d09deb79468edde57456c0f79c19128e19e1_0.json	427	125.2227783203125
41	598	1153eeef	c_1153eeef1740592b7fca1ec50766aa6d4a72e438_0.json	428	125.21158599853516
41	588	18948588	c_18948588c456d31a0e5c58c48a8e20953366e077_0.json	429	125.18280792236328
41	251	7ea1e534	c_7ea1e534d6d48da3a18953f323d9b275a57c4a09_0.json	430	125.16046142578125
41	241	f462438f	c_f462438f2ebfb354c823cd2c0b677b0674f0e80c_0.json	431	125.09339904785156
41	374	002a4940	c_002a4940935a7545ed94f1b776e4d7f6bf6c2525_0.json	432	125.08057403564453
41	0	e23559f9	c_e23559f993f64cf0f1720eac5c930dbaff0c8b71_0.json	433	125.01332092285156
41	24	04025259	c_04025259e96d3676097e84126fb55124b92c50ed_0.json	434	125.00881958007812
41	370	dbc1e34b	c_dbc1e34bdeede1cabee58b65bceb02f930ce5d88_0.json	435	124.99641418457031
41	178	17486e2f	c_17486e2fa5b542b1f68b9b60efbefecd216a4a48_0.json	436	124.93415832519531
41	487	9e9e1585	c_9e9e15856d41f55cee4a215acae3c3866e78d200_0.json	437	124.92993927001953
41	547	4770715f	c_4770715fb67e1d40259c14280742859d5eeaaec5_0.json	438	124.81491088867188
41	367	249e5a8a	c_249e5a8aae9324cc6c8caf5303a607056b15a9da_0.json	439	124.80428314208984
41	554	4c844c15	c_4c844c15ba2c784bdb75458d8ab81f929a97db68_0.json	440	124.78598022460938
41	289	39915966	c_39915966a8b7329cdae21623f239e652fb6af763_0.json	441	124.76292419433594
41	472	b67cc18b	c_b67cc18ba1814d1abdb16f8ee9bb5473aaa42cf8_0.json	442	124.76023864746094
41	471	c765b819	c_c765b819fcb5f24373fc165a7c651f0e87a0a25a_0.json	443	124.76023864746094
41	555	837d77f0	c_837d77f0b4d1adda9e769aba37d4253c116e0c31_0.json	444	124.75651550292969
41	227	f4f2efb2	c_f4f2efb22f24378eb608aa308ba30cbfee3b3df2_0.json	445	124.75406646728516
41	459	88730bf9	c_88730bf9f399aab6a150212faeea012598be9ec6_0.json	446	124.7526626586914
41	448	ea41269c	c_ea41269c6e317547a42b57e816d05fb1780abdff_0.json	447	124.70481872558594
41	493	311d2e7e	c_311d2e7e7123814364907b65143117efc3ddf92d_0.json	448	124.63636779785156
41	502	d745f853	c_d745f85315b33fb72c5b6d8ac155451c85f5a6be_0.json	449	124.62968444824219
41	525	d84d6a14	c_d84d6a145fa09440803bf184f7ad405167463f10_0.json	450	124.62358093261719
41	497	456a5545	c_456a5545fe7d79ca2851d9a24528972159d37f66_0.json	451	124.62358093261719
41	418	a8da2e7d	c_a8da2e7da25921dffd9fe6bbd53668bed08dd148_0.json	452	124.61784362792969
41	436	d94f56c2	c_d94f56c25485b622ebf3b35b71868c74b9501ece_0.json	453	124.61134338378906
41	27	e4ff08f2	c_e4ff08f2bad145ec500228de112c8e821e8725cc_0.json	454	124.57112121582031
41	249	64433991	c_64433991106d616e20f7b90265e4341e34734e0a_0.json	455	124.53648376464844
41	40	86c1d97c	c_86c1d97c5f83cb6cc9c0d7490942b806d3a1d3be_0.json	456	124.53462219238281
41	539	333a6469	c_333a6469ffec02354a56d1a5eb5867dc16da58a0_0.json	457	124.44461059570312
41	404	a31ec08e	c_a31ec08e102fd3832f3ff4449e9163440f0afb2c_0.json	458	124.39776611328125
41	470	2c8b9ad1	c_2c8b9ad145d3b808be19ce03a99797215e0c3ca3_0.json	459	124.37198638916016
41	443	ae51709b	c_ae51709b8c07098fa688ec6be0b5a7dec7654178_0.json	460	124.35174560546875
41	453	f2fe1eac	c_f2fe1eac288eccbb34bf048c20b0406d7db9636d_0.json	461	124.3468246459961
41	398	82f86831	c_82f8683129e83b2d7ad9c95efcd4777212d13762_0.json	462	124.30520629882812
41	528	3f7d2c71	c_3f7d2c71dbbbb289c684f339874eed8ac2747fa0_0.json	463	124.30318450927734
41	275	43a39b30	c_43a39b308abfbe39ea06729277d0630786b9956d_0.json	464	124.27911376953125
41	442	43cd48ba	c_43cd48ba8e4701d429c8a7c1eea503ad139aaf90_0.json	465	124.26895141601562
41	62	72fe7662	c_72fe7662416118598bc0af126c15cba3ca09d9b4_0.json	466	124.25770568847656
41	75	abdf2271	c_abdf22714e557304d9f6782d30da9b7254ce017c_0.json	467	124.24855041503906
41	496	8b5fb7be	c_8b5fb7be962959a922dafc2073718e1457196043_0.json	468	124.20889282226562
41	26	c1ef042a	c_c1ef042a598d492cbcf0bcf09526a49c74bec073_0.json	469	124.13961791992188
41	263	e9909538	c_e9909538549c96800dad1e94284b99575d1be628_0.json	470	124.02568054199219
41	201	84056ded	c_84056ded0760b1ea9a2eb816d6fc0170b8d7f3cd_0.json	471	124.00868225097656
41	369	4b0dde41	c_4b0dde413a3c38a77461ac64ad278a042d6eea68_0.json	472	123.99352264404297
41	265	12a4abda	c_12a4abda3aeb213ed05e0aa500e2e6b70dbb9cca_0.json	473	123.979248046875
41	177	eb1edd46	c_eb1edd463b1f3b52b541d58487718676445d0d34_0.json	474	123.93643188476562
41	93	ac809a4a	c_ac809a4a5e816e69ede5f18005a519f0436a31c3_0.json	475	123.9356460571289
41	582	e9919360	c_e99193605b688e923d20054c13db897cff751607_0.json	476	123.89004516601562
41	213	961e4d71	c_961e4d7186308a33aad544f83e67e0a57d30b35e_0.json	477	123.88201141357422
41	256	b8cb55a5	c_b8cb55a51dd06a9e502399dada3abf904c0b6e7a_0.json	478	123.79706573486328
41	450	76903813	c_76903813da44b8971c9cd2beff41773376c6396c_0.json	479	123.72868347167969
41	257	cc494e90	c_cc494e90ae10aff90f1e7ad4da5dd092e23d53f6_0.json	480	123.72309875488281
41	197	eec6bb02	c_eec6bb02b3ce782af30f72048b800b8588c1908f_0.json	481	123.72091674804688
41	371	1d37cef1	c_1d37cef1d8367af963fee4dc99164708f5d3c6f8_0.json	482	123.71463012695312
41	331	863bad78	c_863bad7886c1bbf84391f5e9e330f20a4daf8894_0.json	483	123.71319580078125
41	358	7dfce519	c_7dfce519e65d669edc8aec5dfaf8069905707b92_0.json	484	123.69402313232422
41	373	472c7e55	c_472c7e55ee9d5cc7e7771696092c6eeca5a91b4d_0.json	485	123.69341278076172
41	503	c1ee9335	c_c1ee93355ba4bc6a430aed0ea8db7369f7d0895f_0.json	486	123.69325256347656
41	314	437d8eca	c_437d8eca9f51dd0ed7af5b828412ee96ac192f17_0.json	487	123.6928939819336
41	102	4cfd3c37	c_4cfd3c373f49f8e56f53ae28c1401cc2f528e451_0.json	488	123.68175506591797
41	204	35090950	c_35090950b41fdd4f3c4cee798d53229d837e7599_0.json	489	123.67668151855469
41	532	74f4f7fa	c_74f4f7fa855d9574dbf9ff45b0eb381cee26a54c_0.json	490	123.63360595703125
41	464	668514d0	c_668514d0e1be5f1dae2048b145298ce9e116e34c_0.json	491	123.59928894042969
41	419	46cff80e	c_46cff80ed79e2cb1fc1c791c44f4213dea69d5c0_0.json	492	123.57252502441406
41	174	8a49d09f	c_8a49d09f5c2acfb89b0c1f2887728793a036aa15_0.json	493	123.5373764038086
41	335	d0418222	c_d0418222830f42f4f0c770e406f71454ea50e56d_0.json	494	123.5295181274414
41	575	8e524450	c_8e524450bbaf0eb3210f0f0d2fff3cc4d54cb0a7_0.json	495	123.51707458496094
41	363	2c257f64	c_2c257f6482dd7a9583538b7b0d4b3b0bef9417fd_0.json	496	123.44495391845703
41	305	8749726a	c_8749726a79c22451b1f01b14fb2137f734e926b4_0.json	497	123.43537902832031
41	207	102caa11	c_102caa116c375ab74da564ac0f4d5d954b6296dc_0.json	498	123.3772201538086
41	85	5b407063	c_5b4070635f916b7d9d99e306a4c3016473828db6_0.json	499	123.34773254394531
41	355	dd4b6822	c_dd4b68223f30d8142f26a13582d0b996dece6588_0.json	500	123.343505859375
41	63	7a7419fb	c_7a7419fbc1bcdee4329f90b2361f4fce5376eb92_0.json	501	123.33403015136719
41	477	384bf2cb	c_384bf2cba16120166c5044f868096ab02599ac76_0.json	502	123.21456909179688
41	244	8a7efe73	c_8a7efe7305057c6123ea4ae080016e58f2ad3aca_0.json	503	123.2100830078125
41	456	b4fc2f24	c_b4fc2f243ce56618c74dd4cc9f0b2ccf4dca1bc5_0.json	504	123.172119140625
41	439	aa812e42	c_aa812e42a784bb551e3cda70078c2c1ed6147b20_0.json	505	123.17033386230469
41	356	be94f554	c_be94f5547d6b8f15ee48117afe46ae302c361464_0.json	506	123.17010498046875
41	420	f9f37e19	c_f9f37e19876202a1db257a9e59452b0f10035fbf_0.json	507	123.16876220703125
41	78	59d5e26e	c_59d5e26e6a0450ca74a9d696c6c1054f0837a5f7_0.json	508	123.13267517089844
41	203	d65b6dad	c_d65b6dad2a88e584be032481d30b7fc09112d225_0.json	509	123.11209106445312
41	152	6cff72ab	c_6cff72ab387d211de65567d7537a73d81a37fd69_0.json	510	123.05912780761719
41	9	b04c5412	c_b04c5412eb75a7a35925896db7121c3a2c67e1c4_0.json	511	123.0335693359375
41	279	4a470a02	c_4a470a028e1f146c04695819c48b9ec8b7950f36_0.json	512	123.01245880126953
41	187	ff329d58	c_ff329d584a733c7fb58bb378a752541a7838fbd2_0.json	513	122.94160461425781
41	484	5e6e9fc8	c_5e6e9fc84826cb79a24906987cc5d54677482a70_0.json	514	122.88994598388672
41	549	514dcd87	c_514dcd873d58571c65a69ca6f9f5842f14e4de7b_0.json	515	122.8884048461914
41	189	18e9a8f2	c_18e9a8f2ba83bd50dff8766bb0dab902a317f2f5_0.json	516	122.88829803466797
41	130	2660750b	c_2660750b2e6691a2d5414f3f9f878b69a49539bb_0.json	517	122.80197143554688
41	59	577b2927	c_577b29272d3cefacef578ea035e90efd78a1360b_0.json	518	122.76414489746094
41	310	76de9d87	c_76de9d87000f375749f355a7d7d6af9fe37c3558_0.json	519	122.76346588134766
41	429	4de5fe88	c_4de5fe88eab987f8ac5b2df32d5574e2615ae306_0.json	520	122.75608825683594
41	106	be365c57	c_be365c578e7b9a0214eafb468a0753133345854b_0.json	521	122.68441009521484
41	589	3a82c2f9	c_3a82c2f9ccf2a782a3c521bd4cebc31ae12afedf_0.json	522	122.6596450805664
41	230	ef57a000	c_ef57a000b65f075de35f8d593a5223779755ac26_0.json	523	122.49647521972656
41	264	3fb9295d	c_3fb9295d4ce19e1d9bc06dd354dcfba981827abf_0.json	524	122.47416687011719
41	23	0e4c8bf7	c_0e4c8bf728d368fed47e458f5f91517c677f1d60_0.json	525	122.42052459716797
41	451	4d94c5d0	c_4d94c5d0f0e60e50d555178ff0ca5b8d4da5f054_0.json	526	122.37905883789062
41	273	f11c3b4f	c_f11c3b4f92660b44dae8f6541c9b6908e6196b3a_0.json	527	122.16078186035156
41	396	db2d5aa8	c_db2d5aa85352fe63531540ef396b944e2fe58e2c_0.json	528	122.14576721191406
41	445	dd8e8321	c_dd8e832191e78a417a03c88512b1d7eeb7f486d4_0.json	529	122.14576721191406
41	149	e6cc4cef	c_e6cc4ceff4e1d119f1779d1370ff99aaa2911f23_0.json	530	122.07533264160156
41	483	2cc22447	c_2cc22447970edb5a28bdedf682680a18c8adba1b_0.json	531	121.98902130126953
41	181	57bce6dc	c_57bce6dc8424637621f6b660855f23e72a08c4b3_0.json	532	121.98429107666016
41	255	2f2f8b83	c_2f2f8b83a69959607d9ee072188b51e87fe31ba1_0.json	533	121.88886260986328
41	480	1c4fe033	c_1c4fe033f7612d4aeb0f4324538c8e3dd4d25668_0.json	534	121.8792724609375
41	160	4b9bd67f	c_4b9bd67fcac532d7c1ed9553015f3ce1da75cce0_0.json	535	121.84587097167969
41	48	07039680	c_070396808fcb7cf41ff29ad52f7d1078aba99832_0.json	536	121.71646118164062
41	566	ed95f9b8	c_ed95f9b8e9cd56e2d81eddeda7d12075a40aea5b_0.json	537	121.66746520996094
41	526	802e7b4e	c_802e7b4e3e1d6501605f874d1cec4241d411f325_0.json	538	121.596435546875
41	596	95c64c06	c_95c64c063df3b14678a5064a02c0f915adc4138e_0.json	539	121.56529998779297
41	584	990285bd	c_990285bdbb080038fef44cd2306526b4cba520d5_0.json	540	121.50038146972656
41	321	49eb02fe	c_49eb02fe329f0bf1bbc847f613c8aa147e6c5330_0.json	541	121.45933532714844
41	560	e613360f	c_e613360fa4f0cd3bdfdece02d2bc1b58be640cac_0.json	542	121.45276641845703
41	542	549ed001	c_549ed00198cabb4bc2c4b7989c902d1f1dc887e3_0.json	543	121.4443588256836
41	247	170c25f9	c_170c25f964066982cc0ce7cb5d9084d4b0dc4227_0.json	544	121.43917083740234
41	56	2202259e	c_2202259e8bbf9eafa83a0a06cf765d01f5beb69a_0.json	545	121.41645812988281
41	200	20865395	c_20865395f255eb2cfefc1187822efe658ea83c54_0.json	546	121.39959716796875
41	86	d8dbde85	c_d8dbde85408a685075e5cbec0709877317393497_0.json	547	121.37045288085938
41	546	245b2655	c_245b2655f7a28ca46912e35de492d3e452a5393f_0.json	548	121.22151184082031
41	535	0ca6fc9d	c_0ca6fc9d20eb322646975192cc37e35063b9178f_0.json	549	121.11231994628906
41	538	f5004298	c_f50042980dda4e8521f05d789654f43dbc2bd602_0.json	550	120.8927001953125
41	376	561d12a9	c_561d12a9894210d9f5a8a41d655361732a39b6c8_0.json	551	120.8665771484375
41	121	a52e669c	c_a52e669ca8bc48265accd57d610c0258f7891841_0.json	552	120.79261779785156
41	13	c84469e7	c_c84469e7d9e9cb48ab10a50d557d1a52d08f554a_0.json	553	120.6761245727539
41	409	65fd8532	c_65fd8532dcf7c6972e0af8c33e3e1e30bbcf5796_0.json	554	120.65855407714844
41	283	277949e7	c_277949e7115059f6f0071e1b3418b6f6cbf48e48_0.json	555	120.53720092773438
41	33	e2f6a9d1	c_e2f6a9d19c7025431278f0d77085dde4dc2da798_0.json	556	120.52384948730469
41	45	eb95cc76	c_eb95cc7662dc5c438de8d9ef47ccf131bf7191a8_0.json	557	120.44013977050781
41	463	d3705477	c_d3705477a13939f5e3f15c5422d2c67611fbb8da_0.json	558	120.43827056884766
41	236	2f5b1878	c_2f5b1878624b28c268e337fcb2748dbc249c5e6d_0.json	559	120.41490173339844
41	293	b320c9c2	c_b320c9c28c7223beedabb355d7837596cf0a1ba8_0.json	560	120.3452377319336
41	573	d1b57703	c_d1b57703e1131ba316beb84e8d9f6fcfa9ba6510_0.json	561	120.31327056884766
41	271	cbc1cf34	c_cbc1cf3469f842ff44155b4ebf3fbd15ec95fd31_0.json	562	120.29814910888672
41	175	aef65a90	c_aef65a900ef328f92bb487752105f89d9a735672_0.json	563	120.1944808959961
41	194	5e52f1b2	c_5e52f1b266173593fab32fe9d8a4963066b2f2fe_0.json	564	120.11509704589844
41	329	912d3c14	c_912d3c14f98af2b3a77eeabf536617ebc9c6f665_0.json	565	120.10712432861328
41	259	9008cbf6	c_9008cbf66ca4a89d02ba26630fb818524e790974_0.json	566	120.10418701171875
41	11	d6da0b02	c_d6da0b0240d8e550ab459c9b222cb34cee5a9cc8_0.json	567	120.05814361572266
41	82	a9768aa5	c_a9768aa5d5a9c9dd427d589ca3e1494786cfcb12_0.json	568	119.8863754272461
41	296	7eefa1b5	c_7eefa1b51eb9fdc36b0762c0bbc417aff4b19a39_0.json	569	119.79141235351562
41	462	73e26919	c_73e26919b941be2816d60e15872ee0d9ca77c56e_0.json	570	119.7177734375
41	457	ab53e915	c_ab53e91503e6c405d2b6b647751bd17dcea8028f_0.json	571	119.67445373535156
41	597	32fc662b	c_32fc662b79efa351bf55118d9540522159df1c6e_0.json	572	119.61074829101562
41	192	09b0d1b6	c_09b0d1b6008ee7fa4fa7cf6dbaa798d967254a02_0.json	573	119.56102752685547
41	508	3a158cfb	c_3a158cfbcfe70c9a921b9ea525e2cd8113193219_0.json	574	119.50691223144531
41	81	a8ca1dae	c_a8ca1dae42c522d5c13c2bd7fbe3673507679ca8_0.json	575	119.43490600585938
41	366	0ea12d3d	c_0ea12d3d662fab6adefa6d13a7ad017f793a2fa1_0.json	576	119.36683654785156
41	393	d55af671	c_d55af6718e4b1b4bcbea954616ce7fb2e5a8f42b_0.json	577	119.33999633789062
41	389	3e284b6c	c_3e284b6ce28acdf41d7a7cc8ead881d6ab54a8f9_0.json	578	119.21095275878906
41	205	6c28472e	c_6c28472ebeca802a22d8b4b775c381b7117393d6_0.json	579	119.18179321289062
41	182	050c5b2c	c_050c5b2c4e3b6b6993b71313a82ac50c64d94555_0.json	580	119.17898559570312
41	268	920ffd8d	c_920ffd8ddd2645c560d905c2a53340cdafe4f96e_0.json	581	119.15650939941406
41	250	b0c8d3ef	c_b0c8d3ef8e6fcf32a2cd38357c0f4ba9b351afd6_0.json	582	119.09518432617188
41	280	21334edb	c_21334edbe26d02d8c9a882c6079f3fcfd179eb66_0.json	583	118.5994873046875
41	191	7568b914	c_7568b9143d1688129350c1a6ff8ceb923b9e4731_0.json	584	118.47314453125
41	322	ab489018	c_ab4890183496beea6d4908c4adb672e15c1136a5_0.json	585	118.41014099121094
41	388	8633b014	c_8633b01428e9b4ad3df37b5d3530f2c5c963a698_0.json	586	118.19981384277344
41	533	b0244150	c_b024415094a0afbec69e605c5d75bdda4c200091_0.json	587	118.08649444580078
41	313	35ba2dd2	c_35ba2dd27d69d1d09fed6f7a3c690f2bd121cb0f_0.json	588	117.52078247070312
41	261	c45ed5b7	c_c45ed5b7c16ee723e8206cffa4dc113616f6a290_0.json	589	117.49862670898438
41	563	23c2d42a	c_23c2d42a8b3a0b413c0f42cfc2f5f05ed0184c58_0.json	590	117.39874267578125
41	346	f2535d70	c_f2535d705491ba6a582abff96ba77dc1144f64a5_0.json	591	117.2933349609375
41	4	80ca2f79	c_80ca2f7994a5da3b502a639440128f3da7187711_0.json	592	117.21931457519531
41	577	59453e27	c_59453e27d90962ed2c28a8dc06a5a9e401667e12_0.json	593	117.1222915649414
41	499	924c4807	c_924c480762e8af2ece8da553f7fe90244085341e_0.json	594	116.92709350585938
41	518	bb16e069	c_bb16e0693819afb821bce6943d8cbd178266a63e_0.json	595	116.92709350585938
41	565	288b76ea	c_288b76eaf6c31bce34dd8afe180623051b91e338_0.json	596	116.90100860595703
41	551	cda2c5d4	c_cda2c5d4ec1090b4e556e88d513b8b80d9128d37_0.json	597	116.62734985351562
41	494	574e76eb	c_574e76eb211b43ea792ac69955a0bbcc244965e9_0.json	598	116.55416107177734
41	391	231aab61	c_231aab61e228513853d08374e188217933f70986_0.json	599	116.27408599853516
41	564	f879638b	c_f879638bfa91af80ad02d9b0c92efb7a5fc86f2a_0.json	600	116.2140121459961
41	390	07a3c08a	c_07a3c08a7ddb06711c3d1b5b1126076a43efa6e1_0.json	601	114.8863525390625
41	348	3592968b	c_3592968bc03a914ea69506b7b25494b344860274_0.json	602	114.70069885253906
41	287	6dbe51b3	c_6dbe51b3f6d4db7a17fd103a5d2f138e5edafe19_0.json	603	114.35575103759766
