72	776	6dcbf710	c_6dcbf7104240e6de0898f6d97e91ee8ebb68f0a2_0.json	1	158.4759063720703
72	65	2264b369	c_2264b369e32637b6d82a0bc3362d28173561662a_0.json	2	156.6984100341797
72	154	f0f3eab9	c_f0f3eab9c34cc32c6ad06a991fe572d243ca9e85_0.json	3	156.62005615234375
72	563	2e20bc1b	c_2e20bc1bf30e1e6efbeeae67805d9d450d2f1d5b_0.json	4	155.6101837158203
72	212	8877dab9	c_8877dab91c2c4074db6ff7b459d247959019caad_0.json	5	155.4805908203125
72	350	889ff7cf	c_889ff7cfb605adf5b692e3740294bcdc11b14e48_0.json	6	155.36618041992188
72	142	aec561f3	c_aec561f3328980182f299e61eaae45420245141b_0.json	7	155.2994842529297
72	315	82bb80e6	c_82bb80e6cc61c03f5de4064fb593e80c9ab57ce3_0.json	8	155.29444885253906
72	88	bd3e7c8a	c_bd3e7c8ada7748dc5cf2428e68c828c0cf744469_0.json	9	155.093505859375
72	829	51163017	c_51163017325cf175cda594faed991c05e9fdbe77_0.json	10	154.93304443359375
72	181	57bce6dc	c_57bce6dc8424637621f6b660855f23e72a08c4b3_0.json	11	154.91836547851562
72	14	f5b1a2ab	c_f5b1a2ab1294970be9b4fc6abefe38ac7e5039be_0.json	12	154.80564880371094
72	304	a6d9d213	c_a6d9d213ae51fdf9ce8d9d4f9b2a124ba3886354_0.json	13	154.7822265625
72	155	0831a08e	c_0831a08ea788e93c68159318fe8880d435d40c23_0.json	14	154.74127197265625
72	629	99268a99	c_99268a99ac0517d0f1b82d9648017a805b0cb4b6_0.json	15	154.6700897216797
72	584	4424fe85	c_4424fe8589b60f2c7ed0a6ddb3958198e779c803_0.json	16	154.5098419189453
72	573	0993f66c	c_0993f66ce330ccfbd84a65005ed1b2f1ae167d81_0.json	17	154.5098419189453
72	574	83ad1bc4	c_83ad1bc40f08cbdd2994695058580972e7499381_0.json	18	154.5098419189453
72	798	e2ff399d	c_e2ff399dfdb1d4cf4ebb639d1fc2689aa2f6f3eb_0.json	19	154.4620819091797
72	694	b2e37fca	c_b2e37fca64877104cfdad3f56cdc2c8b98cb6be1_0.json	20	154.3728790283203
72	670	8c43a813	c_8c43a813f98dcd5362c33aff2378ef1cb12252b3_0.json	21	154.31903076171875
72	239	adce18ec	c_adce18ec3d06b849886d203fe932205f312cc37f_0.json	22	154.2823486328125
72	10	04744368	c_047443682327a75059c936fec9a323a0d27659a5_0.json	23	154.26071166992188
72	71	cdeae1e3	c_cdeae1e34bcc646c3bd07e7d74e7fc164a157bea_0.json	24	154.173828125
72	395	d7b5d5b2	c_d7b5d5b28a6dd7ff198f02e1ee82160220135a74_0.json	25	154.10581970214844
72	301	694efa8b	c_694efa8bac3d66717efe7e202e47347355e07c0b_0.json	26	154.02508544921875
72	681	a689425d	c_a689425d5aa3b6007038a5098add0034cbb6fb3d_0.json	27	154.01980590820312
72	637	6d6ee1cc	c_6d6ee1cc96d6f17f547fd9f39a38966da35ab159_0.json	28	154.00157165527344
72	163	4f2ff532	c_4f2ff53293ce4afb609ff7cb8b2d2fd27240cb39_0.json	29	153.98721313476562
72	41	d23db47d	c_d23db47db68a1b25b90e4ce255156e9758697ed2_0.json	30	153.9506378173828
72	593	3a82c2f9	c_3a82c2f9ccf2a782a3c521bd4cebc31ae12afedf_0.json	31	153.91705322265625
72	460	76399e5b	c_76399e5b273d63d6affeb94597d8dfddce811964_0.json	32	153.83038330078125
72	592	18948588	c_18948588c456d31a0e5c58c48a8e20953366e077_0.json	33	153.8289031982422
72	284	f317c04a	c_f317c04acf821d61601f5d986252db40505153bc_0.json	34	153.745849609375
72	560	597ddb1c	c_597ddb1cc07d72f1f6edf4f4e25ebdf38931f55b_0.json	35	153.73516845703125
72	799	ad4a1bee	c_ad4a1bee132ee7d1167ac795407345f2bc6a1db8_0.json	36	153.68006896972656
72	526	802e7b4e	c_802e7b4e3e1d6501605f874d1cec4241d411f325_0.json	37	153.65281677246094
72	845	22a17d24	c_22a17d24279450e7e214b57beb4c0bda5f3698e5_0.json	38	153.61061096191406
72	797	1203bd45	c_1203bd459fe137e78a2a6dc2969f3c4995b726ce_0.json	39	153.5933074951172
72	843	f7e2868f	c_f7e2868fa34b96b5c69d583ac36399dcb33fcc41_0.json	40	153.5562744140625
72	726	f148f88d	c_f148f88de365c50eea28d3e14093e13c33104483_0.json	41	153.5469207763672
72	647	63b778a5	c_63b778a5b41e75cb46a817fbdcc8e65db740a46c_0.json	42	153.54534912109375
72	73	4899674e	c_4899674eccbb5b188a97915db8b858a3fd618098_0.json	43	153.53863525390625
72	872	c19acbb9	c_c19acbb96c1c02deb310488677201683f6309708_0.json	44	153.51425170898438
72	326	f36b950d	c_f36b950de16f6db134bd98969cd8fbe578d37480_0.json	45	153.50393676757812
72	702	8de737bf	c_8de737bf9e3d313b3ff75f1cc893e716f49f4de0_0.json	46	153.49777221679688
72	861	24de855a	c_24de855a1bc860ed8720b9941277e76c4034cf9c_0.json	47	153.47998046875
72	8	c95216aa	c_c95216aa6e1f0dc5d39aea88624b05b953953d3d_0.json	48	153.42587280273438
72	61	e9e331c2	c_e9e331c2b922a5ac3f89ab8b3ca364df3ab11080_0.json	49	153.39947509765625
72	479	68a1083c	c_68a1083c447f368a2f21b75589d0140f8a750e7f_0.json	50	153.39366149902344
72	554	a35fd085	c_a35fd085e3bbacbc7c2c9003e2d7b301ec271f4d_0.json	51	153.3905487060547
72	203	d65b6dad	c_d65b6dad2a88e584be032481d30b7fc09112d225_0.json	52	153.374267578125
72	792	42f17bac	c_42f17bac873279c4aba648d841258c6df8518302_0.json	53	153.36557006835938
72	323	7fe86808	c_7fe868089855c33d6345e740bfdbe6f140794598_0.json	54	153.36412048339844
72	115	544281d1	c_544281d17133045c19f52c1a0f3aa7b87ef7d231_0.json	55	153.35281372070312
72	472	b67cc18b	c_b67cc18ba1814d1abdb16f8ee9bb5473aaa42cf8_0.json	56	153.28305053710938
72	471	c765b819	c_c765b819fcb5f24373fc165a7c651f0e87a0a25a_0.json	57	153.28305053710938
72	742	6dc38f26	c_6dc38f26dd31f1a367961f27c56b143cd0462e5a_0.json	58	153.27235412597656
72	729	ec48e0cc	c_ec48e0cc39d86f95f7b9184aeb1891d721109e55_0.json	59	153.25160217285156
72	588	990285bd	c_990285bdbb080038fef44cd2306526b4cba520d5_0.json	60	153.14334106445312
72	377	5c43ce2d	c_5c43ce2d83e44cd46049a7f0bfaeb5d9a322c032_0.json	61	153.04656982421875
72	772	56a728d4	c_56a728d482ce0c88cd9513eca1e7c7585f0718f9_0.json	62	152.99876403808594
72	806	a0513032	c_a05130322dc311c2aeb63227d4890294e4a3703d_0.json	63	152.99021911621094
72	653	23982c28	c_23982c287bf6efc453a22bcbbf8c955786a74b92_0.json	64	152.9855194091797
72	327	3d6f1e47	c_3d6f1e47ccf93d01364ed5f7603fa66d43eae0e2_0.json	65	152.98110961914062
72	22	ac95e9f5	c_ac95e9f55bc7ffb60febb341571d85635dada8fd_0.json	66	152.9648895263672
72	876	5f071432	c_5f0714329e2763d330460efee8ccd7f69acc8e7c_0.json	67	152.94598388671875
72	610	842977c3	c_842977c381b8d48bf12719e3f5cf6fd669379957_0.json	68	152.9169921875
72	628	3519d82f	c_3519d82fb3b11bc3a96b3598bfa9ccde9fae4fc9_0.json	69	152.9169921875
72	620	bcdd5bb2	c_bcdd5bb2265b3702ae287a75abc45a603cd2f1ef_0.json	70	152.9169921875
72	72	7649933b	c_7649933bba7ad5960415065dd95cc99aada42240_0.json	71	152.89552307128906
72	89	37d4c1f1	c_37d4c1f1d3297fd078dd8d1574b7f7c2357a99b4_0.json	72	152.87855529785156
72	470	2c8b9ad1	c_2c8b9ad145d3b808be19ce03a99797215e0c3ca3_0.json	73	152.86080932617188
72	220	e96bd4bc	c_e96bd4bc44fa8e57993679ba0f4851554a8e7131_0.json	74	152.84963989257812
72	233	82855b07	c_82855b07f5336d30c70dc20548ab7ab8adeac05e_0.json	75	152.84622192382812
72	373	472c7e55	c_472c7e55ee9d5cc7e7771696092c6eeca5a91b4d_0.json	76	152.8289794921875
72	828	bbcf905c	c_bbcf905c8228374c733e45144119582d4758ce11_0.json	77	152.79493713378906
72	306	a28fb8ea	c_a28fb8eae225ac16279a6086420f310145bf6100_0.json	78	152.78819274902344
72	384	94002db5	c_94002db5f90395b8927ae69c569e5a0726dd00c4_0.json	79	152.78564453125
72	836	66522406	c_6652240656471a34544ccc1a8c337408cd235a46_0.json	80	152.77957153320312
72	185	daf46660	c_daf4666075b44c4405f7dc648467bdd39c236556_0.json	81	152.74537658691406
72	74	83d18481	c_83d1848144abf29b501d59e0c3ec41e40c9cf020_0.json	82	152.71923828125
72	216	b57bab46	c_b57bab46e4241cd3cacce52cb6ff310bbf69eb7b_0.json	83	152.70651245117188
72	417	3cfd4511	c_3cfd45112b28c5401fc6bd70cd25b22f98c9b3f9_0.json	84	152.68081665039062
72	299	e42cce47	c_e42cce476c0749899dcf7d50ba36aa1dbdaf7fbf_0.json	85	152.6693878173828
72	618	f40b1555	c_f40b1555ad0fdc7e908c0f55aa937602e5ca5f50_0.json	86	152.60557556152344
72	464	668514d0	c_668514d0e1be5f1dae2048b145298ce9e116e34c_0.json	87	152.57440185546875
72	481	35407bb1	c_35407bb1557e2ee11e27cff552d561b3d83266ae_0.json	88	152.51211547851562
72	19	03336ea9	c_03336ea9dd5d2aef2e31fe5e6402a04242f4d9f8_0.json	89	152.50698852539062
72	677	93b659b4	c_93b659b41c51739628c85014d4d3bab70d6bc61f_0.json	90	152.48623657226562
72	130	2660750b	c_2660750b2e6691a2d5414f3f9f878b69a49539bb_0.json	91	152.47943115234375
72	864	5edd9aed	c_5edd9aed61290b5c6123a0b498e902cc74783430_0.json	92	152.47340393066406
72	40	86c1d97c	c_86c1d97c5f83cb6cc9c0d7490942b806d3a1d3be_0.json	93	152.47027587890625
72	157	6b0dd15b	c_6b0dd15b9542b184a55040de992e0140e613fec8_0.json	94	152.45994567871094
72	209	e256bb7f	c_e256bb7fc5979de256371bb324f1ca1330e38112_0.json	95	152.45587158203125
72	683	1dec69d8	c_1dec69d8df78aee955205d8ae8bed0dfe86056f8_0.json	96	152.44635009765625
72	783	91afa82c	c_91afa82cfd285b88999669aa55a725f7c75cc40a_0.json	97	152.43621826171875
72	777	a5266b14	c_a5266b14a2b7457e076d5f6429c2197baf5412e4_0.json	98	152.43621826171875
72	785	f229eb96	c_f229eb960a807dd08c969d861545550456a638e1_0.json	99	152.43621826171875
72	101	496e6a1e	c_496e6a1e56c3af11c8071820c74565bc55f1850d_0.json	100	152.43247985839844
72	422	7ff15ee2	c_7ff15ee20c961e370837d8f96ae77886ecd910d8_0.json	101	152.4303741455078
72	235	2e496949	c_2e4969497c5734d90d394103728bb517644f9157_0.json	102	152.3866424560547
72	69	7e5fb425	c_7e5fb4251ba7c8f815b271ac8f6dc4a84768c59c_0.json	103	152.3751678466797
72	92	01342bcf	c_01342bcffce91c36e280158b7c6f2e2cb72237b6_0.json	104	152.3671875
72	640	6820982e	c_6820982e95abd3f0ead3f223b906fe9e88ab0719_0.json	105	152.3639373779297
72	658	4edb7899	c_4edb78991f8d0bf87dafde5e01ccd8922065c9b2_0.json	106	152.2914276123047
72	656	b86beca8	c_b86beca8feb26f9a3181e87fe36382f8ab4bdb98_0.json	107	152.2914276123047
72	844	35b59253	c_35b592536592219f1b7731641726f0c7585039a5_0.json	108	152.2901611328125
72	125	6b60af66	c_6b60af669bc6102f0328af330532986b8670f3ac_0.json	109	152.27027893066406
72	234	da9b977e	c_da9b977ef99e2595602a964561906a930b4332f3_0.json	110	152.25694274902344
72	60	83b8d1a6	c_83b8d1a6c8db2d34fbb344ae3125781978910725_0.json	111	152.24859619140625
72	547	4770715f	c_4770715fb67e1d40259c14280742859d5eeaaec5_0.json	112	152.24783325195312
72	213	961e4d71	c_961e4d7186308a33aad544f83e67e0a57d30b35e_0.json	113	152.2476806640625
72	529	f14bd640	c_f14bd640bf48bfbabb0ad17da4322e3c75eaa547_0.json	114	152.22854614257812
72	739	84ffc4b7	c_84ffc4b73ca48ebe2423eac7a5f7b0aaa6c93aad_0.json	115	152.22129821777344
72	820	590f77e5	c_590f77e561de567305c5992f6016f1e9af2178ca_0.json	116	152.19879150390625
72	342	0d8ec381	c_0d8ec3812c8a3617e3f4fb2c6325059ee695f1a7_0.json	117	152.16998291015625
72	357	96f31681	c_96f316812fc31cd13c06a948cf84979c77b15f8b_0.json	118	152.1625518798828
72	158	ad203677	c_ad203677d7d98af76d29ac8938dcdc7751ef14cc_0.json	119	152.16116333007812
72	20	f435b791	c_f435b791e193cfe771d7dbd28d2822c32a0889e2_0.json	120	152.15603637695312
72	411	dfac9ce4	c_dfac9ce465ff9c988904d05014d2be2715aa1d2b_0.json	121	152.15191650390625
72	616	2588abdd	c_2588abdd5f81d4de2c1300ad24e9c401f9a9fc92_0.json	122	152.13623046875
72	612	f5227640	c_f5227640d4365e2d4c18bd032b9656148bff8eb3_0.json	123	152.13623046875
72	531	9e1ca808	c_9e1ca808ee75ec5269bfab9c3e583792cee494c1_0.json	124	152.1358184814453
72	431	e917ada8	c_e917ada8cc976397aa5c3e11492f108a35919e48_0.json	125	152.11141967773438
72	231	cacbbfb9	c_cacbbfb9604fc5ce565b3547f4a7de77c037013f_0.json	126	152.05841064453125
72	791	7ba0ee75	c_7ba0ee75547878ddccc5ab50777b67c712aa73e4_0.json	127	152.04405212402344
72	775	8121d8cf	c_8121d8cfd151ae981f1ce6e21203f2b8c24fcf31_0.json	128	152.04405212402344
72	663	5be8b081	c_5be8b081ce931865d46b49ed44e19d3eafde748d_0.json	129	152.01885986328125
72	750	38d04b7d	c_38d04b7dfc11c37e29548d8b046b9b209dfd1fd3_0.json	130	152.00704956054688
72	31	4bd743a3	c_4bd743a3a5492d1d185bd21f421e49ce3a27af7c_0.json	131	152.00473022460938
72	609	05faab38	c_05faab380c9b3322f24fcba833173a358765f89f_0.json	132	151.9724578857422
72	484	5e6e9fc8	c_5e6e9fc84826cb79a24906987cc5d54677482a70_0.json	133	151.96243286132812
72	219	210eeadb	c_210eeadbea339e00711cfe3f8bd68f600ea0765c_0.json	134	151.95468139648438
72	599	75e9330e	c_75e9330eceaf0e901f7a4402d4f0decbb1c2f4a8_0.json	135	151.9094696044922
72	108	3f67316f	c_3f67316f30614c43d14533ccc5246f7d964db70e_0.json	136	151.90902709960938
72	796	42c0a0ec	c_42c0a0ecf47607d3407f7b5db966160bf98cd30f_0.json	137	151.90325927734375
72	831	4fa93397	c_4fa93397353a7cd3cf15f9c29c40f8a18fc051e5_0.json	138	151.88613891601562
72	365	1030e618	c_1030e6182d2fde38d4d307af8e21791ad9b91429_0.json	139	151.8463592529297
72	832	45111a15	c_45111a152d6568c38c268b6460045ad60f7cdeff_0.json	140	151.8190155029297
72	75	abdf2271	c_abdf22714e557304d9f6782d30da9b7254ce017c_0.json	141	151.8136444091797
72	678	f2f3e660	c_f2f3e66014a8e85863e31b8b7f7e8ebdde886f1d_0.json	142	151.8048553466797
72	420	f9f37e19	c_f9f37e19876202a1db257a9e59452b0f10035fbf_0.json	143	151.7916259765625
72	551	954e0f36	c_954e0f3678c67f2ed9ba520fccbb612e0ff0060b_0.json	144	151.72427368164062
72	553	527a2f44	c_527a2f449f5250f8dd7863c55fe772c64e5f3eee_0.json	145	151.7218017578125
72	621	a9fb01bd	c_a9fb01bd2b46dffbb1da3d93b0f8c566e25bc36e_0.json	146	151.71725463867188
72	180	935cab0e	c_935cab0e00f289ce5369f4c217b5eb3a3d9e33e7_0.json	147	151.71514892578125
72	406	05ae9786	c_05ae97865c84536a6cfe7759ca6c382eb761ecb2_0.json	148	151.7134552001953
72	469	de098c35	c_de098c35e91f9a8c15c56cc3dd30a2ff32582201_0.json	149	151.7058563232422
72	340	7b9f1776	c_7b9f17760049161b775fd23b15653961620e259d_0.json	150	151.69422912597656
72	113	2cce405d	c_2cce405d1eed3536b222f830220ef32f5a2937d7_0.json	151	151.67503356933594
72	550	43e17dc7	c_43e17dc7f7c32e937448cff716e9af7aa40e5ec3_0.json	152	151.66943359375
72	382	eb8a107f	c_eb8a107f679bc2778e55cfc71f27a147ef9aa455_0.json	153	151.6653289794922
72	26	c1ef042a	c_c1ef042a598d492cbcf0bcf09526a49c74bec073_0.json	154	151.6646270751953
72	490	3f9f33d8	c_3f9f33d88355f22aefc7ea402da09fd1950289ce_0.json	155	151.66104125976562
72	96	ed30e5c1	c_ed30e5c14b7ebdd2d9328150b65fadc09d833c71_0.json	156	151.6596221923828
72	23	0e4c8bf7	c_0e4c8bf728d368fed47e458f5f91517c677f1d60_0.json	157	151.65261840820312
72	611	2f7079a0	c_2f7079a0771fdbee94230e0297f3e6af66916716_0.json	158	151.63882446289062
72	617	98e87c6a	c_98e87c6ae88fc31782f7cb542d4637df1af19f89_0.json	159	151.63882446289062
72	446	73f0278e	c_73f0278e5b5e938ffaef897a565a94db95df70b6_0.json	160	151.6383056640625
72	841	a97672ad	c_a97672ad240f679f0071e046a119edb6d7dcbb1c_0.json	161	151.63699340820312
72	649	eafba57c	c_eafba57cb72af5b8980bc1ed75edf4a08e1cc43f_0.json	162	151.63381958007812
72	659	e5e18466	c_e5e184662975e276af582771b9a004f7d56ecfd6_0.json	163	151.63381958007812
72	528	3f7d2c71	c_3f7d2c71dbbbb289c684f339874eed8ac2747fa0_0.json	164	151.6278076171875
72	429	4de5fe88	c_4de5fe88eab987f8ac5b2df32d5574e2615ae306_0.json	165	151.6208953857422
72	352	99c4da88	c_99c4da880b4cff044696b9df680d22a47c23cbcd_0.json	166	151.60128784179688
72	34	e97f564d	c_e97f564d2450702d2b74ff35ecc5ad5c1e57fc0d_0.json	167	151.59727478027344
72	767	8fecf72d	c_8fecf72da0c9d1d6da7ec1aab0214ff68588da88_0.json	168	151.592529296875
72	672	0aa50cd3	c_0aa50cd30a0497208057581c79ce63df2053f1a4_0.json	169	151.57472229003906
72	674	3bdad1f1	c_3bdad1f1113d27dc74e3e9c631696bb14b61a599_0.json	170	151.57472229003906
72	865	a58c8e67	c_a58c8e679c00be9abea4925d3b96c16fd2cd9c64_0.json	171	151.53782653808594
72	514	799b9aa3	c_799b9aa3e623b56092100fa672c034ae9f259038_0.json	172	151.5287322998047
72	107	28418f83	c_28418f8335d2b359690e80e61d0081f4e892769c_0.json	173	151.51541137695312
72	562	e936b1b6	c_e936b1b664500166bef0403011c5924c7bd7d086_0.json	174	151.49754333496094
72	719	f6a1ef34	c_f6a1ef346c74ca3305ef5f198ac953a4fc208813_0.json	175	151.48983764648438
72	277	4ad65182	c_4ad65182dbdfec91d7795206bef4342673cb8f11_0.json	176	151.48074340820312
72	269	e3627911	c_e36279116113c62b60e6c95580abb327401d9e09_0.json	177	151.47235107421875
72	732	f0f0e41e	c_f0f0e41e6c581de43dfaa98f5c2af52e43e42e62_0.json	178	151.47190856933594
72	859	fb8b60b4	c_fb8b60b4d3d202c6fa708f60b8b4a5a53836af24_0.json	179	151.4458465576172
72	253	2d2c9a91	c_2d2c9a911c388f105c30f690fdf0b033f22b4e17_0.json	180	151.42869567871094
72	314	437d8eca	c_437d8eca9f51dd0ed7af5b828412ee96ac192f17_0.json	181	151.42681884765625
72	238	9dcc488f	c_9dcc488f3c6afb691e49af42755cfd61b0a69d04_0.json	182	151.425048828125
72	119	d24b485e	c_d24b485e252d9e86858207da7a57678d41d3f72c_0.json	183	151.4049072265625
72	305	8749726a	c_8749726a79c22451b1f01b14fb2137f734e926b4_0.json	184	151.3720245361328
72	171	f0f280cd	c_f0f280cd42096a41058b87517a3a2da9f5bcecb2_0.json	185	151.35556030273438
72	172	e5f6e084	c_e5f6e084f755969196ca9a87c6b334f7125359aa_0.json	186	151.34970092773438
72	208	e4917452	c_e4917452778b4e1b19b2fcbe9f258e9e4061a97f_0.json	187	151.3388671875
72	857	5ba643ce	c_5ba643ce7b1b08757f43c0f6e173937be39ea0d7_0.json	188	151.3255615234375
72	256	b8cb55a5	c_b8cb55a51dd06a9e502399dada3abf904c0b6e7a_0.json	189	151.31430053710938
72	285	f9d8a9c8	c_f9d8a9c8a47be87c6d4f949dc24c6520e84590d0_0.json	190	151.30967712402344
72	126	19f2541e	c_19f2541e9dad74a7e734225f3d1b598324a6ea49_0.json	191	151.29466247558594
72	697	06dd8968	c_06dd896804814dbd9c1fae2eeb1ca587016eba80_0.json	192	151.29347229003906
72	696	143ede68	c_143ede68fe70e043ca8f73cc1fbe83af944fa14a_0.json	193	151.29347229003906
72	478	d9ec2623	c_d9ec262369138ca840d4a34473427e401c4cc4a4_0.json	194	151.29095458984375
72	540	af77fd3f	c_af77fd3ffb2973f255419df9ef591df5f8a7409f_0.json	195	151.27584838867188
72	544	e37cc9af	c_e37cc9afd78cb780b4c944a0caa5c1973efb0607_0.json	196	151.27584838867188
72	541	bd5e1753	c_bd5e1753a13b5f2d19cb80907b9502d6abfdb08f_0.json	197	151.27584838867188
72	116	f992e417	c_f992e41708287a8251dc9d92ce9db874e0e8f076_0.json	198	151.27432250976562
72	569	850e1c27	c_850e1c27f9bea21b70750f31964416c71f37cfd3_0.json	199	151.25706481933594
72	780	33deba95	c_33deba9579c70e080db29d1efe31297451edf98c_0.json	200	151.2543487548828
72	442	43cd48ba	c_43cd48ba8e4701d429c8a7c1eea503ad139aaf90_0.json	201	151.254150390625
72	701	25e0e1e9	c_25e0e1e9ffca9a350d060db7d2179c5c9e459055_0.json	202	151.2282257080078
72	17	9d3ab851	c_9d3ab85127dff8f684d18243425f543b204aabef_0.json	203	151.2025604248047
72	743	c28e5bf5	c_c28e5bf53a9ce9e32ab84ce2e6eba87ec747d1a0_0.json	204	151.1864776611328
72	425	fa87a8fe	c_fa87a8fe2838e80ae0eeba6e2978815ef5533e91_0.json	205	151.17958068847656
72	513	8f9b51da	c_8f9b51dab9020d499bc2a2ca2fcb306bbfb4e734_0.json	206	151.17498779296875
72	153	40a3cda0	c_40a3cda062a8e856cd87b1f7b26d200d2c4980ec_0.json	207	151.16110229492188
72	630	1fd3a3cb	c_1fd3a3cb0ab51861ef671e48f067f143960457f0_0.json	208	151.14065551757812
72	410	fb837fe7	c_fb837fe7667480e0ca7e550f6cf813de45309996_0.json	209	151.1382293701172
72	709	f5ddda0a	c_f5ddda0a3ed0c0a8adf4e74dcb230bb609a2717f_0.json	210	151.13436889648438
72	585	17796e34	c_17796e34f7a9d00ba1d22db36af26cdea0fb28b7_0.json	211	151.12075805664062
72	515	21ee3e98	c_21ee3e98b71dfd0a86c0ddd4cedbc7c0517351ba_0.json	212	151.11744689941406
72	282	bbca7db2	c_bbca7db20b9a45fb3d8efb29447349ed8593649c_0.json	213	151.11297607421875
72	643	6e148047	c_6e14804768c3553c0670ea08135675d67d51d811_0.json	214	151.10386657714844
72	627	585eb726	c_585eb726fdb2165a91146a3c9f8fbbfeb4ad9e7b_0.json	215	151.0840606689453
72	162	7eeb74d1	c_7eeb74d133625c8819ba8da52e37f4e4db4b8a26_0.json	216	151.07290649414062
72	386	cf8ae1c5	c_cf8ae1c58905cca6cddf69d9f736c1f6e7e2933a_0.json	217	151.062744140625
72	751	2cad0592	c_2cad0592106c30b04fe328b3989af619dcb6a49c_0.json	218	151.0596160888672
72	622	13b55d7e	c_13b55d7e81414d2a96de3bdc8dd95829fd7dad92_0.json	219	151.0589141845703
72	604	eacba9ae	c_eacba9ae3d8b48e25380ad6125da40a2820e93d6_0.json	220	151.0589141845703
72	15	e65b503c	c_e65b503c2054ec715d75815c07187e41182efe18_0.json	221	151.0424346923828
72	839	0d714da4	c_0d714da40f8d13156025d3bec7daa9746d276490_0.json	222	151.0234375
72	847	a129f801	c_a129f801497f6dc90048fa5cd52672274425cc18_0.json	223	151.01893615722656
72	68	6fcffa8f	c_6fcffa8f400ec9980b9fa30d3f737eceb46be234_0.json	224	151.01409912109375
72	294	9ae3df99	c_9ae3df9993f3f5991d0e6fd96c649d93d547d475_0.json	225	151.006591796875
72	146	214c5686	c_214c5686b075152d2bf8995731632080ed8f8e83_0.json	226	151.00375366210938
72	329	912d3c14	c_912d3c14f98af2b3a77eeabf536617ebc9c6f665_0.json	227	150.99539184570312
72	577	8e524450	c_8e524450bbaf0eb3210f0f0d2fff3cc4d54cb0a7_0.json	228	150.99319458007812
72	860	72edc30e	c_72edc30eeda8ef001c043cc4ca173c6311bec887_0.json	229	150.98373413085938
72	591	7d7a2988	c_7d7a298864223fd4ecea3acaa42257d24ddec1e8_0.json	230	150.97386169433594
72	771	83f01fd8	c_83f01fd864e59fa69c894da06f4a15489222d401_0.json	231	150.9724884033203
72	100	62ea04e4	c_62ea04e4d5cbf91b1b1a225c90b8077e6db27e58_0.json	232	150.96682739257812
72	27	e4ff08f2	c_e4ff08f2bad145ec500228de112c8e821e8725cc_0.json	233	150.96484375
72	176	2ca58b79	c_2ca58b79dd165a6eec7ce990cf53ceaf9445e5f0_0.json	234	150.95697021484375
72	730	00c8d2b7	c_00c8d2b7623259246c4eb5df63494c6b42c08f85_0.json	235	150.9507293701172
72	423	fd12d272	c_fd12d272397fc04da34beac8c8f6e3faae81583f_0.json	236	150.94287109375
72	169	a147ce54	c_a147ce5467129fa15e62e31c725f8115dc6b5560_0.json	237	150.9405059814453
72	83	9c8969d4	c_9c8969d48f776ce2f1bbcac73a2e0b4c85c71556_0.json	238	150.91830444335938
72	473	f052908e	c_f052908ec90e12bdc6b67915ef2290aa9eefa48b_0.json	239	150.89678955078125
72	474	21d8c188	c_21d8c188b27937079007f0129f2b372b857f2e16_0.json	240	150.89678955078125
72	639	888ae2cb	c_888ae2cb563ff148b5da662191a8493576ea39a7_0.json	241	150.88804626464844
72	272	b800dd75	c_b800dd756bf956aa210165073824bfcf159780fd_0.json	242	150.88511657714844
72	522	821b021a	c_821b021a1e5fc75719c71ae5ea84157d770c1a9d_0.json	243	150.87249755859375
72	516	0b9eab69	c_0b9eab69d394b38f776079a20dc19ed5848748b4_0.json	244	150.87249755859375
72	635	495cb3d8	c_495cb3d885125843cb409372a38ac25f13d3b2f6_0.json	245	150.86898803710938
72	731	aa81e10c	c_aa81e10c34f48a3c4ac7160aa90ee18af4f5c0c2_0.json	246	150.86532592773438
72	79	3205f0ef	c_3205f0ef9409bb622f66315983830aa89d9313cf_0.json	247	150.8629608154297
72	129	ec69d09d	c_ec69d09deb79468edde57456c0f79c19128e19e1_0.json	248	150.85205078125
72	133	982e4f96	c_982e4f96560dadd33e627a1ecea7557f08745d98_0.json	249	150.8455352783203
72	863	f3035caf	c_f3035cafbbd8830de75f641920f8e5dbf0070f7c_0.json	250	150.82351684570312
72	354	6c8365b9	c_6c8365b9a0e963c1f2dc46099116a5c77f48c5d8_0.json	251	150.79248046875
72	733	3b2440a2	c_3b2440a257df45fc49884a5c67bb0c9ce631781d_0.json	252	150.787109375
72	486	c07ba8a3	c_c07ba8a34b6a6d6665928e106fea67bd9144e4e0_0.json	253	150.75140380859375
72	159	57567c67	c_57567c678cadb79fbc19b86e11391e325834dffb_0.json	254	150.74954223632812
72	752	47f5fd02	c_47f5fd02266460630239483cd164ab8f4bb85f28_0.json	255	150.71871948242188
72	28	d31572d7	c_d31572d7abb174d3a75d80d909d9aaa0be093c62_0.json	256	150.71664428710938
72	106	be365c57	c_be365c578e7b9a0214eafb468a0753133345854b_0.json	257	150.71627807617188
72	307	71608a84	c_71608a8424e1ad5d110a71d93313c370b2923411_0.json	258	150.71243286132812
72	532	74f4f7fa	c_74f4f7fa855d9574dbf9ff45b0eb381cee26a54c_0.json	259	150.6996612548828
72	117	79c67235	c_79c672355bb31aa69c23d2dd1ed8cc3f89dd2844_0.json	260	150.69268798828125
72	501	81a9f532	c_81a9f5320614029f04838945674e3087eec01a63_0.json	261	150.6866455078125
72	131	3eb8a678	c_3eb8a67876703682e4156b378871911870fcaad9_0.json	262	150.6836395263672
72	671	f4c7766f	c_f4c7766f382ae29e56f37ed3b01dfea3e4a3dc3f_0.json	263	150.67083740234375
72	364	1d31086a	c_1d31086acba06579c4e7d5928dbba9ca8a0128b1_0.json	264	150.6668701171875
72	548	cbd9605b	c_cbd9605b113482873f9c99362874ca9123daaf66_0.json	265	150.66424560546875
72	265	12a4abda	c_12a4abda3aeb213ed05e0aa500e2e6b70dbb9cca_0.json	266	150.66419982910156
72	144	05ea09d3	c_05ea09d373e05aa538793ba042148f83859d1402_0.json	267	150.6580352783203
72	24	04025259	c_04025259e96d3676097e84126fb55124b92c50ed_0.json	268	150.65325927734375
72	688	f1622e2f	c_f1622e2fc63d3b5df69df2960dde2b4a6011e693_0.json	269	150.64231872558594
72	511	1beb36dc	c_1beb36dca19bb90c805d38e8b1f2787d169a759e_0.json	270	150.63986206054688
72	673	b79afd36	c_b79afd36e4206cee4cb7d61e6818ecd5c2b9f756_0.json	271	150.63815307617188
72	298	a14fb16d	c_a14fb16d6430d8de4bf31c898d119ab713840c2d_0.json	272	150.608642578125
72	456	b4fc2f24	c_b4fc2f243ce56618c74dd4cc9f0b2ccf4dca1bc5_0.json	273	150.60797119140625
72	652	4384e169	c_4384e1692572ad8ea554eabd1f110a13191812c3_0.json	274	150.60604858398438
72	295	c8807e90	c_c8807e900cb66f83a5d1f28d02e55528ff6d67ba_0.json	275	150.5930633544922
72	755	2a9f635f	c_2a9f635f6448f101916e3b723af567149a94ab0b_0.json	276	150.56187438964844
72	118	d2f4ea69	c_d2f4ea69702a20eb74cc0e43491fc156d0c88d6e_0.json	277	150.5609130859375
72	426	0e37cba8	c_0e37cba87eea9d89156c144e3d4298c9c9ed04d4_0.json	278	150.55374145507812
72	122	14db439c	c_14db439cfb817b8869bcd6f603960040059d9643_0.json	279	150.5358428955078
72	90	98e828a2	c_98e828a29423b72397d8783c4d02159e50bd50a4_0.json	280	150.52577209472656
72	360	9afeb6b7	c_9afeb6b7645deb78ff0b3d2804771b9238806353_0.json	281	150.5242156982422
72	3	a657d090	c_a657d090e2f127ebdce131f1f97e7758a8ddc463_0.json	282	150.5157470703125
72	345	f45de034	c_f45de034880877582fb6414c4d09f40c5999ac70_0.json	283	150.51011657714844
72	594	4ae8917d	c_4ae8917dac1019fc08b091c13b66d846311ebdc4_0.json	284	150.49473571777344
72	476	edcc4a00	c_edcc4a00cdf6d2d7b4ea81917e48e3e9570438a3_0.json	285	150.48776245117188
72	53	e86fce8a	c_e86fce8a0480ec35b76cd42c82b3466d724af082_0.json	286	150.48338317871094
72	650	11f7c1bd	c_11f7c1bd7a2d12f0b1150aa246c61afefd11991f_0.json	287	150.4703826904297
72	102	4cfd3c37	c_4cfd3c373f49f8e56f53ae28c1401cc2f528e451_0.json	288	150.45599365234375
72	749	f78df946	c_f78df946f00cdc9ed2159716b50a785b12b57aca_0.json	289	150.42404174804688
72	396	db2d5aa8	c_db2d5aa85352fe63531540ef396b944e2fe58e2c_0.json	290	150.40960693359375
72	445	dd8e8321	c_dd8e832191e78a417a03c88512b1d7eeb7f486d4_0.json	291	150.40960693359375
72	170	09adeec4	c_09adeec44230265c8300408e5aaffa431af88957_0.json	292	150.39205932617188
72	99	7898cdff	c_7898cdffecce78996012bd06eac0792dd4b6ac6d_0.json	293	150.3918914794922
72	347	1e84edbe	c_1e84edbe208aab0c9330eadc50f9773d81d70cd6_0.json	294	150.38058471679688
72	690	7bb01c0f	c_7bb01c0fd0ea1e97e66b2b1cccc39e3c57bc883d_0.json	295	150.3753662109375
72	695	50336e64	c_50336e64e05f91b6e42fd7b01e419eb826cc7057_0.json	296	150.3753662109375
72	252	81594d5b	c_81594d5bd21af23e7378c7192197fd1966c9852e_0.json	297	150.36289978027344
72	770	b6dda00b	c_b6dda00bc19f6d3bc4009a6b9a4a932de9640bd4_0.json	298	150.3287353515625
72	862	06159687	c_06159687218f6b9acdcab87ac112dc680867aa7f_0.json	299	150.323974609375
72	848	d8fb5212	c_d8fb52127f867cdf5171429dac2b812382170dd5_0.json	300	150.31260681152344
72	503	c1ee9335	c_c1ee93355ba4bc6a430aed0ea8db7369f7d0895f_0.json	301	150.31082153320312
72	687	5886dd28	c_5886dd28e5f0740680c270cf83ffe8c1cd4ce269_0.json	302	150.3087158203125
72	669	a025d87d	c_a025d87deb9cc4cda49ae1b77feb0f29805dd7c5_0.json	303	150.3031768798828
72	487	9e9e1585	c_9e9e15856d41f55cee4a215acae3c3866e78d200_0.json	304	150.3017120361328
72	502	d745f853	c_d745f85315b33fb72c5b6d8ac155451c85f5a6be_0.json	305	150.28977966308594
72	310	76de9d87	c_76de9d87000f375749f355a7d7d6af9fe37c3558_0.json	306	150.26675415039062
72	648	373ea35b	c_373ea35b2cb227b56694aa50589c853b68caa03a_0.json	307	150.2518310546875
72	204	35090950	c_35090950b41fdd4f3c4cee798d53229d837e7599_0.json	308	150.24264526367188
72	397	bbd77846	c_bbd778464660544e1bcacade75ca219aefd1b82e_0.json	309	150.23165893554688
72	757	622caa2a	c_622caa2ac9742eb8985c35430b58efc352e9a05d_0.json	310	150.2184295654297
72	47	45718e93	c_45718e932a4b1d88f4228e95e52992d2c5ab7402_0.json	311	150.2173309326172
72	48	07039680	c_070396808fcb7cf41ff29ad52f7d1078aba99832_0.json	312	150.2127227783203
72	210	dfe666c4	c_dfe666c45ece6ee90c0a7586f38ddfc6825cd65c_0.json	313	150.20535278320312
72	189	18e9a8f2	c_18e9a8f2ba83bd50dff8766bb0dab902a317f2f5_0.json	314	150.2000274658203
72	49	00734226	c_00734226f07e57a2d13f82a4b395b4bb7b9ee20b_0.json	315	150.19052124023438
72	468	862c256f	c_862c256fb6e1166ca42a2f8b885c5285baf6c1f9_0.json	316	150.18930053710938
72	625	b8c259cf	c_b8c259cfaf668e4237de09a0327b82080cfd37ba_0.json	317	150.18759155273438
72	626	8391b723	c_8391b7231a2519557d41209d728acc4f422af381_0.json	318	150.1735382080078
72	790	45a9de55	c_45a9de55c2c2a99b3ebf9410bdcec2edd97518d2_0.json	319	150.07806396484375
72	773	57855251	c_57855251cf0d6ea42ac57efe361531d34720d151_0.json	320	150.07806396484375
72	38	3dd9e66b	c_3dd9e66bc21c6f53aaa21ce45666610f68540555_0.json	321	150.06431579589844
72	809	2b7550c5	c_2b7550c5e2d512944cd212f20302555d20b0e6c8_0.json	322	150.06272888183594
72	336	c98349a7	c_c98349a7fb5598f0cbac88130520171bd6f253c1_0.json	323	150.0505828857422
72	693	941f69bf	c_941f69bfe96753ef30dbb3bb1bdffb72ee8944e0_0.json	324	150.04306030273438
72	668	1e09df66	c_1e09df66f0302958d547037e7258913b3069f2b6_0.json	325	150.0260467529297
72	756	1038abfd	c_1038abfd34a21905e176e6d28f6377c90fce27d7_0.json	326	150.02517700195312
72	428	1fd0a617	c_1fd0a617cb216113997569937b43ec7c7a9c2fd2_0.json	327	150.02163696289062
72	590	e47d9081	c_e47d90818b1918b436d252212e90a03ddf503b59_0.json	328	150.0124053955078
72	803	c4f6a622	c_c4f6a622ef63687c23a21e795d7a3e32de222d2f_0.json	329	149.98170471191406
72	217	78d40f41	c_78d40f41b9567d7e8a0c891f31b7deee2b1f3f19_0.json	330	149.97789001464844
72	762	f44d6e64	c_f44d6e64ac97d4a5c119e3e22f22f4d87c94b7e1_0.json	331	149.9672088623047
72	408	77e6a1a9	c_77e6a1a900685c173afd5d88c9bc6123b568fc72_0.json	332	149.95933532714844
72	51	c1472f38	c_c1472f385f1c24c047543787ab7ef8b807cc8ba4_0.json	333	149.9542999267578
72	328	128b3f82	c_128b3f8212e357468cb608546a52da3826903fad_0.json	334	149.9528045654297
72	85	5b407063	c_5b4070635f916b7d9d99e306a4c3016473828db6_0.json	335	149.94903564453125
72	807	48f31787	c_48f31787f88cfe851aeaf796c6f2809dce380f37_0.json	336	149.9461212158203
72	405	59fb5117	c_59fb5117a767ab75fe3baf5c37966c83430b02af_0.json	337	149.94456481933594
72	403	398f9cf9	c_398f9cf93414253c216585efdfca3b9f73f90d74_0.json	338	149.94189453125
72	392	666275a5	c_666275a54f3e6907b5244b612483815ee70a191d_0.json	339	149.9394073486328
72	222	6e760a41	c_6e760a412fba8715f219e98def54c6cd6267582f_0.json	340	149.93409729003906
72	39	6fe6c34a	c_6fe6c34a888486b417a913deaca517305b76cc71_0.json	341	149.93106079101562
72	375	a97385eb	c_a97385eb2870d113427b0d9430e108236ae363b4_0.json	342	149.9139404296875
72	838	fe001bcc	c_fe001bcccd29f9659ff375a625fd575c9285ce86_0.json	343	149.90455627441406
72	11	d6da0b02	c_d6da0b0240d8e550ab459c9b222cb34cee5a9cc8_0.json	344	149.88174438476562
72	597	9271f805	c_9271f805a0caa9ae67a5fed450d3d26a638408af_0.json	345	149.87637329101562
72	230	ef57a000	c_ef57a000b65f075de35f8d593a5223779755ac26_0.json	346	149.8731689453125
72	546	245b2655	c_245b2655f7a28ca46912e35de492d3e452a5393f_0.json	347	149.86636352539062
72	258	f9ffaf49	c_f9ffaf49226a04a15698050b3978d85585be0894_0.json	348	149.86634826660156
72	700	c3cbe1b6	c_c3cbe1b64e7f66ff9f9b53f1388eb135e6693187_0.json	349	149.86483764648438
72	455	586c8542	c_586c85420990eab5e0f07c324fc26fcdae3af05c_0.json	350	149.8641815185547
72	227	f4f2efb2	c_f4f2efb22f24378eb608aa308ba30cbfee3b3df2_0.json	351	149.8626708984375
72	496	8b5fb7be	c_8b5fb7be962959a922dafc2073718e1457196043_0.json	352	149.84149169921875
72	399	00901316	c_009013169754d4869f3a55c27a3443fc72d1d1f1_0.json	353	149.83993530273438
72	570	24d01fba	c_24d01fbaedf2eab505d7bbd62794f54deb617895_0.json	354	149.83700561523438
72	568	8c673ddc	c_8c673ddc1357f00009e38cb800c1c6ebb6ee4beb_0.json	355	149.83700561523438
72	367	249e5a8a	c_249e5a8aae9324cc6c8caf5303a607056b15a9da_0.json	356	149.833984375
72	368	5d56ace1	c_5d56ace149ae3264d2502d49dd85302fc613a27c_0.json	357	149.83352661132812
72	356	be94f554	c_be94f5547d6b8f15ee48117afe46ae302c361464_0.json	358	149.8159942626953
72	152	6cff72ab	c_6cff72ab387d211de65567d7537a73d81a37fd69_0.json	359	149.80894470214844
72	457	ab53e915	c_ab53e91503e6c405d2b6b647751bd17dcea8028f_0.json	360	149.80325317382812
72	866	2d340db5	c_2d340db5b1ba48079b3bad81a5ffe7c9c7ac26e0_0.json	361	149.80181884765625
72	545	a0bd1689	c_a0bd16891705bf4087e0766d744a009ac923b5f3_0.json	362	149.79954528808594
72	613	ee5d4dff	c_ee5d4dffb382e362b52af67a53dffc92cc9ced49_0.json	363	149.79261779785156
72	149	e6cc4cef	c_e6cc4ceff4e1d119f1779d1370ff99aaa2911f23_0.json	364	149.77371215820312
72	50	4555f2d3	c_4555f2d3bdd513bfa82e444930e29531387d0215_0.json	365	149.76258850097656
72	207	102caa11	c_102caa116c375ab74da564ac0f4d5d954b6296dc_0.json	366	149.75595092773438
72	193	f548940d	c_f548940dd8be5f8c93ef17a8896b2807aa2a08bc_0.json	367	149.7113037109375
72	787	2f6eabc9	c_2f6eabc9f0999421acf032c79f3106215c013580_0.json	368	149.71124267578125
72	317	7aec925d	c_7aec925db99f51b329305b50c77545619e9bb695_0.json	369	149.700927734375
72	781	172dc2fd	c_172dc2fd969b90135becca584919ca088fe367f2_0.json	370	149.69854736328125
72	519	627efb94	c_627efb94e9ec8bcf09829fb8be5cbc4f4334fceb_0.json	371	149.69537353515625
72	56	2202259e	c_2202259e8bbf9eafa83a0a06cf765d01f5beb69a_0.json	372	149.69017028808594
72	492	80158d6f	c_80158d6fa7445506eaaafdeadb1f4dc291ca10a5_0.json	373	149.68521118164062
72	437	38065277	c_380652774a227310ff81d61e2e3247ee0156268b_0.json	374	149.66921997070312
72	316	13672ea6	c_13672ea6b50a631bbdc50a6b2bfb266089fe426f_0.json	375	149.64512634277344
72	614	22217f11	c_22217f110c6b6fbbb4b0b43f76fa3f3e2044d143_0.json	376	149.64154052734375
72	344	16ca9214	c_16ca9214be8e4a6eb8b37dcfaaf21a79595d95f3_0.json	377	149.64073181152344
72	462	73e26919	c_73e26919b941be2816d60e15872ee0d9ca77c56e_0.json	378	149.6223602294922
72	270	b8d2e210	c_b8d2e2108b16d5db3ce6f5744a49d4ebc4b7a46f_0.json	379	149.61447143554688
72	120	93e9d84d	c_93e9d84da0e87896aaaac14769eece487ba9e64d_0.json	380	149.610107421875
72	814	aff23979	c_aff239790b5344ac99196a931d0d2efc8916156b_0.json	381	149.60952758789062
72	36	b8b73080	c_b8b73080085bed3b2062e1a90ed940056997a0ff_0.json	382	149.60191345214844
72	214	ec49e383	c_ec49e3832a1db13efc343d22798efb1523684959_0.json	383	149.58958435058594
72	716	c090381c	c_c090381c55b6d275eebe60053d36f198ffe793ca_0.json	384	149.58004760742188
72	567	ed95f9b8	c_ed95f9b8e9cd56e2d81eddeda7d12075a40aea5b_0.json	385	149.57955932617188
72	59	577b2927	c_577b29272d3cefacef578ea035e90efd78a1360b_0.json	386	149.57769775390625
72	303	6d9081bb	c_6d9081bba66809602428ea0b0f7ea78229b3087a_0.json	387	149.57179260253906
72	466	fc7c7f18	c_fc7c7f18cdbb55ca1c1fb708ae573c64e5e3ead5_0.json	388	149.56396484375
72	110	671e03b5	c_671e03b570f586b6583feb1ee3ddb5d5c62bd50c_0.json	389	149.5568389892578
72	675	73b52d0d	c_73b52d0d995b8c6091c0e92f8ada03a2753b576a_0.json	390	149.55068969726562
72	435	109a47ac	c_109a47ac2e8dc1a510ff58a27b63bd18b377e13b_0.json	391	149.54933166503906
72	195	62afbdf6	c_62afbdf6a85fec75fde38d327928a180bc5bccb3_0.json	392	149.53756713867188
72	509	be339d37	c_be339d37c1750bab50445ae684537e8d3a890d15_0.json	393	149.5358428955078
72	557	119fd967	c_119fd967ba85924a5fe0d93e2f9fad3fe068c6fa_0.json	394	149.52987670898438
72	66	e3222667	c_e322266704817edd0a19e05207a15b791ca160b6_0.json	395	149.52529907226562
72	273	f11c3b4f	c_f11c3b4f92660b44dae8f6541c9b6908e6196b3a_0.json	396	149.51528930664062
72	35	ce691239	c_ce691239d40e469b75fa22b0bb6a065202c475a7_0.json	397	149.49786376953125
72	30	315292d7	c_315292d76e2e415be2a743ebefb5116898cd97ac_0.json	398	149.48104858398438
72	224	84de4abc	c_84de4abc83b1831f96a353e8e87d09def5c1621a_0.json	399	149.47332763671875
72	201	84056ded	c_84056ded0760b1ea9a2eb816d6fc0170b8d7f3cd_0.json	400	149.44308471679688
72	54	7f653fab	c_7f653fab63ce7ae048a6fba1c2f529dc586369ed_0.json	401	149.439208984375
72	161	211a0b39	c_211a0b397d251f043e9b2c4815a7e452741dbd0b_0.json	402	149.4280548095703
72	400	8963e2ac	c_8963e2ac79a97e694c388622e935a0471267e9eb_0.json	403	149.42767333984375
72	80	80c826dc	c_80c826dc46a5270826c411d3741bfab8c98eb42e_0.json	404	149.40003967285156
72	661	5236f0b3	c_5236f0b3e64b7dcaa144eaeca187eadac3af936a_0.json	405	149.39666748046875
72	662	e6514a01	c_e6514a014b46ae76d5d3163c82f4f46003186197_0.json	406	149.39666748046875
72	43	7b1a8763	c_7b1a8763534bb06d5f83b03ed8f6abb3e6d4db80_0.json	407	149.38002014160156
72	458	2518e92a	c_2518e92a052d922d81d11e28b8e5205639fed9a7_0.json	408	149.37332153320312
72	753	cd45173d	c_cd45173d0787948003ffc41bba0ffbd34c915900_0.json	409	149.35484313964844
72	745	4f707008	c_4f707008353e272c12a7a6543d6ecfc666a7cc64_0.json	410	149.3499755859375
72	18	2f0a7bf5	c_2f0a7bf507020d98b3bdbf0a93bb1c753dd90268_0.json	411	149.33041381835938
72	698	07d990fe	c_07d990fe2aa7f2991d5b74f96ea2de690514338b_0.json	412	149.32859802246094
72	331	863bad78	c_863bad7886c1bbf84391f5e9e330f20a4daf8894_0.json	413	149.32745361328125
72	655	521681b6	c_521681b6edea478667c8b6a0a3d31cba5d6b3a19_0.json	414	149.3261260986328
72	29	e8e755bf	c_e8e755bfb9a0b1b8b19e8312942ea29cb9b626da_0.json	415	149.31439208984375
72	228	528b793d	c_528b793d86be485f7b4fff51f97e67708eb632da_0.json	416	149.2820587158203
72	868	adb7a15a	c_adb7a15a1e2dd6742a25592602a6e8ee77b518b6_0.json	417	149.2718505859375
72	537	199e34bc	c_199e34bca6538c2125b00d20853eb4616c08a0b5_0.json	418	149.26962280273438
72	175	aef65a90	c_aef65a900ef328f92bb487752105f89d9a735672_0.json	419	149.26663208007812
72	654	0986da60	c_0986da604daa312d309c66094113a28fc4d936db_0.json	420	149.25418090820312
72	70	4296f2cd	c_4296f2cd95db753c80becf915733c8ddaf751daa_0.json	421	149.25144958496094
72	136	5eecccd3	c_5eecccd3eae2d7af9c8426473e9ee53bc01bc7c0_0.json	422	149.24990844726562
72	482	27b9f632	c_27b9f632b1289c1b777bd1bd05bb73f61e11b419_0.json	423	149.24559020996094
72	558	a76f2e9f	c_a76f2e9fa14185dae1e96ae2561e3ff07c966e11_0.json	424	149.23184204101562
72	717	a229d735	c_a229d7354da5210a728ce5d43158d5cd780772db_0.json	425	149.2198944091797
72	112	45e787d0	c_45e787d054b2851e0f3607bab47e2c41496efe76_0.json	426	149.20887756347656
72	875	1d7e6fa1	c_1d7e6fa1c5fb974bdae7abeabbb1e5a48dc00967_0.json	427	149.18017578125
72	679	15302899	c_15302899d5bd9eb5ca46fcfa897c203b3930cb77_0.json	428	149.18011474609375
72	691	97c3cb4d	c_97c3cb4d63c5512e2b596fbe0de6f3709418e157_0.json	429	149.18011474609375
72	218	0722718f	c_0722718f1f3e3811639600a3333ec7665592364d_0.json	430	149.17535400390625
72	475	20088820	c_20088820f17e190db7d68c13d3f1b99fc1cecc5f_0.json	431	149.16676330566406
72	853	a63fcab3	c_a63fcab33707b7b466fbbf4ce4e7e63d787ba23e_0.json	432	149.1381378173828
72	816	ea322571	c_ea3225714c9e6e02ab17c4a79a88b71d1ea6eae3_0.json	433	149.13238525390625
72	150	916d5399	c_916d5399a698ccf3eb2e0f02f4cad234fedec177_0.json	434	149.1181640625
72	276	d0a7e3a0	c_d0a7e3a00350ea9bdca6a1f005ccc75e5b2d19d4_0.json	435	149.10792541503906
72	62	72fe7662	c_72fe7662416118598bc0af126c15cba3ca09d9b4_0.json	436	149.09762573242188
72	523	d758acab	c_d758acab64d16f7dfb664f18fd9c0f63901d7138_0.json	437	149.089599609375
72	308	411c01ff	c_411c01ff53f56f0b84bee210ad75c8c2114efa55_0.json	438	149.05953979492188
72	788	b934c5d3	c_b934c5d3e30917de86796c89fcb7cd000f642a80_0.json	439	149.04531860351562
72	707	1406292b	c_1406292ba194201a0314c1e7f0161f66ffea7335_0.json	440	149.0452117919922
72	97	c4bb2a49	c_c4bb2a4933994931900cde164e517ff0e3a61353_0.json	441	149.04388427734375
72	332	7171cec2	c_7171cec2dfd3c8b58645b69970425864abf8ba1f_0.json	442	149.0362548828125
72	275	43a39b30	c_43a39b308abfbe39ea06729277d0630786b9956d_0.json	443	149.02157592773438
72	165	af580c31	c_af580c310cab08ed637afb235c22a83bb71f4f9a_0.json	444	149.02101135253906
72	389	3e284b6c	c_3e284b6ce28acdf41d7a7cc8ead881d6ab54a8f9_0.json	445	149.01841735839844
72	705	6a340521	c_6a340521555c392b8f390fd197094e03328d8db0_0.json	446	149.01666259765625
72	582	fee47623	c_fee4762322f85a1109edd75ccb67f38cf5008c80_0.json	447	149.01486206054688
72	736	b19d66e9	c_b19d66e92d38de4f81428b5e26532ac3902f0acc_0.json	448	149.0144500732422
72	634	b14e7357	c_b14e7357248a0f683b8252be3e68f5e171fb8529_0.json	449	148.98211669921875
72	483	2cc22447	c_2cc22447970edb5a28bdedf682680a18c8adba1b_0.json	450	148.96688842773438
72	21	eaf6bf4a	c_eaf6bf4ad42f86fb6c2608e4a8bb5d5fdf1e46ce_0.json	451	148.96617126464844
72	645	684ae68a	c_684ae68a631f6bd9b6d962e42e46bf0812d8fa4e_0.json	452	148.96006774902344
72	334	93ff111c	c_93ff111c590ea57b311705360111a3e54329a026_0.json	453	148.9474334716797
72	631	0c10dbff	c_0c10dbffb475febe05ebaf074278e5d5aa81e32c_0.json	454	148.94430541992188
72	259	9008cbf6	c_9008cbf66ca4a89d02ba26630fb818524e790974_0.json	455	148.9425811767578
72	404	a31ec08e	c_a31ec08e102fd3832f3ff4449e9163440f0afb2c_0.json	456	148.9309844970703
72	764	d8eb9bd6	c_d8eb9bd63c861132e5307a65e8f2f234fab2416b_0.json	457	148.88482666015625
72	800	654bc6f9	c_654bc6f981587bd4b39b66702550bad33e1eacc9_0.json	458	148.87742614746094
72	571	ab7feede	c_ab7feede4eedee351f320896114394235c2395ef_0.json	459	148.8695068359375
72	720	5d00201a	c_5d00201aec621e81a37447e32baf1a82040ee8e4_0.json	460	148.85643005371094
72	723	1eecd1ad	c_1eecd1ad42097adba8f43ab1928e76b6027d3ad1_0.json	461	148.85643005371094
72	724	bc1b0ef2	c_bc1b0ef28c8d9a2b33df41000dbe7f3753233e2b_0.json	462	148.85643005371094
72	372	04b8921d	c_04b8921d4dcab019b02588620d953c4f19d43a58_0.json	463	148.84292602539062
72	538	f5004298	c_f50042980dda4e8521f05d789654f43dbc2bd602_0.json	464	148.8101806640625
72	263	e9909538	c_e9909538549c96800dad1e94284b99575d1be628_0.json	465	148.80813598632812
72	680	8e7dd707	c_8e7dd7073fb3bced0c49c5e65416436359390197_0.json	466	148.8026123046875
72	536	91bc88c9	c_91bc88c95a2ffba906a5ae1518a438048595f409_0.json	467	148.79251098632812
72	598	174dca2c	c_174dca2cb3e2c860fc947a963ea29b2758c0ba76_0.json	468	148.7904815673828
72	223	b87be0c0	c_b87be0c0384503d832a34d363800441b94b8fed9_0.json	469	148.78738403320312
72	802	35bceca3	c_35bceca331e07938a9c4cd62d68e08740cd39575_0.json	470	148.7802734375
72	855	6bce3ded	c_6bce3ded2afd743f1727564f17a6d46200ddd32a_0.json	471	148.7793731689453
72	84	e5cd5847	c_e5cd584705f746893f75e85cf7acdb2d7a0db1af_0.json	472	148.76986694335938
72	559	a4883a44	c_a4883a448416031773bba432bc5bce4492f1e19d_0.json	473	148.7651824951172
72	111	11686628	c_116866284b8068c817ad53b2b611568a7be25090_0.json	474	148.76495361328125
72	179	f8841eda	c_f8841edabba28d6125dd87ed72f557e85570066b_0.json	475	148.7615509033203
72	45	eb95cc76	c_eb95cc7662dc5c438de8d9ef47ccf131bf7191a8_0.json	476	148.738525390625
72	156	10cfa046	c_10cfa0465c9d48f6a3ce3f5996259e77b43fa858_0.json	477	148.71823120117188
72	524	97bd4286	c_97bd42868ba98bb9a757c729d8d6e259644117e4_0.json	478	148.71337890625
72	500	e187364d	c_e187364d813bff6df326d46690ccc514aa4c84ec_0.json	479	148.71337890625
72	98	ad405f99	c_ad405f99cb5f41fb311fa086dbd6762a8e84264d_0.json	480	148.698486328125
72	600	eb7e65e9	c_eb7e65e9a19e68b550e7fd0eb73c5cfea2622ff3_0.json	481	148.69651794433594
72	260	112c1541	c_112c1541b0f7034e63c9015e582ed13efbbb5bd3_0.json	482	148.68138122558594
72	145	8c07dc18	c_8c07dc18a69efe2ea811d4c1ffe630b56e2d8629_0.json	483	148.6687469482422
72	202	c6936dd3	c_c6936dd3daab6dc7098065dff0bf39d8318349eb_0.json	484	148.65771484375
72	44	ef748897	c_ef7488975ee41c8743e4615677555e5af2046567_0.json	485	148.65357971191406
72	183	674dab03	c_674dab0387c4bfad01465574c4be6ea4b3f4f6e9_0.json	486	148.63990783691406
72	376	561d12a9	c_561d12a9894210d9f5a8a41d655361732a39b6c8_0.json	487	148.6331024169922
72	851	bd789b07	c_bd789b079038c1b3f41d05f869c244b54840dbca_0.json	488	148.6318817138672
72	480	1c4fe033	c_1c4fe033f7612d4aeb0f4324538c8e3dd4d25668_0.json	489	148.6317138671875
72	815	7c8df4ca	c_7c8df4ca183550cd1d818b718cd1336a97447775_0.json	490	148.6092987060547
72	351	433d2f18	c_433d2f180058b8b73e1951c6cfbb986714e68b0f_0.json	491	148.60838317871094
72	174	8a49d09f	c_8a49d09f5c2acfb89b0c1f2887728793a036aa15_0.json	492	148.6027374267578
72	300	29c9d482	c_29c9d48278aafb4a4390e3ee923cd68e6086a17f_0.json	493	148.595458984375
72	251	7ea1e534	c_7ea1e534d6d48da3a18953f323d9b275a57c4a09_0.json	494	148.5918731689453
72	297	9fcda18b	c_9fcda18b6824b0c46986bff8f1c9ecc3bf5872f4_0.json	495	148.58770751953125
72	821	397a0cae	c_397a0caeb374c55b8dcb58e09d0faebb6e017252_0.json	496	148.58261108398438
72	343	9ff954f3	c_9ff954f3876690504457be9c5f6067593df6ce19_0.json	497	148.5756378173828
72	840	57dbebc8	c_57dbebc884455205ea221f942723a496d399f86a_0.json	498	148.57078552246094
72	759	188c3be9	c_188c3be9051e7b2a8012ea1f08ad2b46005f58d5_0.json	499	148.5558624267578
72	135	f607d8fc	c_f607d8fcf01d7053b61b63aabfb8c4d7a0f7e02f_0.json	500	148.54103088378906
72	418	a8da2e7d	c_a8da2e7da25921dffd9fe6bbd53668bed08dd148_0.json	501	148.54051208496094
72	667	3ba88d8c	c_3ba88d8c2ab500c07f9e2ddbc07a4bd01fadbd78_0.json	502	148.51766967773438
72	587	ac5e9e83	c_ac5e9e8392ea4ab436fe71b72ed78cdfd0aba7df_0.json	503	148.5089874267578
72	439	aa812e42	c_aa812e42a784bb551e3cda70078c2c1ed6147b20_0.json	504	148.4884033203125
72	430	c2a9605b	c_c2a9605b70fdae3c064b49bf2a0b633c935322cc_0.json	505	148.4884033203125
72	692	a8b6982d	c_a8b6982de98ff76ef254031d7152fff57f6bf941_0.json	506	148.48377990722656
72	682	55190398	c_551903982def44154dadd88c4dfae71660e80d4f_0.json	507	148.48377990722656
72	579	59453e27	c_59453e27d90962ed2c28a8dc06a5a9e401667e12_0.json	508	148.48350524902344
72	286	fa8a8deb	c_fa8a8deb6e03ee00c10138f42b9b5cf83803e425_0.json	509	148.47755432128906
72	823	b185fd76	c_b185fd76845a9c99e4077bc017d25d65ed58d440_0.json	510	148.4691925048828
72	137	40a35750	c_40a35750e655d5229744684086a9249b233058bf_0.json	511	148.4508514404297
72	822	982ce8a3	c_982ce8a3cea6158e22f351527d12853f0bd7050f_0.json	512	148.44964599609375
72	166	847e03ec	c_847e03ecfe09ae074844e5821ee185cd8c581f42_0.json	513	148.4381866455078
72	581	da9547eb	c_da9547ebcd83525723fca18997a5a7e058c9796f_0.json	514	148.43528747558594
72	414	3cb4cee1	c_3cb4cee19e3cb6830735a0f89d890576c7413f2c_0.json	515	148.43287658691406
72	436	d94f56c2	c_d94f56c25485b622ebf3b35b71868c74b9501ece_0.json	516	148.42510986328125
72	642	e981b5dd	c_e981b5dd049f1291111b24cd56fd409a9fcf82d7_0.json	517	148.42100524902344
72	530	74c61a13	c_74c61a13acb6fc11456cd442d4d982a0e943e9d0_0.json	518	148.40380859375
72	495	32ab9579	c_32ab9579f9df6f4c9dbab5e6e035dd5f8d644e2a_0.json	519	148.40380859375
72	274	5998a3ea	c_5998a3eaaea26882550b657ff4d1f00e6b04fa1a_0.json	520	148.40380859375
72	255	2f2f8b83	c_2f2f8b83a69959607d9ee072188b51e87fe31ba1_0.json	521	148.3820037841797
72	596	8b57279f	c_8b57279f59cfe8ffe66840b9961c5f3659f4e997_0.json	522	148.37208557128906
72	63	7a7419fb	c_7a7419fbc1bcdee4329f90b2361f4fce5376eb92_0.json	523	148.36404418945312
72	267	ae7308a2	c_ae7308a2832897f351712e44f656a3e71fac7efc_0.json	524	148.36326599121094
72	543	8165206e	c_8165206e8ac599512434e88267a78e543cfdc3f7_0.json	525	148.35653686523438
72	817	ea1fb65e	c_ea1fb65e9ff8eee82c4e379dc3236d09a5ab02e1_0.json	526	148.33035278320312
72	489	6c4f16f2	c_6c4f16f233cdfd7aedef33374609e9aa4ede255c_0.json	527	148.31912231445312
72	398	82f86831	c_82f8683129e83b2d7ad9c95efcd4777212d13762_0.json	528	148.3155059814453
72	505	cf06d020	c_cf06d02074c2526944c8a08c7b641ef51d31343b_0.json	529	148.3001708984375
72	240	13c2af3f	c_13c2af3f24fceda5b44776a5257112ac7218d038_0.json	530	148.2919158935547
72	660	a04b3731	c_a04b3731c7efe62ccea64df86e4d58cfca3688f6_0.json	531	148.27740478515625
72	64	ac57740b	c_ac57740b13bddd414c98253d53092546c1c330a2_0.json	532	148.27549743652344
72	465	11185c4f	c_11185c4fc1a0bcfa15d59b23fe039bf5908a2a77_0.json	533	148.26377868652344
72	451	4d94c5d0	c_4d94c5d0f0e60e50d555178ff0ca5b8d4da5f054_0.json	534	148.26377868652344
72	281	08e2a7fc	c_08e2a7fc2f487328f1b514e07cc9f4c9ff3d3814_0.json	535	148.2603759765625
72	37	ada77956	c_ada77956bb99a098503ee57446fcd8cb59cd3354_0.json	536	148.25527954101562
72	491	5dab7a23	c_5dab7a2379aaa7141c6c4e8306a139a6b8dd3ada_0.json	537	148.24667358398438
72	139	27a52f90	c_27a52f90a25699bebe23ff1ff94d6db361fdb11d_0.json	538	148.23214721679688
72	362	f8a5dfb0	c_f8a5dfb037d363a6b6657fa71af59b66c6bec257_0.json	539	148.21568298339844
72	443	ae51709b	c_ae51709b8c07098fa688ec6be0b5a7dec7654178_0.json	540	148.20823669433594
72	290	9c46f13f	c_9c46f13fc4b17bfa6c3cb58945568ae8d8b191af_0.json	541	148.20101928710938
72	684	69e10fa7	c_69e10fa70dbf6c7b2e8c707e9654b449544b737c_0.json	542	148.19053649902344
72	361	68c05150	c_68c05150bf4ce702c334405dc707d95c6fe73577_0.json	543	148.17575073242188
72	748	97a270ce	c_97a270ce61059c876e9ff69261c08c64664bfe13_0.json	544	148.1571807861328
72	226	20ed24ce	c_20ed24cefb5df53c48021459af98bef83c55f241_0.json	545	148.1504669189453
72	521	1833adf5	c_1833adf54de2ec33d68abf4a64202e8572d15ccd_0.json	546	148.15020751953125
72	595	c1924bec	c_c1924becd50885dfaf9bce062f86e04b10c688eb_0.json	547	148.1424560546875
72	602	567b90e4	c_567b90e4abb72144a15fb5eeef74d170ef425cf9_0.json	548	148.1424560546875
72	333	c2ecaa18	c_c2ecaa18c25d92d260718217e5ba1f0496cb8eb2_0.json	549	148.1217803955078
72	383	4b763cc8	c_4b763cc86f698d31f59e22e169e7a5a83e696a55_0.json	550	148.1205596923828
72	421	e064bc48	c_e064bc4842d1412a0421435332f55908fddcc866_0.json	551	148.10482788085938
72	433	a44e18aa	c_a44e18aa3c1fcd25a68a5965f9490d8f7d026509_0.json	552	148.10482788085938
72	508	3a158cfb	c_3a158cfbcfe70c9a921b9ea525e2cd8113193219_0.json	553	148.10159301757812
72	313	35ba2dd2	c_35ba2dd27d69d1d09fed6f7a3c690f2bd121cb0f_0.json	554	148.0985107421875
72	127	4c353188	c_4c3531886a0f7b2a3cd6987dc9c926c5eff8fd03_0.json	555	148.09384155273438
72	330	3fb895c9	c_3fb895c9a9185c04eb263ef77038cd7ec8b5dfa7_0.json	556	148.0755615234375
72	12	9db51cf7	c_9db51cf756951fa62a7670b70d314af2f0ffc197_0.json	557	148.06886291503906
72	444	a991deb4	c_a991deb4430343e8f22de5d5aa51f829bab52315_0.json	558	148.06390380859375
72	813	f71712ba	c_f71712ba5d28df09c9a5b6e3c8a37f05f5e3372d_0.json	559	148.0605010986328
72	572	af61d072	c_af61d0720599519828209b3b5f8ef06f61fe7768_0.json	560	148.0120086669922
72	834	655e3aab	c_655e3aab5ad477a790f967f563b8d41c1267475b_0.json	561	148.00685119628906
72	121	a52e669c	c_a52e669ca8bc48265accd57d610c0258f7891841_0.json	562	147.9998321533203
72	507	313b625c	c_313b625ca591fb2e3253a828fda0357e5c40134a_0.json	563	147.98651123046875
72	206	00aa39e3	c_00aa39e3faef106f8fbb3068fa65991b1001a7c8_0.json	564	147.98550415039062
72	413	caf61a4a	c_caf61a4a0778a72ab713f72e9ef749bf373c98ac_0.json	565	147.9788360595703
72	237	5ca6b404	c_5ca6b4041d0605025f1a1582a605d2aee377bc1c_0.json	566	147.9665069580078
72	485	d6fd1637	c_d6fd1637307f6b088eb226c3f979085725530f32_0.json	567	147.96469116210938
72	712	4c4192d3	c_4c4192d33ff0ee27b9f293658c5a93fbd54e92ac_0.json	568	147.95559692382812
72	2	548ce134	c_548ce13435a00bb447fbffdbca8c5ce3be752ee4_0.json	569	147.9517059326172
72	243	749687cb	c_749687cbe07d824be68474a68724255f4a14e15f_0.json	570	147.9252471923828
72	114	c01af229	c_c01af2290073af0ea42eb02dfe965b4cda58e112_0.json	571	147.9204864501953
72	5	97f29aa3	c_97f29aa3541dac70b811f766dd58ba47ac34d58c_0.json	572	147.90968322753906
72	167	ba5d6601	c_ba5d66010db39205e29289ae81122fc85299d145_0.json	573	147.89585876464844
72	575	d1b57703	c_d1b57703e1131ba316beb84e8d9f6fcfa9ba6510_0.json	574	147.8916778564453
72	225	0b56f3e5	c_0b56f3e5e012e689af8dda0e96d6e0c9f31853b6_0.json	575	147.89053344726562
72	727	70f916f0	c_70f916f03dcf63ba5bbc3d70770c6adebc18d36d_0.json	576	147.8716278076172
72	378	1e85878f	c_1e85878fe008f6c651c348dd1d5b2edf713f63bb_0.json	577	147.80152893066406
72	608	1153eeef	c_1153eeef1740592b7fca1ec50766aa6d4a72e438_0.json	578	147.78335571289062
72	874	aeaf3c1a	c_aeaf3c1a03fe4d5bfda4d63824a1f97dcec42e74_0.json	579	147.76803588867188
72	633	0961b24e	c_0961b24e30a244ee26a568541c44840584642d5e_0.json	580	147.76512145996094
72	104	3ff2694a	c_3ff2694aa22c5e12bbc67b9d7ddf736a9cb82e5d_0.json	581	147.76182556152344
72	738	4f5a5645	c_4f5a56459a98e21780d813919da66de9eee91b74_0.json	582	147.75613403320312
72	242	ca8bad78	c_ca8bad78bf898f808ad6028d4a7c09a69bc65b84_0.json	583	147.7458953857422
72	452	834d3142	c_834d3142304e0927dc659791da6a4521f271d7fd_0.json	584	147.74534606933594
72	454	1bae7a28	c_1bae7a28d5991f712980e6e36e76d3002f500f47_0.json	585	147.74534606933594
72	9	b04c5412	c_b04c5412eb75a7a35925896db7121c3a2c67e1c4_0.json	586	147.71133422851562
72	632	c01fcd33	c_c01fcd338d73dc039e6a3a6cd2c449d9c9d41304_0.json	587	147.71054077148438
72	804	195566fa	c_195566fa6d4092c6983fbf497c37ae53a188fa90_0.json	588	147.69020080566406
72	715	4eb4f2b2	c_4eb4f2b2e88a2f9e6c5c1e8d0477060954f24218_0.json	589	147.6785430908203
72	580	01a62698	c_01a62698797658b0f51d323fdfb5e9744d843773_0.json	590	147.66441345214844
72	52	40979c98	c_40979c984d6ceebd50dab1ba516babb1570841a7_0.json	591	147.66024780273438
72	105	6788a6da	c_6788a6daf22fc16c752cfa51d53b17a9436df1c0_0.json	592	147.64341735839844
72	744	2c58e975	c_2c58e975ab00eb369ee3dfbba07a4a78a1ef9e19_0.json	593	147.61886596679688
72	177	eb1edd46	c_eb1edd463b1f3b52b541d58487718676445d0d34_0.json	594	147.6107635498047
72	232	08a3d672	c_08a3d67273f31718acde383a4c5158bed9c506b2_0.json	595	147.5992889404297
72	6	a29e8b53	c_a29e8b5374c7ba0828752fe78b3cc3471532121b_0.json	596	147.5725860595703
72	849	8ec29562	c_8ec29562144187ccea0c2ceb3bee08d2e9e720bc_0.json	597	147.56356811523438
72	434	3982ea11	c_3982ea1198b8d780b42587e16ace3407bf7621e1_0.json	598	147.55323791503906
72	873	4d78e031	c_4d78e0316e1eae331bc0b460f367ce878688d6d2_0.json	599	147.52984619140625
72	138	77add794	c_77add7946ea5bca622b1f4f654f97e62f6db1e95_0.json	600	147.5028533935547
72	638	e8809994	c_e8809994a35745bcd557e264d22ea283619caf76_0.json	601	147.50270080566406
72	134	a3d03f9a	c_a3d03f9a1ffbc4e9ba5bcbe991ca6ac2e5207f6b_0.json	602	147.4986572265625
72	624	a7b2b42a	c_a7b2b42a50f0536a3c5b3473575d67c2e5907581_0.json	603	147.4967803955078
72	605	ee613b20	c_ee613b20b926b31f532cda4fb3ee115db950e9a1_0.json	604	147.4967803955078
72	765	a623db77	c_a623db776696c0e03f68e849147f6a0c57063c02_0.json	605	147.49002075195312
72	132	fcab98cd	c_fcab98cdd311deb3dd4fd63fef2bc6c4c397f186_0.json	606	147.47244262695312
72	182	050c5b2c	c_050c5b2c4e3b6b6993b71313a82ac50c64d94555_0.json	607	147.4717254638672
72	535	0ca6fc9d	c_0ca6fc9d20eb322646975192cc37e35063b9178f_0.json	608	147.4691925048828
72	124	0c312ebd	c_0c312ebdb813b1128061ba0d32b10f4a2e098c39_0.json	609	147.45875549316406
72	292	785d41a3	c_785d41a37f6c311084ebf2d23e83f4ceb4bb94ed_0.json	610	147.45657348632812
72	549	514dcd87	c_514dcd873d58571c65a69ca6f9f5842f14e4de7b_0.json	611	147.43161010742188
72	199	444f558a	c_444f558a8ed804f8851f16dc234ced136252d485_0.json	612	147.42120361328125
72	249	64433991	c_64433991106d616e20f7b90265e4341e34734e0a_0.json	613	147.41551208496094
72	808	9eab14f2	c_9eab14f2c4e581102bb5f8fa9943f7c0ca541016_0.json	614	147.412109375
72	302	db9efbd5	c_db9efbd54c6ff876768eb874f7e9fe84a6632729_0.json	615	147.4111785888672
72	309	51cb8669	c_51cb86699beae26b74c594e2daaa098116f9f572_0.json	616	147.40972900390625
72	867	1b38f80d	c_1b38f80d623310e84c87b2d708ed0ab648dfafc5_0.json	617	147.38055419921875
72	141	6c2032dc	c_6c2032dc6cc1b502c88cad8964d59b668039c3db_0.json	618	147.34629821777344
72	246	073d9734	c_073d9734451738985650074bee2ab45cb395fbb7_0.json	619	147.3426055908203
72	370	dbc1e34b	c_dbc1e34bdeede1cabee58b65bceb02f930ce5d88_0.json	620	147.32122802734375
72	793	3c81151c	c_3c81151c7b4dd4739b11f0b6aa5eff81c07fd684_0.json	621	147.3013916015625
72	266	dbbe693c	c_dbbe693c9fbeef94d663c963b57ea379c75806a1_0.json	622	147.2474365234375
72	718	d374092e	c_d374092e9903cf912fc4ad71b77fd947a6784b20_0.json	623	147.2454071044922
72	369	4b0dde41	c_4b0dde413a3c38a77461ac64ad278a042d6eea68_0.json	624	147.22482299804688
72	264	3fb9295d	c_3fb9295d4ce19e1d9bc06dd354dcfba981827abf_0.json	625	147.21316528320312
72	689	3f39a5a4	c_3f39a5a48504b2a5cc9934b63f3e03420de1abc5_0.json	626	147.1979217529297
72	810	d3f02400	c_d3f02400eca1c5cbf84212c46cebcff511536655_0.json	627	147.1892547607422
72	665	84a2dfec	c_84a2dfeced140fca53293b5fa2d5733494191224_0.json	628	147.177978515625
72	623	a2e331f0	c_a2e331f03f2d439caa54c3014f8d5fb2dc206162_0.json	629	147.15968322753906
72	603	659f9832	c_659f983253f53c99175fd5b437791f20fec21ce4_0.json	630	147.15968322753906
72	184	19aecf27	c_19aecf27292e894fefe4552309549325387163d2_0.json	631	147.1581573486328
72	539	333a6469	c_333a6469ffec02354a56d1a5eb5867dc16da58a0_0.json	632	147.114501953125
72	198	ce843ec8	c_ce843ec83988e3e3318fa7db38133b06be741a1f_0.json	633	147.08694458007812
72	95	48a63ff1	c_48a63ff1edb2b35098ca14ff9e03733dd9fab0a6_0.json	634	147.08389282226562
72	91	8929d961	c_8929d961dfd44d1a6758b81c9a0c5adf8e408f6b_0.json	635	147.07569885253906
72	763	79b1aa4b	c_79b1aa4b580534ef6ef7057d5b3b4a8250b8c5e5_0.json	636	147.06646728515625
72	194	5e52f1b2	c_5e52f1b266173593fab32fe9d8a4963066b2f2fe_0.json	637	147.058349609375
72	824	c33ba536	c_c33ba536da04e5b22a1c2740ce38761300dd13a9_0.json	638	147.04510498046875
72	846	c324fabe	c_c324fabe86c0a59eb635610dc85d8d7a7be25c74_0.json	639	147.04464721679688
72	666	ddf4c1bc	c_ddf4c1bcae69ad48c01eea207e3f3c24d2eda208_0.json	640	147.04080200195312
72	385	e313f95e	c_e313f95e19c752a3316048468547af939e19cdd3_0.json	641	147.02505493164062
72	651	9e97fbf6	c_9e97fbf6ada82040f4a49c9aef9a84c983074427_0.json	642	147.01922607421875
72	412	f9901ab3	c_f9901ab35d61700dd56cc6c1639e00f0aa58e435_0.json	643	147.01763916015625
72	407	1e30a157	c_1e30a157667af1fa7108d985dcb858a801832887_0.json	644	147.00999450683594
72	512	b033535f	c_b033535fe2cf887de8076221a0d614abfcf17d7b_0.json	645	146.99571228027344
72	869	1ece207d	c_1ece207d4d14336c405e9e3c2edee3f1cf88d14d_0.json	646	146.993896484375
72	164	7520dee7	c_7520dee7b688bdab536bfd76fca47a65316d2147_0.json	647	146.99351501464844
72	42	8bb732b7	c_8bb732b7ccb51f4006fa7fa221762755eed949c7_0.json	648	146.99302673339844
72	387	ede13169	c_ede131697f4a1e76d9c291e5070b700143622d30_0.json	649	146.9898223876953
72	542	549ed001	c_549ed00198cabb4bc2c4b7989c902d1f1dc887e3_0.json	650	146.98117065429688
72	721	0b8debbc	c_0b8debbcedd32187c48feeda69e3c3d28357cb71_0.json	651	146.98074340820312
72	725	4029b296	c_4029b29631731c9bd613fbbaf3efd399192f43bf_0.json	652	146.98074340820312
72	786	824e82ff	c_824e82fff399c86cc3b7905ee6a952a848b2e69d_0.json	653	146.97964477539062
72	33	e2f6a9d1	c_e2f6a9d19c7025431278f0d77085dde4dc2da798_0.json	654	146.97921752929688
72	109	36be16cd	c_36be16cd662f56ea0fc01bedf14c8651ed74776f_0.json	655	146.97384643554688
72	261	c45ed5b7	c_c45ed5b7c16ee723e8206cffa4dc113616f6a290_0.json	656	146.961181640625
72	57	314fa9d2	c_314fa9d2351741b47c34337f57faacc8fd5448da_0.json	657	146.94818115234375
72	664	3b4f9dfa	c_3b4f9dfa91b6f1852c35baf79c4a13eacc6112c3_0.json	658	146.92881774902344
72	140	bb4ead7c	c_bb4ead7c350695c1ed3c52d028090da4d4cecd1e_0.json	659	146.9263916015625
72	67	2f732574	c_2f732574251122055092a4c6869123eb08058b14_0.json	660	146.8970489501953
72	168	e05e1855	c_e05e1855a90905b7d467cfc8d273e7a078ad0769_0.json	661	146.87301635742188
72	178	17486e2f	c_17486e2fa5b542b1f68b9b60efbefecd216a4a48_0.json	662	146.8267059326172
72	409	65fd8532	c_65fd8532dcf7c6972e0af8c33e3e1e30bbcf5796_0.json	663	146.82275390625
72	55	56bacbd1	c_56bacbd1532e9a985a879e686fdfdbf65d24be7c_0.json	664	146.81924438476562
72	449	c5792eb6	c_c5792eb641b13f8a853b6f065b6998053d106b7d_0.json	665	146.81710815429688
72	636	2bef2e7c	c_2bef2e7ce9b8089a9e0ae3cf82f7625a5b93ed09_0.json	666	146.79690551757812
72	825	ac13ffd2	c_ac13ffd28c09afa1da96b60e2e41f646de87d4af_0.json	667	146.78565979003906
72	196	a83d5f1a	c_a83d5f1a692d468e71edd96801caa156492b4817_0.json	668	146.77359008789062
72	461	2c07dc3e	c_2c07dc3e05ec1efe3c696d4888421fd6d03f4c10_0.json	669	146.75852966308594
72	506	9a5d38cd	c_9a5d38cd5326963784b0d725f48d96298bc65f08_0.json	670	146.75723266601562
72	615	69418186	c_6941818600646156b47d59b2561ec423c832d647_0.json	671	146.7445831298828
72	363	2c257f64	c_2c257f6482dd7a9583538b7b0d4b3b0bef9417fd_0.json	672	146.6852569580078
72	432	38e20f43	c_38e20f43502027b897135e94e9119ae9341254ac_0.json	673	146.67861938476562
72	416	615f5301	c_615f53010b21d1c0946952e33773b885fe30440b_0.json	674	146.67861938476562
72	812	5e386d51	c_5e386d51f396deec5743ca9cc4e3f0e7559d3956_0.json	675	146.6570281982422
72	123	4a0e5a59	c_4a0e5a59e690f53f4fbeb16ef80ba5afe66bb744_0.json	676	146.65443420410156
72	7	4cbae5ad	c_4cbae5ad165b260c43f5c369517dff90a2139377_0.json	677	146.63925170898438
72	337	70b2cf9a	c_70b2cf9a73e38bd3831a8e196c84556275c3f588_0.json	678	146.6237335205078
72	754	032c9732	c_032c97320f4ca7256a60e7319b6354c62971702c_0.json	679	146.6138916015625
72	32	479e85fc	c_479e85fc44c56061a15b7b4a4f7469ed337f83e3_0.json	680	146.57644653320312
72	293	b320c9c2	c_b320c9c28c7223beedabb355d7837596cf0a1ba8_0.json	681	146.5603790283203
72	761	b919f01e	c_b919f01e4719631f2621c523d78777ba237be7dd_0.json	682	146.54344177246094
72	818	35e80a77	c_35e80a779b7908ddcd41a6a7df5f21b30bf999d2_0.json	683	146.54232788085938
72	646	616d3c40	c_616d3c40fe99402c4b1311a2af2819fe1ad52cfb_0.json	684	146.4999542236328
72	477	384bf2cb	c_384bf2cba16120166c5044f868096ab02599ac76_0.json	685	146.49819946289062
72	686	8a22a9d5	c_8a22a9d595d26f573d015a5348aeef34e50171d1_0.json	686	146.47149658203125
72	758	0b75415d	c_0b75415dd58f16c2f0fce92cf39e5429ef0ae9f3_0.json	687	146.4576416015625
72	676	65553582	c_65553582d184e18de10e496b0eaa53fbe206ba17_0.json	688	146.45108032226562
72	402	c75e9cc8	c_c75e9cc85d596ff08ae858da3c61d55e717607d1_0.json	689	146.43031311035156
72	561	e613360f	c_e613360fa4f0cd3bdfdece02d2bc1b58be640cac_0.json	690	146.4036407470703
72	607	32fc662b	c_32fc662b79efa351bf55118d9540522159df1c6e_0.json	691	146.39476013183594
72	657	3a7f39c5	c_3a7f39c507ed2b6809dc3a8bcc0a28ad19aab2f3_0.json	692	146.38743591308594
72	1	2bc42058	c_2bc420589478b3cb01398cd9eb233be25b73b7c0_0.json	693	146.36061096191406
72	143	0081d162	c_0081d162cca8ad23b500b53799195fec644f261b_0.json	694	146.34300231933594
72	94	e2c62cdc	c_e2c62cdc3cc8f265af6ea100b60964ac6336d6e2_0.json	695	146.33984375
72	494	574e76eb	c_574e76eb211b43ea792ac69955a0bbcc244965e9_0.json	696	146.2935333251953
72	205	6c28472e	c_6c28472ebeca802a22d8b4b775c381b7117393d6_0.json	697	146.2820281982422
72	349	5000be31	c_5000be31966a575f54d80ef85ee49ca1f5cb6ea8_0.json	698	146.2655029296875
72	151	027c4152	c_027c41520e029ae88e578cc9b28491a74d8bb25a_0.json	699	146.23167419433594
72	728	e38b916b	c_e38b916ba1ebd3f5c00a6b6b8e77a4cdfea2800f_0.json	700	146.20660400390625
72	722	6569bb7a	c_6569bb7a3671cb7241c6fcb6e0f1eef7a39f7a1d_0.json	701	146.20660400390625
72	291	c114eb05	c_c114eb0589d947dfe6f047c546380c3cfe413453_0.json	702	146.1967315673828
72	619	37ab504f	c_37ab504f88dbe95358898bbdaba626cd937a7ea1_0.json	703	146.16421508789062
72	589	b9c17405	c_b9c174056fa44d575e23b5759d13610eae685beb_0.json	704	146.16421508789062
72	0	e23559f9	c_e23559f993f64cf0f1720eac5c930dbaff0c8b71_0.json	705	146.1549835205078
72	606	95c64c06	c_95c64c063df3b14678a5064a02c0f915adc4138e_0.json	706	146.129150390625
72	335	d0418222	c_d0418222830f42f4f0c770e406f71454ea50e56d_0.json	707	146.11175537109375
72	353	d8c3f9cb	c_d8c3f9cbc6a562a7d23711d4c0f97f4e4758444e_0.json	708	146.0978546142578
72	453	f2fe1eac	c_f2fe1eac288eccbb34bf048c20b0406d7db9636d_0.json	709	146.07215881347656
72	737	6e295d44	c_6e295d4428e4f04baf65c704f00f3142b46f34ff_0.json	710	146.07009887695312
72	734	d3c58259	c_d3c582598890d1e5e31e4f26e8452ad2dbf40b47_0.json	711	146.07009887695312
72	401	9b85aea8	c_9b85aea847f85982b6f2d9d910e9112f771ab5a5_0.json	712	146.06277465820312
72	760	69073d98	c_69073d98de01dbfc5560068b4d2cd705c5933a4b_0.json	713	146.01451110839844
72	706	d3b8326e	c_d3b8326ef5d739d8df1de21f4a58bbeb04a2a88a_0.json	714	146.00315856933594
72	76	9bed789b	c_9bed789bfee6c6433945c0a3e2c710c897616888_0.json	715	145.98097229003906
72	380	fa9d20a3	c_fa9d20a3fb3060daaaa4f183a4be5cf27caf2583_0.json	716	145.9746856689453
72	576	f61ba0f9	c_f61ba0f9cf5f5fa82af0938f5f4b3c28a119649d_0.json	717	145.96075439453125
72	740	01779db8	c_01779db81c28933f4bffbfb2d530937a96a23b84_0.json	718	145.94198608398438
72	321	49eb02fe	c_49eb02fe329f0bf1bbc847f613c8aa147e6c5330_0.json	719	145.9299774169922
72	769	16b2ab8e	c_16b2ab8e25e6bea39ae04f9d310331e411fb2e65_0.json	720	145.91082763671875
72	685	6a8fcb2a	c_6a8fcb2a1eae6f1cc4f7ed91c92fbd2b8b8aa476_0.json	721	145.86859130859375
72	341	ad03c445	c_ad03c445e1384a2b7168c6889461f973b008317b_0.json	722	145.86209106445312
72	708	6ee95c90	c_6ee95c90cb737438b486cae6a199b326b20848d1_0.json	723	145.85594177246094
72	338	ae80e51c	c_ae80e51cf54971b6322b9b571734ffa5507c4947_0.json	724	145.8480682373047
72	842	ea00e065	c_ea00e065f6245a94f87becf7d6ea80c46bc21ef1_0.json	725	145.82839965820312
72	741	a79d5e28	c_a79d5e287a40634f0e41ee8371a742f57245d4bd_0.json	726	145.8259735107422
72	58	0eeefe41	c_0eeefe41eef0c037f514965618e7f9c2d2129d7b_0.json	727	145.74530029296875
72	747	fcd88070	c_fcd8807033d27e7591291cd5143d912dd94e09c3_0.json	728	145.7451171875
72	459	88730bf9	c_88730bf9f399aab6a150212faeea012598be9ec6_0.json	729	145.74209594726562
72	467	8627ba3b	c_8627ba3bde6edb7f91cf7122d7f8e9961096c4ff_0.json	730	145.70982360839844
72	200	20865395	c_20865395f255eb2cfefc1187822efe658ea83c54_0.json	731	145.6412811279297
72	774	7462c0d9	c_7462c0d9be34f6546520cf567dd5ea402c9cf329_0.json	732	145.62811279296875
72	493	311d2e7e	c_311d2e7e7123814364907b65143117efc3ddf92d_0.json	733	145.61297607421875
72	394	074d9bfd	c_074d9bfd5476d0430e75073fb27001f43435c081_0.json	734	145.60450744628906
72	46	43e16a60	c_43e16a608ddc00981c92cf3772c350c8b7e934dc_0.json	735	145.59872436523438
72	525	d84d6a14	c_d84d6a145fa09440803bf184f7ad405167463f10_0.json	736	145.596923828125
72	497	456a5545	c_456a5545fe7d79ca2851d9a24528972159d37f66_0.json	737	145.596923828125
72	586	e9919360	c_e99193605b688e923d20054c13db897cff751607_0.json	738	145.58763122558594
72	555	4c844c15	c_4c844c15ba2c784bdb75458d8ab81f929a97db68_0.json	739	145.58737182617188
72	714	2bca40cf	c_2bca40cf59bfda485f2fbf43b8bd66509a8f98ab_0.json	740	145.55735778808594
72	322	ab489018	c_ab4890183496beea6d4908c4adb672e15c1136a5_0.json	741	145.55130004882812
72	279	4a470a02	c_4a470a028e1f146c04695819c48b9ec8b7950f36_0.json	742	145.54193115234375
72	811	c63ccf83	c_c63ccf8324539deddab636dd3c8003201024af1a_0.json	743	145.536865234375
72	173	9824d000	c_9824d000c7b73f52a277dcc83b55602225154fb2_0.json	744	145.50051879882812
72	78	59d5e26e	c_59d5e26e6a0450ca74a9d696c6c1054f0837a5f7_0.json	745	145.49911499023438
72	148	cf3676c5	c_cf3676c534e92052acf870c71e2fa8fb9c060fe6_0.json	746	145.48736572265625
72	248	b9f9860f	c_b9f9860f43834de80d6acacad6dc76bd93140957_0.json	747	145.46661376953125
72	871	d3232135	c_d32321351ced83c7c2edff2abe4a8b2fa17a6bd7_0.json	748	145.4521942138672
72	856	4685bd09	c_4685bd091a690e219e629687bf84cc6f752eff81_0.json	749	145.43833923339844
72	852	7d8abb78	c_7d8abb78a1d0c4cdfa93e7e96e9b2e625486e99f_0.json	750	145.39205932617188
72	215	3091fd44	c_3091fd44859c3e5849fbc51fcab48342823276c2_0.json	751	145.38412475585938
72	254	b25f8506	c_b25f8506cc212c33c0779864448a2e870dc93f34_0.json	752	145.38272094726562
72	699	cc19d302	c_cc19d3029ab0db137da0e95cc55c20b131241cf1_0.json	753	145.37705993652344
72	280	21334edb	c_21334edbe26d02d8c9a882c6079f3fcfd179eb66_0.json	754	145.3616943359375
72	160	4b9bd67f	c_4b9bd67fcac532d7c1ed9553015f3ce1da75cce0_0.json	755	145.34310913085938
72	556	837d77f0	c_837d77f0b4d1adda9e769aba37d4253c116e0c31_0.json	756	145.28590393066406
72	81	a8ca1dae	c_a8ca1dae42c522d5c13c2bd7fbe3673507679ca8_0.json	757	145.2530059814453
72	93	ac809a4a	c_ac809a4a5e816e69ede5f18005a519f0436a31c3_0.json	758	145.24034118652344
72	190	e8e29ca1	c_e8e29ca111772980970275662e0027fa695d9f27_0.json	759	145.21945190429688
72	801	416ad294	c_416ad294fb97f594c05dda7da53733cea59ab0ce_0.json	760	145.21609497070312
72	427	2d56df2c	c_2d56df2c9060c889e35bf4c386429ad1b6cacb35_0.json	761	145.1979522705078
72	826	b27c4c14	c_b27c4c14aa90c23625b105d3140fe2bab42c1cd0_0.json	762	145.19378662109375
72	438	c3c952e5	c_c3c952e55f10b07dd9d4a9121db1b3828b0a1bc7_0.json	763	145.18832397460938
72	318	444b5cea	c_444b5cea6a4c02cecfd50e5d1ecaaaa389d05781_0.json	764	145.18124389648438
72	186	09d99e7e	c_09d99e7e5edc96348b9fa50131274aed3ee1bd2e_0.json	765	145.14053344726562
72	393	d55af671	c_d55af6718e4b1b4bcbea954616ce7fb2e5a8f42b_0.json	766	145.12771606445312
72	355	dd4b6822	c_dd4b68223f30d8142f26a13582d0b996dece6588_0.json	767	145.10841369628906
72	358	7dfce519	c_7dfce519e65d669edc8aec5dfaf8069905707b92_0.json	768	145.10841369628906
72	833	3a81df16	c_3a81df16aae71eef82e0074cb6e8953aea33dbb0_0.json	769	145.05429077148438
72	782	bae55f9e	c_bae55f9e99afed86b0d30caff999fd40c4268d48_0.json	770	145.05426025390625
72	784	07ce1cf7	c_07ce1cf7e37591038ed4e1a9ca966ba69350b5d0_0.json	771	145.0152587890625
72	325	f16c0c17	c_f16c0c17aa38ecff097f5fc50db7cd5e247c8737_0.json	772	145.004638671875
72	197	eec6bb02	c_eec6bb02b3ce782af30f72048b800b8588c1908f_0.json	773	144.98004150390625
72	339	f31916f5	c_f31916f55db7d57b67b71c469105978692b88cf5_0.json	774	144.90298461914062
72	87	95945f17	c_95945f173ca94f9ac6620011cb970707351f070e_0.json	775	144.89425659179688
72	766	c221cc8a	c_c221cc8ab03fe7a88982cdddb9e66cff546d29df_0.json	776	144.87936401367188
72	710	99286c89	c_99286c8986c92ef12861710c0cbf5cd51b8c93f0_0.json	777	144.83950805664062
72	711	31be24fb	c_31be24fb9312af091f7e751b6011b1ed5bb03795_0.json	778	144.77105712890625
72	527	02659375	c_0265937566f541e90933a6bd33192201095ecf4e_0.json	779	144.65994262695312
72	498	4a28f776	c_4a28f7766124469dbdd5ad6179fe84abff3cd14f_0.json	780	144.65994262695312
72	441	9779d0db	c_9779d0dbcfab0abdfad9b81c85db43543b797683_0.json	781	144.63832092285156
72	450	76903813	c_76903813da44b8971c9cd2beff41773376c6396c_0.json	782	144.63096618652344
72	520	a4c375d8	c_a4c375d8ef9d2a930b34a994719ebdbc076678b7_0.json	783	144.50424194335938
72	735	f41efcd0	c_f41efcd0277bd426f1c409f2fe23080926050abf_0.json	784	144.49679565429688
72	289	39915966	c_39915966a8b7329cdae21623f239e652fb6af763_0.json	785	144.46417236328125
72	288	64ec9cfb	c_64ec9cfb151f26e85c0c206ce6aba063695e47cd_0.json	786	144.43252563476562
72	244	8a7efe73	c_8a7efe7305057c6123ea4ae080016e58f2ad3aca_0.json	787	144.3854217529297
72	440	82200d78	c_82200d7847e72c176611fdfa738dac62a0f79b58_0.json	788	144.3678436279297
72	268	920ffd8d	c_920ffd8ddd2645c560d905c2a53340cdafe4f96e_0.json	789	144.3419189453125
72	245	6fb07413	c_6fb07413051d22873429606c0fe1db66c0571c0a_0.json	790	144.2984619140625
72	192	09b0d1b6	c_09b0d1b6008ee7fa4fa7cf6dbaa798d967254a02_0.json	791	144.29788208007812
72	518	bb16e069	c_bb16e0693819afb821bce6943d8cbd178266a63e_0.json	792	144.2540740966797
72	499	924c4807	c_924c480762e8af2ece8da553f7fe90244085341e_0.json	793	144.2540740966797
72	641	dcc35b70	c_dcc35b709ce6bc4ac48be4ed73a7251fe1613855_0.json	794	144.2451934814453
72	578	4ec4cf2f	c_4ec4cf2fc80c7faed010275d8a59f6e9decc33e2_0.json	795	144.19239807128906
72	768	040ce712	c_040ce712b73fcb3ff16b7d8dda1246ccd23a6988_0.json	796	144.17955017089844
72	211	2217137d	c_2217137d9254f124e01aa935628a4076f7478995_0.json	797	144.177734375
72	517	3c5061f0	c_3c5061f03f27f13dcf546c9752e424af715bb02a_0.json	798	144.166748046875
72	128	6c945b25	c_6c945b25b006e621a056c97ad75d80fcc04ff3fd_0.json	799	144.14349365234375
72	419	46cff80e	c_46cff80ed79e2cb1fc1c791c44f4213dea69d5c0_0.json	800	144.1323699951172
72	858	24121880	c_2412188026aa32491e769d6221c16a3bda6e897b_0.json	801	144.13143920898438
72	390	07a3c08a	c_07a3c08a7ddb06711c3d1b5b1126076a43efa6e1_0.json	802	144.11468505859375
72	283	277949e7	c_277949e7115059f6f0071e1b3418b6f6cbf48e48_0.json	803	144.08885192871094
72	16	ffde882f	c_ffde882f49c01900d6ff3b65e9407a3da3d57f1c_0.json	804	144.06661987304688
72	779	38049ce2	c_38049ce2808cafce3884c25c4613aaaff9f2d0d8_0.json	805	144.05838012695312
72	77	46e1e978	c_46e1e9780049f855ca60f2c32c594062358a3330_0.json	806	143.97926330566406
72	644	b831caaf	c_b831caaff8953023c91d66c21a9af37b7e5e8b88_0.json	807	143.95361328125
72	359	84ab3d3c	c_84ab3d3c2db81f0ef215ef1395d154a0e75c0040_0.json	808	143.94273376464844
72	257	cc494e90	c_cc494e90ae10aff90f1e7ad4da5dd092e23d53f6_0.json	809	143.9230194091797
72	830	32af6ba9	c_32af6ba9f1b15f89660645a7a27f89517a0890c6_0.json	810	143.8453369140625
72	147	97d203b3	c_97d203b3e70d9f2387fb6b11fb115b182e1f5e41_0.json	811	143.83888244628906
72	379	21759032	c_21759032d2b2b76e338d22c15d13bdf7993c13e1_0.json	812	143.8255615234375
72	504	16d2cc3e	c_16d2cc3e401a16b272cb182eaaa6f379839105ad_0.json	813	143.7723846435547
72	324	81d1fb98	c_81d1fb98e61ff42c856504b1427a700cda7707f2_0.json	814	143.624267578125
72	552	cda2c5d4	c_cda2c5d4ec1090b4e556e88d513b8b80d9128d37_0.json	815	143.5918731689453
72	835	6a284f14	c_6a284f14e1ddf238cbdab0cbf4e1c33dd5b81566_0.json	816	143.56475830078125
72	287	6dbe51b3	c_6dbe51b3f6d4db7a17fd103a5d2f138e5edafe19_0.json	817	143.46844482421875
72	319	c0d9ad62	c_c0d9ad62ef2363b39256b3dd31466c90ae53adaa_0.json	818	143.4535369873047
72	312	1bc34292	c_1bc34292ffd940a8936ed317a4bf617dfc66f0cb_0.json	819	143.41233825683594
72	870	e7692266	c_e76922661ce7d97c1730052f60062d1e2eb328c4_0.json	820	143.39840698242188
72	424	deaf9f6a	c_deaf9f6a51b928dcad619fd8300ee3926345d1ea_0.json	821	143.29373168945312
72	366	0ea12d3d	c_0ea12d3d662fab6adefa6d13a7ad017f793a2fa1_0.json	822	143.241455078125
72	381	c9bc0b28	c_c9bc0b285b7d4336c1c1f416fb44e0775d1505fd_0.json	823	143.15280151367188
72	278	25097669	c_2509766946d20c1339c56d5aa0970c522efd2417_0.json	824	143.14981079101562
72	463	d3705477	c_d3705477a13939f5e3f15c5422d2c67611fbb8da_0.json	825	143.06849670410156
72	25	1f3cfcfb	c_1f3cfcfb08a5e7454e61513389b814c7da6072ac_0.json	826	143.065673828125
72	311	dc0b7cb2	c_dc0b7cb2754e714a4e65553b7ef3d186f52d1004_0.json	827	142.94834899902344
72	229	9e2d3711	c_9e2d3711ff5f23e39b0f956d03c3a2b547239fc1_0.json	828	142.86668395996094
72	247	170c25f9	c_170c25f964066982cc0ce7cb5d9084d4b0dc4227_0.json	829	142.860595703125
72	564	23c2d42a	c_23c2d42a8b3a0b413c0f42cfc2f5f05ed0184c58_0.json	830	142.84872436523438
72	746	c43e4875	c_c43e4875338e95bd88fe9fe0ddcc5ba2f4e9c418_0.json	831	142.82400512695312
72	566	288b76ea	c_288b76eaf6c31bce34dd8afe180623051b91e338_0.json	832	142.76153564453125
72	241	f462438f	c_f462438f2ebfb354c823cd2c0b677b0674f0e80c_0.json	833	142.7220458984375
72	415	3232ff00	c_3232ff001c7c9d335e9bf5aea02ab12520cf3f01_0.json	834	142.656982421875
72	188	1342c611	c_1342c6117241469f0c376353798821105cf7cd02_0.json	835	142.6559295654297
72	533	b0244150	c_b024415094a0afbec69e605c5d75bdda4c200091_0.json	836	142.6333770751953
72	534	de941054	c_de941054022a153e8503710e9073fd258ee00ac3_0.json	837	142.59942626953125
72	262	fbed2413	c_fbed2413bf243300e38be8903c7be49d5533e261_0.json	838	142.43728637695312
72	819	a7749a63	c_a7749a63871a7deccc33e66a22574e98264ce807_0.json	839	142.4221649169922
72	250	b0c8d3ef	c_b0c8d3ef8e6fcf32a2cd38357c0f4ba9b351afd6_0.json	840	142.42079162597656
72	13	c84469e7	c_c84469e7d9e9cb48ab10a50d557d1a52d08f554a_0.json	841	142.35025024414062
72	789	1fd04fdb	c_1fd04fdb7be9ac08369394ef85537ad0ccaa2064_0.json	842	142.34764099121094
72	371	1d37cef1	c_1d37cef1d8367af963fee4dc99164708f5d3c6f8_0.json	843	142.2759552001953
72	565	f879638b	c_f879638bfa91af80ad02d9b0c92efb7a5fc86f2a_0.json	844	142.2001953125
72	374	002a4940	c_002a4940935a7545ed94f1b776e4d7f6bf6c2525_0.json	845	142.0558319091797
72	827	410c15f1	c_410c15f17dd04588f9f402c8d27cb7a6843f0da7_0.json	846	142.0491180419922
72	837	ad23b481	c_ad23b481e4c40fcc73c1fa59513b5a7ab0e271d6_0.json	847	142.00177001953125
72	320	e30ed5d3	c_e30ed5d35cbcb92584d7fee8ae862f3929e443d8_0.json	848	141.8824920654297
72	778	0db39c27	c_0db39c27585d52fc19084a8090face5249e2bb4c_0.json	849	141.79266357421875
72	805	cde6403a	c_cde6403a3c881403a7cf06f4d7d087464038daf6_0.json	850	141.78318786621094
72	86	d8dbde85	c_d8dbde85408a685075e5cbec0709877317393497_0.json	851	141.65902709960938
72	4	80ca2f79	c_80ca2f7994a5da3b502a639440128f3da7187711_0.json	852	141.65728759765625
72	704	ce7ceeec	c_ce7ceeec5bd729f7f300fce126bb856f7630593b_0.json	853	141.57362365722656
72	703	c850608f	c_c850608f18d6cf71d96713abed84def85f5bb8fe_0.json	854	141.57362365722656
72	713	49db84f8	c_49db84f8f2beb846fb8271fa20a28271afe37d90_0.json	855	141.51766967773438
72	510	eab521f7	c_eab521f7a26c072b117f72c4371f71e75eafc55e_0.json	856	141.51251220703125
72	191	7568b914	c_7568b9143d1688129350c1a6ff8ceb923b9e4731_0.json	857	141.3973846435547
72	391	231aab61	c_231aab61e228513853d08374e188217933f70986_0.json	858	141.34970092773438
72	82	a9768aa5	c_a9768aa5d5a9c9dd427d589ca3e1494786cfcb12_0.json	859	141.0223388671875
72	103	8c211dc3	c_8c211dc36f541f385b3de99edda9779c3a81a4ed_0.json	860	140.96160888671875
72	236	2f5b1878	c_2f5b1878624b28c268e337fcb2748dbc249c5e6d_0.json	861	140.74581909179688
72	296	7eefa1b5	c_7eefa1b51eb9fdc36b0762c0bbc417aff4b19a39_0.json	862	140.71340942382812
72	187	ff329d58	c_ff329d584a733c7fb58bb378a752541a7838fbd2_0.json	863	140.6910400390625
72	850	3c697472	c_3c69747280c04ebb3f1df1863bcfbe5f14150c97_0.json	864	140.65859985351562
72	221	2e22a341	c_2e22a341cd460a58d3f70ed8bf77bef53e9bec0f_0.json	865	140.5498504638672
72	488	d6518550	c_d65185506919c50de85e766771898fdbd054e77b_0.json	866	140.3546600341797
72	271	cbc1cf34	c_cbc1cf3469f842ff44155b4ebf3fbd15ec95fd31_0.json	867	140.30804443359375
72	346	f2535d70	c_f2535d705491ba6a582abff96ba77dc1144f64a5_0.json	868	140.2386932373047
72	448	ea41269c	c_ea41269c6e317547a42b57e816d05fb1780abdff_0.json	869	140.11209106445312
72	583	c0325891	c_c0325891a1b7f8e101593b42b8b3c75fff73643b_0.json	870	140.0537109375
72	854	2b488261	c_2b488261f65629bca62d633057566b1dfdd3038a_0.json	871	139.9665069580078
72	447	07df0dea	c_07df0dea236d2fce4980dc3878bdb42920faf8b9_0.json	872	139.72286987304688
72	388	8633b014	c_8633b01428e9b4ad3df37b5d3530f2c5c963a698_0.json	873	139.52212524414062
72	348	3592968b	c_3592968bc03a914ea69506b7b25494b344860274_0.json	874	139.37173461914062
72	601	85c83565	c_85c835652321262a86d9d32eb20f87c231954bda_0.json	875	139.03955078125
72	794	bbe9c974	c_bbe9c9747def8b62c5342a93ed6e47a872b191b9_0.json	876	137.97422790527344
72	795	3c44a732	c_3c44a7329ffe8208f6ab2e1a4df51e4fc1de1e8f_0.json	877	137.97422790527344
