44	142	dc281aad	c_dc281aade638262f08ba15ed2dad734caaa1c8f1_0.json	1	178.7200927734375
44	244	c1e89d45	c_c1e89d452cb5aa633a0ae6c3371dfcf7fc737c08_0.json	2	178.50123596191406
44	660	267a334d	c_267a334dbf83b5e56022caeb7f6a19183aff5c96_0.json	3	178.42298889160156
44	571	81af6235	c_81af6235ee8311376d1c8618651763f7ce58e1ed_0.json	4	178.0853271484375
44	151	176337a0	c_176337a08df2970aad504f436663a363eb29495b_0.json	5	178.04490661621094
44	788	ead7019c	c_ead7019cc23ea1ec60f0cf1777ed1f85c0925c34_0.json	6	178.00674438476562
44	782	9bdacbfb	c_9bdacbfb9631d3a3710a64f35482c643b78a2e79_0.json	7	177.6369171142578
44	665	010795ea	c_010795eac7c30c7a668b77339debd7546edc9ac4_0.json	8	177.36985778808594
44	873	5e49d8ad	c_5e49d8adb8b33104ad25245cbb7434400e85b539_0.json	9	177.1834259033203
44	308	0ef0fc40	c_0ef0fc4055af5da7659b7bc229071f92c6609038_0.json	10	177.121826171875
44	793	1dffeb0e	c_1dffeb0e94e75f7166c9d920c7ae71609746ac46_0.json	11	176.51943969726562
44	86	c3a33052	c_c3a330520888c81eb87482b1e15c6cb6651b620d_0.json	12	176.50888061523438
44	438	292e1851	c_292e185188ed2d8a1c2d1a13ef0c5f4f28a7aedf_0.json	13	175.82212829589844
44	138	ad3908ee	c_ad3908ee8ec691b619b84a4abaf9bb2c7c2e8233_0.json	14	175.8109588623047
44	332	39fff764	c_39fff7643ccbc3b8d4441ad6afa0ea7240ad7575_0.json	15	175.73289489746094
44	611	9dd152d4	c_9dd152d46cfd2c5153c44691f424c8660d422346_0.json	16	175.69122314453125
44	492	5f8c26ed	c_5f8c26ed10e0f947aa8d7e7b9f0578741f500493_0.json	17	175.67449951171875
44	631	69721624	c_697216246b1a0da9f0cdd860bba14ee8ba22e380_0.json	18	175.62393188476562
44	345	6dfdfb5d	c_6dfdfb5ddb465252644c6f80e6b13abfd211ef29_0.json	19	175.59678649902344
44	694	5dad1126	c_5dad11262d3331060cdb5fe1081079bdb5696f3f_0.json	20	175.55084228515625
44	43	d1789e66	c_d1789e669d7abff2e9a8cf57110283d344d496cb_0.json	21	175.44017028808594
44	808	0d6defe9	c_0d6defe95b3fc620943343d3a56cec131950c33e_0.json	22	175.3423614501953
44	807	e10ce2c3	c_e10ce2c37a9dd72efa8b8d706067c6960276933c_0.json	23	175.2606964111328
44	62	5d9f7b42	c_5d9f7b42a7f03e7b4028cc9ed3946690ab92fc89_0.json	24	175.18472290039062
44	558	50062593	c_5006259373fb90fa5fb029a6c620a4d2fcdeabfc_0.json	25	175.15431213378906
44	641	072d7943	c_072d79430045af9a52e5837c1bf266502a6eecc8_0.json	26	175.14395141601562
44	748	aa1a75cd	c_aa1a75cdb63f172c61f6a319c98d57038ae0dccd_0.json	27	175.0480499267578
44	458	1da1cb55	c_1da1cb55f74bd55058ff33290c7c04ad8456bd1b_0.json	28	175.04478454589844
44	348	6273f3a6	c_6273f3a6b804aa845747c8859d659373b14199e1_0.json	29	174.98052978515625
44	892	6a12f487	c_6a12f48750b8e4ce35d741150d3553e761039f1b_0.json	30	174.95828247070312
44	649	65c2498b	c_65c2498b3fe2c99e71f79d09454c3091028551ce_0.json	31	174.9381103515625
44	343	a6537fc6	c_a6537fc617b7a138f42903a5f0ae5bc57f13ba7b_0.json	32	174.91700744628906
44	897	3f7f7685	c_3f7f7685ad2ae43c920dbd224299c53585c308b2_0.json	33	174.8732147216797
44	474	f618fa22	c_f618fa226dbf96860e0ac71ba01e88c620467e21_0.json	34	174.78196716308594
44	234	52fcfa0f	c_52fcfa0f254c3da087c408b20b9877677ae6e626_0.json	35	174.76568603515625
44	291	63aa078c	c_63aa078caa660f235efb28e17b618411057ad8e1_0.json	36	174.75289916992188
44	709	bc84d208	c_bc84d2083e4b1da77547bb4e810a06553e8f0bed_0.json	37	174.72817993164062
44	621	dfea8360	c_dfea8360996daab340502f3497b5050f3a11fbf1_0.json	38	174.65631103515625
44	543	55960b16	c_55960b16dd08b9833e33c8927399712bd9beadb9_0.json	39	174.5565643310547
44	796	0e1bea15	c_0e1bea15caaee81e489dceeb7b863ab2e1bf9275_0.json	40	174.54150390625
44	710	432543da	c_432543da69b1667e5d92186551b50b7ab9ec1307_0.json	41	174.5410919189453
44	94	ca01ec47	c_ca01ec476d1b2bd659ec7400fd55635d62b64b52_0.json	42	174.51722717285156
44	419	2b209939	c_2b2099395b165cc549232570213ef63cfcf8c10c_0.json	43	174.50840759277344
44	696	5c136a3f	c_5c136a3f9089fd8b787258462b40cb057195b5d6_0.json	44	174.4937286376953
44	168	952d0fc8	c_952d0fc8a2021c9ef4d931354f0451c1e7b3693b_0.json	45	174.47894287109375
44	539	6e6454e5	c_6e6454e5cc864dda2d0b4e1f74610576a14f0f1b_0.json	46	174.46353149414062
44	455	03e94a45	c_03e94a450fcd6e8b4d185caee3cb6b693c34d8ae_0.json	47	174.4514617919922
44	312	8b2cfc2d	c_8b2cfc2d49ce8e8ca07c991befbcd466c251cec8_0.json	48	174.4324951171875
44	586	d89c3738	c_d89c37383183d32b8c20587ba2bf362a1e9f0569_0.json	49	174.41500854492188
44	242	a427dfda	c_a427dfda5bc4c5e43cc9fd40108f28f2fcfabd80_0.json	50	174.39805603027344
44	453	1154e7bb	c_1154e7bbd4be91f3383a93b0a1b5605efc640eec_0.json	51	174.38987731933594
44	425	e0692eca	c_e0692eca48f9b86131d41ec6697c7f2d14715b0b_0.json	52	174.3896942138672
44	139	eeef2420	c_eeef24203a7fa3d9f20c209f01cd1a3aaa7c48d9_0.json	53	174.3372039794922
44	756	04173636	c_04173636b705ae43c29e22f52b8b75a1136ffddd_0.json	54	174.31851196289062
44	299	f2674c4c	c_f2674c4ce113c632f7477dfd3deb814ec7ccc256_0.json	55	174.31459045410156
44	749	cf206ca8	c_cf206ca8268f0526b43445eb5baa6d298b52dd9c_0.json	56	174.30517578125
44	50	890a7e05	c_890a7e05ef4900f5ca2847060f8ea0e491f5a50d_0.json	57	174.2689971923828
44	689	e244ef5e	c_e244ef5e6fc7745099d13dea1a234d35c6d73268_0.json	58	174.24948120117188
44	872	d4baeb15	c_d4baeb15bae488bb7cf534457a9ef65922cb3564_0.json	59	174.24554443359375
44	801	09b8f6d7	c_09b8f6d78e18b927491fc299973146fa74fd977f_0.json	60	174.2357940673828
44	625	fb06e3ac	c_fb06e3ac868b995d3d387c8f160bd28cdb66b539_0.json	61	174.2349395751953
44	159	cf373458	c_cf373458eb7696c657a19757da932686a26b41c8_0.json	62	174.23423767089844
44	602	6a301f88	c_6a301f888ef12c4088b774c423c8dad37badff67_0.json	63	174.2264404296875
44	638	4b27ac73	c_4b27ac73374369eb62623d81171d9ac72fb909bc_0.json	64	174.22093200683594
44	737	10f26cba	c_10f26cba7ea32ae321749e182937f0b5b5cf42fc_0.json	65	174.216796875
44	400	e7517b8d	c_e7517b8d5d43910f4317a64f549d58b2db21a64c_0.json	66	174.19351196289062
44	837	3161093a	c_3161093afffc6958a0139f1861371ae201e4f3f7_0.json	67	174.18045043945312
44	795	05292cca	c_05292cca5d0c5d284c883676c2730f1c31945b25_0.json	68	174.18014526367188
44	329	e740b869	c_e740b86904ffe3ed6925cfa5514912bdb053beb7_0.json	69	174.14309692382812
44	426	7cc558b7	c_7cc558b72acd1c6ebf0deef52d3bec78f4d7b69b_0.json	70	174.13980102539062
44	858	b0d2bd6e	c_b0d2bd6e3645a73adb0eab0d97e9afac5a40da7d_0.json	71	174.13540649414062
44	879	afb5df5d	c_afb5df5db3c52da18f8e8ef4d6142eb0340b5777_0.json	72	174.1024627685547
44	806	92d8c57a	c_92d8c57a90b7fbdd8c3fd1304db2b513f57bbb02_0.json	73	174.07237243652344
44	717	1ffe1b18	c_1ffe1b18969edbf44b87d3b98b2592e6fe165710_0.json	74	174.02255249023438
44	294	4bce1fb1	c_4bce1fb1a4774dca5b05d6c1c783603c910e38ed_0.json	75	174.01937866210938
44	435	bd7d5750	c_bd7d57501c5673e39fe4e569aabd0b81906f8774_0.json	76	174.01431274414062
44	823	33056196	c_3305619691ffd81a85ae5b296783eeff8f8c8809_0.json	77	173.9954833984375
44	296	b69329d8	c_b69329d8c5b677021278fcb5ce4c3db77e84fc48_0.json	78	173.9538116455078
44	803	e2cf412a	c_e2cf412a7856a7a9f314c3927df2f5a04f42177d_0.json	79	173.862548828125
44	277	9567f87e	c_9567f87eefab9b9219080acc8cee3a2b1ec83dde_0.json	80	173.85836791992188
44	224	489f6f5f	c_489f6f5fcdcd55b336a288f993071a6f27c11104_0.json	81	173.85433959960938
44	76	90a05f7e	c_90a05f7e6428d3cdf1a3c159bd166372b7a2a787_0.json	82	173.7924041748047
44	379	307bf542	c_307bf54277772f95aab1d9e6d32c0e404882c39f_0.json	83	173.77891540527344
44	713	40f2e638	c_40f2e6380094ebfdc73e4adaf4059b80e1327aad_0.json	84	173.70510864257812
44	183	99696bea	c_99696beab393fbaf96cf040c64b798c76e921cd9_0.json	85	173.70425415039062
44	744	39c93f49	c_39c93f49db5bc064eba73478c339c5aee61de3fd_0.json	86	173.682373046875
44	200	5d3f5136	c_5d3f5136c3dd3b5ca1404cf26c1be87e7aa6cee8_0.json	87	173.66122436523438
44	695	c4704beb	c_c4704beb32d23eaeeff9147055aadc6fbc38c5a4_0.json	88	173.65615844726562
44	344	36089916	c_3608991616066c9c6dab1d19ca5591dc41a1360a_0.json	89	173.6471405029297
44	219	fa526cb4	c_fa526cb413683d47f8a54cb905dc8ff911e41e57_0.json	90	173.61203002929688
44	240	91488bbb	c_91488bbb706442ef38e5ac57b789540377d5a608_0.json	91	173.56936645507812
44	428	98e8e5ad	c_98e8e5addf8369cc92d1ceda1113009316d86c11_0.json	92	173.5559539794922
44	127	5239909e	c_5239909e088fe258cb4c665e4c1a3839189ed016_0.json	93	173.51220703125
44	410	b11dca2f	c_b11dca2f006da939879c9729a8af09f8519df007_0.json	94	173.494384765625
44	478	050db3da	c_050db3da30466df67787f59c8d4d035cde17c79a_0.json	95	173.48831176757812
44	2	25b0c390	c_25b0c390ca19d99db54b8e5db7fe94ad7ede579c_0.json	96	173.45391845703125
44	267	346ee425	c_346ee42561c3c3b8711182b74c5185d25738e688_0.json	97	173.43234252929688
44	656	41fc7c55	c_41fc7c55370e2525a8672d7fa88dae74b3b7717c_0.json	98	173.4309844970703
44	288	dfc7eec7	c_dfc7eec7ba7ebf171a3f8dd3afde3219fdece760_0.json	99	173.3590850830078
44	270	7a011db7	c_7a011db73e88b1692c89bcd50fbb523090343d60_0.json	100	173.3397216796875
44	454	02e2be6c	c_02e2be6c590a474f0db5065c375c5e27d1c8c763_0.json	101	173.33151245117188
44	592	4a82530a	c_4a82530abb49b5100cb85e3b33fb5b1a79da569b_0.json	102	173.27783203125
44	608	e1f851d4	c_e1f851d42a9ec48a4d01265921c106c5abc48b8b_0.json	103	173.24807739257812
44	158	34aa1556	c_34aa15562a5853e333b7228f4c4625f7c3286159_0.json	104	173.2373504638672
44	309	4423573e	c_4423573ec5b84e179da9d94e06d30f0ff1f38360_0.json	105	173.22055053710938
44	323	479a349c	c_479a349ce8cb36e505074cce78f51b239e2227ad_0.json	106	173.21461486816406
44	528	86590883	c_865908836ab2a9e22a4c3f875736ee56eab5e351_0.json	107	173.206298828125
44	231	d09177b9	c_d09177b98f4e956c1d366110f73c3341ea110bee_0.json	108	173.2041015625
44	616	b64aa8a7	c_b64aa8a7bc99fbc4a97e09af83429d5d289fe510_0.json	109	173.19667053222656
44	414	2dca6610	c_2dca66105a3ec80f99a48ed8c43e3988cc86e84e_0.json	110	173.18350219726562
44	112	cd6b98a0	c_cd6b98a0a46b851138434ed2a75d77f4ba8ff3c5_0.json	111	173.1776885986328
44	73	c828c1de	c_c828c1dec5de089b43c6c9d2824814baafc3146a_0.json	112	173.1658935546875
44	176	008ca948	c_008ca948dadacea8d1a2662c577fdcb25f32d5e2_0.json	113	173.14991760253906
44	424	734e6f78	c_734e6f780498f63263090fb88d19421300ff40d0_0.json	114	173.1399688720703
44	107	89ae6ae1	c_89ae6ae1249f7e41686f42c69e24036da96625b4_0.json	115	173.12457275390625
44	430	c37c629d	c_c37c629de73830587270c57ecc70c1dd83aa68b2_0.json	116	173.1230010986328
44	431	c640fab3	c_c640fab393e3d32afe367c4b0bdc8e961452caca_0.json	117	173.091796875
44	238	253196a0	c_253196a091c9e38cdb1f02246a54ccf639ad98d7_0.json	118	173.07701110839844
44	353	4c9360ef	c_4c9360efa899ec94c7df4bb622e5a99b68f18967_0.json	119	173.0022430419922
44	16	29ad7db7	c_29ad7db7d71c5fd9770343e5bdae1893a5ac519a_0.json	120	172.9691619873047
44	246	b12d25fa	c_b12d25fa4c29038c6875849b4ae2edc5622590a0_0.json	121	172.96627807617188
44	360	7ae0eec9	c_7ae0eec9b2f17265be850ce49f987f68abfcbb45_0.json	122	172.9547882080078
44	155	004124ac	c_004124ac5dbf5edbf925078652526267468821e7_0.json	123	172.9522247314453
44	567	69ed6e58	c_69ed6e58b8e2c1a985c957b161a2688271b17c69_0.json	124	172.93833923339844
44	72	3f9bcc69	c_3f9bcc6928539331f042830387032dc8240a50c0_0.json	125	172.935546875
44	100	b8753c06	c_b8753c0627b5d8e73ddd04b400c7501c15f18e2a_0.json	126	172.93408203125
44	265	180789a3	c_180789a3c3f698c475f26fd408974eabd3671117_0.json	127	172.90359497070312
44	264	26387a16	c_26387a16979727363b3eb61c6161be73c95ecfaa_0.json	128	172.8979949951172
44	472	29b210f0	c_29b210f053246190fd503bc2938a7a260f69052a_0.json	129	172.86758422851562
44	347	d170f34f	c_d170f34fa65e19b604f5a9e04e6ed5f81d35658c_0.json	130	172.8543701171875
44	129	a942bdf9	c_a942bdf9758065901690e9d87eab92a6dcd1470e_0.json	131	172.84239196777344
44	441	30e1cc85	c_30e1cc85c49860d3f5f26d35c7a90e840f3efe95_0.json	132	172.81898498535156
44	864	60f4ac24	c_60f4ac24f9d03ff26789002138bb71f227e1526b_0.json	133	172.81185913085938
44	140	60de87b8	c_60de87b833bbe40a8d0855c726f502c9c71a477e_0.json	134	172.79400634765625
44	260	26d12c52	c_26d12c5255694810aa8a21381ffc5381229f5df3_0.json	135	172.7755889892578
44	307	c75d2d32	c_c75d2d325a0137707166f94a831ff73413ed7ba7_0.json	136	172.76455688476562
44	77	c30b5884	c_c30b588493d4fae79e020522ecb784d9210fa9d6_0.json	137	172.76419067382812
44	483	d7398f46	c_d7398f46ccd552eb315d94bf652cc264ea21799a_0.json	138	172.76309204101562
44	836	79a7d826	c_79a7d826698725fb919af08aa3d99fb52c7fe816_0.json	139	172.7502899169922
44	61	5e5804c8	c_5e5804c848a660825e853f1aa9da672f9318edfd_0.json	140	172.74609375
44	352	c69371b0	c_c69371b0d871acc69dba91e557ebccdfd6a28e29_0.json	141	172.7425537109375
44	427	23e7ed84	c_23e7ed842d1182d1424fc75335bd57115a084f6e_0.json	142	172.72401428222656
44	66	dff90015	c_dff9001560b49c623a47386b0e706397b9038841_0.json	143	172.6998291015625
44	878	a20cf4b8	c_a20cf4b83cc75f02ec6c119d256ac7daf1d4ca17_0.json	144	172.6700897216797
44	9	90595018	c_9059501876ce6aa36e4e6d429556c3e88cd50d4e_0.json	145	172.66204833984375
44	128	b4c440e7	c_b4c440e7dcb24e53c60529fdf44d569b82565391_0.json	146	172.64060974121094
44	540	aad757e4	c_aad757e4e9da71c5df4abdd7dac18227dbeeb075_0.json	147	172.60072326660156
44	81	a7049abc	c_a7049abc85c6f318de9e466457d97e52418b6ea0_0.json	148	172.583740234375
44	65	bd9e3bb0	c_bd9e3bb07d267146ee33ea539de0e4aa02095c19_0.json	149	172.5749053955078
44	702	a933173f	c_a933173f486614073b68b6c0a6ef09a9c72c94fc_0.json	150	172.5528564453125
44	693	34766064	c_347660646cfad588481c13058842d49fa3779f84_0.json	151	172.5474090576172
44	863	340a3442	c_340a3442abb37a188a005f01f9c37e525698cbac_0.json	152	172.53231811523438
44	814	4497c3cb	c_4497c3cba901cedc1c201a04aaeda4555d0e46ae_0.json	153	172.52696228027344
44	377	f84dd362	c_f84dd362bbf15c19cb5f3a3b4563951ba529f585_0.json	154	172.52548217773438
44	279	16b557d1	c_16b557d1ac9d592e73dfd73c92169fa7084ed6e8_0.json	155	172.51898193359375
44	404	2e3acfa7	c_2e3acfa74073a601e3f6ed7bf5ff201a9d843346_0.json	156	172.50228881835938
44	579	cadc527d	c_cadc527d7d2a9841131597ba3a6116ead76480c0_0.json	157	172.4835662841797
44	204	6140bf0a	c_6140bf0a6d1cde677fadb3314ba718610911e386_0.json	158	172.47779846191406
44	886	c25c8df3	c_c25c8df36b2bd8a4afe2701c246ff7060de2f00e_0.json	159	172.4736328125
44	575	1e708a04	c_1e708a040893a987b9d03bcfa422c5a79e09a2e6_0.json	160	172.4569091796875
44	227	e0b8b949	c_e0b8b9495baf6d69ba7d773539faec09405c6014_0.json	161	172.45277404785156
44	286	669c7a59	c_669c7a591099a77ef75a8e50f435c6ae6cada266_0.json	162	172.45004272460938
44	591	3553cda8	c_3553cda8108998a2340591056ad0b2474079214b_0.json	163	172.4468994140625
44	485	c98944ab	c_c98944ab5887ce056fc55f00149b92c72306d98c_0.json	164	172.4347381591797
44	479	948e342a	c_948e342ade89fa9efb2cfddd9aea40a82e9b34f9_0.json	165	172.43429565429688
44	789	5b0d41a5	c_5b0d41a55655e62b599b3f132a52c2aa520847de_0.json	166	172.42315673828125
44	853	284b0450	c_284b0450f2c3e645a688413aafce5be5d3bbbf41_0.json	167	172.41693115234375
44	555	c5396e0a	c_c5396e0acd268bd112401479260ea4333785a11d_0.json	168	172.3949432373047
44	893	f62cf85e	c_f62cf85eecf7ce4f3ebc595e00cef36e93f85fdf_0.json	169	172.36672973632812
44	733	e345f556	c_e345f55644b2d9016e603f6f7320022102c461d8_0.json	170	172.35487365722656
44	164	e787a37b	c_e787a37bdb2e390a488da88b072d4a10ab776f8c_0.json	171	172.34417724609375
44	587	1aea86eb	c_1aea86ebaeabc30f303e22b2621a2fbb6009974e_0.json	172	172.33372497558594
44	581	d8703230	c_d8703230cc23d7c44c8ab694922ebc453144045f_0.json	173	172.32508850097656
44	601	1b915c70	c_1b915c70e03035b23b5f1199baf4502437686071_0.json	174	172.31640625
44	259	b4e2915b	c_b4e2915b1a395e4b9d142e460b3482d9a5c319c4_0.json	175	172.31202697753906
44	658	fdac1475	c_fdac1475918e93444b08a024d096b4ec39d6733d_0.json	176	172.31044006347656
44	433	145d8761	c_145d87616031a401bf41eefc6ce475de74aad7ea_0.json	177	172.30450439453125
44	521	3f1a7c49	c_3f1a7c496cb915dd2f4205fe236f5b6a633dd4b8_0.json	178	172.29638671875
44	661	64f00223	c_64f00223518e8c79aad1db34cbf59e4b99b09250_0.json	179	172.28419494628906
44	913	1c8ff15c	c_1c8ff15c8223ba13d0585c9f627feb3270e52aee_0.json	180	172.26683044433594
44	366	545bfa8f	c_545bfa8fe466c13428a84afe8c3024b18318949b_0.json	181	172.25509643554688
44	491	60d6b6ac	c_60d6b6ac126ce3b4b1c83e537f26f564900e2eda_0.json	182	172.2449493408203
44	720	20e860dd	c_20e860dd69c1f14f5710fbb1ff73e4afa19f32fc_0.json	183	172.23651123046875
44	534	41556704	c_41556704f705764fc0ef179421f39242c00f66bc_0.json	184	172.2176513671875
44	604	cb377817	c_cb37781779d46be803d75fec52aefad5b61be8ec_0.json	185	172.2096710205078
44	253	f7f6b188	c_f7f6b188661d473a66b9aa21fae5a4cc11240bed_0.json	186	172.2095489501953
44	247	3d41c65f	c_3d41c65fc3d7571dbd97e92479951fdd92dacc2b_0.json	187	172.20855712890625
44	300	3126e379	c_3126e37959ab98759c5c6e6dca52e6afe857325b_0.json	188	172.20326232910156
44	249	e124cb4a	c_e124cb4ae76a634b66a5df0afc03ede5a63ec17c_0.json	189	172.1911163330078
44	169	31d002ba	c_31d002ba96322e570f345fd813a727183e0cbd17_0.json	190	172.17921447753906
44	245	fec51a15	c_fec51a1551f6657e29aaa0438abc1e68285577a4_0.json	191	172.17019653320312
44	572	3466783d	c_3466783d6e0c1f4ae6dc690a7ea808a9933cf004_0.json	192	172.16262817382812
44	355	c9a47d00	c_c9a47d00e50f09c1d454afb236d0ee660d4eb6ee_0.json	193	172.15321350097656
44	657	ec0db741	c_ec0db741b7e53d6fbe3887f8720f76a625d2277f_0.json	194	172.15150451660156
44	501	7a76c479	c_7a76c479371ef20f604eb1f1f2fca9f1b2b8f74a_0.json	195	172.14315795898438
44	735	81e26788	c_81e26788d10299b06204e9fbc57b7a72ca1ff34b_0.json	196	172.1354217529297
44	496	6eb19825	c_6eb198253c230677daf0775da098be73bd6113c4_0.json	197	172.13385009765625
44	840	7181d54f	c_7181d54ff1170865f066a41f7e2568be34f3a749_0.json	198	172.1248016357422
44	815	a2f978e9	c_a2f978e97f13697e7adfddc3f96a9131803db679_0.json	199	172.1192169189453
44	423	a33505b5	c_a33505b5c6bf810025567b1c6ce244cd1c85f078_0.json	200	172.11831665039062
44	889	93a15dde	c_93a15dde57abc1953d889abe5aa84341c835bbb8_0.json	201	172.11427307128906
44	23	2fdb9637	c_2fdb96371d4619deb291979b45c9403d5e09f151_0.json	202	172.07814025878906
44	33	10057aac	c_10057aac61beacfe42b95e89ec4948b1dd226dc4_0.json	203	172.06790161132812
44	732	96292659	c_96292659a4ffff2950068ad8b262efd61136c2a5_0.json	204	172.06520080566406
44	337	19360c35	c_19360c35440e4ae579c75b2680bb6a8ee364e641_0.json	205	172.054443359375
44	568	d3218298	c_d321829894b49a1f69cf396b596098f4497735b8_0.json	206	172.0243377685547
44	650	8aeba821	c_8aeba821862851375f38ba563ce3629624bceab1_0.json	207	171.99993896484375
44	141	1d3d6eae	c_1d3d6eae886372acd71f1bd1c4985a1a34fefb80_0.json	208	171.98768615722656
44	237	d92df029	c_d92df029458e1edcdb93aee4b002622e75f0c35f_0.json	209	171.98275756835938
44	494	8c2e5e69	c_8c2e5e6914255b0b8703b350033f7f609bca63ff_0.json	210	171.9796600341797
44	18	be5d8aa9	c_be5d8aa9b6449789a4b580d636ef36770ca5d5f7_0.json	211	171.94447326660156
44	495	dba2c5cb	c_dba2c5cbdf4a0fa0030129cf65e82c36b54c3fa5_0.json	212	171.9244842529297
44	442	d7ea9ff0	c_d7ea9ff05a28a73508b57f369a0b06b3fab46479_0.json	213	171.92367553710938
44	640	624a89a0	c_624a89a0f6faaf09b18faa9b820c03deb9c84bd7_0.json	214	171.90731811523438
44	838	93e861d2	c_93e861d21f55b8e6d066416143a252ee17302865_0.json	215	171.90306091308594
44	515	ae2b4367	c_ae2b436727f218ee2b05b789e67f077a71d60869_0.json	216	171.9013214111328
44	328	c387c445	c_c387c4451ae8a7c6fb8529ceb7ff5b8d27934096_0.json	217	171.88870239257812
44	847	2f69e63d	c_2f69e63d0a6ad2d5a527434f679c4c783fda271c_0.json	218	171.8845977783203
44	526	6c5f04b0	c_6c5f04b0f4489aab92cb3a178b59ab4392bfd9f5_0.json	219	171.86257934570312
44	566	7cbbf6a1	c_7cbbf6a1a8053c06fd1dc41cc6b970daad123154_0.json	220	171.83331298828125
44	363	18728856	c_187288561476ed8574aca79debde80c01afd56cd_0.json	221	171.80027770996094
44	791	ab456436	c_ab456436d20f386641e605c17de24cc8cd3c1770_0.json	222	171.78762817382812
44	746	f331a7d1	c_f331a7d122ea31e844b16e37ff1711b633aa6214_0.json	223	171.77096557617188
44	881	9ad93a93	c_9ad93a932d19c46edf40d8e48f843877fa60de48_0.json	224	171.76190185546875
44	779	b417df38	c_b417df382f5621314dd0c9d738239d8c2de3ca52_0.json	225	171.73040771484375
44	335	01399021	c_013990217ca6a3c4f911370606353f819ad99eb3_0.json	226	171.7275848388672
44	557	6d2b8b5e	c_6d2b8b5efd1cb68986bb8965f3c4b794ae14bddf_0.json	227	171.711181640625
44	104	eadbe116	c_eadbe116f9d59b38acf2aec9c4de43e5c5f68d49_0.json	228	171.70309448242188
44	3	10b88e81	c_10b88e8195edc9d408d3f2b6cd17158d2e607e37_0.json	229	171.69793701171875
44	570	a47f6e54	c_a47f6e5415b01bb77c192f45bedef77f75932f02_0.json	230	171.69789123535156
44	745	2a36651f	c_2a36651fbdd822b97efdb1a04788b8fcbfa47cf2_0.json	231	171.69007873535156
44	165	ad925619	c_ad9256190228b8b02b4e653a2f3f4bd6abe9fe33_0.json	232	171.68405151367188
44	747	d7119be6	c_d7119be63642c0cc862e636071b96daaa0b99ec0_0.json	233	171.68051147460938
44	738	ff9cca11	c_ff9cca110bd518153473befc3eef87b0cb117d31_0.json	234	171.6388702392578
44	221	eaa3fc02	c_eaa3fc029910f1051f1dcad40229ce83eaf9dc3c_0.json	235	171.61688232421875
44	588	46701aad	c_46701aad76232fb93c31a69b4e02ef598bfd51f1_0.json	236	171.5877227783203
44	703	b4108683	c_b4108683e6d0c11a6cf2e8f59210906821264e03_0.json	237	171.58123779296875
44	862	d9b55961	c_d9b559615109e94e6e7cad91e4f6dfa891f51e82_0.json	238	171.56692504882812
44	241	cf003d18	c_cf003d18be852d0a19220a5e9ce7ef4b107ef8e9_0.json	239	171.56346130371094
44	281	9e98de92	c_9e98de92ce690adc07cc514bd214a3fc3575c730_0.json	240	171.56210327148438
44	133	7835e42b	c_7835e42b649cf1996626df073ca670d5a2ac738b_0.json	241	171.54135131835938
44	563	704a6afe	c_704a6afe678b15bfe77dcf3d472c6dd5a2886ab1_0.json	242	171.53990173339844
44	190	a91e7c74	c_a91e7c74de75581d4098b54252b79c56f9f4969d_0.json	243	171.517578125
44	712	c75c10fa	c_c75c10faae27781aeb51713f42153cad1fd242a4_0.json	244	171.5146026611328
44	405	ae0f984b	c_ae0f984b0d20a9e1d9baff43e2cbeb73d1a767d4_0.json	245	171.51087951660156
44	561	3b3b11c8	c_3b3b11c839368413d8330561425e2f8f41c1a08b_0.json	246	171.50497436523438
44	466	45fa6e0e	c_45fa6e0ea7fd8618a71e6ef981cdf9d9ac637143_0.json	247	171.4894256591797
44	422	c7e51ede	c_c7e51ede7a9894e57bb72877ab6b77a0c3ef0705_0.json	248	171.48184204101562
44	389	e1640e56	c_e1640e5694cde325d288fdf0ced722482889be3e_0.json	249	171.46121215820312
44	436	d67b1c35	c_d67b1c3573e38035935d43f9f60c46847e79d488_0.json	250	171.4528045654297
44	805	37995c1e	c_37995c1e978187f5aaeb59a290ca8617f3d9d8af_0.json	251	171.43789672851562
44	597	4aea7b29	c_4aea7b2961fe4526fa49e5f0cec5d27f3e3ac968_0.json	252	171.41946411132812
44	397	41aa509d	c_41aa509d836dcdd316a40e68680cc54e0f6c1e04_0.json	253	171.41476440429688
44	126	d9bd84f4	c_d9bd84f4fcda64628ffd908647cf09a986995163_0.json	254	171.36500549316406
44	617	7e74dd43	c_7e74dd4327bab0eb8e17ec49679214b472a588dd_0.json	255	171.34463500976562
44	659	c547b015	c_c547b01555f6841e3ff8483b05c08b19da39110a_0.json	256	171.33578491210938
44	409	14684241	c_14684241489dbe1b607aafd3423ebaf34be377b1_0.json	257	171.3300018310547
44	851	bb74f0c4	c_bb74f0c4cd5febd41fd6ab74f978a6219dc33f64_0.json	258	171.3262481689453
44	0	e7a0f70e	c_e7a0f70eb2de27343355b1c5e29eff5777dd7543_0.json	259	171.32427978515625
44	874	d244dc6f	c_d244dc6f6b7b1dba9f20cd7698fc576b2ec5e4ac_0.json	260	171.31980895996094
44	846	fdcf80df	c_fdcf80dfe8e5314a9220cbcd74f4e2dd03b71b81_0.json	261	171.31166076660156
44	146	82594a2a	c_82594a2a94e67e720ad8ecdb38efdee651533eac_0.json	262	171.30653381347656
44	194	44dbd93b	c_44dbd93bc551ba4158024a3fa4f2defcf94b2b33_0.json	263	171.29005432128906
44	334	28c23fb6	c_28c23fb69e745c7c63f694b2a8732bf3499c850f_0.json	264	171.27330017089844
44	699	0ad3bf87	c_0ad3bf876675ad74304b8909404e57368c361f9b_0.json	265	171.27099609375
44	663	18b78a49	c_18b78a4956b682a6e8de4012d83e13233b82eef5_0.json	266	171.2460479736328
44	584	80447398	c_80447398e04dee000215c458b88e467ac41d8c16_0.json	267	171.24185180664062
44	203	50710f48	c_50710f484fa84dd7ca56250fcff9f4dd2d27428b_0.json	268	171.2225341796875
44	653	2a879456	c_2a8794565231cd6e8801c28e1cc3fef2bbb17ab4_0.json	269	171.2062530517578
44	444	62cb9c48	c_62cb9c480ecd71491e6b2452ff8add4d35706290_0.json	270	171.18423461914062
44	103	ccc77aa0	c_ccc77aa055e4e7362da064d9e478e58f2158b181_0.json	271	171.16885375976562
44	91	684f72e4	c_684f72e44fd17d4226f619b1c33b146ddf055f80_0.json	272	171.1653594970703
44	519	576c408e	c_576c408ea92683ebd4e20118c4d2ec05cb8a58e2_0.json	273	171.15623474121094
44	517	58c56fc1	c_58c56fc1f916219998787d67c3de224e2dc1f2eb_0.json	274	171.15623474121094
44	93	4ba374a8	c_4ba374a86f76f4be48acb2491abc55952b0c1285_0.json	275	171.12257385253906
44	648	b7095f3c	c_b7095f3c0363312b6d92148eed51a74ec2b4d940_0.json	276	171.06658935546875
44	812	f4044dd0	c_f4044dd0d86684959764783583f24f2b8baf44b0_0.json	277	171.04823303222656
44	610	794c20fe	c_794c20fe50038a8fe88852e4ab95e6381ed8027b_0.json	278	171.04336547851562
44	630	0ad7f0f1	c_0ad7f0f15bdfb1a15af41bb8660d0730e8c09778_0.json	279	171.0413818359375
44	844	50b419b9	c_50b419b97bb0d61a4874e8b84b0d268fe69621a1_0.json	280	171.03416442871094
44	175	fc425ae2	c_fc425ae267e72bc741c5ccfd9816b9f5ed69cd30_0.json	281	171.02967834472656
44	420	4d68ddae	c_4d68ddaedca7219f4b12b3c239f9238d5e1c185b_0.json	282	171.0223846435547
44	905	46e75eed	c_46e75eed2cce8db02f475941c2634ec442c42081_0.json	283	171.01138305664062
44	894	ed534048	c_ed534048b12afcffd45a53f7b0945f49d929a29a_0.json	284	171.0078887939453
44	143	c24d59c3	c_c24d59c34591cafaade7140c9d39a4389f080ca7_0.json	285	171.00430297851562
44	202	3503121a	c_3503121a0a9fd31efce4803cb2bcbb47310f6f77_0.json	286	170.95562744140625
44	704	68391e81	c_68391e8113308a9d3038f88c8fcbc2c198cff89c_0.json	287	170.95556640625
44	339	08c05022	c_08c05022df949a1ae0ced740d6305d9374f5cd13_0.json	288	170.95361328125
44	102	2b5fb91c	c_2b5fb91c6340970e2e942ad9d9347a0ee69aec8f_0.json	289	170.95266723632812
44	776	306c3c87	c_306c3c87adedb828d4fa6c2137ec99cda672e3a7_0.json	290	170.94903564453125
44	256	888f7e2f	c_888f7e2f37d42bd52b4c64d9cb09f5046897a3e3_0.json	291	170.93536376953125
44	239	6117cc1f	c_6117cc1f45661fb42037b95d4c04b541db85dbc9_0.json	292	170.93060302734375
44	802	e4f645c8	c_e4f645c89fc53128f3e4b35ec208d90cb6eca015_0.json	293	170.90744018554688
44	311	8d0334f4	c_8d0334f48518b208c0236cc1695cf3c539f772fb_0.json	294	170.8867950439453
44	39	444238fb	c_444238fb30f6832c6e0e5b504ff2a38c5548892b_0.json	295	170.8846893310547
44	834	df4c479d	c_df4c479df0b633103e92251665f999a0b113fbb2_0.json	296	170.86868286132812
44	607	dda4aaa9	c_dda4aaa90138947f9d20253c1d2880ffa13d38fe_0.json	297	170.8656768798828
44	898	59925cea	c_59925cea446a950b2624538f372c35f11090002a_0.json	298	170.8616943359375
44	556	d019610d	c_d019610dc20e2eec9a6d1f90be2d4fa2f1e15083_0.json	299	170.8614501953125
44	69	f77e1f16	c_f77e1f16b1286e4c2602fa19636a713a72c27a96_0.json	300	170.85865783691406
44	115	fc92ca2f	c_fc92ca2f5bdf0cb56555cf7935344a0cfe6a9a35_0.json	301	170.8538818359375
44	6	1df52e29	c_1df52e29551ae597c7d2343fa29976ebec1811a9_0.json	302	170.83595275878906
44	460	1bf8e326	c_1bf8e32680d0f81a016d4c6d7181ad23d5a9bf04_0.json	303	170.83279418945312
44	854	bc176619	c_bc1766198c69e1852a8136acc088882642ef2004_0.json	304	170.81800842285156
44	439	ade93793	c_ade937933227766ae2c5fdc41fb842a33f7a36c5_0.json	305	170.81414794921875
44	643	8896a5ce	c_8896a5ceeea1a3b87851873b4e4edc7000e9cd4f_0.json	306	170.806640625
44	817	a6072ce3	c_a6072ce36e786677fed5f703b13afb0900f4f9d3_0.json	307	170.79782104492188
44	206	56b47fc1	c_56b47fc117ee7153f68b9524a862c12d5e178aa3_0.json	308	170.78318786621094
44	394	dc3fc470	c_dc3fc4703211876fb38cccf55adc92ee5cbc28d0_0.json	309	170.7650146484375
44	850	291e52bf	c_291e52bfca307fa0ec4b0ccc7358fc5a87d219df_0.json	310	170.74037170410156
44	784	c96b2e2f	c_c96b2e2f749d7909c1b5aaa518ff687a70e9f5ba_0.json	311	170.73806762695312
44	163	b35d1e71	c_b35d1e7194b727c034ce56817059b3c3c6a0fca7_0.json	312	170.73362731933594
44	235	b0922dc1	c_b0922dc1847379331fb1352997bb475c15cc9644_0.json	313	170.716064453125
44	676	20fd83a9	c_20fd83a914183fdfa63aa21ff4a025802c0a3cc1_0.json	314	170.7145538330078
44	388	cf76a536	c_cf76a5360b48a6a47fe5797450cf9df1a2de1820_0.json	315	170.70733642578125
44	552	2f3b09fb	c_2f3b09fbea77594a315edafe020f2dea7ba77820_0.json	316	170.69956970214844
44	318	177483e5	c_177483e50a1b5482fe3039cb0546471e717b4250_0.json	317	170.68359375
44	117	853176f5	c_853176f58997feb2fa6af5bd4ff442ab08d17ef8_0.json	318	170.67648315429688
44	185	1429060d	c_1429060da149ad1380f2ed1109d7121cb361dbf6_0.json	319	170.66561889648438
44	820	ba8d7c43	c_ba8d7c43eb43293756e5f633a81dc73c9f85ad04_0.json	320	170.6652374267578
44	707	915e8ef9	c_915e8ef9a42c4fc2561917116620543402cace91_0.json	321	170.66287231445312
44	68	463d6ebd	c_463d6ebdebb2ea194254f1c3fab0a0f63ee212ce_0.json	322	170.6573028564453
44	67	af2b66db	c_af2b66dbbc67ddf2b7a49835511a7a258463a4b5_0.json	323	170.6573028564453
44	346	ddbd61f0	c_ddbd61f0e75b7d98873b9a9bf6398218edcfd17b_0.json	324	170.6568145751953
44	271	12e97534	c_12e9753493978ba5bbf776235ac4ccb669fe51fe_0.json	325	170.63096618652344
44	645	3b3f4cf6	c_3b3f4cf68cddb96fc5b38d5b2ec45ef0476491f2_0.json	326	170.6240234375
44	580	d3aea33f	c_d3aea33fd702ecc6f37fac348dea6b1625d4210c_0.json	327	170.61776733398438
44	137	33176d7f	c_33176d7fda52bab41ddd558175c8c8d08367247d_0.json	328	170.61538696289062
44	199	f1d63a63	c_f1d63a6313f73268876bc3069a33cec15954398e_0.json	329	170.605224609375
44	542	fadf6360	c_fadf636013f510fd06121dc204121d772dd472e5_0.json	330	170.58416748046875
44	605	eb016437	c_eb016437c84bc88e634eae8bea16552702484ed4_0.json	331	170.5716552734375
44	101	2d44864a	c_2d44864a5f7d30eaee42cf30b4808566febebf6e_0.json	332	170.56590270996094
44	677	fa886ac3	c_fa886ac30884da4808368cf5a7fc98adce77f614_0.json	333	170.5616912841797
44	32	e3f9bf21	c_e3f9bf21b5fb41b8de37fed6f2a778de3845da8e_0.json	334	170.5609130859375
44	411	bed564b5	c_bed564b55d405bea0be8379576676e5a9be83493_0.json	335	170.55844116210938
44	811	ec0f5850	c_ec0f5850f8342c0b1eecb20eca7286a9a4a362e1_0.json	336	170.51370239257812
44	88	0448caf4	c_0448caf45f46f8561c2cb05f524ffc437a7341df_0.json	337	170.50759887695312
44	84	7a5d18e7	c_7a5d18e7ea8c8d381ba773276ea1c4930decc6c6_0.json	338	170.506591796875
44	869	a4221830	c_a4221830e895c4cd73618b15953de2b162a906c4_0.json	339	170.4967041015625
44	615	18e1a3a2	c_18e1a3a2d47d97c6fbcb61e23dab60fdc3b78a3b_0.json	340	170.49411010742188
44	40	a8a9e645	c_a8a9e645e7c5ac3d5354580b9eb22df67acba520_0.json	341	170.4914093017578
44	512	934a96e0	c_934a96e0fb2f4aceadfd0ebbd713d43e687e4a1d_0.json	342	170.4903106689453
44	475	c83d9f71	c_c83d9f7180cc9c9dcacc3326068d5a323ea9876d_0.json	343	170.4873809814453
44	223	34780abb	c_34780abb0ea65a24b3f6a1b951e91dd063084038_0.json	344	170.48684692382812
44	527	825b46d7	c_825b46d748279b9d29f53bc1e4223648f98fbb7b_0.json	345	170.48634338378906
44	52	01d39515	c_01d395157e5ffbc15b6f7e265885d4b7635791d5_0.json	346	170.48284912109375
44	132	9dd697a5	c_9dd697a513733b522791f0fc7443fcbf553b0ec4_0.json	347	170.47128295898438
44	216	d12bdbdc	c_d12bdbdcdae44811349b5342617936ff1092cc87_0.json	348	170.43113708496094
44	654	9d48613a	c_9d48613af42cb7c7aaa259afc1bac1406353de18_0.json	349	170.42503356933594
44	907	67ea5011	c_67ea50114ac7a8b3ba4848edaf13d518d9098114_0.json	350	170.4234619140625
44	583	45b3f7cc	c_45b3f7cc0dcebde4bc2e733e02fd73cb008ad5ef_0.json	351	170.4056396484375
44	358	ab26943f	c_ab26943fe8e29f8e5603d5e788dc75abeba898bf_0.json	352	170.3912353515625
44	59	2ae5e286	c_2ae5e286d486c7b0bed2902d3025a6f12f8a7298_0.json	353	170.3802490234375
44	678	30c859c1	c_30c859c12eb01639d64dfc813187c81b7cba4f05_0.json	354	170.3799591064453
44	376	13b90aef	c_13b90aef6c0264b451333198911c69ae8c7f37e1_0.json	355	170.3782958984375
44	595	52b9fcd8	c_52b9fcd801fe96efd88546f79ae6aebba92c48df_0.json	356	170.36968994140625
44	226	d174bd3d	c_d174bd3dbd9f86dab84b39308fa2da7b695a7d4a_0.json	357	170.34783935546875
44	406	bebc6edd	c_bebc6eddeddb8bd40c1299fa6e468b56edd997fc_0.json	358	170.34341430664062
44	530	5031a979	c_5031a979acd4a373968f22b81e97336a10cbbbc5_0.json	359	170.33485412597656
44	374	c304a63c	c_c304a63cc601678f788e7aa15e20d184ebb523a4_0.json	360	170.32052612304688
44	191	b421b960	c_b421b96088a3a8c4d98244f02e80ec590bda9ded_0.json	361	170.31753540039062
44	577	04e132b7	c_04e132b74b62cac7bb2d171825d5975e4fbfc155_0.json	362	170.30361938476562
44	562	ed66885c	c_ed66885ceda532a07032b28d748431e5add6050a_0.json	363	170.2903594970703
44	350	ce5fdc14	c_ce5fdc14713f1d0fe81b4ab6aeae09e788f044e0_0.json	364	170.27105712890625
44	684	8862a48c	c_8862a48c47c51e90407e24f3bd15dfbb71d2a896_0.json	365	170.26832580566406
44	544	ab96bfc4	c_ab96bfc41adb33e49c59c101b0483bf56ff8a659_0.json	366	170.24880981445312
44	906	e33d42eb	c_e33d42eb606710e7cc9ba820d25f725428d4a709_0.json	367	170.24334716796875
44	536	679449a8	c_679449a86df00fff62bf3b29c997ad800ead3800_0.json	368	170.2261505126953
44	209	154355d8	c_154355d8d14cb1563517069cbef61343d395314e_0.json	369	170.18142700195312
44	910	d57a6629	c_d57a6629c728365f2813a7121363381282831d95_0.json	370	170.1691131591797
44	522	e53e88aa	c_e53e88aa4e35a066ab83942fd6b4cc1fc2a8ebb0_0.json	371	170.16688537597656
44	153	8143cde0	c_8143cde00035649ad09e23b00801684cd41d3a08_0.json	372	170.14260864257812
44	317	865686ae	c_865686ae662ea480b62cf42ddee81feaab741423_0.json	373	170.11814880371094
44	51	814243d1	c_814243d1dd81f150f918e787d8ab8535ada7909b_0.json	374	170.11459350585938
44	370	d17c68da	c_d17c68da28348187afe2b52d560218917107401f_0.json	375	170.0923309326172
44	306	61ba3d9e	c_61ba3d9ec7264b4573c438b3592a7ac29c7a641b_0.json	376	170.09161376953125
44	63	b7bc8c7b	c_b7bc8c7b59f4fbd40fd380312aeb50d553d0a205_0.json	377	170.06597900390625
44	553	4ccffaf3	c_4ccffaf315dda51eb8a5a52aa55554e2987484be_0.json	378	170.0633544921875
44	826	d2af7002	c_d2af7002d92590807f0674d04a77c8ed4ab9ea75_0.json	379	170.04702758789062
44	228	29f1d08c	c_29f1d08cebf3e13af884b6155988c0bf90dc51bf_0.json	380	170.0394744873047
44	785	9d236374	c_9d2363748bfaeb8c06c6d3ea73e318bb343bd803_0.json	381	170.03863525390625
44	417	b0d75e61	c_b0d75e6155c08fca835610e303351f0c1a79286f_0.json	382	170.02464294433594
44	901	601e4d7d	c_601e4d7dbf966bc861f15c6dd657cb68772df08e_0.json	383	170.02040100097656
44	507	60e2dec0	c_60e2dec0b64a2d1d14f3724e91511817ba1d3508_0.json	384	170.01956176757812
44	797	e185dad5	c_e185dad52556591d61c8ddf88caafeff10e707fc_0.json	385	170.0167999267578
44	367	285ee877	c_285ee8777da5c7c0883490c28448b74e25d99da5_0.json	386	170.01174926757812
44	909	b38b4134	c_b38b413490d64e1fe49322978375722425d78f80_0.json	387	170.00408935546875
44	804	b4a985f5	c_b4a985f516bf5a06c49321e9070b09f356a1b852_0.json	388	169.99575805664062
44	773	7684a4b9	c_7684a4b9dd50e71521c8e458e947b1b4e278db85_0.json	389	169.99224853515625
44	15	7b61b755	c_7b61b755c85a2dbcd1c25386801252e6f98611fb_0.json	390	169.99102783203125
44	189	c3a8a1c5	c_c3a8a1c58e4e249aa39dc1ccd0b9b7b49efe5e97_0.json	391	169.95843505859375
44	71	ca805935	c_ca805935eb4e125c5a4a1ae5dcfa4bf72ec25cd9_0.json	392	169.95431518554688
44	301	cf64557b	c_cf64557bb2e1db1c46158a28a0010f279708e3d6_0.json	393	169.94912719726562
44	295	9b0e917a	c_9b0e917a56dec78dd31200c3dac50bcc2ff5e0f6_0.json	394	169.9366455078125
44	775	4becc328	c_4becc32881aa983d69359b475892a4f2bc6e5b89_0.json	395	169.9252471923828
44	324	325f0029	c_325f0029719a82b57395e352aad91613dea05054_0.json	396	169.9239501953125
44	443	cd65397d	c_cd65397d5739c18dfe040f1b41920e9ebd6484fe_0.json	397	169.9008026123047
44	10	e1bfd3ce	c_e1bfd3ce7d6d443a24901a9e62b126140a7293c8_0.json	398	169.89419555664062
44	777	f36320ac	c_f36320acca053aa7d0bb82f2aab582b0c04fcab1_0.json	399	169.88792419433594
44	113	5dda00b8	c_5dda00b83583c0657d65d9c2b557e41566188a4b_0.json	400	169.86459350585938
44	560	fc2816d7	c_fc2816d746ecaca5f5085db55bd950d5867dabbc_0.json	401	169.85618591308594
44	287	2abbc8f9	c_2abbc8f94bd407e1c084c3fcdfb98ad5a2791db5_0.json	402	169.85552978515625
44	75	0f9b440f	c_0f9b440fe18509bfe74b4e681386364404eb86f8_0.json	403	169.84420776367188
44	538	7599b70b	c_7599b70b39fbc6f4ae3689e11c872f510a14b6a3_0.json	404	169.84274291992188
44	118	2ab601b1	c_2ab601b11621be514db8abc49f4345f6574b06d6_0.json	405	169.8350830078125
44	634	b0e55a15	c_b0e55a15f46d261eedde807b7df19959dadf57be_0.json	406	169.82919311523438
44	298	603116e6	c_603116e6fff5d8a3e625e0bc48cac64a9a795c11_0.json	407	169.82846069335938
44	14	2104878f	c_2104878fef9b4a597a6b3196cca2052ed207e034_0.json	408	169.82579040527344
44	85	1bb5321d	c_1bb5321d3bcbe544c8f49fb1d0893d377010d08e_0.json	409	169.82484436035156
44	214	41afc6c8	c_41afc6c89725c5ed3a1a69153e6161375c8113a5_0.json	410	169.82025146484375
44	208	17367195	c_173671957fc11b5a2c6e517c4e40729149ed20d2_0.json	411	169.81350708007812
44	770	6ced422b	c_6ced422bf5eca3aac05396367bafb33ec21bf74e_0.json	412	169.8128204345703
44	35	80a6bf0c	c_80a6bf0cad207b12a4e3ead1b72237b8db0a4283_0.json	413	169.80966186523438
44	861	367c1ff0	c_367c1ff0c03c166099014c573b7882fcf8738f0d_0.json	414	169.76124572753906
44	395	7b125a33	c_7b125a334e513349a4445e38b9d5a109f5e26f99_0.json	415	169.7554931640625
44	415	a1015f31	c_a1015f312480c697c8dbc2772e4076eb15e41406_0.json	416	169.7545166015625
44	184	cd71b5e4	c_cd71b5e41d3a001cda232275ade26f2b77fe0854_0.json	417	169.7526092529297
44	90	1903db40	c_1903db40e53210537fd022ac5cd922323959ff0e_0.json	418	169.72840881347656
44	867	c1fd317a	c_c1fd317a5ef11678af9d13b8d55bab1148aaf276_0.json	419	169.7273712158203
44	283	69509ee8	c_69509ee8081881e3acdc8bbf17fbce0a27ef1f18_0.json	420	169.7164306640625
44	908	b885ae59	c_b885ae59abb25eb8b86f0649fbdf94515a9030bb_0.json	421	169.69664001464844
44	119	9fc82a5e	c_9fc82a5e45f84f8e98923d3170ee4c0f605df723_0.json	422	169.68637084960938
44	882	e1379e2a	c_e1379e2ad42d116c6f2efdba19043d515716c0b6_0.json	423	169.68153381347656
44	765	ea310051	c_ea31005111f0abede7e43e4ba0012e62e0808b22_0.json	424	169.67352294921875
44	628	a15f6c6f	c_a15f6c6f93c62d5a1c28c26796add95a33c3b4e4_0.json	425	169.66653442382812
44	637	6715dba2	c_6715dba23794f7b891176c7df7c3bc7605968a98_0.json	426	169.6454315185547
44	195	99870ef5	c_99870ef59c93a4a00d8719ed6cb0dbef5795912d_0.json	427	169.63580322265625
44	554	ed3e2151	c_ed3e215191e5d3b63e329d1b1c17f96f591ac56f_0.json	428	169.61083984375
44	387	f382ea51	c_f382ea5150ee630db8aecc6c64e4f1cec285874b_0.json	429	169.59397888183594
44	440	b6814d4f	c_b6814d4f07ba2b98b4bae4dd1f2f83cbecbe6f56_0.json	430	169.5830535888672
44	860	853576ac	c_853576ac9726abb3a43544a7b71eeab4bbe29758_0.json	431	169.538818359375
44	269	7ef9107e	c_7ef9107ef88b44d725b156bf7296d982c0faa742_0.json	432	169.51919555664062
44	365	7fce030a	c_7fce030afc06b59a952aef8745eb92f875db1bb3_0.json	433	169.49752807617188
44	134	c4a65f01	c_c4a65f010e67c65f38d1f87f4d9a205c2d97e3c1_0.json	434	169.47650146484375
44	225	57a63ea5	c_57a63ea539595c468b4cef77bb03637d3387191f_0.json	435	169.4665985107422
44	80	6a66703b	c_6a66703b80e60ec6f1ee7b729d7050dd5ff14f07_0.json	436	169.46551513671875
44	484	35e4e4fb	c_35e4e4fb6848ddfa3878270523f3f9336ae7f9b8_0.json	437	169.4578094482422
44	603	a5a99645	c_a5a996452c7a32be66c96f7de7fc667f6d875382_0.json	438	169.45602416992188
44	613	7c714939	c_7c714939136295a0ba75c5eca0a6235c32b843b4_0.json	439	169.44503784179688
44	157	8c36ce3f	c_8c36ce3f21b85423284940f2c589239098d747c6_0.json	440	169.41302490234375
44	255	7df097f4	c_7df097f4103f8a7ed91ffc7ab84b30bc2968cc08_0.json	441	169.3895263671875
44	19	ccc2c494	c_ccc2c49466632baf28cfa27b4be1d854f959b8eb_0.json	442	169.38453674316406
44	825	d4e24f2a	c_d4e24f2aac0d98d9460cd07c530a9e3cf0dc72c9_0.json	443	169.3753662109375
44	493	c795098b	c_c795098bfb82306607300de821cab501e546d19c_0.json	444	169.3614044189453
44	876	1044ee46	c_1044ee46be92156477f92d019cdd787fa6d59158_0.json	445	169.36029052734375
44	70	6284d8dd	c_6284d8ddb7aa59c75483f22eae1ca442f8537a84_0.json	446	169.35887145996094
44	902	29d9a8b1	c_29d9a8b1e5266a3fc645b1cb9ea4617abbb09c82_0.json	447	169.3535614013672
44	197	31c4fc5c	c_31c4fc5cb98e2ace6b17ac4a883d3eb649dac7a8_0.json	448	169.32589721679688
44	432	fd2c2608	c_fd2c260897829aa7a9c8bc0f6dc555ff58e319f6_0.json	449	169.32562255859375
44	845	2acbbed0	c_2acbbed061fa58877145d1f4694b3ca248c10fd7_0.json	450	169.32473754882812
44	469	8006d314	c_8006d3148251f3f68e475e21c67dabe9364ec015_0.json	451	169.32040405273438
44	368	a45e9cb3	c_a45e9cb35e8b68c83debcaec956475ce8461743f_0.json	452	169.31044006347656
44	655	bb54f6d7	c_bb54f6d755fb6c39f6e6ffe62b85d96148b85fd9_0.json	453	169.29629516601562
44	883	df8b3b2e	c_df8b3b2e51a9385e02eba25e72f3927fd1e3ea63_0.json	454	169.29441833496094
44	537	31536360	c_31536360f8caff36a6f3482f56545cd3f950c7ab_0.json	455	169.28358459472656
44	866	01c3fe92	c_01c3fe92a44d898b39c285168095d26dbe5d450b_0.json	456	169.28350830078125
44	74	60d3d770	c_60d3d770d8da704348603e7e261c136b726a4965_0.json	457	169.27426147460938
44	123	8ebac242	c_8ebac2420236a45597b8b4d9be564b483289b3a0_0.json	458	169.27296447753906
44	729	029af4dd	c_029af4dd80ee91c2554c78093910cf8cee88accd_0.json	459	169.26588439941406
44	912	b86d8a6d	c_b86d8a6d4b2ed50b79a2c25887a34de01656f699_0.json	460	169.25411987304688
44	800	716666a2	c_716666a267169689e3b4559458c1f0d53a96ae0a_0.json	461	169.2405548095703
44	60	743d7c54	c_743d7c5498d64d6ee9badb95655e3e7178735a09_0.json	462	169.2328338623047
44	799	37378a76	c_37378a764b0c5632dbba0c61a4818a24d2004bcd_0.json	463	169.2277374267578
44	130	c0732cfb	c_c0732cfb1b3bc5ed7d9fee3ac9f9d35ea7d70028_0.json	464	169.2110595703125
44	576	12f896a8	c_12f896a8129892d1921c630bfa049b843e53d02e_0.json	465	169.21060180664062
44	303	7314c603	c_7314c603341b0f237b3d6dae833902c6bc74a9c7_0.json	466	169.20867919921875
44	29	8f65a726	c_8f65a726b4da8580b4cd0ca229fa714df0f1cf0b_0.json	467	169.20217895507812
44	510	8e4b9afa	c_8e4b9afadd5181eb8727b39aa048fad497befcb5_0.json	468	169.19638061523438
44	211	15ce51c9	c_15ce51c9d9ffdce25da56527c02db96eb3a96835_0.json	469	169.1951141357422
44	666	5eab4780	c_5eab47809d585ca5746d3abc24ee23507f28dd25_0.json	470	169.1916961669922
44	17	fb3d1893	c_fb3d18932f065ee713a8f7072568e63a7e6e0a2d_0.json	471	169.18260192871094
44	124	69170eac	c_69170eacc569473d465b39705235470e5860e53e_0.json	472	169.17364501953125
44	569	386cbe49	c_386cbe49133277aa926349db23e38681623d0100_0.json	473	169.16845703125
44	532	cae9cf85	c_cae9cf85d337769f3f3fb228d203b9d7d10dd7bd_0.json	474	169.16845703125
44	564	a2c9d1b0	c_a2c9d1b0df6834cdf09be967e3a093c473eadcc8_0.json	475	169.16845703125
44	813	21148e7b	c_21148e7b5bc4cf6d0c38dc80bed5d7eb709897e1_0.json	476	169.1678924560547
44	620	a9323664	c_a93236644dbc55858c9b0aa012f5a2d7cd5bee33_0.json	477	169.16546630859375
44	647	54ac6da1	c_54ac6da1d7fab785dbd82630e95025bb4143a780_0.json	478	169.14833068847656
44	594	46628efd	c_46628efdacc42d4b6bdc11f69405ab7bbea32c03_0.json	479	169.14503479003906
44	341	e80b954d	c_e80b954d60c8121c6242e79aafad088989be440d_0.json	480	169.14376831054688
44	276	3a75bfdb	c_3a75bfdb3b4997f8498320f93a34a8732bda99cc_0.json	481	169.11920166015625
44	390	381d4a64	c_381d4a64c1c19827528fe81c1afe1ce30da97788_0.json	482	169.0944061279297
44	356	e2f8a9b7	c_e2f8a9b709aefe07993173e3ff904b88f4d03b13_0.json	483	169.0931854248047
44	585	2629802a	c_2629802a495f335bfb3407f593ba5d11087da4e5_0.json	484	169.0833740234375
44	895	e860d2f3	c_e860d2f3eb16d84e146a8a700d9dbd3af01df4ba_0.json	485	169.08169555664062
44	839	2a207ec6	c_2a207ec67d22590651e0d1d9487d190f091ab3df_0.json	486	169.08102416992188
44	121	dfbdfee5	c_dfbdfee5deba0c2ad7af93018abda50d13721fe8_0.json	487	169.05560302734375
44	487	1eb9dbb7	c_1eb9dbb7fd336b1e8a160977722b570354040798_0.json	488	169.053955078125
44	635	281591e0	c_281591e0e7de97667596e358d937383b01efffcd_0.json	489	169.03863525390625
44	285	fdead64a	c_fdead64ad9536be875b7ae47497b5698ad8c096d_0.json	490	169.037109375
44	750	2bd0dd40	c_2bd0dd4057e274901de8971f1d70de229afc0e54_0.json	491	169.02767944335938
44	726	69ceb4e1	c_69ceb4e14feb6273c06c1e35ba116b6783bb3278_0.json	492	169.01686096191406
44	149	b6363ff1	c_b6363ff16e4746c4c4b85d3153b285866e348fcf_0.json	493	169.01492309570312
44	217	dc14c464	c_dc14c46467f1988468191cd91dddeb448809c56b_0.json	494	169.0119171142578
44	446	a48ab3b3	c_a48ab3b31fa6a89f87fcb24a046ce8769f9918c4_0.json	495	168.99002075195312
44	506	2cd145a8	c_2cd145a826a919327ed808fe1ca2da9a659a5567_0.json	496	168.9707794189453
44	841	a67d562d	c_a67d562da56609290f52587791b41aa0ea2f3a58_0.json	497	168.96969604492188
44	810	65837142	c_65837142a3cd20a9253dba4d21e547866dc1224b_0.json	498	168.96615600585938
44	734	5c05b49c	c_5c05b49cf407a34bbbaf2818e26b7bf00471d4c7_0.json	499	168.95913696289062
44	688	1ce7ae0e	c_1ce7ae0e8c9927d1d28c1ebd82aea9a8ec034670_0.json	500	168.93179321289062
44	525	45ac135e	c_45ac135ea4189b9974f0336fb26cce3a964fe54f_0.json	501	168.9278564453125
44	589	1eaaaefb	c_1eaaaefb29e2dfd5f78f135a077c9e1887452e69_0.json	502	168.927734375
44	213	4f827afc	c_4f827afc8286faad69719dfbd2e5d67d2fcdc245_0.json	503	168.91648864746094
44	236	0860a7c8	c_0860a7c84864406ac7c2f3d617b8a4caacb7614f_0.json	504	168.9114532470703
44	319	df7f45f2	c_df7f45f247aedacfd1e826fe7ba12a3665d10be5_0.json	505	168.86209106445312
44	293	5dade73c	c_5dade73cca17b9054436e12014bb7263ff42d943_0.json	506	168.8459014892578
44	599	0456186e	c_0456186eaa76e12cc885fa4aaef72e0c654075d0_0.json	507	168.83444213867188
44	551	8ba08d8e	c_8ba08d8e1345b6db253ee305f9270b6fadd66779_0.json	508	168.82632446289062
44	559	0257fe02	c_0257fe02eff57d77f2a199b613d8b03b200ce532_0.json	509	168.82290649414062
44	4	7b57ca37	c_7b57ca374a1b9030e648d9fedb8b058a1f41d500_0.json	510	168.81149291992188
44	97	a96f1f2e	c_a96f1f2e5d305e64fb23f18269194f37f87ff04e_0.json	511	168.80661010742188
44	798	e9d7bcf5	c_e9d7bcf5f2284f2aa326a3d2ea1807c465b0de8b_0.json	512	168.80482482910156
44	302	c547b85b	c_c547b85b9a9e77ba9857722231cb67a3d9686e9e_0.json	513	168.7991485595703
44	520	393d3ee5	c_393d3ee50e82508a205b4737921819d225700040_0.json	514	168.78475952148438
44	680	1770ed0b	c_1770ed0b83f0a71448e5b9d18859c7d8f3ae12f8_0.json	515	168.76571655273438
44	541	f169feb1	c_f169feb1d8ef57c89e9e6cf7a4cf0948ffd89162_0.json	516	168.75100708007812
44	64	fa8fea76	c_fa8fea76c4577d2ee9836104ec09cedd22bf1978_0.json	517	168.74781799316406
44	849	5f77b9a3	c_5f77b9a34cffacce6420d4cf05203a135f845b8e_0.json	518	168.73712158203125
44	667	8038cf75	c_8038cf7559c1b65ee5e88c639bb17a31e71f8dd5_0.json	519	168.7333221435547
44	489	8376ecf5	c_8376ecf5e6ff140f3836c51a910b89504e1c3300_0.json	520	168.73226928710938
44	546	d9017b22	c_d9017b220dd1fa3d9b4a6bc5f299da405bfed835_0.json	521	168.71945190429688
44	44	6a703234	c_6a703234ab45b01ab1652e5e4b1607d8d586db98_0.json	522	168.7129669189453
44	180	f235f6b0	c_f235f6b0c4c29492406d57ff9a6c630d9414ce68_0.json	523	168.7111053466797
44	672	aa73926c	c_aa73926cfb012f875bdcfe6206225fde1028d13d_0.json	524	168.7069854736328
44	218	5f4af526	c_5f4af5262b9d8b08e8123065b01af69e207d32a9_0.json	525	168.69932556152344
44	45	d6612b69	c_d6612b69f3e0e933252c24eba43b698c8b165e92_0.json	526	168.6875
44	289	795dfc39	c_795dfc39160e4b6b3a5799fef98262a2e5e50e3c_0.json	527	168.6607208251953
44	646	cdb582d9	c_cdb582d924ec22610b04b159d4c611250591a08d_0.json	528	168.631103515625
44	600	de4c4b30	c_de4c4b30baa2ce89360d675f8fa2a1b358b0e10a_0.json	529	168.62464904785156
44	98	c1ae67b2	c_c1ae67b28feb62d63de62663640594a91097290e_0.json	530	168.6234893798828
44	407	91695e47	c_91695e47a11e0ca7eb09555ea5c06f711d117036_0.json	531	168.61224365234375
44	783	2ab43b0a	c_2ab43b0a1d56be413754424910362811fa3d85c4_0.json	532	168.59103393554688
44	590	afd202f8	c_afd202f8d400b373f03be9500534228c8c80a5b3_0.json	533	168.55157470703125
44	250	abeaf6f7	c_abeaf6f7ff5e9132db267fe6d2efb1df52f29f16_0.json	534	168.5504913330078
44	333	1a6cf437	c_1a6cf4371252aba8ec9d7aba5d339ded2cbcc1f9_0.json	535	168.54644775390625
44	232	6ac0dc2c	c_6ac0dc2c9da4926614c0c2fd0e9dce76898efb5a_0.json	536	168.5367889404297
44	87	4367229b	c_4367229b6c6b56489442de4d1977e05660dd6188_0.json	537	168.53463745117188
44	162	b265682a	c_b265682a2b779df2bd81464544f6ff9f7ee0add9_0.json	538	168.5229949951172
44	321	673fd9bb	c_673fd9bbb3d75b7c159128505e10eee3608eb109_0.json	539	168.50994873046875
44	790	db6dda34	c_db6dda34281d95d495ff4c935b65cf84310bf6be_0.json	540	168.4965362548828
44	182	04fa434a	c_04fa434aed4fa3bf973715f57785cd4ff76ca7f2_0.json	541	168.47499084472656
44	593	43978207	c_43978207f8947d1bc875d0b07088cb0691578f57_0.json	542	168.43609619140625
44	109	be64a2d3	c_be64a2d3d552a7efc06ac2437b608cb9bba03451_0.json	543	168.3975830078125
44	284	c0069417	c_c00694173b13cd9ee664f3a587edcfb4a0c3e0df_0.json	544	168.38848876953125
44	49	72b84026	c_72b8402659863a15c665241de57d5b8f773cf4a3_0.json	545	168.38731384277344
44	5	ef23042d	c_ef23042de6b9456e0111ebf18c1ba107a82b1fde_0.json	546	168.35752868652344
44	629	07ec353c	c_07ec353c6066f81e619a7f90039aae0dbcd3b69a_0.json	547	168.3564453125
44	79	55c78f6b	c_55c78f6bbcdd256b586c16dec732cab87c934cea_0.json	548	168.34107971191406
44	78	0ba4e2ac	c_0ba4e2ace0ad1645223827335dd541f48c3213a6_0.json	549	168.34107971191406
44	725	42398710	c_42398710d172723cf1bf5872eacdd7d842f59a43_0.json	550	168.3361053466797
44	818	ccc7441a	c_ccc7441a3a7a6d216770cc00dc0fa0b7146bd7f5_0.json	551	168.3317413330078
44	305	14c18309	c_14c18309bd446cb045a5db644375778dd85dea7c_0.json	552	168.32162475585938
44	212	159637d4	c_159637d49714b4920769753f7fe06fffa52c9848_0.json	553	168.3104248046875
44	722	5b13f846	c_5b13f846800ca81758c0f0560d3c214c1ef2bbf7_0.json	554	168.2686004638672
44	848	bff0f68c	c_bff0f68c8fec08f2b2b3571099308cb41a9e2638_0.json	555	168.266845703125
44	369	eebf2db0	c_eebf2db09649b960ae10236ab1733619c0ccc877_0.json	556	168.26666259765625
44	731	c2bc7a49	c_c2bc7a49a03dbee6ccebc91e6c2ea9bb5048c617_0.json	557	168.23562622070312
44	623	720b3b18	c_720b3b18d402093979003a2c925e7d307582d6d1_0.json	558	168.23077392578125
44	403	124f97c1	c_124f97c18eb3fc29fd4e03c982905cadac1feb0b_0.json	559	168.21788024902344
44	884	109a7a80	c_109a7a8090b8254ce41fbef153e19938f36f6467_0.json	560	168.20201110839844
44	24	02551ca0	c_02551ca09a23f8d295a9ff8e9df5b4fd3212040f_0.json	561	168.19529724121094
44	192	3adb02af	c_3adb02af2549f19faa999fe2c6eea3f70448d7d0_0.json	562	168.17578125
44	198	398f3eb2	c_398f3eb248aa81e494db4027c781d762489412e2_0.json	563	168.16470336914062
44	362	710b3ba9	c_710b3ba91c3a10bb8e3d446d6648449bc6f00465_0.json	564	168.14328002929688
44	550	a0581332	c_a0581332f963888d9425acd2d8934df9263cb177_0.json	565	168.13861083984375
44	385	cc3d4186	c_cc3d4186a7488af04ac096d9047d7694e9f18892_0.json	566	168.1377410888672
44	188	f17ce4b5	c_f17ce4b5f31c548aea0ed92fe8d44721d68acc01_0.json	567	168.12124633789062
44	416	58568f44	c_58568f4443cb48576dda48b25bd77bdbc7a812d7_0.json	568	168.12014770507812
44	58	838dcc19	c_838dcc19ddfca57ae76eaec723832cf65f7ac2e6_0.json	569	168.11920166015625
44	349	7989269e	c_7989269ec54b3ad4bf1c0ce4e529d6e97bb25cd4_0.json	570	168.10865783691406
44	888	b7de9108	c_b7de910802687688e9d8bceab11b7a8f54db1693_0.json	571	168.1042938232422
44	500	541898ff	c_541898ffdc2205bb9dabb807b2dc498547a21a0d_0.json	572	168.0892333984375
44	682	2e54015d	c_2e54015d38f806a1424bfa7c0f02a6884fdc135f_0.json	573	168.0731201171875
44	95	5c4bbc57	c_5c4bbc571c2e85fd8e766cbdae624bbf588e4888_0.json	574	168.06883239746094
44	578	d48f106f	c_d48f106f8758056606e5d50d20f3893978d693a1_0.json	575	168.06289672851562
44	724	23db0b74	c_23db0b7470e739f5cde6bc147e05cb8737a20978_0.json	576	168.06021118164062
44	314	70ce4719	c_70ce47198e6a69c97e5abad91dbad5214a9e32c1_0.json	577	168.04440307617188
44	481	578880ef	c_578880ef558a32f4d7a0eed3e78f7fd004106e46_0.json	578	168.0122833251953
44	885	59896525	c_59896525b912d1bbede71aba1ae568b4305ec6ff_0.json	579	167.9599609375
44	511	a19e5f36	c_a19e5f3692fb3f202b9ceeb8d7e1ce531220c7a6_0.json	580	167.92205810546875
44	708	b23b5c85	c_b23b5c8533846374a22b417f7d66c7cb8ceb8962_0.json	581	167.9029541015625
44	794	59dfc7c4	c_59dfc7c478f627632966447edc7b145837ac138c_0.json	582	167.88650512695312
44	28	1f5f002d	c_1f5f002dc8f9acb26ed3a4e267be898041f8396f_0.json	583	167.88348388671875
44	174	84f836eb	c_84f836ebd1cf6cde9d42ba33397298f14693462c_0.json	584	167.86534118652344
44	516	2916d38e	c_2916d38e0135a8ddaedc2b319587078d7baa52d5_0.json	585	167.84117126464844
44	890	1a237bdd	c_1a237bddc94187290b58a74ac9f8b98bd4e5b13c_0.json	586	167.8386993408203
44	36	2a44f345	c_2a44f34572d50b6a1c73d07d71f62b5010ebad19_0.json	587	167.8275146484375
44	304	c04eecc5	c_c04eecc5c1525f720d887c245c9405c6b00c1ce8_0.json	588	167.81277465820312
44	111	c059b454	c_c059b454aef8227a3f69f7c0295004c2e431e58b_0.json	589	167.8052215576172
44	186	e574f333	c_e574f33302b4a7d30cd4fb12aadc0d1701a5bb13_0.json	590	167.80435180664062
44	125	5ccdd3f8	c_5ccdd3f8ee58734b0e1f2d0b5799ad40b04d58e6_0.json	591	167.80291748046875
44	627	207e4215	c_207e42159360790407f575c60e3141ca49fee066_0.json	592	167.79322814941406
44	671	e43a8029	c_e43a80299cd0b6c6316785dd240aac8cbc451772_0.json	593	167.7908935546875
44	786	13f8b901	c_13f8b90189b1856e19c7cbe4fb025daf848df2c9_0.json	594	167.78396606445312
44	371	020bafa3	c_020bafa32381cb89c1a5b87551c3a049a2518142_0.json	595	167.77743530273438
44	482	4ca99827	c_4ca99827695a09065b8b73397d3abde7f7008f47_0.json	596	167.77586364746094
44	449	53c08f45	c_53c08f4580b75c6ce48196f76b0e40e23dccf113_0.json	597	167.76840209960938
44	857	f3a5bf68	c_f3a5bf6884fe0658be48ea5c969a97987003210b_0.json	598	167.76698303222656
44	20	bfadd034	c_bfadd034ba782868fc7ab91b7565582d6fd4848a_0.json	599	167.76126098632812
44	524	15f04cc8	c_15f04cc8863e427e4f09b211a324eae28d311041_0.json	600	167.7272186279297
44	609	ef47fbd0	c_ef47fbd0305a0ba89cb8c3f943585d5ce6474358_0.json	601	167.7268829345703
44	833	1120914c	c_1120914c8b6c0ba6e75328791d9fe639b946e2fa_0.json	602	167.7261199951172
44	502	797d74fd	c_797d74fd75ef76e37698dcb3ef93423d1e4cccbd_0.json	603	167.69947814941406
44	855	6681dfb8	c_6681dfb8d19a8422b66bcda85bed2a1a92dba82a_0.json	604	167.6983642578125
44	499	b4d7505f	c_b4d7505f8eb531a70d0a56e2b76b36bc302b212b_0.json	605	167.6903533935547
44	391	4efda70f	c_4efda70f4aa8e263aaa402c202da55e435775ad2_0.json	606	167.63961791992188
44	829	5f8d904f	c_5f8d904f2afe425d0f45054d8e19c842377c485d_0.json	607	167.6357879638672
44	297	183688e3	c_183688e38f4a9029191bf0962f2af818d18592a2_0.json	608	167.623046875
44	12	be36da78	c_be36da7838d75225b13c5ca6377b97ba61f20abb_0.json	609	167.6168670654297
44	606	4fd5ecb5	c_4fd5ecb597e9da41a4c3c2f5033ba16ca99c8d87_0.json	610	167.61412048339844
44	451	fc62b2a0	c_fc62b2a02f1626d29cf9c481783404e76f255e97_0.json	611	167.59341430664062
44	351	1c3003b7	c_1c3003b74e86d716d9be3cb7363d9ba25889f10d_0.json	612	167.5894317626953
44	523	cb1fdba6	c_cb1fdba624638695efa13c7ac8b9f75e93d4a4e0_0.json	613	167.5789794921875
44	105	1cef9653	c_1cef96536a04d2ea96aa251f9a7330bc64ce1a58_0.json	614	167.55206298828125
44	762	6e95697e	c_6e95697e783767f3549f00d7d2e1b002eac4a3d4_0.json	615	167.54653930664062
44	856	9000c892	c_9000c892f42452079dbdc27b43c397b03826fc57_0.json	616	167.54307556152344
44	251	fb7053da	c_fb7053dad79af390fd6511de22e4dbe2f9f915e4_0.json	617	167.52459716796875
44	774	b58c039b	c_b58c039b8ee196db867f3e72ee6b81f6d691b1ed_0.json	618	167.50286865234375
44	154	9d6dbc32	c_9d6dbc32887b6dec313dfc36d510dd21a3bfde1e_0.json	619	167.48977661132812
44	462	05b6eb17	c_05b6eb17a5c495867021ab5435ffffe432ae1172_0.json	620	167.47503662109375
44	531	a9bd2e29	c_a9bd2e2984b4c6c0cbd094d11d3a9d07640d5667_0.json	621	167.4640655517578
44	96	51af42b0	c_51af42b07093e3cfb3d72fab153df8649f732055_0.json	622	167.43914794921875
44	529	3879e477	c_3879e477a60c6e2bf5e23842d2a5d9a8734a46ce_0.json	623	167.43789672851562
44	899	b607aa2f	c_b607aa2f6370fc2fd7090a02f94840f0c8ce7a42_0.json	624	167.41580200195312
44	1	100b54b4	c_100b54b43c505ddf5d2eee217f8de6cd5b04b508_0.json	625	167.39825439453125
44	330	4e9b5046	c_4e9b50467adf3ecb0390d20a5747ca60fe5da5e5_0.json	626	167.3912353515625
44	723	8b2ec5a0	c_8b2ec5a043d0f5c38bf8d0216b10b235999b5b44_0.json	627	167.3672332763672
44	22	c0d44c59	c_c0d44c590b9cc5737edbb63581e82904e2afce92_0.json	628	167.3457489013672
44	421	b7bd6e44	c_b7bd6e448925795f0bbb84eaea37e64f806240a3_0.json	629	167.33139038085938
44	375	6a6d62d5	c_6a6d62d5901acb5cd5f74ee0003ecc3aba9b1cb3_0.json	630	167.31741333007812
44	116	c3097e60	c_c3097e6019ef2b1b61b4a8f2d0fca6970f16a29a_0.json	631	167.306640625
44	904	5127ee6b	c_5127ee6b5830003c90f56d60bc67068e09c40f6d_0.json	632	167.30209350585938
44	398	5066e9ae	c_5066e9aeb98f386b29a31cd4acb97aa43844cd30_0.json	633	167.28726196289062
44	598	0299191f	c_0299191ff40323d4b0c6c4e997571cd365942f96_0.json	634	167.28524780273438
44	690	6a2166bf	c_6a2166bfd1662f95e2e921aa12448901f4f74ea3_0.json	635	167.2523193359375
44	636	5fffb017	c_5fffb017d8a4dc2d13d5ed8ff857beb13c9a80f3_0.json	636	167.22738647460938
44	48	c1997370	c_c19973704608d524361bcf52bb8eab5765489e55_0.json	637	167.22140502929688
44	736	f206832c	c_f206832cf44ec12b510bc61a601ac38000e86322_0.json	638	167.1966552734375
44	361	d6efcee5	c_d6efcee5576d7788907e70a6d27a1c65fba76767_0.json	639	167.14523315429688
44	679	6b4172e8	c_6b4172e814e02bb2026e7ab901258c71973c1899_0.json	640	167.14117431640625
44	763	1ce57d97	c_1ce57d976c4f25fe99edcadf079840c278f3cb84_0.json	641	167.1317901611328
44	187	09fbdbd6	c_09fbdbd68fbee513fbc1c0d32087d2a4915b6515_0.json	642	167.12501525878906
44	233	421e3794	c_421e37941d5be662d2a3e672e2b84c929331a8c2_0.json	643	167.11936950683594
44	266	a1e11b3e	c_a1e11b3e8b7708677d22b62bd5f590b42e77d42e_0.json	644	167.11773681640625
44	761	b06f7b41	c_b06f7b41c936ef1a79589d16ea5c1d8b93f71f66_0.json	645	167.07879638671875
44	548	43e546ee	c_43e546ee737193584bb50b1340df5a9ff02c4b16_0.json	646	167.0775909423828
44	473	1cc4e84f	c_1cc4e84f97616dc75445feb0160cf5045e272481_0.json	647	167.05374145507812
44	509	8bdc739a	c_8bdc739a8926ae328052f366910351e067d7d0ea_0.json	648	167.03182983398438
44	229	d9aacbf2	c_d9aacbf2e559d33de87abbbd6726183ff5fb3036_0.json	649	167.02723693847656
44	148	d9f7989a	c_d9f7989a3aeee9b6275f8d4a2698334f00e4f40b_0.json	650	167.00128173828125
44	292	40e01093	c_40e010931f91f4f2989fc5f892f990a8890808e1_0.json	651	166.98997497558594
44	456	0fd9354f	c_0fd9354ffea563807e7e548b9168abff1ad3483c_0.json	652	166.97225952148438
44	336	a438bdb9	c_a438bdb9c13f421b9cf730389971fe38563b881b_0.json	653	166.96481323242188
44	254	0869c916	c_0869c9166c76832f87979925d769ced006ac35e5_0.json	654	166.95558166503906
44	327	8619fdc1	c_8619fdc1b65f51ecde2e96982eac9ee5843db462_0.json	655	166.95077514648438
44	842	7fcab11e	c_7fcab11e96f40f464edb205e127ffce2600fda69_0.json	656	166.94517517089844
44	120	633ab9ad	c_633ab9ad39edb1c18d12e73e0a2886ea0106561b_0.json	657	166.90274047851562
44	263	91401bff	c_91401bff7493957e0b7f5a91151d005a1d3b7a27_0.json	658	166.8974151611328
44	273	24f9c9be	c_24f9c9bea0ecb5870c24a21c71ed3c53f0d052be_0.json	659	166.85594177246094
44	739	a0e435e4	c_a0e435e4d42efd04c7b758ba3fe99cfc82bcfb6d_0.json	660	166.8468475341797
44	53	70c8320f	c_70c8320f7f592d325e8c89a294a1b2db70595f65_0.json	661	166.82858276367188
44	167	d30ff4d5	c_d30ff4d5df2559dd1c6162ccaa0c22c75558b35f_0.json	662	166.826416015625
44	700	2d52e39b	c_2d52e39b34291f97983cc009d362966e87556cdd_0.json	663	166.80810546875
44	752	59bb502a	c_59bb502a7ae8c9e268c72e83ca2a94274e97a907_0.json	664	166.78150939941406
44	701	00cc49e7	c_00cc49e76b4cb5837f91bdcae2b3dff6a2809f2a_0.json	665	166.7666778564453
44	716	6c71a2b1	c_6c71a2b11ab80ce9c0523023712b3aebfa6d15b3_0.json	666	166.75369262695312
44	545	2c095347	c_2c095347b5d409c54d3443b7e9f1c6dbbd761756_0.json	667	166.69297790527344
44	767	fdd7459b	c_fdd7459bc5470e90024dbe762249166481cce769_0.json	668	166.6815185546875
44	316	71552816	c_7155281684b0f21199c80d384e15ce3633e2008d_0.json	669	166.67010498046875
44	380	b09225f7	c_b09225f7a2121dfa4a24c4422c29452eadb525c0_0.json	670	166.64231872558594
44	38	ca165390	c_ca16539029cd63e0ab5c9e3cba354a539f94e316_0.json	671	166.63934326171875
44	41	31485240	c_31485240cc4a5dda6496ea4fbab82f86330de328_0.json	672	166.63934326171875
44	150	41f4a205	c_41f4a20506449b0a9a5a7ac71d28f53f701b484b_0.json	673	166.63560485839844
44	685	e5a26fd8	c_e5a26fd8270bc6388f389d85b747f2c953543cca_0.json	674	166.62277221679688
44	261	11349c5f	c_11349c5f52e0355a11ced6234ae424da73c9503b_0.json	675	166.60235595703125
44	27	c166fefa	c_c166fefa1713b406b82a270b63a4791e6be20534_0.json	676	166.58837890625
44	574	53f15f17	c_53f15f17e6276993593aebe363bc8fb731e50862_0.json	677	166.58230590820312
44	662	9032b122	c_9032b1229a8af56724f67ad7bafe5e18a3dfbebf_0.json	678	166.58016967773438
44	865	62200b41	c_62200b4185c983df55d2d09a70223097df1db33f_0.json	679	166.57403564453125
44	778	7d807918	c_7d807918b791a3a75d2ad463da1bb18d22af28ce_0.json	680	166.56390380859375
44	698	a6fbdae7	c_a6fbdae7e9d765ba175374c78050dc391ddb1cb5_0.json	681	166.55943298339844
44	340	835cc036	c_835cc03696a2948b10f31d0498b1aefcd5cbd3b7_0.json	682	166.55772399902344
44	207	27f87f07	c_27f87f0736bb9bae4bb9feb3b3909d7a436c4485_0.json	683	166.55548095703125
44	742	d85f9dee	c_d85f9dee0a0c93b2a967fcab902615d09f55d61d_0.json	684	166.54818725585938
44	320	b99befd1	c_b99befd1d7c43cf678e323143a14d51b2311828d_0.json	685	166.544677734375
44	354	7c441273	c_7c4412737f24df0a1d78da97782bd33cf4c4dc8c_0.json	686	166.500244140625
44	831	45384fe6	c_45384fe639b4076592bdec06d24b7cddeca64035_0.json	687	166.45567321777344
44	396	b6886eb4	c_b6886eb41d060b9569bf101a017abdf89acb29f2_0.json	688	166.3869171142578
44	408	3c5ab4f7	c_3c5ab4f7ae6827a90a5c72a1befe92d57436f189_0.json	689	166.38595581054688
44	386	a1807787	c_a180778776229d5c6a39543dc768b76ffe8413ae_0.json	690	166.3855743408203
44	664	cb384bea	c_cb384beaad0fbe0fe6e9d0fca3e7e7badfdd4ea4_0.json	691	166.37384033203125
44	508	d7d90daf	c_d7d90daf1a0482294e42430387f35cbd02f5f4a1_0.json	692	166.3660888671875
44	740	70d0fce3	c_70d0fce30721b1ea616a7ca267e8e3be7e5a0e24_0.json	693	166.33795166015625
44	504	ec445575	c_ec44557554a3b6b007e2c0e26996692d67dcc037_0.json	694	166.3082275390625
44	166	4f1272bc	c_4f1272bc923656bab917d82284bc05027ae1e8ba_0.json	695	166.30007934570312
44	99	e3347fdc	c_e3347fdcd269c382cd0bae3d249143b9f0c8e2bd_0.json	696	166.2620849609375
44	220	8e636e59	c_8e636e5976d5f8d7a855ac899492f1e4b5e52182_0.json	697	166.25775146484375
44	465	1e4034bf	c_1e4034bf41b21852d674e1cc0b845df1feda793f_0.json	698	166.2447509765625
44	639	82c16dee	c_82c16deea66a526b76f939e1d64a829681cda584_0.json	699	166.2133331298828
44	310	4638b0c2	c_4638b0c2c78f7dd5875c8eb999c8dee9720dec13_0.json	700	166.1874237060547
44	373	38118ec5	c_38118ec54482b76c0e1eac150597d13b5c8c8413_0.json	701	166.18504333496094
44	457	9b4b4779	c_9b4b47796e8e2308ae8dcd9a1b030a3280092093_0.json	702	166.17813110351562
44	549	ca91f414	c_ca91f414e3e732f987963817397a0594a11c3f22_0.json	703	166.13992309570312
44	434	a740ea60	c_a740ea60b32933bd71401b512cd57bb462fb67f0_0.json	704	166.13177490234375
44	728	e43088b7	c_e43088b797546eee69f0b09df205138bbd7dc3e8_0.json	705	166.07949829101562
44	131	a436cfab	c_a436cfabfa24fa9c81d6ccab499f81c0607c57ea_0.json	706	166.05677795410156
44	870	ddbca724	c_ddbca7247a50ad81f434ab77004d4ed83d64550b_0.json	707	166.01063537597656
44	450	75ecf4fd	c_75ecf4fdf2824a4227f1ebf7e00da55fdc4ecc27_0.json	708	165.96484375
44	477	2d858d5c	c_2d858d5c7cc30313c9c3c8ef4a5e8d34d67a395e_0.json	709	165.92604064941406
44	372	9b7db4ed	c_9b7db4ed2007e0e651a967e499db7cb3ce6ed83b_0.json	710	165.91783142089844
44	470	7ddaec12	c_7ddaec125859256a0d1c93b683e782822aefe9f2_0.json	711	165.87625122070312
44	624	2e44b5bf	c_2e44b5bf1ebab42184a640c9ff7e701d2d9854b0_0.json	712	165.85438537597656
44	644	bdf94706	c_bdf947068033fd01bcedfafba7859fccba94f824_0.json	713	165.852294921875
44	900	7b117a45	c_7b117a459629338668b5f67cef99729606523c6f_0.json	714	165.8445281982422
44	172	9a871026	c_9a871026a65bfe0a51f94b05e51f2edc75315680_0.json	715	165.80401611328125
44	683	c4f3433f	c_c4f3433f45759dfa10bf67996982f963606ee626_0.json	716	165.79397583007812
44	896	d31dc369	c_d31dc3696c0c7bbd9c9f7e662b30db6ed15bfe4c_0.json	717	165.76458740234375
44	13	563521ee	c_563521ee41d3e390ab3d67401b2935b5fe6df049_0.json	718	165.7412109375
44	145	32eea1e6	c_32eea1e611d66a3c1a6b1dc0b373a943614e5680_0.json	719	165.72474670410156
44	871	86a0fa2f	c_86a0fa2f470b50001d1e14054d9728558f73481d_0.json	720	165.71835327148438
44	179	1b2e300d	c_1b2e300d4a8f7858c1637ce45a419f57c72c7f8a_0.json	721	165.71131896972656
44	177	c78e72b8	c_c78e72b8acf1fbc48c2761f8544788cccfef4206_0.json	722	165.70648193359375
44	697	67c25f9d	c_67c25f9d761ad167d9fbb8eed176913d25040a2e_0.json	723	165.67611694335938
44	136	8fa12b85	c_8fa12b85e9dea6039d93d8082276ba79e29ceb91_0.json	724	165.6556396484375
44	467	cb893e84	c_cb893e84fc383ec42c89bd6c5a4a60d785f2ec80_0.json	725	165.65213012695312
44	461	33cd35e5	c_33cd35e5d60f03e191ce74f85523b099a3c1944c_0.json	726	165.61972045898438
44	715	23aa5b4a	c_23aa5b4a91da0df095f411d1634272e57289a3d1_0.json	727	165.61456298828125
44	781	811fb4e1	c_811fb4e1f7cb0b87d9af62cc892ac06a413eb560_0.json	728	165.56634521484375
44	780	aa8365f5	c_aa8365f5b5bc871f1c8ad95412e68ee09ea44af2_0.json	729	165.54685974121094
44	83	0a986c62	c_0a986c62498d7ddacf6d5372f95c971af1176036_0.json	730	165.5367889404297
44	764	020c03d8	c_020c03d8ef579e80511023fb46ece30e9c3dd27d_0.json	731	165.51710510253906
44	290	04c4921e	c_04c4921e077293ebecb50c6ef87d9bffbce72a72_0.json	732	165.51443481445312
44	711	e99d0ada	c_e99d0ada42680d992704f67c8624a10b4bea8d42_0.json	733	165.5141143798828
44	383	17ffd7f1	c_17ffd7f15c677bd595c759e0dec2238ba6e9df72_0.json	734	165.50486755371094
44	196	d6f36338	c_d6f363389f3e28d33907bf31117f767aef115561_0.json	735	165.46810913085938
44	596	e81176f6	c_e81176f64f9f3e2f9832224940a4d0aa98b84d0e_0.json	736	165.45989990234375
44	181	958e1bcf	c_958e1bcfc14cec7f47013e3db386622c31d4909c_0.json	737	165.457763671875
44	730	32619a8f	c_32619a8f4b14a633fcaed2c8a848d73cc726ad2e_0.json	738	165.44020080566406
44	7	3bfb8394	c_3bfb83942aad23e60fe04ac38719bcd64737b2bd_0.json	739	165.43505859375
44	518	e00e51c8	c_e00e51c84dc08c7621799ee3268acd4969b69141_0.json	740	165.42286682128906
44	706	16dc21b6	c_16dc21b6733605571e762e8b5ecae8d960170a97_0.json	741	165.40975952148438
44	384	06fbac97	c_06fbac97cc88e382d61b4a75d8407c57770c1e93_0.json	742	165.3890380859375
44	171	db7f5772	c_db7f5772a0ec79a99a09871a84667145a2865c83_0.json	743	165.3863525390625
44	30	4c929881	c_4c929881cfc3ba5f8c0190dfdfb25494f41a1de6_0.json	744	165.38279724121094
44	727	e4ee376e	c_e4ee376ea518f46274f087337edfe284586dd917_0.json	745	165.36944580078125
44	652	32b8e3b3	c_32b8e3b3c147d5df6d349194a90f25e187f9b2e0_0.json	746	165.349853515625
44	582	ff615cb9	c_ff615cb9580ce99d48ec5da88be3b37213185076_0.json	747	165.34359741210938
44	787	00fecc40	c_00fecc4053a2ea7c62b2bdde88c9352f3ccc3147_0.json	748	165.32455444335938
44	468	6209f812	c_6209f812e69f00f4fbd49c82260142bf591d8091_0.json	749	165.32386779785156
44	852	de0b7d76	c_de0b7d762f74e45c9837dd1a0ca69822a2a00a9c_0.json	750	165.29750061035156
44	147	c013e283	c_c013e283bb2824d38d286a273187c660d6f7b15b_0.json	751	165.2782745361328
44	743	578aefdc	c_578aefdcc32a4ec07813d902b2f9d7e4d624bf7b_0.json	752	165.24691772460938
44	282	272aafd7	c_272aafd78959a3b14a2a1944cc9081b87145884b_0.json	753	165.24380493164062
44	418	231f1dfb	c_231f1dfbff121018a6dafdaa033b5c7bf4b4cbb5_0.json	754	165.2362823486328
44	222	88a29e1f	c_88a29e1f84821471932d1db34978722859afe1ee_0.json	755	165.2227020263672
44	828	5e1e2987	c_5e1e2987483e581db31166a82f758c69d3c559f5_0.json	756	165.2177276611328
44	156	912a43f4	c_912a43f42912ae769a405f6a0614a9f1319275ea_0.json	757	165.2170867919922
44	21	fb1b71f8	c_fb1b71f839a016b8e298b9ea131cd1c820b1e505_0.json	758	165.20822143554688
44	11	88220840	c_88220840b463a195406648a93189f0321a5aa7e5_0.json	759	165.15171813964844
44	313	5dd3a979	c_5dd3a9799dbbce30e38d1812cc310d6347b95566_0.json	760	165.12286376953125
44	193	d39cf81f	c_d39cf81f492481977285c1b91cb520a370fd7438_0.json	761	165.11239624023438
44	135	cec62ceb	c_cec62cebf6ac663a53cab818d85ebee7328f6c2f_0.json	762	165.09840393066406
44	619	054452ac	c_054452ac71bd79bcd7a1ac49dd1d2794b0c65485_0.json	763	165.0980987548828
44	274	048db3b1	c_048db3b1921a7bb58bbaf513bd4b6694b7b7e1c3_0.json	764	165.08956909179688
44	122	08be5c2a	c_08be5c2a6329caf0f780cce061b82223c8d12b24_0.json	765	165.05523681640625
44	868	31184ea2	c_31184ea2828facdddbbca15fe4d6f1113240e3c4_0.json	766	165.02146911621094
44	692	8cece722	c_8cece7223349341d5ab44234d1f62897cb849511_0.json	767	165.01681518554688
44	822	3621e293	c_3621e2934832eebd56dc1fd6875b400c7a2c4061_0.json	768	164.97071838378906
44	760	9fe74b7d	c_9fe74b7d3a8c3b78a5a26f7e55b0ca4b8fea4fc7_0.json	769	164.97056579589844
44	230	1cde8827	c_1cde8827c953a56b2fcabad676f8cf2ddd6ec182_0.json	770	164.95187377929688
44	114	5402e0df	c_5402e0df1c7ab82302b32f4ce1b05c2220eacc63_0.json	771	164.9154052734375
44	681	23e22d25	c_23e22d2589dd4e40323bec381e064f921204255e_0.json	772	164.8921356201172
44	719	be286da2	c_be286da2b3ade34a747a7b650e7bb0d5d233f2c8_0.json	773	164.88616943359375
44	832	0e31dcc0	c_0e31dcc051d759f4d347fc45359dc00fb28ba780_0.json	774	164.8661346435547
44	766	cca0e6e5	c_cca0e6e5341aacddefd4c4d36cef7cbdbc2a8777_0.json	775	164.86485290527344
44	490	9f68b5d3	c_9f68b5d384e2de0fea87a9d613e950e32a24dd78_0.json	776	164.84750366210938
44	315	b7bcdc24	c_b7bcdc24b94684db177601f6feb0ab86febb6696_0.json	777	164.8436279296875
44	911	d2bcb037	c_d2bcb0371967f313aa9710f12725c20a5650dc93_0.json	778	164.8399658203125
44	357	68e74364	c_68e7436429671b82bdb410b46a158a784d5fc64d_0.json	779	164.74072265625
44	161	0a8aaa5e	c_0a8aaa5e707a1931af9393a1c06d8d5aecf0ae92_0.json	780	164.6761016845703
44	488	86aaf84a	c_86aaf84a2ba3f4687aee130d0bb1834e465662bc_0.json	781	164.668701171875
44	331	631c1dd6	c_631c1dd6ca8e4859bef1b7e41e54b198429f4662_0.json	782	164.64154052734375
44	757	a75598d5	c_a75598d56dbe4d621fcae235c48c8b099b7ee675_0.json	783	164.61631774902344
44	632	34e93904	c_34e9390434e8cfb851c2a664f21b6de83323e6ad_0.json	784	164.59921264648438
44	25	ad978502	c_ad978502231579d9ed6b0648b52fd85801376dc0_0.json	785	164.59896850585938
44	565	fb05377a	c_fb05377a069c265d03d22d1b7d60cddd4f70cd33_0.json	786	164.58729553222656
44	843	aa36c497	c_aa36c497400b2629945cbe5e23973407a460809b_0.json	787	164.581298828125
44	399	7be97963	c_7be979633a4ab427d820c591a1cb940c2721ba1a_0.json	788	164.5809326171875
44	891	05488674	c_054886747f5a2fb64e4f03473e2de4e49e75f82f_0.json	789	164.56748962402344
44	364	bcebf92d	c_bcebf92d9221df6c3f2e0f4c1421cee21a3b3ad5_0.json	790	164.5615692138672
44	691	6846564d	c_6846564d8345aba5d64ce943656a60ccf3635978_0.json	791	164.5465087890625
44	108	6640ef91	c_6640ef914f139755fe11d14bca023c4bb5eece25_0.json	792	164.52952575683594
44	82	05f1da9f	c_05f1da9f628ad7698f4d91c8bbe26b41217349a3_0.json	793	164.525634765625
44	402	25b59567	c_25b5956702a2d63da57ab2be32c47fff22391ddd_0.json	794	164.50172424316406
44	686	d406df98	c_d406df98d18c79dfb6d705bb9cf77e522b63a2d9_0.json	795	164.4777374267578
44	359	5ed6fa43	c_5ed6fa433492c0ca701593efa7860b65587778ab_0.json	796	164.47073364257812
44	670	ab6edbca	c_ab6edbca4c8e33ed88def5b6d2bf3fc77c0b400a_0.json	797	164.4495391845703
44	476	2419bb55	c_2419bb55d2683142443626482c85d6086ae3bf72_0.json	798	164.43807983398438
44	880	592b1000	c_592b1000348d294471db9605c50a63ad292e35cb_0.json	799	164.41482543945312
44	243	81eb0beb	c_81eb0beb2be12c1debbe99e7dae121c63b35deaa_0.json	800	164.38058471679688
44	835	46212e5b	c_46212e5b46a689f8ffe45ccb0491cbc696261334_0.json	801	164.374755859375
44	257	2de1b50c	c_2de1b50cf85e39683ce39133075ba35a70e0505a_0.json	802	164.34703063964844
44	673	eaba9934	c_eaba993497acfb3c99a9bf5e3aec59dce68bc7c9_0.json	803	164.3181610107422
44	505	a12930c8	c_a12930c8fdd4cf6cfd025ee29f84568db0395cc6_0.json	804	164.31796264648438
44	448	f08fadf1	c_f08fadf1aa8c2092b2fd25fabdc9ee02cf1b0c8c_0.json	805	164.3171844482422
44	262	161511fb	c_161511fb50910920c612de82bfe06f86e6a5aa50_0.json	806	164.316162109375
44	821	0e1d5a43	c_0e1d5a4385ec91ddc10900f8733f086513636609_0.json	807	164.27378845214844
44	413	6179d0e9	c_6179d0e9ed81b74fd721d3d98d211f2d6ae2c5bf_0.json	808	164.26815795898438
44	26	67e6fe04	c_67e6fe04bfc185620f499ed21d95b54d99ffab75_0.json	809	164.24606323242188
44	47	46ad24db	c_46ad24db76c6f65480736006c2da8b8e5bf8ee25_0.json	810	164.2007293701172
44	412	57cb8c89	c_57cb8c89cf8a8ae285cd03ad2397bbb137006c86_0.json	811	164.14523315429688
44	56	7b879e5f	c_7b879e5f32093cef227f00ed9f0f6db21a0f9948_0.json	812	164.1356964111328
44	633	0b26aa58	c_0b26aa586da908f201364558471751af6d532f63_0.json	813	164.0855712890625
44	903	a33995a2	c_a33995a2f3d38135cff872b9a97d9348e4e80403_0.json	814	164.07591247558594
44	54	ab9ebfc8	c_ab9ebfc83e6e741b1a4296c4c651ac2798f467f7_0.json	815	164.010009765625
44	816	57d8a1c3	c_57d8a1c37c9d6c08be59d707b6b220e14ab5a281_0.json	816	163.9970703125
44	533	49411325	c_49411325d1bfcb8ed7496170d25d652dfaa759a3_0.json	817	163.99368286132812
44	668	f3b51a52	c_f3b51a5272540f55a62012897ec50da8b5356c81_0.json	818	163.9666748046875
44	89	4e2380bd	c_4e2380bd5925e436266865ebf988d8362b675cc6_0.json	819	163.89694213867188
44	452	7b115db9	c_7b115db9a8764f93bb22da09da4301eca1a3400c_0.json	820	163.8737030029297
44	618	3ed497f3	c_3ed497f31dc3ac2cb635466b07ca468cd617a48b_0.json	821	163.86329650878906
44	547	68244218	c_682442182197c894d5fc4ac9238c4213d28ce589_0.json	822	163.85110473632812
44	614	6daf585d	c_6daf585d3374daf74c8d34d99a5f81b6f8f3e66a_0.json	823	163.84739685058594
44	201	fd648e2f	c_fd648e2fd39f6f7d607b974fa73c405c9357d537_0.json	824	163.8455810546875
44	205	470e63ac	c_470e63ac6fada00553f29b0d344375c4f472a0dc_0.json	825	163.81695556640625
44	92	e451ee48	c_e451ee48eea0be402f9a3502b22b0104d55d3cb9_0.json	826	163.79541015625
44	110	e09c9e5a	c_e09c9e5a395bc68c40d512c96ca6ce8e726958ec_0.json	827	163.7734375
44	437	49bf6268	c_49bf62681bda0ebf935ac19215529f21da117b5e_0.json	828	163.77310180664062
44	429	8b3e64b1	c_8b3e64b10cdd8af048de59c835aa614067a15c42_0.json	829	163.7415771484375
44	268	b79bd086	c_b79bd086963d85fbc88868c51f99ed4351d1f7b2_0.json	830	163.70748901367188
44	513	eedeff97	c_eedeff97d84db068a0fc56c91c4f39a5db2130bb_0.json	831	163.63612365722656
44	471	0bc6bec0	c_0bc6bec0b8607e7c7885aa987a95e7ba02020c5f_0.json	832	163.6123046875
44	754	6b0229f1	c_6b0229f14c2dfd5812e7634ec4fa5b6be3b99496_0.json	833	163.60169982910156
44	480	dfc66383	c_dfc6638392f80bf8c15ee7781951fbe1f072d772_0.json	834	163.596923828125
44	705	7ee6b67c	c_7ee6b67c1983aa06e4585eb76fab0d7441fe0a3d_0.json	835	163.55010986328125
44	642	4525a60d	c_4525a60d3c0755f0c5eb2d71388e79fb8fc8bc6d_0.json	836	163.4667205810547
44	535	8aeea171	c_8aeea171e660b970b5fe18a8d518b421200703b6_0.json	837	163.46620178222656
44	447	c69db93b	c_c69db93ba726e119c13c42085336c72c717f91b1_0.json	838	163.4640350341797
44	514	aa9d0bc3	c_aa9d0bc38203cdf072f964dfdf5c72f3960d7093_0.json	839	163.4485321044922
44	769	2ab2fcb3	c_2ab2fcb356753927afaa731b9d2dcc47d3083408_0.json	840	163.44161987304688
44	401	5b3d609d	c_5b3d609df16bddf6b0ce85532214ca32b5676bfa_0.json	841	163.29534912109375
44	160	b7ea6714	c_b7ea6714c69bfb36af9220286daad9d5075b44bb_0.json	842	163.28912353515625
44	819	2245d7ad	c_2245d7ade5283dcf8bf01c2aed1016188771779b_0.json	843	163.2810821533203
44	612	500d940b	c_500d940b27cead8b6a9fff4f518c457c23963bfa_0.json	844	163.19195556640625
44	445	ed7b39b5	c_ed7b39b5555df6fc29d3f5f709a1eb60a0ab9ba4_0.json	845	163.16552734375
44	34	a5bf03c5	c_a5bf03c52fc592c81bf7fc1ec233408c68a6b39d_0.json	846	163.16358947753906
44	827	aeaac643	c_aeaac6431856b3b0554bc3865eb51eb40d2fa83b_0.json	847	163.13975524902344
44	759	c4d33f74	c_c4d33f747f5206fe2d399fac72b1f55c2f3422a0_0.json	848	163.12771606445312
44	669	f51fee1a	c_f51fee1afa05a209d60665ef772504b4f788cad4_0.json	849	163.08221435546875
44	755	b2a9dd0e	c_b2a9dd0e14adf6a80af03d8f8273141495cf90f5_0.json	850	163.05613708496094
44	152	11ea2e2f	c_11ea2e2fea8e31057c0a9aae71ca80802368a483_0.json	851	163.03150939941406
44	57	4669f291	c_4669f291e8a896375e796eaf025a101de7fd2088_0.json	852	163.01524353027344
44	37	9832c239	c_9832c239e4c9e3667912dde40b9e0d62fb77637a_0.json	853	163.00665283203125
44	392	3e2ddad1	c_3e2ddad124ea6ab1bc690487793bf88560ca3732_0.json	854	162.95230102539062
44	338	a1e5831a	c_a1e5831a471af4957367d571a6609fa1d1199260_0.json	855	162.88363647460938
44	751	336c42d9	c_336c42d96187974858a71c58764ef0b1bbfc7536_0.json	856	162.8776092529297
44	248	1f955f50	c_1f955f50dc2c0c7d97cc8aa0c249d578b7734524_0.json	857	162.8352508544922
44	675	32170076	c_32170076e2aef1cfd3f6d25aa55be502045a5976_0.json	858	162.8194580078125
44	859	b8690f94	c_b8690f9450ca6481408756f4467362bb2f12de25_0.json	859	162.78390502929688
44	792	a0ac844f	c_a0ac844f238b5707738eb56edd87f14a29ade8ea_0.json	860	162.78233337402344
44	758	c654e04c	c_c654e04c95fa1b321748e5ff0495598945d4ac1a_0.json	861	162.77305603027344
44	463	5b25f6c3	c_5b25f6c3a0bf1a05376392bdb076acdfb35258bf_0.json	862	162.7032928466797
44	173	9fbe205e	c_9fbe205eff8aa6f9a7a6e302094b3715e61da777_0.json	863	162.70318603515625
44	875	f69ccab7	c_f69ccab744282fc7335dba46656f01ea92901678_0.json	864	162.64952087402344
44	486	ac013451	c_ac013451df345691df97597b1196e0e78e15529b_0.json	865	162.6083221435547
44	106	ff40903d	c_ff40903d7d1e683490e3e337db506a2ffc6355c9_0.json	866	162.563720703125
44	144	75f92f63	c_75f92f6341c243c5debffd25285222ca8e9589aa_0.json	867	162.48373413085938
44	8	46bb5d48	c_46bb5d4805aab058d441a30d809ff1199e634bd5_0.json	868	162.33517456054688
44	714	b90b1f44	c_b90b1f445d5b2317360b797afae22ecfccbdac94_0.json	869	162.30548095703125
44	626	35020402	c_3502040234235cd85150617e754e558b925a6006_0.json	870	162.2917022705078
44	741	a08cda7e	c_a08cda7eb618fcf15a4bfa157b4227d6dfd0bf74_0.json	871	162.27972412109375
44	824	d8836f66	c_d8836f6627467ab7d523f27b00bb8873170d5fbe_0.json	872	162.2609405517578
44	464	5b85bf1c	c_5b85bf1c570c545365d1a7690c2faf6a33dbc4cd_0.json	873	162.2139892578125
44	275	1d556700	c_1d5567004306b3c6019b4e828f811220fc3fe990_0.json	874	162.20887756347656
44	325	4d75bd5c	c_4d75bd5c10c2ef19d848c4415276ace9387c5094_0.json	875	162.20620727539062
44	459	6732f905	c_6732f905bc43d0021a8c83816bc8b030df1ecaf4_0.json	876	162.16929626464844
44	498	30e980d4	c_30e980d49a24caa3b4077dd3f76928825cb171c0_0.json	877	162.1588592529297
44	768	0600296a	c_0600296ab8f8a0bbdfedd483f51b38005eb8e34e_0.json	878	161.99575805664062
44	809	c0a9923f	c_c0a9923f613225b9a4bd7d4a92401ba78f536ea1_0.json	879	161.78286743164062
44	753	9f0db874	c_9f0db874b3a965e53f13f6f6ca8871c933f049b4_0.json	880	161.66896057128906
44	687	5a90662b	c_5a90662bde382319c79b2a33d216ae00cf2e031a_0.json	881	161.64727783203125
44	503	7531f001	c_7531f001f66dfcd6582d9f9ac835c69db95c775f_0.json	882	161.58285522460938
44	252	e46c02b4	c_e46c02b4d59a2a9cc053f2693444f6cbd92a1b12_0.json	883	161.4805908203125
44	718	4e767256	c_4e7672568ef110f3b96f758fbc4af828ea2c8c8a_0.json	884	161.34823608398438
44	573	2917696c	c_2917696c19dd03782e0d96fac851e636156a337e_0.json	885	161.12696838378906
44	280	cbdc8bf4	c_cbdc8bf4c769d76565610c23714a8f87f65f3f05_0.json	886	161.10047912597656
44	721	9a1011d4	c_9a1011d4df4476463ef449aaeb0d65ebdba461da_0.json	887	161.04083251953125
44	272	7e4a0345	c_7e4a034580de41c47344c80d424e8e3dcf587d60_0.json	888	160.9658660888672
44	342	fc543bf1	c_fc543bf147572522bc0fea0b2f751a4ebcb117be_0.json	889	160.88072204589844
44	378	3bb9282d	c_3bb9282d8876aff48148c25ec63536d352f775bf_0.json	890	160.7783660888672
44	170	2b9b452b	c_2b9b452ba94872adb5d2bddd1a646261bf27b5e4_0.json	891	160.7735595703125
44	258	ae3c158e	c_ae3c158e05af20843fb5ea72deb5b7fb1fefbd54_0.json	892	160.76800537109375
44	210	b7a9d162	c_b7a9d162d24a9c049f47d9bafe394d5b63ffafb5_0.json	893	160.68873596191406
44	771	654222e6	c_654222e628097763ee6ca561ae77be5c06666173_0.json	894	160.68069458007812
44	622	f357449b	c_f357449bb6a186cbd9aa9de124ba4e1b998cbb1e_0.json	895	160.57699584960938
44	382	47b706e1	c_47b706e15161c22bbd51ed83500bf76d56328c8c_0.json	896	160.5500946044922
44	31	d592bb4d	c_d592bb4d667520511722678f4473659b2af9a28d_0.json	897	160.50933837890625
44	55	e190c403	c_e190c403ff10f20fecc187e70cbf6b1390da27e9_0.json	898	160.3795166015625
44	326	d79270dc	c_d79270dc64d9ad3bd9af0a766496d0d9f9acbe9e_0.json	899	160.37672424316406
44	215	fc31e9d6	c_fc31e9d6bd94d7c74eb05ab168ec071f6c24503b_0.json	900	160.27853393554688
44	381	2318ba30	c_2318ba308b4d36c493330c9286a86878bc24af55_0.json	901	160.26734924316406
44	674	1b86ffab	c_1b86ffab91d88e2e98e2549756f89890b5b4feb7_0.json	902	160.2161102294922
44	651	87436750	c_87436750cedf64c3bf25f948597f53af2b52221a_0.json	903	160.19876098632812
44	42	64eb3268	c_64eb32689dac0635530b704696d2b5eebecd47bb_0.json	904	160.18472290039062
44	887	5273bd5b	c_5273bd5b5a407cb30cddab9abe91c539af69a20e_0.json	905	160.17831420898438
44	877	f72a88ca	c_f72a88ca6ad351c8ba7343c51ba8944194f7ac3e_0.json	906	160.06056213378906
44	393	7bb5d886	c_7bb5d8862665e0cc60cee52d2b48ebbd7fca61fd_0.json	907	160.01025390625
44	178	b1bfbcb3	c_b1bfbcb3397390ec51f0bf2472ac17c02534ee8a_0.json	908	159.95571899414062
44	278	8118f824	c_8118f824462edcbea3524a200c85ac365329ef4d_0.json	909	159.8442840576172
44	830	2626ec7c	c_2626ec7c0f73e088baff12eb505f8673fa5af4df_0.json	910	159.78549194335938
44	46	726f6f25	c_726f6f25c5474a6ca67915c9e1e5684a049b520c_0.json	911	159.57916259765625
44	497	8c250748	c_8c250748c618ccee837d1cd341b3f578c67e5541_0.json	912	159.03929138183594
44	322	eca71f5d	c_eca71f5d97b4e9d8b1d69fcb9f14756b8159cde5_0.json	913	159.02622985839844
44	772	8f702469	c_8f702469cbf4c451b6dea349290bc4af0f6f76c7_0.json	914	158.8543243408203
