e922492,c_e9224920fa2f47eaba256a264b0f29dfff1fa150_0.json,1,0.35017961647681295
6e9aaf2,c_6e9aaf2c13738c98df616641ef036ea2d4e52c45_0.json,2,0.1666848391881165
213c137,c_213c137b7515e71abf006611d8927b4fa68bd62b_0.json,3,0.15905619399263682
0c281fb,c_0c281fb0977c8bc7ac8c9e98cf9ff45bec6cf257_0.json,4,0.14894141171370456
c2309ac,c_c2309ac5b35772af1dcf5a3626a0763e13608b01_0.json,5,0.14799257030824997
b1efd86,c_b1efd861095ee4f0a13337fa4e83e900a297d0bd_0.json,6,0.1415967041263182
16b91ad,c_16b91ad2b9f5f524b2b07ba4515c65479999f7ee_0.json,7,0.14005247233914186
1f984e2,c_1f984e2b4fd36b1619c4c99983a8344a29d74f00_0.json,8,0.1344234986380981
b75a08c,c_b75a08c7fb0d7088cd263606b2322cdb41740833_0.json,9,0.12606183508981716
0080958,c_008095820a47306543a2659e54b74b98880a773e_0.json,10,0.125007984645231
745d1a5,c_745d1a535c9cf45d24455afc150b808981c8e0df_0.json,11,0.12454716024678125
4fbf597,c_4fbf5978d9473a2504a554cbe53dc29c49dd67b5_0.json,12,0.1244797365966368
18cf799,c_18cf7990899da4d0e5c4c1ec311a952420b54dc1_0.json,13,0.1231441270204594
beb276c,c_beb276cf237cd5d21286f522b56338ee6d31199f_0.json,14,0.12199584940509767
0947465,c_094746596cb39b2bfbd1843233b7dd2009736c00_0.json,15,0.12060996744306329
e3f4d1c,c_e3f4d1c0f2ef2ac9a4a33f49368b7386f8913c2d_0.json,16,0.12012286853990095
347bbeb,c_347bbeb8f98a49744501ac50850457ba8751d545_0.json,17,0.11767922304196698
dde6993,c_dde69934d7f0bee13e4cd1fc99a7d60ce95a0c78_0.json,18,0.11520971790577905
9b2b803,c_9b2b8038b52be022e42c8c7fdf26e236888f94c5_0.json,19,0.11466457770454941
e6ca08f,c_e6ca08f00a87ad141ab46c8739374adfd396782b_0.json,20,0.11254379303102813
5db7cc6,c_5db7cc6d0dacef08622701220a562508f23624ae_0.json,21,0.10784536559017333
9903ac8,c_9903ac8576124325025a7219ba15bd51836e942e_0.json,22,0.10689348497202877
798f9e5,c_798f9e5c5c508d2edf86300b8fc00687d4a4f914_0.json,23,0.10633158563794709
66d0ae6,c_66d0ae6216730abd8bd736e210be73229c8e807b_0.json,24,0.10198094712842187
7e6dedb,c_7e6dedb3098a6704422cf2ded3c099bdc0e0c6a0_0.json,25,0.10176348302726534
5aa47b7,c_5aa47b707d299503caf33e9ee1b44903b3a13eee_0.json,26,0.10153021468247991
fc2253e,c_fc2253e286a8fac3d1091f187428a3f258aea6c0_0.json,27,0.10133629289304291
991e627,c_991e627d88b40d246f0fe29367994cbec0c1d3ff_0.json,28,0.09850916526113795
bd813d5,c_bd813d59ee787ad02916b51a1854e5366864dfab_0.json,29,0.09781888546827344
c967bd6,c_c967bd6c9b990cc8b70fd6ef771e2d0829552337_0.json,30,0.09737563104387792
b3ca31b,c_b3ca31bc9ead69510a671456a5c973d6dd01f9aa_0.json,31,0.09663593325029673
79a1091,c_79a1091bd0a2dba7decacd23beac8104f3b5a5cb_0.json,32,0.09601976618003849
f671feb,c_f671febe85e806a04b791c797b4645784c386400_0.json,33,0.09577649032111613
24972c5,c_24972c5eec9bb74dc7c1617c5df87a7ca60fd371_0.json,34,0.09525002938639782
5dae769,c_5dae7698bb51736f18290b9c565f144854d03e18_0.json,35,0.0937312458518007
aae50c5,c_aae50c585ec3ac33c6a9af792e80378904a73195_0.json,36,0.0936987195765615
c155ceb,c_c155cebd4127367a7b649ca167c0c69284cc066b_0.json,37,0.09317660124762717
c0d5c79,c_c0d5c79f572fc44c527e842f94bbbe9e4b12701d_0.json,38,0.09188080027226231
7fb448f,c_7fb448fe0afe4fe9d49e9a05e7e208ebe06b2fee_0.json,39,0.09038969319901735
fe4b545,c_fe4b54595b1a9ac9e6abfd2ce31ddb348ae2df77_0.json,40,0.08963473838904079
e56c41b,c_e56c41bcf610081622b663fc053521552705909f_0.json,41,0.08892479796204467
c08f738,c_c08f73835beda155421d78ee4f96d9e11c501159_0.json,42,0.08879383354558112
b0e1b80,c_b0e1b80b6d4a10a9c9f46539bc4c7a3cce55886e_0.json,43,0.08688146341638914
111821a,c_111821a90c84973a98511372ca024dc1a61f0126_0.json,44,0.08655667047231164
c969cb7,c_c969cb74f20b48ed7f002ddf45f2990b790290ea_0.json,45,0.0841345814612382
c51e61f,c_c51e61f888f37b4536c2a667881fdae450ae9c43_0.json,46,0.08364507937686483
1314233,c_1314233dde6b3f73c888fe4274e45d654b7639aa_0.json,47,0.08357506468990383
ba3db96,c_ba3db969a6dc7a346b0c11912483264af9d80554_0.json,48,0.08253213064952736
667f17a,c_667f17a8305c3ee6ac0fb01e91c62569ec162690_0.json,49,0.0793126154606193
e2e9472,c_e2e9472412b3a88f698c80127c4883d9fe78c5f5_0.json,50,0.07864226142235964
ead3757,c_ead3757ef361f85cfb92754e808dafd74eb15702_0.json,51,0.07762513294203732
6dffb65,c_6dffb657aa427151ba9bf2b832977c42f8c01f7a_0.json,52,0.07737696476245282
e503a07,c_e503a076f584ca4aacbd8fa785111262f7411098_0.json,53,0.07642320185549512
823dfdd,c_823dfdd16943a76ae9b6d70dcd03cb34d2a852fd_0.json,54,0.07618099088652774
7411e1f,c_7411e1ff1bd0baf352683e67ac779bc9b0f2d54f_0.json,55,0.07616775483144655
5904ffa,c_5904ffa88dddfe622884cebec904dca975ce0b2c_0.json,56,0.07591355768766517
1060ee7,c_1060ee73965dc30d92afbad80525bd4cdabe9153_0.json,57,0.07473610273914855
5c427dd,c_5c427ddc8fc5a36bcc21021eccfb0e82063bef3c_0.json,58,0.0731939050870758
04490af,c_04490af06faa8fd1be15da88172beb32218dd336_0.json,59,0.07266969067340967
1452fbb,c_1452fbbc3421891c93831293705926e168e43299_0.json,60,0.07161969723657258
279e5a9,c_279e5a9c468a48574a55db31f0a6e33d9309a667_0.json,61,0.07125048436372383
1d040ce,c_1d040cee6c21afb693e1b849ec37712c493dc981_0.json,62,0.07099479325845892
d30f12f,c_d30f12f8fc30ddc2c30a08beea0c10d6d8f2029b_0.json,63,0.07027199282672292
d5c05da,c_d5c05da1d75d6926e56269a5bfefb8e763f1a9e4_0.json,64,0.06992089171664917
6b7691b,c_6b7691b583f10c92258d2ca1960896af187bbcd9_0.json,65,0.06917878437335279
8f95e4a,c_8f95e4a724350f9f80429c2af1c3ac9bb2b2c2db_0.json,66,0.06845035206820194
5606f00,c_5606f004a69c67c4a9dfbe199818ec92ea7f502e_0.json,67,0.06769917105618672
b599e12,c_b599e124a373de091bb6e5b0d771505efccc444d_0.json,68,0.06712214153717377
83b7ceb,c_83b7cebfb619359348f9f56658aa94bd999d159f_0.json,69,0.06687672365530695
96923d1,c_96923d146a098512857b19c745c32109cc18bd81_0.json,70,0.06630768770479678
e543edc,c_e543edc2a488729baea94cc554631cec3fb62b74_0.json,71,0.06588967230701714
39591cd,c_39591cd3b26cc893a69f2304d2dff91683fb5e0f_0.json,72,0.06587036997691231
f577183,c_f577183054dd835d31a3f40026fe63831c140791_0.json,73,0.06583688378130637
4c34483,c_4c34483ea18c6a4f259f19a6d18637bb1fbae1e8_0.json,74,0.06564916767321272
62670f5,c_62670f565aa434b6cb614c1054a8ea5bc3715f25_0.json,75,0.06559800164176233
821b85f,c_821b85fe781d57c9bd5851d3c95f3497ea397c17_0.json,76,0.0652780536536155
e4925b2,c_e4925b286a8e73ab64041c1266463ef1955efb51_0.json,77,0.06522399827172376
94dff20,c_94dff209382d395434924a7914f677fbfaae8656_0.json,78,0.064883583695174
d7b3db1,c_d7b3db12bec1b028cf659cdfc7c8640facc88728_0.json,79,0.06356664884495478
b92abb2,c_b92abb2404801d931c42d55f25749ad862947ea3_0.json,80,0.06258412202053742
234ae35,c_234ae35d4fc177e27e25269c2774e20f444b8a58_0.json,81,0.06179776996848818
7054900,c_7054900f3187c70c60e9e86f1c2bcd4c13d7878f_0.json,82,0.06179045402544192
083189d,c_083189d6835464b71fff4d36caa3d55de2087825_0.json,83,0.06172617914099998
7e3bcff,c_7e3bcff98a5e290755664dc27eb9b86ba64330d1_0.json,84,0.061126534525821286
d5d9daf,c_d5d9daf235c7a223df7a765bd3aa78b1d15de893_0.json,85,0.05927513303388021
7f90b98,c_7f90b98c1f77a0c1af9c774a12e8e257d7a0d1ac_0.json,86,0.05832578684556111
e56f1e1,c_e56f1e194d5832c7d74bc5142fbcd1afc72ab54e_0.json,87,0.057958715017449425
d35f2fa,c_d35f2fa7a06457469a617677eeb4c1dc21484006_0.json,88,0.05730225778427955
f9df518,c_f9df51847e354190206432ba87661586e6dc814d_0.json,89,0.05719964938064637
f1a32a5,c_f1a32a54f9ccc6895f94122aa32937167cbc3d3c_0.json,90,0.056923652189113105
0c5f405,c_0c5f40589c4978f952db05ff9fa9258a0ca99381_0.json,91,0.05637216133482059
9a282e7,c_9a282e71e0a7c3333d7818dd9b7c6e23e4081516_0.json,92,0.055921752687918436
5ad6ce2,c_5ad6ce22f851b3a05b370890686b45997182effa_0.json,93,0.054501882629181986
4cca25d,c_4cca25d72b216bfc8f2e75e4a99afb608ceb6df8_0.json,94,0.053456826956588266
fbc0bd0,c_fbc0bd02b0d9d97ae044aebbbfbc5b13d3eacafe_0.json,95,0.05291009733828034
ae8e1d8,c_ae8e1d82dfc046b4054b6158cf818d1bfe6584ec_0.json,96,0.05279832530447326
08002a7,c_08002a783fd06ff75decd877e4e8bed1556c73f0_0.json,97,0.051932134620677584
7c571fe,c_7c571fe33b6f07a0529f515819d54700227342c2_0.json,98,0.051907113395635585
85248e8,c_85248e8ae52232ed75c2b4c52d4071bdf192db37_0.json,99,0.051628490445902564
107ea06,c_107ea069b95617c3c3e537abdaffe11b858d3e16_0.json,100,0.05157975156440642
cce36ec,c_cce36eccbc144814d3cef1d4c54cad1bcb75c150_0.json,101,0.051327284851909405
a8a8ec0,c_a8a8ec06a85a1090d560dc6cf236663da580863e_0.json,102,0.05128551287459826
976f6ae,c_976f6ae13f850fe840f57babf5b08ae1226a40e3_0.json,103,0.05065549719535645
872f1d5,c_872f1d5b21aae8a374249d5fabd026ec14b27c5a_0.json,104,0.05057050658150364
0f52eff,c_0f52eff086c74ad246c23a82f01b39a39c107ffa_0.json,105,0.050123072935328805
3a93ea2,c_3a93ea2aca3f922db5fad09547908cfc559e9937_0.json,106,0.04979141923090291
4336902,c_43369022c5babd048535386e3773dbc1f67a5117_0.json,107,0.04898450176211333
3fd1eb0,c_3fd1eb0f0b58e61775dd5fee98d1a00eb53363de_0.json,108,0.04780636283308648
cc7da5a,c_cc7da5a77900d67237c96b35a33ee6a5efff12e8_0.json,109,0.04699863745912114
8576b53,c_8576b5331ce810a2349bea05b6a266f9dbd37c49_0.json,110,0.046853352088906286
b120308,c_b120308e5307a4a4fec6d4f1c6b0a5390d6c4558_0.json,111,0.04648455936512175
fc0723b,c_fc0723b7aa9d4f05dd7ac5fb6131efe419da31d1_0.json,112,0.04614012936349665
4b0bfcf,c_4b0bfcfa66b01f6d5e8ccf6225bd483bb27d879b_0.json,113,0.04571386353288076
469e717,c_469e71799a438ccb2d0925e50d4bb9dce37cdba2_0.json,114,0.04570206851683123
436ef8b,c_436ef8b2ff7381e797436fc50d087d70b8032f40_0.json,115,0.04563400558445263
9cb37e0,c_9cb37e0e0363bc71646a146b1dac6ac59b6a629e_0.json,116,0.04542456481896551
43a3545,c_43a35455d2e62a7a4ea2820e7e05fbebc2a84f3e_0.json,117,0.04445027484346609
5470bca,c_5470bcaa9d75d73fb9c687fa13e12d642c75984f_0.json,118,0.04433303415199097
3062371,c_30623711dbb452d26fca945c08d86675b544db5b_0.json,119,0.04422115579053887
5b14c5c,c_5b14c5cfb2f0a9e900b3e581212308db87112782_0.json,120,0.04302953389071562
70a7b5f,c_70a7b5fe868e872348374741cc27d2d453fb49bd_0.json,121,0.04189189200511845
8a1f0cd,c_8a1f0cd108efac40b6c3634129871963849b280e_0.json,122,0.041361608496571
c712732,c_c7127329dad2c5d6284532da09ddc0fdefd67436_0.json,123,0.040907889246952656
79d5a46,c_79d5a462977cd1ded406e11f67a105978f7b11c7_0.json,124,0.04016033218471293
9a3f8e0,c_9a3f8e0cad47a90f8f648abee54159b00f334a85_0.json,125,0.03966702686120638
099a454,c_099a4540e153fdb81689d66ce2f4ac060c70b040_0.json,126,0.03957939001502753
249ba6c,c_249ba6c8d44720bc697400961a18f935110526b1_0.json,127,0.03921846410821306
c8aa5fb,c_c8aa5fb6bafc838ad742635d360404d6149c320f_0.json,128,0.03893767220716948
3d5dd24,c_3d5dd2414b0be49c4ed4286ff97254ed569263d9_0.json,129,0.03890843583979786
08a1eab,c_08a1eabc26336b225cfadd3f90b2582dd2c50500_0.json,130,0.038719638620762886
d5a2b87,c_d5a2b871f38badc9d06e555478b9f522f46feaf5_0.json,131,0.03868753025134397
42b00e9,c_42b00e9972d7abcf2001fc641d4c824b38b2a75c_0.json,132,0.038388410680969764
db90678,c_db90678631fe5ea639563960b5bb51a31abb80fc_0.json,133,0.03835362008045162
3dc96b8,c_3dc96b8c65512372b4ab3d2936ae8433f06cedbe_0.json,134,0.03774879449660651
b75b00a,c_b75b00a56fe738c55abbd70addf2f7128d979245_0.json,135,0.03754140068265721
fd3362f,c_fd3362fb2cbe9fecb4a79654972b33088750630b_0.json,136,0.03750587758567081
500e99f,c_500e99fe45960b7fceae35bb0bc1e01e45df602a_0.json,137,0.037401669323509634
2ff9573,c_2ff9573ffb08dd52ec3a55a49f2d77a1e94efbdf_0.json,138,0.036933288985566026
dd78531,c_dd78531ffab00b772a8fb0e0a284f5fabbe72ca1_0.json,139,0.035947027407664534
f24d6a4,c_f24d6a437b9eb4ed3eebfe3bd2267a51df1e3912_0.json,140,0.03540113143223955
832d7af,c_832d7af86e7db6441a11fe6cb860b51b67531e7b_0.json,141,0.03526193911541575
fe5fd7e,c_fe5fd7e9cb8482c8ae5ae08e3679390781f425aa_0.json,142,0.03507836896212302
3b8e3de,c_3b8e3de5b7599a6165d48103f94f3a830361188d_0.json,143,0.034624133754609265
cb8c457,c_cb8c4573aa89c9097d9b91effb66d91e13b4449c_0.json,144,0.03428354278157042
4dcbfa6,c_4dcbfa673771c8fcd2477cf7dd122ef8fe8967b7_0.json,145,0.034029488833508426
6270b29,c_6270b291e3e1b9d829656c9134ef968e13aa2d81_0.json,146,0.03384341322066853
45c0174,c_45c01740a0bc7f9fcf74c1d0acebb55b139ffcfd_0.json,147,0.03374822662519528
8bd594f,c_8bd594f4f437a969a5d9a89e1d62cebd59472961_0.json,148,0.033557950688397065
f789594,c_f78959477b207bf710049aa35730ef7659f0a1b9_0.json,149,0.03299535545160159
6bcbf15,c_6bcbf153c4497c38c4c36c3a04c1eac1f4cc153b_0.json,150,0.032338122259465085
cf25dd1,c_cf25dd1b71923b13af6a72328916161d4a4aaac2_0.json,151,0.03212761019521215
f72129b,c_f72129b3ef1cdcd83565cf1f925a8a134aad615f_0.json,152,0.03126398636728045
8ee4b57,c_8ee4b573a3ad381d13adaa945d62371d557da957_0.json,153,0.03116430536975423
c193918,c_c193918cab8d7fce175fd58aa5fee346f3cf838c_0.json,154,0.030779849978957663
929f397,c_929f3973abd81100e7dd6cd1714bddd65a133d57_0.json,155,0.0307358632619803
a021283,c_a0212835ed42e03a01c2c930a695e478a0884f68_0.json,156,0.030436428968850238
dff95ba,c_dff95ba80396e9b9d6f1e1142fb85840ff552ef8_0.json,157,0.029596389159020742
5e98762,c_5e9876251049e7580a948cd7a1f019444599d554_0.json,158,0.02929601136184634
86f5823,c_86f582300c76520151e98bb70b898b8dbb2299c0_0.json,159,0.02899590169843791
be7dfa5,c_be7dfa5b0a0e0bf609ac77ae45aeb2c3287ad453_0.json,160,0.02891585377789818
3864adf,c_3864adf9edcafbabd48fc8b228acf7f4d9a27558_0.json,161,0.02870491313105894
96b7034,c_96b70343ac75bc9f71e9c3a6f0460704baf4907b_0.json,162,0.02779796840734372
648c03a,c_648c03ad0f852812cb9d056159313f4de713faac_0.json,163,0.026854484882361196
43c4f66,c_43c4f66d93a9cc09eb4e8cdd17f71fe151edae9c_0.json,164,0.02639862859685227
326ac6d,c_326ac6df53e07b7090164c6b5d19db7554ec8d60_0.json,165,0.02577919970287479
cc6b404,c_cc6b4048a07001cc7e6586038d78249b5affd849_0.json,166,0.023924062853609818
