13	1359	3f1a2ffb	c_3f1a2ffbce8c44320ecd9f8fa4929847b34dca35_0.json	1	174.71656799316406
13	631	951700f3	c_951700f33ff1ab6b3704582ca3d7d9c8834db4e6_0.json	2	174.48463439941406
13	1001	a7480914	c_a748091460ff20609d4f0699c7440f2cb56103b9_0.json	3	174.3265838623047
13	1440	1861b095	c_1861b09565aa92b0a9f8a9ec625359be46a4261f_0.json	4	174.21188354492188
13	3	8ac635b4	c_8ac635b4cdc251a48ad24c4ef6a3398ed4902f18_0.json	5	174.0037078857422
13	859	6932e070	c_6932e0706954018d3674604ff73cea0ba1365f97_0.json	6	173.79209899902344
13	1055	0f7358fd	c_0f7358fd8a76d83b4f2587d7dea163eb9de4dfc1_0.json	7	173.48483276367188
13	1300	585f3097	c_585f3097147cbdcfda2b5221ea76679e8915a029_0.json	8	173.40963745117188
13	1658	66e8ac63	c_66e8ac6372bc670d98e9dc74f06ef6faef97032c_0.json	9	173.3519744873047
13	77	3108d85c	c_3108d85c7ca25507a10bd6d4b49b7a2fb807329b_0.json	10	172.92227172851562
13	965	b009194c	c_b009194c5f68fa4d773723113beeed3ae9308b9d_0.json	11	172.86837768554688
13	362	b5436f25	c_b5436f25a993aac8180e2117330ee8ba3e2c261e_0.json	12	172.58041381835938
13	1347	ad152e15	c_ad152e158c5462e93ad679ce10e48b1074788a54_0.json	13	172.5665283203125
13	985	2f044913	c_2f044913c2fa47640a392db82bc82577065dabf0_0.json	14	172.31405639648438
13	1541	a43e2029	c_a43e20295b3e40b5033a31c55a2e08d36a61b6e4_0.json	15	172.27249145507812
13	17	f1c5f8f3	c_f1c5f8f392069401c1daaa6601cc45cbf9f5fd34_0.json	16	172.24600219726562
13	1025	10af6d3a	c_10af6d3a3e816f9717c112e97a912fef9a4eeadd_0.json	17	172.1659698486328
13	12	c3fbb3ad	c_c3fbb3ad1e0b83ccc56a876fe9c7a2adfd4dd210_0.json	18	172.16346740722656
13	1573	7af425fc	c_7af425fcb23c545726cf1fdaacc4947f276b0b4b_0.json	19	172.0509490966797
13	1479	caf79849	c_caf798492ea0067a4a0552e6bb64a3ad2294f392_0.json	20	172.0408935546875
13	260	49117e02	c_49117e024c34a95772f760546333ceb2034abb2d_0.json	21	171.98265075683594
13	1344	295d9e42	c_295d9e425e536b71ddc94901f2e9cca9b14dcb5c_0.json	22	171.94447326660156
13	1360	c4f11d6b	c_c4f11d6bbf6264bb7010fcdb02b3b32b7b21460f_0.json	23	171.8814697265625
13	93	37914e65	c_37914e65ce1dca8869d5e2baa53043cf0d725ce0_0.json	24	171.86058044433594
13	74	eaedfb76	c_eaedfb7677e74c1a610928655f464c454176d1c0_0.json	25	171.83303833007812
13	220	d6a487cb	c_d6a487cb81c9635787d188d124f42d9256173658_0.json	26	171.79063415527344
13	773	30135828	c_3013582891ea5a74632dcc77f95be02f918b4436_0.json	27	171.73233032226562
13	70	cbfafc6f	c_cbfafc6f45529dc502268c0ab3cc944e97d7ca51_0.json	28	171.7076416015625
13	537	3e96cf63	c_3e96cf63fce1e0a5173c2cc101b11ab2c407f901_0.json	29	171.63330078125
13	1406	b11eafa1	c_b11eafa1d1137e330d7d430eb2dcf968f996a4f0_0.json	30	171.56796264648438
13	1054	d499f2e7	c_d499f2e7bbc5ebd63af11e1f5cf1989fa323aa45_0.json	31	171.5281524658203
13	995	614a72e3	c_614a72e345fa054369f9e32540656ac26e432823_0.json	32	171.4762420654297
13	213	d453182b	c_d453182b63249c2c597a54229a4242e1ce1921d0_0.json	33	171.42941284179688
13	700	c8fbc801	c_c8fbc8010a23a7fea255c2a9c3ba4366c937865f_0.json	34	171.4288787841797
13	28	9312ad89	c_9312ad890b557806d84bde705f351e255e9fe050_0.json	35	171.41909790039062
13	1105	a4f093fc	c_a4f093fce7fc561c866de52801bade505ffe9e76_0.json	36	171.32899475097656
13	606	2dac9663	c_2dac9663a86a82a47fa7e5d6fa5de1b209f00988_0.json	37	171.29261779785156
13	1614	442a26a8	c_442a26a8f48336cb78e305162a85cddcb8283201_0.json	38	171.27291870117188
13	673	192c1dc1	c_192c1dc12b0bd610fe87e4872c9e5077ad176c99_0.json	39	171.24783325195312
13	405	cab48ae6	c_cab48ae6d89051806a8b1b7816c22d4adc153404_0.json	40	171.18289184570312
13	1435	5dba16a5	c_5dba16a51c5c7081687dc8f60d5dff4ebd26ee76_0.json	41	171.12255859375
13	520	6a5bd873	c_6a5bd873db44b283f016d6dfb3426ada8b0e7d14_0.json	42	171.06729125976562
13	857	5fa08ecd	c_5fa08ecd5a7be950aa36cf8bd98fe83a5c699a9e_0.json	43	171.03321838378906
13	46	dfec1506	c_dfec1506370306b6e6ddc7560f883c7f4d39dee9_0.json	44	171.00885009765625
13	487	a1e496f0	c_a1e496f0e6da44ac68ae93a58cb1645d40ee5739_0.json	45	170.95376586914062
13	1156	a00cdd8d	c_a00cdd8d237dae9f06d3c0d65738322d7d37fbd0_0.json	46	170.93685913085938
13	1157	96c6fb0b	c_96c6fb0b89c3ce1cfffb02e05d125cab4582be4b_0.json	47	170.93685913085938
13	269	fc21370e	c_fc21370eefec8210fd2902e3cbbf4ea13210f44c_0.json	48	170.888916015625
13	909	59fe29c7	c_59fe29c7b3e4b8a02b36b3d4e4704a317cb4e813_0.json	49	170.83033752441406
13	851	b02884d4	c_b02884d4e1e3c251257e811314916a32899e16dd_0.json	50	170.75482177734375
13	1109	5abbb53f	c_5abbb53fa2da96a7548d4bf25d5954d5f58e8105_0.json	51	170.7516326904297
13	1110	556e33ac	c_556e33ac5a3014e40edd9e3a588c0688719d8855_0.json	52	170.7516326904297
13	1372	c86fb3ae	c_c86fb3ae3b9a1a53c6090cd9f44cf4b7ba4278c5_0.json	53	170.73194885253906
13	486	202567b6	c_202567b625eef1a925e217a7e0145fff48298cf1_0.json	54	170.72772216796875
13	1050	0e37a395	c_0e37a39502439ecbaa1a5b5188387c01bf7f7fa1_0.json	55	170.70433044433594
13	108	bb802d2f	c_bb802d2f72e23f3a4ffcf1848e62cb689ceb7b9a_0.json	56	170.64939880371094
13	1356	69cf0732	c_69cf0732320d4a36c21f6fd55d5069471fe76032_0.json	57	170.64012145996094
13	1357	b126e8ec	c_b126e8ece2d833cc6c27e29f38c70866292f90c4_0.json	58	170.64012145996094
13	1615	7fc3238c	c_7fc3238c33c78460c890a782b18b6352eafccb03_0.json	59	170.60281372070312
13	29	ba0470fb	c_ba0470fba09489f0fd97f2718e064b5105cafad7_0.json	60	170.58004760742188
13	32	e4549810	c_e4549810fbbcbb0a4aa71b895f6b52e9c5004f9f_0.json	61	170.543212890625
13	1461	0707a379	c_0707a379a219ee6beaeffbb45d382d52311af213_0.json	62	170.5108184814453
13	43	15fb6ff7	c_15fb6ff785a1f3f851b6737473b2ed6778344cd2_0.json	63	170.46852111816406
13	864	980eb0f5	c_980eb0f5219d0c6415d5ccaf2c70673f10c0ccbd_0.json	64	170.45831298828125
13	866	8cb04356	c_8cb043560e46d9d12a2c149af634856b68df5003_0.json	65	170.45831298828125
13	1506	a31670d6	c_a31670d66c1d3c89e1c82f9ab2089e26f7b8519d_0.json	66	170.44418334960938
13	1161	916ee4d0	c_916ee4d05fcfc7545556b862bc3079aa68bfb7ef_0.json	67	170.37608337402344
13	989	11f7304c	c_11f7304cd625e21eff1cfc5ad27fe4a9e4cb9549_0.json	68	170.36981201171875
13	1243	953eab22	c_953eab22634e3bd019ef33813769873aa9758c72_0.json	69	170.3404998779297
13	309	201c8ffd	c_201c8ffd7931aa552fe42f077e23917695faf29a_0.json	70	170.31875610351562
13	22	530067bb	c_530067bb8db8fc31c27c6075c64c1c075c3ea671_0.json	71	170.3143310546875
13	153	995e377e	c_995e377e3657493e136d92e9878624e2958f0abb_0.json	72	170.26913452148438
13	1353	7b0913f9	c_7b0913f9d7322295fb670b264f4ef02ac91a76a0_0.json	73	170.09446716308594
13	1418	bfbb661e	c_bfbb661eb1bddb11297eb5fa9cf12e523fdc3ae2_0.json	74	170.04757690429688
13	201	7324b9b9	c_7324b9b96e3bb4821449329b0d8bfec30d271e65_0.json	75	170.04331970214844
13	984	227b9994	c_227b9994f6545db2e8e18fb7e813079ebb5eeedc_0.json	76	170.0362548828125
13	1616	53d4c4ca	c_53d4c4cae9900c781ed19a35943ffccd2b0dc67e_0.json	77	170.0117645263672
13	136	9db4d99c	c_9db4d99c6c425b779f1bb79ad4db667702657600_0.json	78	170.00624084472656
13	1095	5e21d2e6	c_5e21d2e6ec3d7d881ddf331b2de8698d99a46616_0.json	79	169.9937744140625
13	752	10dc5c92	c_10dc5c9268b6a7536e2b9e69ff96438698c6bbad_0.json	80	169.97421264648438
13	27	2abae1d2	c_2abae1d236fd605c12709d5fa558cdf9270e0653_0.json	81	169.92543029785156
13	806	7ac0b2e2	c_7ac0b2e2506f7c49a9c8b7e66d49c878122e273d_0.json	82	169.90501403808594
13	91	b8f2c023	c_b8f2c0236e09a88ead4f11c568e06020d53f7102_0.json	83	169.85581970214844
13	1213	9d8e4607	c_9d8e46072bb8d0a3fbfb23abd88e771bf2614901_0.json	84	169.83502197265625
13	1551	c25fbfc0	c_c25fbfc0da395b436d3b95cf00b96b27b71e4dd9_0.json	85	169.81390380859375
13	992	b4232dd0	c_b4232dd0ddd5a70a7934efa9ffefd283bcc11766_0.json	86	169.7808380126953
13	352	8774a3fb	c_8774a3fbf5ce4c7f51d513c30e9cebc949b311a4_0.json	87	169.763427734375
13	1621	dfa1b441	c_dfa1b441141dfdd996a89c42de087dbd292da456_0.json	88	169.7373046875
13	337	c548e26a	c_c548e26ab40cd13d940de131a8a8f1dc8bbb7705_0.json	89	169.7353973388672
13	437	f85d4350	c_f85d435005f7c68872047b6de2f9636c40a94cfb_0.json	90	169.66888427734375
13	955	b69857b5	c_b69857b558812c7a28806bd00654db4eace002bf_0.json	91	169.6454315185547
13	771	8f36cc41	c_8f36cc413a1b5ab22975d6cddf0a23c1b0cf2812_0.json	92	169.6354217529297
13	913	bb0e2b5e	c_bb0e2b5edd644e9dd438c29675678a802bbe8f7a_0.json	93	169.58380126953125
13	413	1013b370	c_1013b3708da8c52b32bbe251b6d11b0737ff270e_0.json	94	169.5769500732422
13	439	d163f5e6	c_d163f5e6f4f82907d367f0159dc9c13552c86285_0.json	95	169.55355834960938
13	441	3a709a37	c_3a709a37257cbcbc511c6d6df9917bb108c8f480_0.json	96	169.55355834960938
13	468	2d687ff3	c_2d687ff3c4ef0c26379eb0b19ae1daed04b31232_0.json	97	169.5459747314453
13	836	156487d5	c_156487d56a9d7df9456eb049f7ebd9f70d1f8474_0.json	98	169.5266876220703
13	796	83050563	c_83050563fc78bfbe2df78b8494be794483a5ec0e_0.json	99	169.45994567871094
13	791	c698ae9d	c_c698ae9d35451eaa5d98b2276ecb194f6a267a1f_0.json	100	169.45994567871094
13	1568	84ccc5d0	c_84ccc5d092db6b53768d99fabfe90a8542bb2697_0.json	101	169.4341278076172
13	793	a1bb6f2d	c_a1bb6f2dcb82eb9f880f87c480d6086a8e0bee34_0.json	102	169.42825317382812
13	1339	8667b6da	c_8667b6da9d39d0c35aa4ebdc848c2e0e5d3d7a77_0.json	103	169.3834686279297
13	1082	f4b6730a	c_f4b6730ac7a72b9b22db9f2b1370f507d4c32438_0.json	104	169.38229370117188
13	1066	d823407a	c_d823407ab82164afdd14832fe5159c44d42d89ef_0.json	105	169.3544921875
13	347	2b4086a9	c_2b4086a9372b2129585bdf217d84f6313076c8ec_0.json	106	169.34156799316406
13	193	060ce11a	c_060ce11a33baa8a1c951cb5b7a857d5d81db09ef_0.json	107	169.32421875
13	1496	e4edb6ec	c_e4edb6eca62cdbd0709fdcf95884a316267ce089_0.json	108	169.2943572998047
13	1552	80674fea	c_80674feaf5a593194a3810aaa1781a52442696da_0.json	109	169.27532958984375
13	1101	1fc74a79	c_1fc74a79abf7651cac003fe314a68933c3a993af_0.json	110	169.27032470703125
13	1334	edcc3455	c_edcc345516b7afb522402bed2840113cb719184e_0.json	111	169.2242889404297
13	1309	5f177cc6	c_5f177cc6a1fc10de8bca2f42e28f9f0c211b94b1_0.json	112	169.16761779785156
13	125	0410f9a8	c_0410f9a80edfb1fe4c73badd0e4c0ccf34da3ebb_0.json	113	169.1372528076172
13	616	b716a3e0	c_b716a3e013bd92488fe8d55a6533fce743a053e3_0.json	114	169.1319580078125
13	997	96dd040c	c_96dd040c273a5ecf91f0a87acf51ceb5998dd5d4_0.json	115	169.11099243164062
13	96	e1961745	c_e1961745ea5209c66990f76ba94bf8cd02b77387_0.json	116	169.0951690673828
13	933	4a005880	c_4a005880392b45d0758090a01b709fbf97fe2456_0.json	117	169.093017578125
13	1138	478d4a4d	c_478d4a4deb34daee3a35d70666966a46b77fac67_0.json	118	169.0740966796875
13	737	69d9c105	c_69d9c105be5d51257b1624bdacf644caa7d6f6e8_0.json	119	169.04986572265625
13	843	1488cef1	c_1488cef12ee88e25dd0161f1b85c552a32775778_0.json	120	169.042724609375
13	1006	f1622dcc	c_f1622dcca14e5c253232ab644d5fe5c5fbdd36d5_0.json	121	169.03057861328125
13	996	1b63bab8	c_1b63bab8b1ae89e9caeec21e32e1b49124f51c7d_0.json	122	168.96424865722656
13	887	da8022ea	c_da8022ea2a59d9d75e71e2867aa76a11f30b2ff8_0.json	123	168.92596435546875
13	327	ce7398c7	c_ce7398c77333938f60dda1429b027df3ec595b5e_0.json	124	168.92201232910156
13	891	e8a17a91	c_e8a17a9195dafe66df62c677c8984955e198fc63_0.json	125	168.89210510253906
13	211	5c8f8106	c_5c8f8106d18b17afd31c4048f91e3ad3f726f664_0.json	126	168.86688232421875
13	1131	fdf3a914	c_fdf3a9143b82b61140602f2f1c1090a3cd28ffd5_0.json	127	168.85728454589844
13	1071	647cb683	c_647cb683bf03067f82719cf74190f741270fcb87_0.json	128	168.84979248046875
13	712	59127647	c_591276479428336d44aed87e3a1022ce0e9e7bfb_0.json	129	168.844482421875
13	1564	f4cde115	c_f4cde1154650ccc8ae08e31404da467c1b31477a_0.json	130	168.83966064453125
13	155	3cd560a5	c_3cd560a50f3e56fe4eeb336945c0b91640ae5c76_0.json	131	168.7909698486328
13	1152	34accc0d	c_34accc0d765a56602794c996e424fe1820273d8f_0.json	132	168.74879455566406
13	635	1fe91631	c_1fe91631f0ba9280d1f78415b758046d401e9b0a_0.json	133	168.73760986328125
13	517	bd3ded19	c_bd3ded190c05c5f2f34a5677bbb4469d02599444_0.json	134	168.7318878173828
13	961	49d2cf0d	c_49d2cf0d82bfe341ebb099509b53531be6a05fa0_0.json	135	168.726318359375
13	1375	d0cc247f	c_d0cc247fe6d59dd27430756ef3c8134c168f2f09_0.json	136	168.71343994140625
13	384	ac1f2abb	c_ac1f2abbbc73dd40b3205a79ad546add80130d78_0.json	137	168.71128845214844
13	88	b2a9ca7b	c_b2a9ca7bb27c21b12ccd8d17314e83275381027c_0.json	138	168.70419311523438
13	187	8e43355c	c_8e43355c20cfc8054582d21627fd73ff9b779986_0.json	139	168.68284606933594
13	1261	30bb9119	c_30bb911948e729d745f4729bc0fcce8c0d36e1fd_0.json	140	168.68026733398438
13	1262	ae0d29ef	c_ae0d29ef165574434230dabda4abec5bd4fed6cf_0.json	141	168.68026733398438
13	914	17d64466	c_17d644662ac06dd31de0391cbefc4da1dc126453_0.json	142	168.67489624023438
13	940	ee67deef	c_ee67deeffb3149c7a0798fca8988f3c0cc2c54f3_0.json	143	168.66818237304688
13	144	5639f345	c_5639f3459976aa04e02da9f72af97a92adc6b7a9_0.json	144	168.64700317382812
13	763	03737783	c_0373778301d62a0f50e2ec6fa6156832b4907993_0.json	145	168.62753295898438
13	760	c7112ff7	c_c7112ff7df2a358ac2ec37dd087948fa4936bfe4_0.json	146	168.6180419921875
13	19	289b58d1	c_289b58d10604feb7b709b91da6d314e0d6ac3b5d_0.json	147	168.61236572265625
13	1601	babd8cbe	c_babd8cbe375f2287b5c8dc51e1c3f5b2b5f04acc_0.json	148	168.59854125976562
13	906	b530c4de	c_b530c4de4431cec046c91cd944f75e07542e1720_0.json	149	168.5670928955078
13	1500	300004b1	c_300004b1b357c9fb9a2c5ac08f4cc5dfb833a60a_0.json	150	168.54531860351562
13	1501	f16c95a2	c_f16c95a2d1e84f49ee502b8088157c012c68bc58_0.json	151	168.54531860351562
13	744	1995cea0	c_1995cea05b57d4a66eddcf4dabbd867322a58fba_0.json	152	168.51502990722656
13	640	981f3e1b	c_981f3e1bc5a2e7fd7abc2970e01200ace83b8c2d_0.json	153	168.49754333496094
13	1653	52a49b8d	c_52a49b8dfe4f3a13461c0a22e0f0451b91539d98_0.json	154	168.48187255859375
13	1652	7d6f62ae	c_7d6f62ae47f92c457446492084e9374889205d92_0.json	155	168.48187255859375
13	1649	0b05963e	c_0b05963e7980d95ee35f683461714e2ac383e267_0.json	156	168.48187255859375
13	975	5f58a1bf	c_5f58a1bfa8c983b4cd99a2f92b2dc4d69ad44e39_0.json	157	168.47329711914062
13	1530	fd294c0e	c_fd294c0e6b66bd872f89f985a428916d0b522f65_0.json	158	168.46658325195312
13	1665	7ff745c4	c_7ff745c4a8c66769fc50b3cdaeb2e1d35327909e_0.json	159	168.4139404296875
13	1666	841a1a78	c_841a1a783bd1d2a69134464ede5cca73ce09ea39_0.json	160	168.4139404296875
13	440	6233a982	c_6233a98237d5f450add1b4730e5d94af27ab02c5_0.json	161	168.36898803710938
13	1604	3ca520bc	c_3ca520bc5b8ea12f171d5cc0900d2eac3539e439_0.json	162	168.35568237304688
13	1602	7febe16c	c_7febe16c0c09a08eafe498c89d6772b245aedd9b_0.json	163	168.33462524414062
13	1654	bf59bfb4	c_bf59bfb434b95d9c71e63eb5f5267f4c8682a243_0.json	164	168.31155395507812
13	267	e1ceccd4	c_e1ceccd484643cd7a8e213de14bc3a85eebb3c11_0.json	165	168.30491638183594
13	1593	5b9f87c1	c_5b9f87c146b39d9475fc2860221404f4ba0fe65f_0.json	166	168.3017578125
13	861	07bcd046	c_07bcd046b2b9b03802a8d1695ec2f6059cbd34f4_0.json	167	168.30133056640625
13	633	c968cc5f	c_c968cc5fe63cc503ad2d474135af91413e2a5f11_0.json	168	168.2972412109375
13	648	cddd7a78	c_cddd7a78155e0034ec575700173176f50f73f151_0.json	169	168.27073669433594
13	1467	573216bc	c_573216bca927b9406f77d4db5e45c523d4dbb7d9_0.json	170	168.2674102783203
13	1200	d0b0273b	c_d0b0273b9a04649cbc044ac092cc0eab0dc698f9_0.json	171	168.25430297851562
13	149	f0e232d1	c_f0e232d14f4085bac5b5c40eb5efae2aaad5fbec_0.json	172	168.2191925048828
13	1576	761c9ae8	c_761c9ae83eb76135fc1d72fdd82f2eb8eeb3eb5f_0.json	173	168.21722412109375
13	949	346dc38b	c_346dc38b18c72ff02e3c456e1f6f78ebdc3de1cd_0.json	174	168.21575927734375
13	934	81b47350	c_81b47350f3056180e16e43c41ce8b1230afc1dc8_0.json	175	168.21168518066406
13	1379	6fc19745	c_6fc1974509e16eefb84ac00da03d8e2839b01f4a_0.json	176	168.1866455078125
13	698	be97826b	c_be97826b2c8702639503cc6c7f8398d84073aaf0_0.json	177	168.1620635986328
13	917	d1ff4dd9	c_d1ff4dd9d3a29b0f091fec2b420c8373b3911420_0.json	178	168.15943908691406
13	644	09b7e79f	c_09b7e79f536537ec6bdf8a9b0324c3dce07e40fc_0.json	179	168.1587677001953
13	1648	195e9b5e	c_195e9b5e85cbfcbb9a7c4fa13019424ec8171ef9_0.json	180	168.13076782226562
13	135	1dcce980	c_1dcce980954c9acef708aa9a0a128f04564bdd25_0.json	181	168.12808227539062
13	767	b6e3a2b2	c_b6e3a2b236f13576136c18a0a0da1643aab41b9c_0.json	182	168.12452697753906
13	237	15212e8d	c_15212e8d7438bd862574c652e0419879d8b720c4_0.json	183	168.11557006835938
13	1341	9a11fb9b	c_9a11fb9b7d44fe0be418e38ab39804945934acd9_0.json	184	168.10260009765625
13	1340	f95a9278	c_f95a92786724c90bb33ec30eee6990831617eb23_0.json	185	168.10260009765625
13	745	930187bf	c_930187bf135ea5519d2d70f24079ec0e39d797a6_0.json	186	168.0915985107422
13	608	ae3cd698	c_ae3cd6981317741354c1bad30c7b38f0fac67f12_0.json	187	168.08030700683594
13	56	fd9690c4	c_fd9690c47cc825ea8dbd3a01f8de99e91f35ee2b_0.json	188	168.07928466796875
13	481	355d9bd0	c_355d9bd0986e43ff84dabdc520ee9fa471559b09_0.json	189	168.0782012939453
13	100	0e3b383f	c_0e3b383fe74cb07c8794650f410c5c2642cd0b27_0.json	190	168.06727600097656
13	21	463614bb	c_463614bbdcda0afcc680b924fd473476f862d274_0.json	191	168.06243896484375
13	241	aa51274e	c_aa51274e25103f7c38a9a00020655528e0e92df4_0.json	192	168.03968811035156
13	490	27d9cd8e	c_27d9cd8e9d881ad906b1804ef6daf5431c9cedfe_0.json	193	168.03390502929688
13	492	c8fff830	c_c8fff8307fd1b32f63eb151f3e9c357fc4660752_0.json	194	168.03390502929688
13	162	9b9d0437	c_9b9d04371fadb457e2f9b9d67f643c59d706aedc_0.json	195	168.0317840576172
13	925	545e35e4	c_545e35e459284762cab32fcd4e2d85bd9f276edb_0.json	196	168.0107421875
13	227	557bcd3d	c_557bcd3d55fa779e40251506d159468bfe96fe04_0.json	197	167.9580078125
13	459	f8dd584a	c_f8dd584a0785d01bef87239d342615cfaf7c340e_0.json	198	167.94598388671875
13	738	8d53c224	c_8d53c22404fbd066cf3f81d1248e188dba5caebd_0.json	199	167.94293212890625
13	268	60e30f49	c_60e30f499e9318b2b18c3cbac4edc2bfcf6d6d66_0.json	200	167.9428253173828
13	1019	59d1b2ce	c_59d1b2ce57c40ef8d854417cfc72237c98d768d6_0.json	201	167.94203186035156
13	1503	bae052b6	c_bae052b6f001a682cc08cb2397598b99336af407_0.json	202	167.93917846679688
13	1338	2e8cf4fd	c_2e8cf4fd40d958038f1263d529da757425272a71_0.json	203	167.93780517578125
13	939	934699bd	c_934699bde2b789b201c818530bd40716bd6d1edf_0.json	204	167.93521118164062
13	1393	99732181	c_997321812cb63b09aa3066c31a03c837d60ad732_0.json	205	167.9060821533203
13	594	d8b40713	c_d8b407137ca2d33e0950b734cf94b959a2ed7b79_0.json	206	167.87440490722656
13	613	ddb0ab1a	c_ddb0ab1adcd0dd311ebae95135aad2ff4e65e451_0.json	207	167.8729248046875
13	1366	b23ede18	c_b23ede184b119aa89e7704429b8940b36eb1e165_0.json	208	167.8518829345703
13	41	4dc01e73	c_4dc01e735c57e1a3d6e79f819713efaf77998edb_0.json	209	167.8279571533203
13	280	34f2214b	c_34f2214b57c32e6c4d8d727268c002087b72bdf9_0.json	210	167.81553649902344
13	1592	5ee65912	c_5ee65912c33cab6d185dd5460d1ce801ca106135_0.json	211	167.8032684326172
13	225	bfc98f2c	c_bfc98f2c087810bc8a57c26aa02efcc3ddc9cef4_0.json	212	167.80194091796875
13	1130	54d60b42	c_54d60b42fcebc6e1e142a4c682a1ff012f92c734_0.json	213	167.79605102539062
13	277	05fce93c	c_05fce93ce799a3fa402c269ed04ca32ec957d665_0.json	214	167.7740020751953
13	122	aaba9c10	c_aaba9c105d557bdbb4e94a1e3927cbdd61bd2807_0.json	215	167.7624969482422
13	1057	72e590f8	c_72e590f80883551fe212bfdabf65993eaf66fa1e_0.json	216	167.75209045410156
13	305	b034ca58	c_b034ca58204eff83f29bc15c3cf061b5d9833f6b_0.json	217	167.69857788085938
13	279	a73f9e41	c_a73f9e410349a70fe7d024c1305d281a9705a420_0.json	218	167.69517517089844
13	743	bbeebd3e	c_bbeebd3e3c67ba9c2d62627d5ccdca8f679eb2c8_0.json	219	167.6894073486328
13	764	9adb08e1	c_9adb08e19934fe80cb4e4a59b8e809fd4e970fb9_0.json	220	167.68814086914062
13	98	cad98816	c_cad988161f95e549ba352037223574a90a5a255a_0.json	221	167.6840362548828
13	823	6c98fa9d	c_6c98fa9d28182ebe44f4466fc316e9817f387d17_0.json	222	167.68360900878906
13	1590	f1440707	c_f14407078b3d0367e74c175466f626f89a7f2beb_0.json	223	167.67697143554688
13	76	d2613e9f	c_d2613e9f4206d4e67122688906e8cb8731602cd9_0.json	224	167.67037963867188
13	1178	b85ddf03	c_b85ddf03612c6fe36b27c3985ee54675d91c5a7d_0.json	225	167.66766357421875
13	235	ae6c8287	c_ae6c82872056dfad0ef2b1f1a32231450d5a2800_0.json	226	167.6622772216797
13	453	91c7b745	c_91c7b7450f396a0130e74e60f455d4fc1bacb7cd_0.json	227	167.63616943359375
13	1600	42ef5bb6	c_42ef5bb69ba5945e6d588e0db8d6834b4febe771_0.json	228	167.61459350585938
13	1387	edad12f1	c_edad12f1017a02e3a3dd1c6a6250a5876a2441da_0.json	229	167.61085510253906
13	1165	aba736db	c_aba736db4dcbdf6e9bc52b68dc1de24934801994_0.json	230	167.6053924560547
13	169	c3a73d02	c_c3a73d02ac74b9f0011b2fb8c5f4a764344a60ce_0.json	231	167.59495544433594
13	42	16b79a5d	c_16b79a5d634526d6bdbcfcf582fcf2469e6383a0_0.json	232	167.5921173095703
13	113	9e504221	c_9e5042210349cbdac5b55b220fed7962fcaa63be_0.json	233	167.58334350585938
13	908	4f90dbca	c_4f90dbca87b680cb10abdb0df5129491da3486d2_0.json	234	167.5782470703125
13	1434	afda9e28	c_afda9e28a2047254905e0b0fe84c928944ab5225_0.json	235	167.57696533203125
13	150	06c20b18	c_06c20b1814a497cda59d46609ca03bfac20f64f1_0.json	236	167.5663299560547
13	210	c3617ede	c_c3617edebe4687842c70f84a3c16e8ab021fe630_0.json	237	167.5568084716797
13	1502	1842f60c	c_1842f60c649616f8235ba9d28abcfa848d8f7555_0.json	238	167.51519775390625
13	964	093f210b	c_093f210b22493b252be07e7fd993a8368d452a59_0.json	239	167.51495361328125
13	95	1a7c6f90	c_1a7c6f905711ecf704576024dfead79aee47b320_0.json	240	167.50387573242188
13	373	64ab31b2	c_64ab31b2078f6297169706f3413875e7d628ae80_0.json	241	167.48648071289062
13	535	eff49b94	c_eff49b94e91ede5f34893ff4f43735b1416746bb_0.json	242	167.47825622558594
13	1162	a769351d	c_a769351d239c09fbe544d18f489e31a078879a44_0.json	243	167.46343994140625
13	1487	2657ff38	c_2657ff38ffec21d3566283c69e2767165a71015b_0.json	244	167.4559783935547
13	808	3955abb9	c_3955abb9198e2fddad65c157610e62e301a0c4a7_0.json	245	167.44668579101562
13	785	ed8b6073	c_ed8b607398e9aa5ad3a414899589d32a02cf89bd_0.json	246	167.44497680664062
13	1232	6c737ebd	c_6c737ebd7630f80b645c7ee5f28bd9f164ded202_0.json	247	167.4288787841797
13	1292	d2af3737	c_d2af37379b25961cb0b31033270113b69425a214_0.json	248	167.41436767578125
13	65	b249b700	c_b249b700fc12fcd5a8229b74943a2564093a90b6_0.json	249	167.4115753173828
13	813	eb680990	c_eb680990489013d15a92b49f8c7212533a21948e_0.json	250	167.3986053466797
13	889	224db283	c_224db283ae81a0cb120d3adbcf208f877aa60dfd_0.json	251	167.3787384033203
13	1603	c15e779d	c_c15e779d55627fe19e50390ff8cbef6c247338fc_0.json	252	167.36569213867188
13	1024	4b60bfeb	c_4b60bfebc7c5a9e947630d99cb9996002a3ccd0e_0.json	253	167.36468505859375
13	1420	079690a0	c_079690a03ebc46c725088ffd0a4b295fcf25266f_0.json	254	167.36257934570312
13	340	d8b0810f	c_d8b0810f94d35ba055f7397ece47aa96027bc6c5_0.json	255	167.36221313476562
13	249	3b88a6b6	c_3b88a6b6d8660195b161252bdb9e2ffb1bb92736_0.json	256	167.3349609375
13	1523	87e46611	c_87e4661193cb9f55ab2bf5ee469168c3fdd7037b_0.json	257	167.3229522705078
13	1103	fe7c82d7	c_fe7c82d7c260b39d487eb6414c7efe4112d108ae_0.json	258	167.3078155517578
13	954	84042ca4	c_84042ca4dc76880854cea7cd422e48a2fa47c57e_0.json	259	167.30038452148438
13	1586	ab554d54	c_ab554d540bb957dfc97fc2b9879b9fa62e56b6e4_0.json	260	167.29444885253906
13	801	d2ec7c3d	c_d2ec7c3ddde6baf161c3f4619c6db65e06e9f3b7_0.json	261	167.287353515625
13	30	0aef72dd	c_0aef72dd7e0d05c6583e24bf079297441e700a9d_0.json	262	167.2654571533203
13	209	effb8fd3	c_effb8fd3a0d93c099d4a7b111cb93e6708a91b69_0.json	263	167.26437377929688
13	167	d6e90d02	c_d6e90d0259da622ddc593215361acdec3950bfe8_0.json	264	167.25601196289062
13	1385	30239f95	c_30239f951530b5f7d7050d67f6accc904fa05b71_0.json	265	167.1900177001953
13	1310	c7906ba1	c_c7906ba19b9d69c62b29fd648e921c853bc2655f_0.json	266	167.18614196777344
13	66	beb73f77	c_beb73f7707c0241eac8a8383e0c2ea1d3e00765a_0.json	267	167.1858367919922
13	1608	d3722c63	c_d3722c639821a247f4fab39caa018fef7ccc5be9_0.json	268	167.17129516601562
13	1612	f0a3a861	c_f0a3a8614e7e666ddba8efc3106a3a3d3f8fabe7_0.json	269	167.17086791992188
13	1251	46c6679d	c_46c6679d0b88035e0083e27890a421e8a8466242_0.json	270	167.16549682617188
13	1448	8422f13b	c_8422f13bdf68f0edd81b064f3f541da31ff6beab_0.json	271	167.1572723388672
13	1164	e400d162	c_e400d1626e8f4fd9f65920aeab140b5a513c88bf_0.json	272	167.14389038085938
13	539	0e114114	c_0e114114d330caaf6a56e63ab4d8a3ee1ba3e350_0.json	273	167.13763427734375
13	1111	72ce52f9	c_72ce52f9bc894bd9ab7b42d0564a91eebd668e0f_0.json	274	167.12564086914062
13	1096	184cae3c	c_184cae3c98f8af8813afebe875b5a9bc2b2bbe4d_0.json	275	167.12564086914062
13	1466	3cd2e35b	c_3cd2e35b6bd93d8d9d06ea80f6a36a7d0b3ff3f3_0.json	276	167.12388610839844
13	1404	46249bdd	c_46249bdd2e33d2a57cc7bbe6840672011a785496_0.json	277	167.11317443847656
13	1242	97d03f66	c_97d03f66e3943d7d676d8fc3c4c5abdc93d6b245_0.json	278	167.09756469726562
13	1005	dce9e1b7	c_dce9e1b765c2208f5eef2a95a91fef8479fd3a43_0.json	279	167.0784912109375
13	1208	09b78fd4	c_09b78fd428aef8640695f57f9d73ff8d0a8ab529_0.json	280	167.07273864746094
13	78	dfed9240	c_dfed9240ab1a46ed8c5dfea8d8dd4e38d86646f2_0.json	281	167.0698699951172
13	1064	a0e8d5db	c_a0e8d5dbfefde7d9969fb4f5c5f4b648fe3e13eb_0.json	282	167.05665588378906
13	1327	1f06e8f3	c_1f06e8f39262810f4aa1ca73ee71490cc63c0d63_0.json	283	167.04989624023438
13	1529	5dca503e	c_5dca503ea823c8f71d190482b61021d2a6804d31_0.json	284	167.042724609375
13	1257	bc43fb41	c_bc43fb41a289841486077252096f68fc96b26294_0.json	285	167.03948974609375
13	960	0688a9ac	c_0688a9acc3463827ca406360a901d7526f699806_0.json	286	167.02639770507812
13	200	b9dad6db	c_b9dad6dbcac668034b3b8822bd445aad91c9d174_0.json	287	167.01629638671875
13	194	9610aff9	c_9610aff9eb922486478ab92ad5c4d02a11b2ad1f_0.json	288	167.01629638671875
13	1067	dea828df	c_dea828df2e34710556f300cf3a5a509f23af7767_0.json	289	167.005859375
13	55	a2b59374	c_a2b5937487b29650aeca7de4ef140c5766eb1416_0.json	290	166.9996337890625
13	1562	d55cab36	c_d55cab3629bef89c3e0f90f057c1542abc2180ab_0.json	291	166.9972686767578
13	351	4b7f0969	c_4b7f096977cb48b716c7e0cc0ab66025c313f94b_0.json	292	166.99220275878906
13	1289	9ae36103	c_9ae36103eaabd14fb6a7b5fbdfb3a88272fc7a94_0.json	293	166.9896697998047
13	1516	2b642b19	c_2b642b199f8aecce092ae3978c7e5c41c7ce2316_0.json	294	166.97537231445312
13	484	008b1f0a	c_008b1f0a56c49a0eaafb691ff75d8c486a66f797_0.json	295	166.96548461914062
13	483	ed177e9d	c_ed177e9d05bc6b88ca0270b740fc04b36dc738b8_0.json	296	166.96548461914062
13	270	bf5e0faa	c_bf5e0faa2519318d21d4c29ee3f241589aeb2093_0.json	297	166.9361572265625
13	20	6d3fc10b	c_6d3fc10bcaed6834823eed08d1b8990b71590e5a_0.json	298	166.93557739257812
13	1273	01797b07	c_01797b0794ac384f5f5ef49cc0cfab8347ae7930_0.json	299	166.9162139892578
13	1078	d75f2e79	c_d75f2e7976d1ee5e3088ba87440ba25feec304b1_0.json	300	166.9161834716797
13	842	e05e352f	c_e05e352f53245160fe761b88665f11f67cef9d43_0.json	301	166.91468811035156
13	411	8662c126	c_8662c12613121f707a20d9169b9da32441f0f958_0.json	302	166.90835571289062
13	645	1ea7bcc2	c_1ea7bcc27418ef7daa508116e27ebbd7ebc20485_0.json	303	166.8857879638672
13	1424	3a7ceb23	c_3a7ceb235418d529e1accf57b703abb18bb46f69_0.json	304	166.87860107421875
13	1291	5fac3e41	c_5fac3e410ab525e0884dfa0f7b891e1b558357b5_0.json	305	166.87254333496094
13	1637	8d0d6e4a	c_8d0d6e4aa8753f44d340b12b6293b5bc0c33d6f5_0.json	306	166.87197875976562
13	1606	daa3a330	c_daa3a330cef69ebdb05316ff1fc5d833aef760b0_0.json	307	166.8681640625
13	401	8e8c6e3f	c_8e8c6e3f7cb3b842091d78f7b9e56d9e5a6cc811_0.json	308	166.85667419433594
13	586	3b0abb24	c_3b0abb246c87c5ddc5ef0555f4a38f26034ed573_0.json	309	166.84530639648438
13	587	eb0ab59d	c_eb0ab59d50923e663aed52147e47e1c72b0f05d5_0.json	310	166.84530639648438
13	1574	df9b129d	c_df9b129db7e429b098f240f1083e06bcc0ba3cd5_0.json	311	166.8372344970703
13	1271	eb5f57e9	c_eb5f57e92a541df6a3528b9437aa9e9943732e57_0.json	312	166.83526611328125
13	1554	05eaea9c	c_05eaea9c8a82722250abaf3de07d4d4a4ba3879f_0.json	313	166.8326416015625
13	931	f3f47926	c_f3f47926fe501904b9f1d93a5f5265c744f9c08a_0.json	314	166.81942749023438
13	1118	95a9ccc7	c_95a9ccc779a8c039deee4e5ddec6df411c2e3cc9_0.json	315	166.80946350097656
13	1472	5614ec25	c_5614ec25bf29729e69a198d2d37f27171f382f31_0.json	316	166.80325317382812
13	464	eb4e6b11	c_eb4e6b1163e05f3fd8c9c59ec25dcec849e366c2_0.json	317	166.8028564453125
13	572	d06026f7	c_d06026f73b52bafc7cc1a44ae86e5405d97f8350_0.json	318	166.79974365234375
13	755	c8495812	c_c849581289df261cd6431097746c6375fb445131_0.json	319	166.77854919433594
13	722	f2a2d4d2	c_f2a2d4d24b6b1176117940f5e4c75eae550d742b_0.json	320	166.7763214111328
13	1336	6cf6585d	c_6cf6585db504cdfb4e657a66debf185c6580e779_0.json	321	166.76376342773438
13	1337	9c2dc361	c_9c2dc36166c41bdcdd3bb143bf4cad80376bc06e_0.json	322	166.76376342773438
13	717	3ff53441	c_3ff534413a5cd24438082c49ccc062bc252a6009_0.json	323	166.7606658935547
13	725	6a540c1b	c_6a540c1be655c27f0cb05eb85b796a119ae10407_0.json	324	166.7589111328125
13	1524	e41a12a8	c_e41a12a82d45225826635ce9cf355e8a59fb129a_0.json	325	166.75515747070312
13	87	cbbfbd38	c_cbbfbd385f0fa08c8590b778956d52002e35f9a2_0.json	326	166.75006103515625
13	89	bcda1918	c_bcda191872e788d5c861ae7a508e7a8d44f9097b_0.json	327	166.75006103515625
13	1063	52313b8e	c_52313b8e56ce4b54821dcd78129151d7a45497eb_0.json	328	166.7476806640625
13	293	261f214d	c_261f214d867f750ff3c7f68d1376fee3b62584c1_0.json	329	166.74481201171875
13	451	210bb8a0	c_210bb8a055e898074556c8084512760d5bca9a68_0.json	330	166.72918701171875
13	448	9eaebbd7	c_9eaebbd79536cd4c1879653e17738c5c79ce1522_0.json	331	166.72918701171875
13	938	e9184dc3	c_e9184dc35ec97a1ec343a211e31b9ffcc638c882_0.json	332	166.71347045898438
13	833	8d3ff9d5	c_8d3ff9d5a0c8c1a235b0e32eb84389a073238ac2_0.json	333	166.70115661621094
13	1664	60980249	c_60980249f1698904480cd871b41ff546449ef980_0.json	334	166.69949340820312
13	1351	015bdd71	c_015bdd71a9c8663c01ac34031b3fa6b3376b8135_0.json	335	166.6986541748047
13	127	a5cbd79a	c_a5cbd79a1ce977421168c2c8c6697b9cab0dddc4_0.json	336	166.6951141357422
13	1322	ee57613a	c_ee57613a589c6e5a91641eaeae968dbb547c26d2_0.json	337	166.69337463378906
13	1321	e5422d24	c_e5422d243ea6e9db3cb592d6d0f739440ed5df44_0.json	338	166.69337463378906
13	1323	17690f35	c_17690f355e19cee89967b075fe4a510d780b1d2b_0.json	339	166.69337463378906
13	40	0a0ce59a	c_0a0ce59a9800a6532048eaf52a2d2c6a276116e3_0.json	340	166.68289184570312
13	684	d2243198	c_d22431987daeb35a269888a1ce170d977a834001_0.json	341	166.67230224609375
13	60	333a7f28	c_333a7f28f8cdf4824b57bb9dd7a7402ed6930510_0.json	342	166.66551208496094
13	977	cd595087	c_cd5950873668f6805e1aaad7d4753b4a1fcc0fa8_0.json	343	166.6493377685547
13	580	54d47c1b	c_54d47c1b3dd0a3597cda3366add9cbd49a57b51f_0.json	344	166.64459228515625
13	59	3a7cf58e	c_3a7cf58e48ee6d7cd63c030002777d9ee1ca4446_0.json	345	166.63778686523438
13	1416	44067903	c_44067903e49d78027438db90f08ec35dabac838c_0.json	346	166.6352081298828
13	1177	6696e0d8	c_6696e0d8c3201587acd3c4eea96ba376e85c3894_0.json	347	166.6334228515625
13	890	fed24bac	c_fed24bac3f416bfee9664abbc118529dcdc6ef34_0.json	348	166.6260986328125
13	987	ef00ac63	c_ef00ac633eacc6a3ab17c8334ae2531333c418c5_0.json	349	166.6064910888672
13	740	43307b43	c_43307b438d6aab67686cb0941e6541c82a6fab2a_0.json	350	166.60255432128906
13	1151	1ab4fdaf	c_1ab4fdaf1109ff4d738704d2031d835cbea2922b_0.json	351	166.60093688964844
13	788	688cbc1e	c_688cbc1ed6952b3f94c01c8cdb5b067589b83f66_0.json	352	166.59950256347656
13	1233	3c950dd1	c_3c950dd1bd06e661780ffd414da6017ea7f89643_0.json	353	166.58883666992188
13	672	56c9e8fd	c_56c9e8fdc1498456715ffc7d1f98f9ee87870544_0.json	354	166.58689880371094
13	480	fc5705aa	c_fc5705aa736b38145fd8efa74c0b0c03cdc5d492_0.json	355	166.58493041992188
13	58	a97f06e9	c_a97f06e9ad3f96e4d52c45d1b5742e819e690165_0.json	356	166.5794219970703
13	855	767ecb29	c_767ecb29a5a79f799113d13eb137389ff5a4c2c5_0.json	357	166.57107543945312
13	63	4489c26b	c_4489c26bd4384249f198cc052bfb54eeffd4ae23_0.json	358	166.56712341308594
13	139	fbd795bb	c_fbd795bbbe05709b4164e2c5ec4731990091f5f2_0.json	359	166.55938720703125
13	188	1ef0dc3d	c_1ef0dc3d89c63f6d94a69015b6301468cef4732c_0.json	360	166.55929565429688
13	1384	067791bc	c_067791bcbdf1686c5b10afb01973f191ac356770_0.json	361	166.55038452148438
13	1575	9144f662	c_9144f6626adb293dc95f15e522596f27b3a52557_0.json	362	166.53433227539062
13	1179	ab53ab46	c_ab53ab46d77ca191bdc9e418efd44548ead764fb_0.json	363	166.5342254638672
13	1588	884751e2	c_884751e2e6be7667ffd806499c6ee76d638a2f51_0.json	364	166.5267791748047
13	1587	333f5acc	c_333f5acca8f776699cccddf4e421c82110aa5916_0.json	365	166.5267791748047
13	116	f0b28a96	c_f0b28a96644b3dc22c997a05975de335dfed0418_0.json	366	166.51373291015625
13	236	22f5ef2f	c_22f5ef2f088ef8eebecba5a82a62708820f9a666_0.json	367	166.51206970214844
13	252	28808721	c_288087216060a7f910a9bcf20bfd4504bd31c89d_0.json	368	166.50341796875
13	1499	067a255b	c_067a255b63954a3f01c5475eaf1e70fcdeb2d1ae_0.json	369	166.49700927734375
13	1026	36634634	c_36634634fcce49cdb6b139fa8a72471a0033e8f5_0.json	370	166.48204040527344
13	1223	a8000c37	c_a8000c3713d3c9ebf7bf5292cb15514f8e6a320c_0.json	371	166.47157287597656
13	97	4fdbd54e	c_4fdbd54e9e5c5d3cb5ce539f48ba6f1019decdab_0.json	372	166.4488067626953
13	1352	3eb74af1	c_3eb74af17d39f5d6017e579590174c3941210d82_0.json	373	166.4440155029297
13	355	dd348567	c_dd3485677ca295a8fcbf99dba90db5337755b8ef_0.json	374	166.42462158203125
13	1068	7481fda4	c_7481fda4cb8010e5fc66d0f16673cd97c22f9ce6_0.json	375	166.4204559326172
13	1378	10f44221	c_10f44221fa0e8ffbfbc39384581b190f5f0cc106_0.json	376	166.41229248046875
13	1253	50a8c416	c_50a8c416286786d216b0fed551e18f9f32f6f52c_0.json	377	166.41189575195312
13	1267	3829949e	c_3829949e6b248e9df27775e78ce30ff4758d6f38_0.json	378	166.41189575195312
13	680	94cc594d	c_94cc594db3820e95d4cbaf39d7d5c3940ef872f4_0.json	379	166.3978271484375
13	862	cded3a2f	c_cded3a2f9fbeec552629d4d879bd7d50ffb19b97_0.json	380	166.3933563232422
13	839	fcbbcccc	c_fcbbccccff541e3492ebf5425ed5223581f77641_0.json	381	166.384521484375
13	1632	a6443b24	c_a6443b2467542314065ce4545bfb52d5df2a76ed_0.json	382	166.38131713867188
13	1080	7f61f62b	c_7f61f62b7fa596328891278fbd0d107dd25ad25c_0.json	383	166.37876892089844
13	797	ded6b8a9	c_ded6b8a9bd8ecd923be27ee2e5bf955b8631ca10_0.json	384	166.35739135742188
13	1450	f76a76ea	c_f76a76ea97172ba87db0da095449d7b83778db91_0.json	385	166.35330200195312
13	593	06688d5d	c_06688d5d517096b8f24a0d79b3acf8e517d33027_0.json	386	166.349853515625
13	1390	2bfcd73b	c_2bfcd73b375f1cfd734d111616dc39b531123be2_0.json	387	166.34962463378906
13	728	f22ff128	c_f22ff12844d400c7a37d37d921731ab4b3df9978_0.json	388	166.34811401367188
13	734	20d53b08	c_20d53b08cf263f0ef8894ca325f619db600e2f99_0.json	389	166.33810424804688
13	617	d1e958b5	c_d1e958b5bfd00556f1d5c52353308f33886d7c8b_0.json	390	166.33425903320312
13	151	97f84822	c_97f8482200782895db4c083b5ce44db01c1375cb_0.json	391	166.32566833496094
13	1302	15e43714	c_15e43714fe76a2e7963361087ff3b7e7b9c30b75_0.json	392	166.31790161132812
13	1202	61251105	c_6125110531d11e019b719c1300ec46bda622c494_0.json	393	166.31307983398438
13	146	e3ae58e5	c_e3ae58e5bd6af6f68e70ad12561efef5a14807cd_0.json	394	166.31231689453125
13	1182	1962410d	c_1962410d5a95cc9e359f3b789ff935adf7f315ea_0.json	395	166.31019592285156
13	1572	24a10cc4	c_24a10cc4aba626a137f776f282ab37625ece5f74_0.json	396	166.3025665283203
13	320	b8f79ed6	c_b8f79ed6b3b014288786d7a928a5817360c192a8_0.json	397	166.2999267578125
13	257	3a9a6375	c_3a9a63757c759e89d027fbd54fe2d28fd48fecd7_0.json	398	166.29541015625
13	858	9e649069	c_9e649069d9f2309f4556b2c7d510fd5d33984018_0.json	399	166.29373168945312
13	120	e1429547	c_e14295471644955129d9f1a70a66207e7ee50856_0.json	400	166.2825927734375
13	838	907524b4	c_907524b411aea758d1f388bd286f0ee312221a39_0.json	401	166.2823028564453
13	1087	06cc19bc	c_06cc19bc7bf762836d625c75e63ec336723a2d0b_0.json	402	166.2705535888672
13	784	c1661b67	c_c1661b67723ed5c394b1fad5595bb01b370bd1c0_0.json	403	166.263671875
13	1237	ec6eafb5	c_ec6eafb55ade5bc45c8c56c63ef94d25ac2d462e_0.json	404	166.26065063476562
13	1	1b253d39	c_1b253d391092e6bab7255fab12f5cf7eb96f7b30_0.json	405	166.2532958984375
13	564	705d834d	c_705d834d94148b652a2c1851c6129f054876e63f_0.json	406	166.248046875
13	1139	301ea2d8	c_301ea2d804e95710395cc0c52dcb5ed3afae1888_0.json	407	166.2330322265625
13	184	a57eca7f	c_a57eca7f47d03b26320348520e926dde0da68509_0.json	408	166.19708251953125
13	158	2370828d	c_2370828d9f11faa7bd663f4171ce16659394cf8f_0.json	409	166.19216918945312
13	1578	0e4faee7	c_0e4faee709b7db6ccad181dea37ce1423927aa69_0.json	410	166.19044494628906
13	1147	c3929f4e	c_c3929f4eb8776c6a5774784a95e98de67c1af561_0.json	411	166.1893768310547
13	1206	5531effd	c_5531effd54b6cfc9e6fa657f50d45035f9c2620d_0.json	412	166.1748046875
13	50	78dddb9e	c_78dddb9e1dd9a5511c0bae87d69725ffbe7db244_0.json	413	166.15260314941406
13	622	8416dde8	c_8416dde89136e2fa8a6f996ce3196560eba1dd26_0.json	414	166.15176391601562
13	959	89b08ced	c_89b08ced259685ae80b3ecf3e08d4c3ac1eb5f16_0.json	415	166.13430786132812
13	607	e4b7bf33	c_e4b7bf335d1c14b99dca66a5f1fd2e6790dc199a_0.json	416	166.13217163085938
13	1038	4a74985b	c_4a74985b4244caa20711fef837ce6387096d7a97_0.json	417	166.12725830078125
13	757	9bde2073	c_9bde207392ec60b57a803b53b915a1a8524d2897_0.json	418	166.1210174560547
13	625	d5fc827d	c_d5fc827d5bb9ed8d48780ca092f146376dc5a7ef_0.json	419	166.1017608642578
13	962	34a2e5b9	c_34a2e5b92b45443357d3bdc48db669c43b3e9012_0.json	420	166.0966796875
13	1546	9ee8c717	c_9ee8c71799875b547f62b79099c0ebea78ab3369_0.json	421	166.09429931640625
13	1548	ed617abb	c_ed617abbaaaa2bc8c6f930aaa34812faaa17dc4d_0.json	422	166.09429931640625
13	690	332a9e2a	c_332a9e2adffa0c2265494d40a688462177a2174e_0.json	423	166.0939178466797
13	1556	6f5cf623	c_6f5cf623ba7a3e7a9e27917955ab388e35769687_0.json	424	166.0862579345703
13	1028	845897f6	c_845897f6970c70f35ddd880d538765ec5a2956f4_0.json	425	166.0845184326172
13	1145	8d6fa487	c_8d6fa487db65fc9b3610784da9627356ef1eb16c_0.json	426	166.083740234375
13	926	aa321ee8	c_aa321ee8acf015d68a954b714f739b584936a8fd_0.json	427	166.07952880859375
13	1133	fa535ea3	c_fa535ea3ffaeea9a614515e99d4fd6b76d53abee_0.json	428	166.07484436035156
13	762	a9f2a352	c_a9f2a3524162fcf49168cef6f16936707680bc21_0.json	429	166.0682373046875
13	765	49007a76	c_49007a76faa943981becf692ea1b32372632b01d_0.json	430	166.0682373046875
13	1007	767b6624	c_767b66245e75a825b6f96fe065f5ad930b921090_0.json	431	166.06634521484375
13	1428	d8be8ade	c_d8be8adef118e2ba5c57c6859e671a8d384298de_0.json	432	166.06619262695312
13	612	fefea298	c_fefea2982da9703a5aa5b55f7353736a0196937a_0.json	433	166.0587921142578
13	325	1cb2b461	c_1cb2b46101501239e706eac254df66f6ad94abbb_0.json	434	166.05471801757812
13	716	6751d13d	c_6751d13d4e0da1af79b05937ad738728ba031f70_0.json	435	166.05145263671875
13	1277	c41e792b	c_c41e792b7ab304eeb9c921151784a474766a021f_0.json	436	166.05113220214844
13	1585	377aab01	c_377aab01b89b2468856d3314cc389c5e3c2cde77_0.json	437	166.0377960205078
13	826	efdc0d49	c_efdc0d49fd9315d1fd0c8a8e57b8dd1866526087_0.json	438	166.0367431640625
13	300	92b8f47d	c_92b8f47ddb5967fdbf596e17edc2142830575b18_0.json	439	166.0323486328125
13	456	75fe7ce4	c_75fe7ce4cae5ad6464da719fb13d7796ea404795_0.json	440	166.031005859375
13	83	ed06eea7	c_ed06eea746d4d053596edf1787c01dc1339e2ee1_0.json	441	166.02359008789062
13	1625	c5b808b9	c_c5b808b930e3342bf86869584f71467139d490e0_0.json	442	166.02099609375
13	445	a99ab1fc	c_a99ab1fcc0ef89b6ba64e6f4d4f1beecca625281_0.json	443	166.017578125
13	585	4c8ee2eb	c_4c8ee2eba68368f90ddb501d6f5c059ded1b3329_0.json	444	166.0106964111328
13	314	9cddb7a9	c_9cddb7a9435f92c2be682af0157ab51e2061e23f_0.json	445	165.99578857421875
13	165	bddad95e	c_bddad95e819c264eb6f2b6bc993801048825e60a_0.json	446	165.98892211914062
13	1107	e602790d	c_e602790de2c22593576fd1ec88202e8e820a7a4e_0.json	447	165.98165893554688
13	951	6d2e7c26	c_6d2e7c261f55d43c6a9885d96fcd955eb6bb0675_0.json	448	165.97756958007812
13	447	e2bb0ee2	c_e2bb0ee2088fa7f8d487669630999d7dcbe5de08_0.json	449	165.97186279296875
13	1343	e1b20091	c_e1b200913602809c983a917b15d0ecfa5e74ceca_0.json	450	165.9674072265625
13	584	2a13a9f6	c_2a13a9f6cc48b329365b9346fd9733c44483934e_0.json	451	165.9445343017578
13	896	a3a8d3c0	c_a3a8d3c03fa93976ebee094795bb50547cb10663_0.json	452	165.9254150390625
13	930	ae242d79	c_ae242d79f5df3e9fe8671f3cb50f44adf8014bd6_0.json	453	165.919189453125
13	1238	82165713	c_8216571353d5ada325eae22c4ebadfd5d4bfffb1_0.json	454	165.91561889648438
13	48	2aa64845	c_2aa648459c1ecc29603f1917f5f91be686d764d0_0.json	455	165.9098663330078
13	324	2dbc3377	c_2dbc33770a501656e913f745915514909ad121ea_0.json	456	165.8988800048828
13	323	6a4ce69e	c_6a4ce69e82532accf945e899cad5c0d0689f5029_0.json	457	165.8988800048828
13	924	daab1d9a	c_daab1d9afb9e7cbb446bcbe79415c2155a642129_0.json	458	165.89427185058594
13	799	b7d896ff	c_b7d896ff3c309eb44ffc4bf853da7d3a34e9ee68_0.json	459	165.8937225341797
13	1427	0ac3e86a	c_0ac3e86a9e92967055d640cbddb3c6c68decf64f_0.json	460	165.88890075683594
13	1429	0b3cf995	c_0b3cf995914506207682414c6c91bc23b4d7e537_0.json	461	165.88890075683594
13	1144	354f3008	c_354f3008674c7ec8b106e886f31118f749ae975e_0.json	462	165.8749542236328
13	1647	bff35ba8	c_bff35ba8b70ca9e7762ce2a790ba7d973ca0c645_0.json	463	165.8709716796875
13	36	ae1c98e5	c_ae1c98e50180e010ba3469634d215b48f6d81b75_0.json	464	165.86526489257812
13	1171	aec6276a	c_aec6276a997038c962bed7821c7013852ba321b5_0.json	465	165.86392211914062
13	134	5d8d3d2f	c_5d8d3d2fb9b6f2fd86fdde71bf1c38e7d5bc2455_0.json	466	165.8583221435547
13	1538	1a037b3d	c_1a037b3dab24ab733d1e9e34957eefdd19cece87_0.json	467	165.85226440429688
13	1373	ca990655	c_ca990655cf91c1061ffbc5afaabe42bb3333ba6a_0.json	468	165.84902954101562
13	1419	7542a4b1	c_7542a4b1310528c6249c7f4fe2b1124fa28a0761_0.json	469	165.84825134277344
13	2	a342c0ee	c_a342c0eef8c4abc3eba5568c52af73e59e1b6c17_0.json	470	165.84512329101562
13	691	acdaaa9e	c_acdaaa9e0eb683b9c3d1de2ad7f91581df867589_0.json	471	165.83506774902344
13	67	b1c63946	c_b1c6394636f9fc534c5f81157be8802749e039db_0.json	472	165.83273315429688
13	263	2cd82cde	c_2cd82cded3fb6d7c11af5ddac14eaad384959436_0.json	473	165.82557678222656
13	1432	099e0cfb	c_099e0cfb8cb72c2c6972f837eee6a80e9d935818_0.json	474	165.82342529296875
13	367	11cec4de	c_11cec4de94b8de50670e4b0be2d8d5d1e4d6b1f7_0.json	475	165.79966735839844
13	1570	917e7229	c_917e7229ca6a72ff4f0b1912d566af50ec6de89d_0.json	476	165.78814697265625
13	242	a16a0847	c_a16a084790d0a5b989c5ddf15c8a70e736448304_0.json	477	165.76718139648438
13	1642	4a9919cd	c_4a9919cd1c28da56a11b25c2f35ee881f6d8e768_0.json	478	165.7627716064453
13	654	bacc9693	c_bacc96937359bbae8dbc4c46430865d3e89ab7f5_0.json	479	165.75381469726562
13	1597	662dc3d3	c_662dc3d3856fb960e3b722aefd29a4cd778a28da_0.json	480	165.74822998046875
13	636	8a8322b4	c_8a8322b493fe67059d8a46718dde8185266c8c0c_0.json	481	165.73814392089844
13	637	a8bbd5a3	c_a8bbd5a32d89ba7b3215d0bb79ce3756b4b1234e_0.json	482	165.73814392089844
13	1272	f583dbc6	c_f583dbc6279a415d9b2b1526d3887693fbf66d51_0.json	483	165.73390197753906
13	378	6bf829f3	c_6bf829f329e7fe34fe2f336b98ce4a693d232da7_0.json	484	165.72933959960938
13	1491	d7a94ed1	c_d7a94ed1677815c61e378dedcbc27929a8d91b5e_0.json	485	165.72421264648438
13	1488	e2ff1160	c_e2ff11603c750a91588ac8940b43c5424bc7bf31_0.json	486	165.72421264648438
13	1490	2a2ae590	c_2a2ae590e6ee58fae8d69f86e0a404894fd93a3b_0.json	487	165.72421264648438
13	1444	2705b178	c_2705b17833c6ae31053941c293729c54ae2703ad_0.json	488	165.72097778320312
13	1662	05db8535	c_05db8535437ca1bf1f6b9231d35e0624654998ff_0.json	489	165.71507263183594
13	848	467693e5	c_467693e5300833baaa4f7b09e833cd96c79e84c9_0.json	490	165.7124481201172
13	346	ab3a4307	c_ab3a43073a3e89f1e6b41c6e866ebe2aaad1bbde_0.json	491	165.7025909423828
13	846	313deaa0	c_313deaa07308686e9e680a2a6db2660a38be6f22_0.json	492	165.70240783691406
13	837	a455b53c	c_a455b53c75d4649461ba3e7fdcc625f2cd223202_0.json	493	165.70237731933594
13	1094	dcdc5e40	c_dcdc5e40dac83d33b0aa94473f871d075b2b20a8_0.json	494	165.69876098632812
13	1358	1dc5190a	c_1dc5190a6b74034ded44c63be8e479f88876f1c3_0.json	495	165.68763732910156
13	552	1f5e4137	c_1f5e4137bb7180f0501cc31dd6b943d6f30d5308_0.json	496	165.67782592773438
13	1075	3a92b128	c_3a92b128f484114e4bb2a5dba760afa8c8582483_0.json	497	165.67251586914062
13	968	cc7524cc	c_cc7524cc1c0e9ab1cac6efb84c394a02d79bcecb_0.json	498	165.6403350830078
13	776	0251775c	c_0251775c9a6dc8bec151e3461051ef46fd0378ff_0.json	499	165.63201904296875
13	452	655cf2a1	c_655cf2a168772421e7bc6ac1f9583eaecb9fe6e0_0.json	500	165.62796020507812
13	1577	e7155451	c_e7155451e6b953fe57b6bb0900104633e0b72661_0.json	501	165.62767028808594
13	540	35fa9018	c_35fa90187637611dabba08fc547c64fe931bf857_0.json	502	165.62396240234375
13	541	d8953350	c_d89533509a68344b5636cd990f0413ed691009fa_0.json	503	165.62396240234375
13	81	d61c921d	c_d61c921d5b2b35cc9977a9a84052b6a085abcbbd_0.json	504	165.62344360351562
13	414	767cead7	c_767cead79205755c97839251ea06afba361812ce_0.json	505	165.611328125
13	296	f15ead05	c_f15ead054553fac649275cc83f8d0c1f9776d81a_0.json	506	165.6063995361328
13	295	936b6dfa	c_936b6dfa15ec38540ba58962cae4820ee59383d8_0.json	507	165.6063995361328
13	294	9412b742	c_9412b74202dd593d862c339655bfe332f998b1f7_0.json	508	165.6063995361328
13	212	71e876b3	c_71e876b3bc3cceec1ac5934840edf7fc1b8ce4fb_0.json	509	165.60459899902344
13	1013	61bef3f6	c_61bef3f6d09bd4af0d29a9cd4d6552ceefdf36fc_0.json	510	165.6037139892578
13	1668	48617c88	c_48617c885ec1c2563458d5d66ed637a4972dc1cc_0.json	511	165.5934295654297
13	792	535bce5c	c_535bce5c73eff59f08082368da143de385e9508e_0.json	512	165.59317016601562
13	156	2e5121ee	c_2e5121ee9a521fe27e9caeaa91349183548a8820_0.json	513	165.5915069580078
13	681	f93ee97f	c_f93ee97f1ccd0c8155efe63b27048494439bb415_0.json	514	165.58282470703125
13	476	ad2da96f	c_ad2da96f837577715867f98a44e929795ebf2a7a_0.json	515	165.582763671875
13	1553	f1cb79be	c_f1cb79bea0db7afb754226c8168781d28ca553a4_0.json	516	165.58084106445312
13	114	db413e18	c_db413e18d7510edde71461f336bccf724e0d16f7_0.json	517	165.57861328125
13	1391	0f5816d5	c_0f5816d5ce0cb2ba2e1fcde33206690eadab3abf_0.json	518	165.5570526123047
13	1369	e2f78f2e	c_e2f78f2ef08962196299ea79fb0332af1606e471_0.json	519	165.54812622070312
13	6	fcb1c256	c_fcb1c2560541e2ff2f3fd6da99a95f69c2b28a8a_0.json	520	165.5469207763672
13	207	c166fa38	c_c166fa380d2716480ff4a0548bc062744defb57f_0.json	521	165.5458984375
13	1620	57a51dc5	c_57a51dc5fc583332822b94911602124945e046c1_0.json	522	165.53253173828125
13	787	750b0652	c_750b06523c141355a399b5c51ac110e9b4f4593e_0.json	523	165.52783203125
13	646	4efb7c61	c_4efb7c61f90dcfb070b419fff7572f9a0dabd6f4_0.json	524	165.5158233642578
13	52	fe7e30d7	c_fe7e30d7ecc5780514a37001990102cb6068ffec_0.json	525	165.5106964111328
13	34	2b5cfe77	c_2b5cfe772b5067de74dabc1f258e65a340162d03_0.json	526	165.51025390625
13	1629	36b227a8	c_36b227a8840ec998daab09b905bd3f30ded65f28_0.json	527	165.50704956054688
13	1201	00f9e217	c_00f9e217060023e5c73f8364dbeb6860cbda2152_0.json	528	165.5031280517578
13	536	f521158c	c_f521158c1486b427a0bb584b58333a66c0e9d552_0.json	529	165.49525451660156
13	748	8f2ea6cc	c_8f2ea6ccafe7c971fbc10063a33c1baec83f7ed4_0.json	530	165.49267578125
13	1207	328215a9	c_328215a912721ecf054f53544ef27047984fc574_0.json	531	165.49163818359375
13	224	05c82f22	c_05c82f22c49e3da03b0f8c5271f1ce6850111adc_0.json	532	165.47637939453125
13	1317	712905e7	c_712905e71de2d61b05214ed8748d96663db487f7_0.json	533	165.47531127929688
13	31	703bf4a1	c_703bf4a104193e8098f904fe33531c58c6e7f359_0.json	534	165.469970703125
13	1656	466f7069	c_466f706901d39ae95393c6c7b1d0b544247922f1_0.json	535	165.46400451660156
13	454	c7901c4d	c_c7901c4d38fc495f2801edbe305058eb8aaa66fb_0.json	536	165.45269775390625
13	513	8075bfa5	c_8075bfa51faf660ca23c7420f40a2601f2a13e01_0.json	537	165.43069458007812
13	396	0bdb6a4b	c_0bdb6a4bd2e28812c623535b7845f4ac73e83b91_0.json	538	165.4278564453125
13	1399	746c43ad	c_746c43ad247bd80f1a283b4146a3a68878ac97e4_0.json	539	165.4133758544922
13	11	533421e3	c_533421e328e9d7335ed3bd0bd3c65b759848b696_0.json	540	165.39999389648438
13	1314	62425ef3	c_62425ef39c61ffd360a9014b4bc177d05cc7b494_0.json	541	165.39971923828125
13	1460	690af4ef	c_690af4ef325f23c201e3f54c1c77d8efad12be73_0.json	542	165.39572143554688
13	313	04a0e649	c_04a0e64976b24d5bb7e224d731c9a82a67de0c28_0.json	543	165.3957061767578
13	1486	b7edca6f	c_b7edca6f14238417f78bb8e99cbd87c8564303d8_0.json	544	165.3400115966797
13	666	83dc2d19	c_83dc2d194139a8bbc82e61e6d807ff9b2956f26c_0.json	545	165.33473205566406
13	720	9fb0c8df	c_9fb0c8df13778d37a0b6b2e1de2b513950c21224_0.json	546	165.31683349609375
13	1097	0cdf42fe	c_0cdf42fe5ac175b1b852e735a3265588919ffe32_0.json	547	165.30599975585938
13	180	d10146c3	c_d10146c3535c4e8301e6c755037cf6ab2a5e7b96_0.json	548	165.3009033203125
13	1431	26bfb0ce	c_26bfb0ce795f60895b16b9cdd196a0ca9d48f5c1_0.json	549	165.2962646484375
13	626	06be0c0b	c_06be0c0bbcbc1b84f36e443a4509350b7dc1c71e_0.json	550	165.29470825195312
13	840	ea0b0cd8	c_ea0b0cd85d0f0eb769923e618660f19e1f19e677_0.json	551	165.29104614257812
13	1015	0b389134	c_0b389134b2f71560a077947080c440442998df5e_0.json	552	165.28707885742188
13	1081	cd610520	c_cd610520c64daa3e817abb053739d41c63b0375b_0.json	553	165.25592041015625
13	474	3848a41d	c_3848a41df2ca29df0736c564f36bf7e51a28e304_0.json	554	165.249267578125
13	435	14cab3ee	c_14cab3ee87d22d7f7c5be6b9e7e41fdba67c6b64_0.json	555	165.2486572265625
13	1092	ee9b7aac	c_ee9b7aacdf9377992478bec181234aa442e1b47c_0.json	556	165.2439727783203
13	1091	bfbeaab2	c_bfbeaab2d41abac76f78e17a58ad317ec70d3aae_0.json	557	165.2439727783203
13	177	f4441ecc	c_f4441ecc7f881fda71a979f616f525823b23b16e_0.json	558	165.24395751953125
13	1643	14d979d2	c_14d979d2ecbca0667f23848c5fee5a526b057d63_0.json	559	165.2273712158203
13	1441	7b5694b7	c_7b5694b77e5e8c0ef2b57c4f97c4785462671dd6_0.json	560	165.2236328125
13	1563	839bbd65	c_839bbd659117a352919b462a6ca807920d62c696_0.json	561	165.22088623046875
13	1065	a4c91739	c_a4c91739eff103d2982fced95a9e50f7754fba51_0.json	562	165.21969604492188
13	226	7fbc6598	c_7fbc6598818b7362d0110fdf86ed53bc01533a86_0.json	563	165.21022033691406
13	1636	094f6223	c_094f6223deb7ed5b09c2b15435bd13ade282993e_0.json	564	165.2100067138672
13	1510	75ea8718	c_75ea87180b0818af9c19cda821d4b216808518ab_0.json	565	165.20574951171875
13	650	5b8c26fa	c_5b8c26fa3c6728c98cd54207b035b9764417a64a_0.json	566	165.2024383544922
13	983	5783b26c	c_5783b26ce46e6feabfcc3befea25e0f0fd684803_0.json	567	165.20176696777344
13	1062	80e1b7eb	c_80e1b7eb4153b19fbb44d50d338ff7b9e88befa3_0.json	568	165.19972229003906
13	1433	03d2a474	c_03d2a474c6a54776cd8d916f439bbb7711e0b95d_0.json	569	165.19509887695312
13	112	c9e0c171	c_c9e0c1712bb188783acb586a4eb4ece4217b2962_0.json	570	165.1947784423828
13	724	cc737528	c_cc737528660b99e71865096e3cd0c4c4a2b3871e_0.json	571	165.19345092773438
13	532	56bb15de	c_56bb15de7b65f1cf766767f1704e1165740bb49f_0.json	572	165.19309997558594
13	736	dd780623	c_dd7806233615e1e4f5f6461292e5d90d04fb328d_0.json	573	165.18531799316406
13	160	082511bd	c_082511bd55135d237757dbee3eb7246e6b786f27_0.json	574	165.17601013183594
13	1521	3718b488	c_3718b488030a646e426da2074db52419326ef957_0.json	575	165.17413330078125
13	1598	499a7b63	c_499a7b6368720f36edc55c9d1fcbe10bade00c1d_0.json	576	165.17063903808594
13	330	6844d70b	c_6844d70b23963a3f35300f92955c95c5888492d0_0.json	577	165.16915893554688
13	121	d6f54ffc	c_d6f54ffc91de340202a5058055c49100964ab6ad_0.json	578	165.16867065429688
13	588	bd9c2d6b	c_bd9c2d6b633f47150f050aa11c285542b46cecc5_0.json	579	165.166748046875
13	1415	2e9defec	c_2e9defec2dc83e9b1e436f5f9223d685c776da32_0.json	580	165.1636505126953
13	1410	d92567f6	c_d92567f6ddcdeea3bce94b491516c5636f9dab92_0.json	581	165.1584930419922
13	273	1421af6e	c_1421af6eeaa8101c3ba8cef834f893943e244cf8_0.json	582	165.155517578125
13	1231	a7bc045a	c_a7bc045a606f3b5316a43890c567c28025447f2e_0.json	583	165.14633178710938
13	75	b3123a72	c_b3123a72818af421c8cbf0ca8abe31ffd8ce92be_0.json	584	165.14520263671875
13	1478	8c7f3cdf	c_8c7f3cdf92a7479699a92505bcd0379874abb10b_0.json	585	165.1399688720703
13	1633	44df4d2e	c_44df4d2e7b02371a8f1f95f71a34b60e0e9f6812_0.json	586	165.13470458984375
13	51	7f5cc156	c_7f5cc156dab558dd459bcbac789fd39b1b98f71e_0.json	587	165.12966918945312
13	1216	8d358671	c_8d35867149d9053efad9035c9e379e2fe05d5c63_0.json	588	165.12709045410156
13	1464	162123c4	c_162123c410faeed334de2bbd1651209c62f95a2f_0.json	589	165.12632751464844
13	794	88f44d87	c_88f44d87d4c2251d7cf55d9aa9c3452a397ae19b_0.json	590	165.12208557128906
13	110	6e6d8c63	c_6e6d8c63e7cbfb84729e287e820f9db195c2008f_0.json	591	165.11813354492188
13	1014	9378fba3	c_9378fba3ce5eed10a35028b441b8521bde125b92_0.json	592	165.11354064941406
13	255	32fcb5dd	c_32fcb5ddd31ee7bcec0028d34c7d2a9f36463ffa_0.json	593	165.10992431640625
13	1456	5e3ec003	c_5e3ec0038575eba8b664fa30c9e2ed53b8c2908e_0.json	594	165.08096313476562
13	1659	66bfe665	c_66bfe6658e6c25e03d1bcd5d4d858e1aaf738a01_0.json	595	165.06942749023438
13	62	a7013c48	c_a7013c485f63be90d6c0319e57ae1a1c380cc32c_0.json	596	165.0631103515625
13	1537	bf2855e4	c_bf2855e444f44e12c4ed38e622721cd9d3172d5b_0.json	597	165.0552978515625
13	361	84da2a4a	c_84da2a4a1bf7c987237f4395f214a99bfc198ccb_0.json	598	165.0541229248047
13	489	5bd18093	c_5bd18093a249a0a506e280bda6df90bc19035436_0.json	599	165.05099487304688
13	659	d9b41172	c_d9b4117280f7f34b5a8f59d7288445ac02f04f9d_0.json	600	165.0426483154297
13	442	88040e2f	c_88040e2fa32c3bff2ce18e40a55807a3fca3d2d2_0.json	601	165.0415496826172
13	693	81c9937f	c_81c9937f244120b7505eb50bd659dbca42b2d69b_0.json	602	165.03338623046875
13	1453	98f2090b	c_98f2090b54a6af320cea93100df2502480a4924e_0.json	603	165.0244598388672
13	1106	25bf1a3f	c_25bf1a3f7de9e7a6adbccd56d626667cde6d200f_0.json	604	165.01907348632812
13	505	f88c50a1	c_f88c50a10bbd2d1dc4ae6d7ca0a4ece68adc00c1_0.json	605	165.0081787109375
13	774	3aca2849	c_3aca28493ae844cb65dbb9e287b0360b391037a2_0.json	606	165.00518798828125
13	1670	61c226cd	c_61c226cd94b9a96acb09ee5d85558608def5837e_0.json	607	164.99754333496094
13	1669	ec1820d5	c_ec1820d591bbb51edb96942444d1806e2b86bc12_0.json	608	164.99395751953125
13	332	a854674b	c_a854674b6692a958bd64abc61183274486d575da_0.json	609	164.99169921875
13	117	bf355caa	c_bf355caa0821e58968df3bf6c12f612639224e47_0.json	610	164.98573303222656
13	1269	779a259b	c_779a259bee468f0b75d638bf4aec975642229234_0.json	611	164.97503662109375
13	1480	203f23ce	c_203f23ce6463674c06a99b24647c3bafa45ecf0c_0.json	612	164.9720001220703
13	175	67942a58	c_67942a586ad1e6e5a39dae40115e47d3224df837_0.json	613	164.9707794189453
13	807	0f8da248	c_0f8da248c67bd889636a5359a42b37355e041a4a_0.json	614	164.94549560546875
13	1268	9e6ad266	c_9e6ad2669f7e1371663a61bbd4a22bdd0e51c7a9_0.json	615	164.93927001953125
13	1235	328cc7e3	c_328cc7e3cb4f3f423b4ba229c3fa358635352ba9_0.json	616	164.92625427246094
13	1012	b4c1f771	c_b4c1f77170940eb1270a35bd6eb1ecc56ac6d6f3_0.json	617	164.91830444335938
13	1011	0ffbca84	c_0ffbca84ed9b068cb2e218b090baed84813ed925_0.json	618	164.91830444335938
13	7	df6302f8	c_df6302f807bb230ae985a35100cbcc30af523bd1_0.json	619	164.90611267089844
13	969	29fab707	c_29fab707154d0fc95ff2c86d31ca33239b1bc4ea_0.json	620	164.90509033203125
13	1361	5f6d2b95	c_5f6d2b952bfef62e114a07b82aa7f6c7ad8cf5e2_0.json	621	164.89151000976562
13	1533	7d4201c6	c_7d4201c6768db3feb83c5d441195d9e4a6f25a08_0.json	622	164.88912963867188
13	118	b37ff33b	c_b37ff33bbc7885f21a208bee4f42126468f55d41_0.json	623	164.88531494140625
13	546	231be531	c_231be531579336ce5528ebc6ead81c09e5c5138b_0.json	624	164.88418579101562
13	547	1aebc9f6	c_1aebc9f6521cb6327a32bf1e75c9a255973c4426_0.json	625	164.88418579101562
13	515	191577bc	c_191577bc6986fcd72760c2986ccc3518041167a1_0.json	626	164.87667846679688
13	658	815dbec2	c_815dbec2f57a77b03145bea363df24fd49ce91e2_0.json	627	164.8738250732422
13	190	2bc8dec5	c_2bc8dec500028981252ed47ecdbf1509bc589726_0.json	628	164.87347412109375
13	1594	966dd97f	c_966dd97fa4d4cef3a10b4b37f6fdf9ebb2a0f6a4_0.json	629	164.85403442382812
13	14	c601e639	c_c601e6397ae0b92843e07e887dfad28bdb42a5b8_0.json	630	164.84915161132812
13	886	8a0adf2d	c_8a0adf2d51ff1890317afbc935c74d8ca7ff21bf_0.json	631	164.84478759765625
13	1508	d4c6f36d	c_d4c6f36d8f6c25261f7dea699d57cd64b6d2b67e_0.json	632	164.8411407470703
13	107	71043a71	c_71043a71cdfc55708527f82e0ae2ec8414586ebb_0.json	633	164.83692932128906
13	609	903c5d7f	c_903c5d7fd01668e3df1b9ed7c0da85c154b32da4_0.json	634	164.8353729248047
13	831	b4b5903b	c_b4b5903bb72be8fa5fd059de6d2caeb886ffca52_0.json	635	164.83370971679688
13	615	7968d2d5	c_7968d2d5526cccc07efeb07f478dc03742e9d42a_0.json	636	164.8289794921875
13	1059	00cb595d	c_00cb595db4c680b53b0248e49129a8f9c96ca52e_0.json	637	164.82754516601562
13	525	d5112c57	c_d5112c57323ed2a5aadd8c9618302935e8ee8e0c_0.json	638	164.8255157470703
13	524	06a23ce6	c_06a23ce6d096ec9a803a21dc23690ebdb47da93a_0.json	639	164.8255157470703
13	1086	991d17fe	c_991d17fe57a4a3de70aa832b1620c22017fa9406_0.json	640	164.8144073486328
13	825	833680a5	c_833680a543eeae627a0e93684355e881c789c80a_0.json	641	164.80763244628906
13	905	f72fe21f	c_f72fe21f7e7c306d42722456a5eff319155df99e_0.json	642	164.8052215576172
13	1667	c568ff2f	c_c568ff2f1e6e29eb80284934bab775dc499a8e79_0.json	643	164.80393981933594
13	1463	1b0e53da	c_1b0e53da94b7b66bd651de9e8173149808fd98f5_0.json	644	164.80105590820312
13	853	8b5fd608	c_8b5fd608767e1a267308e58bfb7eb409c75c1daf_0.json	645	164.79296875
13	638	a03f33c5	c_a03f33c55f632d9299a921f10f615576af7b8b52_0.json	646	164.7825927734375
13	817	c6eaf4b5	c_c6eaf4b5230d4e72cef6a4cb74d17631c6304f79_0.json	647	164.77285766601562
13	596	a53b4a6f	c_a53b4a6fee9339c62f0ed2b4e54514a9fe7fb146_0.json	648	164.77244567871094
13	624	30fc0eed	c_30fc0eed5f562b3b3e05f6d538e060d9cc324cd6_0.json	649	164.77076721191406
13	705	3f237f8a	c_3f237f8a8c7c99aa30cc0eb3b923b1973099c17d_0.json	650	164.76666259765625
13	1214	4becc49b	c_4becc49b72b58e25270896c1e37bfb5e08ba8a20_0.json	651	164.75091552734375
13	1079	37c8d4ed	c_37c8d4eddb7a3c03be1c6414c85f010042e0e5ae_0.json	652	164.7449493408203
13	993	68f2a773	c_68f2a773ab184828275b9f45a57d7fb7f9c2b9e5_0.json	653	164.7362060546875
13	538	65d186e7	c_65d186e7f2561b6e3fedce1869546b2443036b50_0.json	654	164.7347412109375
13	1569	4958db58	c_4958db58fd955b8c45f16a647783e85d0e350c77_0.json	655	164.7167510986328
13	731	3db76ba0	c_3db76ba07842c23b494f2414071b7c37eeaa4f51_0.json	656	164.70663452148438
13	563	3499d10a	c_3499d10aada49269db3e922a211eecc40cf746cf_0.json	657	164.70449829101562
13	1605	7824b90c	c_7824b90c9d0bc31cbf5d6d6d1ffa32d0be2cb62b_0.json	658	164.700439453125
13	619	44c6e572	c_44c6e572fd9e89fa6fc6e834d3d71af68003484d_0.json	659	164.69432067871094
13	33	edb39afe	c_edb39afe9f85a1e6b1fbb12054372cbf12790219_0.json	660	164.69407653808594
13	353	593257dd	c_593257dd0f9a50458a8a589410649fcaa80343a9_0.json	661	164.6932373046875
13	230	2fd4ffd9	c_2fd4ffd9963545ce735a58957a84afb90809561e_0.json	662	164.68914794921875
13	376	8cbae7ba	c_8cbae7ba6f7b753357c981f10e75935faed3a091_0.json	663	164.68312072753906
13	701	e13574db	c_e13574dbc83d4638f3061d5e25043aefcfca3eff_0.json	664	164.68197631835938
13	1197	09e5f52b	c_09e5f52bd407a132386b42dc042d8be5b79eeba6_0.json	665	164.665771484375
13	1655	6262dd76	c_6262dd76625e16d10ee45bc90ae76b02101cd65a_0.json	666	164.66253662109375
13	1320	21df384f	c_21df384f15ea3a456b38e43b0dd613fa11025383_0.json	667	164.65231323242188
13	1646	6290eefe	c_6290eefe92259a85e46a5e082f6327296c8a09f0_0.json	668	164.64529418945312
13	1186	32ebbdaa	c_32ebbdaa76639088ef7d27dd6df8c609dcb4141d_0.json	669	164.64434814453125
13	126	f0929aca	c_f0929aca5a75fa6de54507e400d168a86e42b77a_0.json	670	164.63790893554688
13	129	766dc878	c_766dc878e14644301483f3ecff8b5af8579e5b86_0.json	671	164.63790893554688
13	1051	a7f230da	c_a7f230dab8e6fe16cdef6e638e686f12a32d0763_0.json	672	164.6330108642578
13	1446	4eebc594	c_4eebc594956c7ca06875cd36f78f059f7069d171_0.json	673	164.61590576171875
13	1070	096e02bf	c_096e02bf4a1905b58f1692e74a7e6d7f7f1bc71e_0.json	674	164.60394287109375
13	932	da5bb84f	c_da5bb84fb528870ea818e9e7aa5fa5edddc1ff66_0.json	675	164.59585571289062
13	641	157be1f6	c_157be1f6304108ab64e67cdba10b2ed16c73f497_0.json	676	164.58938598632812
13	1226	b6da866b	c_b6da866bd0b7e06ae3cc3739f3fd3d04fbe2d726_0.json	677	164.58578491210938
13	426	2f8d303d	c_2f8d303d8f377fcc32159a28ee3bb82ee3b0d4fd_0.json	678	164.5735626220703
13	218	df060b78	c_df060b78cc608db646c3c9a7f1d14dbf148618b9_0.json	679	164.56063842773438
13	1613	2b917fcf	c_2b917fcf24354272e93305afe6ecc66d4b12ea1a_0.json	680	164.55862426757812
13	860	87b62f9e	c_87b62f9e91adc14936eb35a11bedf1a2cf5173e7_0.json	681	164.55018615722656
13	664	59b6f7fd	c_59b6f7fd7b6ca21e67b4ddef0b81f017b8df3ef6_0.json	682	164.5479278564453
13	1388	02f5f42e	c_02f5f42e739c5c7b6ac80d3599aa941ba6752b95_0.json	683	164.54403686523438
13	262	8bfe3740	c_8bfe3740e0286ada61548fd155a523faa209094a_0.json	684	164.54354858398438
13	1003	9077a58a	c_9077a58a1325a4e5e610c13849b3509e8cd88111_0.json	685	164.5433349609375
13	581	cfee3704	c_cfee37042c553c0c2ba2b509bd66cfa4f9edb958_0.json	686	164.53610229492188
13	409	d1331302	c_d1331302e8c0bbd0327180071fb977bc8c9be28f_0.json	687	164.53390502929688
13	80	9e6c28f2	c_9e6c28f2ec520cc669e05c6d2f13b4486fa3f026_0.json	688	164.51779174804688
13	1547	ede7d3ed	c_ede7d3edd4862f17570ce8168a4a5fa86433b562_0.json	689	164.51519775390625
13	79	de0c33f1	c_de0c33f113d1ba64cec81ba118dc1c84d3cd70a5_0.json	690	164.514892578125
13	485	9b84796c	c_9b84796c5faeff5995953509d1e0959008bb9d3e_0.json	691	164.5140380859375
13	1175	6a3b34af	c_6a3b34afc356d5d5d069caf969ebe28c2be03b40_0.json	692	164.5140380859375
13	1383	7b4c0fa5	c_7b4c0fa51d2cc325d2ea2a9eb7832c476db553e8_0.json	693	164.51231384277344
13	1245	0d3a3265	c_0d3a32657ccd3f38c76a5e51328741fb5b4b7afe_0.json	694	164.51104736328125
13	1246	2380849d	c_2380849de74c7160694989fbf206d3d7997e66c6_0.json	695	164.51104736328125
13	1389	9eafdd86	c_9eafdd86a6bde01baabd6a49a690f613b4f4e565_0.json	696	164.50430297851562
13	1263	70c7e1df	c_70c7e1df3072ce404adb7d11165253fc51157e44_0.json	697	164.4978790283203
13	1515	4cfa16fb	c_4cfa16fb7a0a349162270301c260a5d0146af020_0.json	698	164.49729919433594
13	1299	f4e9657e	c_f4e9657ed14043166737aa0c068ebc53db89390d_0.json	699	164.4949493408203
13	775	afda778a	c_afda778afc8016e16d364748eb7d0d4500bc0dca_0.json	700	164.4925994873047
13	415	8fb3c436	c_8fb3c436cbe6295ff11f0dcdeecb13aac7ff229b_0.json	701	164.49227905273438
13	168	49b71216	c_49b712169c432100297164f6b5102f3578bd636c_0.json	702	164.48565673828125
13	1060	0e1e8782	c_0e1e87827326aa785da225aa980d7429a9d562f7_0.json	703	164.47830200195312
13	166	9601f7a3	c_9601f7a3ab3a6d2bc3f5ea9897d4f92bf2afbc63_0.json	704	164.4751739501953
13	259	0986e4bc	c_0986e4bcbfdd708141e80e424aa24e2a3e20db70_0.json	705	164.47023010253906
13	665	645c6ab7	c_645c6ab7148315083911d54d8f6b19589f3a5a86_0.json	706	164.46627807617188
13	669	5bc805d2	c_5bc805d25e3f37c833cfb80324e7f82423c2d242_0.json	707	164.46627807617188
13	779	cd9fa819	c_cd9fa8195c6b00d4efb670d1ec040b1d9d3ce539_0.json	708	164.45245361328125
13	365	8795b386	c_8795b38679041bba7b1a02a35c4175673e386555_0.json	709	164.44444274902344
13	1584	10a485b2	c_10a485b2759943d90f404e633a9c0507c260e904_0.json	710	164.43736267089844
13	845	105c58a3	c_105c58a3207ec3fd5d26826d2eeb35b0b5c77aa0_0.json	711	164.43548583984375
13	579	a20ba9fc	c_a20ba9fcac9cc9e8e0bde875d12511046892be2e_0.json	712	164.4296417236328
13	119	857ddd27	c_857ddd27198f3dd9fb95800b3728ea26fa47130b_0.json	713	164.4264678955078
13	253	3f0ca2ef	c_3f0ca2ef4bce571e381ad1f357cf5c0b797c8f0e_0.json	714	164.42520141601562
13	455	e8c1b530	c_e8c1b5308707d31a2a6500e5155148a15fba53cf_0.json	715	164.40921020507812
13	1140	0a4251a7	c_0a4251a7787eba55e14c7a40e7cabfcc86de1b1f_0.json	716	164.40757751464844
13	39	4e7c4709	c_4e7c4709f9b95349a0a3a4f9f93d2549626d0cf4_0.json	717	164.40487670898438
13	947	09ebacb8	c_09ebacb8e6e4271e9651bebe81cbc80c081b7d83_0.json	718	164.40435791015625
13	1457	655d2a1c	c_655d2a1c4b7d45b7d3c25e484f94e47d4d47f477_0.json	719	164.40284729003906
13	250	dd61a674	c_dd61a67497b9a084013b8653c70d9a352b5494c6_0.json	720	164.3858184814453
13	1519	3aea6f59	c_3aea6f59163db9ac7f453382941342cab1dc8d49_0.json	721	164.38526916503906
13	1522	64319ada	c_64319adac1655d68f1a99447fe4b1ff8fedd4230_0.json	722	164.38526916503906
13	559	5b772b1f	c_5b772b1f1e97c80c394765e8f4443ac0f9dea637_0.json	723	164.3837890625
13	1527	a2e27204	c_a2e27204ebde827a382dbbb8865a8edbfd08247b_0.json	724	164.37884521484375
13	1413	64fd181b	c_64fd181b503bf725fd9b510c6bb398573e11e07f_0.json	725	164.3765106201172
13	1104	342bebef	c_342bebef3eba923e593fbfdc1e39e6fdb48341bf_0.json	726	164.3614044189453
13	217	a7ba5c43	c_a7ba5c4399c0ffc8e171f494543d44bc3f7261e4_0.json	727	164.35877990722656
13	1580	63b33fb2	c_63b33fb2965b0fdcb73c41ea0e76b53ef23e0385_0.json	728	164.35107421875
13	671	f6c2494d	c_f6c2494d91f3fb76983a35a50c6ac84822440884_0.json	729	164.34555053710938
13	1402	e381bc89	c_e381bc890ed64380c27b7811435413bc7eac1b28_0.json	730	164.34210205078125
13	562	78f980a9	c_78f980a91d0802597efb767472f50996d7d3f365_0.json	731	164.3396453857422
13	642	46eaa7c1	c_46eaa7c15d1cc232a8a2017be360d39ce985d5b4_0.json	732	164.33905029296875
13	1504	d672b186	c_d672b186bc549227afc210d481fa3dfde197b961_0.json	733	164.33689880371094
13	1555	7d791d6a	c_7d791d6a86ecbf32d23bc0586da9b72b4a163459_0.json	734	164.32179260253906
13	1657	d7d31ca0	c_d7d31ca0bdbcb0278df0ffa25c9c3e2ed801a872_0.json	735	164.31591796875
13	427	e268dd57	c_e268dd573d6b6bf789d4f36e856e72716875cd0c_0.json	736	164.3113555908203
13	24	328fa306	c_328fa3064504cc8ea410415b8805efad15b1c5c8_0.json	737	164.31089782714844
13	1634	ae101c63	c_ae101c63bc8c74466fc137b766faa8793c1e1f10_0.json	738	164.30770874023438
13	1368	46566e13	c_46566e13b48e126315d22dd470e377ea61889cf5_0.json	739	164.3072052001953
13	1550	0ccedce4	c_0ccedce4c82588546ac3a4a62d663f17b51cb509_0.json	740	164.2913818359375
13	412	e134bf0c	c_e134bf0cd0166ed7bef6004d53296139b85ae817_0.json	741	164.2891845703125
13	1627	2366fd63	c_2366fd637d83da7dae6a87f0daef311e1ca86add_0.json	742	164.28834533691406
13	1626	5a3c89e8	c_5a3c89e8ef29470f9922345628f542b442cad61c_0.json	743	164.28834533691406
13	844	8bdd49b3	c_8bdd49b36c8c05483669f6bd50b3839016f78983_0.json	744	164.28463745117188
13	1611	257ae1c7	c_257ae1c7a88c5ccec2882433a39c0df1de2b73aa_0.json	745	164.275146484375
13	315	4a656d53	c_4a656d537e8277d862340362c3ee6dbcd5a44068_0.json	746	164.2620086669922
13	897	224a91a2	c_224a91a2b354e0fca160f1967f595e63467c4dc3_0.json	747	164.2587127685547
13	898	75e7f262	c_75e7f262bf7982bd0afd1fee9a5d489fc566b1d5_0.json	748	164.2587127685547
13	498	4000268b	c_4000268b9e0b9db53b5a8be57a2418743f0619ad_0.json	749	164.24813842773438
13	37	56e8e6c7	c_56e8e6c7d057e6acf2d3dce98e6802cbbee48c57_0.json	750	164.2259521484375
13	873	ca5af06a	c_ca5af06a86cf85220edebc4bcc29a0302590d1db_0.json	751	164.22438049316406
13	13	a07e5485	c_a07e5485ebcd96fde24e71e023a7888deb74f70b_0.json	752	164.21939086914062
13	967	313121bd	c_313121bd91a997f9737d404af1f0f64e0bf00557_0.json	753	164.2190704345703
13	1417	abbcd0a6	c_abbcd0a6d88aae461166117d1331171ae3a41928_0.json	754	164.2085723876953
13	418	ae567e9a	c_ae567e9af04dd41aa704b6ffb8909763fce95096_0.json	755	164.20571899414062
13	472	18a3b71a	c_18a3b71a809fa5c2015f93d695c5333a3e5abb47_0.json	756	164.20138549804688
13	137	ce32b8a2	c_ce32b8a2e134d6a0590c56ee2d6798e2eeb8bb25_0.json	757	164.19358825683594
13	721	06bd7997	c_06bd7997b4a7adb4d95a21b37a626476ebfbe207_0.json	758	164.19320678710938
13	292	f293cc47	c_f293cc4700fdd812456fc1f18a14c0e6ad065cce_0.json	759	164.19207763671875
13	1073	1743f004	c_1743f004fafd081fcba23b4686eff838d4495b45_0.json	760	164.18177795410156
13	5	d92c1ed4	c_d92c1ed454e8474103e7eb698b0a855e7850dbb5_0.json	761	164.18136596679688
13	1459	2dbfab07	c_2dbfab076dc97b7932789dea3d2872c367dc7da4_0.json	762	164.18043518066406
13	566	db923d71	c_db923d7129b2071e2c9717415ce6de2af77f4f65_0.json	763	164.1801300048828
13	1276	c6c88596	c_c6c8859648b9dda9eee7f7c00850b1f8be0599c7_0.json	764	164.17684936523438
13	1163	2bd58f5b	c_2bd58f5b74ef6d0b90255351a2fa6846d2c9b5f1_0.json	765	164.17559814453125
13	1451	bcccd3e8	c_bcccd3e82241db25a2f34ed655dab88395089f39_0.json	766	164.16909790039062
13	702	c89a8b78	c_c89a8b7838f362ebbd315f096b1ff0c419a22d00_0.json	767	164.1635284423828
13	57	f7c45bfe	c_f7c45bfe1e0de039a06d8e9b326a4bf523cfce99_0.json	768	164.14923095703125
13	1581	ead4e320	c_ead4e32095e885e73d038824a845f228d860aaed_0.json	769	164.1482696533203
13	410	46314962	c_463149627ae31d4526b566fc016438944689c8bd_0.json	770	164.14321899414062
13	47	52a92440	c_52a924401ffedeb1170401e760443e184692cbb1_0.json	771	164.14259338378906
13	4	d1e678e6	c_d1e678e660f50c66113da7d03e4ffb52fef45fc0_0.json	772	164.13925170898438
13	1509	46ab7a16	c_46ab7a16ed98528ce1c7f17f1fe468672ad31741_0.json	773	164.13381958007812
13	1549	2c67dce1	c_2c67dce1784428cdb7a5a7a4079d1581b8ec90eb_0.json	774	164.13052368164062
13	385	bc483d1f	c_bc483d1f562814ffd3b37bd8c74d5ca5e615865b_0.json	775	164.12939453125
13	810	e4708eb9	c_e4708eb9bb239da20b3038dec560efeaa0ed0486_0.json	776	164.1260986328125
13	49	7555fa2b	c_7555fa2b7e070b2bc50bfc0bd4e18526e3962b1f_0.json	777	164.1237030029297
13	393	4b3bc70d	c_4b3bc70d07eda380f71995d0613626239f9c8767_0.json	778	164.11744689941406
13	1120	5448e5e3	c_5448e5e34e930b4773a5211f33ffadf643f37819_0.json	779	164.11630249023438
13	1229	0583b3a5	c_0583b3a55de91d9c7f816233dca8690393f5e698_0.json	780	164.11380004882812
13	1381	9b696810	c_9b696810d8b0b42e46cd21c1a6ba7eebc0c9966c_0.json	781	164.1051788330078
13	322	55bfa00b	c_55bfa00bb75fa5d91097213ed0707b0a1957e086_0.json	782	164.10171508789062
13	1638	ae3f01b8	c_ae3f01b8ba8f4ca60e046536e576bcfcf2962376_0.json	783	164.09478759765625
13	1004	bc2666d1	c_bc2666d1d68d5b5e70b396d64cb40d9fe7cfebd2_0.json	784	164.0859832763672
13	1022	d19514a4	c_d19514a4efb6068c96d005185b009b7c243dbb9b_0.json	785	164.07374572753906
13	921	f4ce14a4	c_f4ce14a433f8311ad696c638d7b386f7ad640b55_0.json	786	164.06607055664062
13	575	93ecc24a	c_93ecc24ae85d5db13e640ff8c7c50aa11827412f_0.json	787	164.06057739257812
13	345	2698b020	c_2698b02012437540c9fba7b15c3a9a179fd92895_0.json	788	164.05810546875
13	1471	7cae6d1c	c_7cae6d1cb9de7b5ac03e009fe95d1af8936fbef6_0.json	789	164.05795288085938
13	1492	e1fd0e94	c_e1fd0e94a1657ea7668b1d34c11c411e065dac67_0.json	790	164.05795288085938
13	1316	9b530bf2	c_9b530bf26c686e449bf7446bd4cf6082f0835441_0.json	791	164.05276489257812
13	689	96cae174	c_96cae1740555bb0c4a31a0e886403b6a958542d3_0.json	792	164.05242919921875
13	428	eea889f6	c_eea889f6c98cbf01187a13001529e381a177e452_0.json	793	164.0518798828125
13	558	560f1c9b	c_560f1c9b1170754d281c00a3a54e0eb1a615011b_0.json	794	164.03646850585938
13	506	9cdd59a6	c_9cdd59a638c4be2ccd9b05ad14403ec0fdfe0b33_0.json	795	164.03250122070312
13	214	58077e9d	c_58077e9d135f0285a361a1d89b3767c5ece0095a_0.json	796	164.0078125
13	988	f6f0c9b9	c_f6f0c9b90606b66cf788fe6f887a8941f5db0b92_0.json	797	164.00270080566406
13	1279	2a41afcb	c_2a41afcbb877081476a441628b50ff59f08a2d0d_0.json	798	163.9884033203125
13	782	d10459fc	c_d10459fc9f2fcfbc685b93409c4f68ec921d7cdb_0.json	799	163.98245239257812
13	1635	00bb11ed	c_00bb11edc3581f42e1f3c78a047538c8ea9eb0d9_0.json	800	163.981201171875
13	1069	24cbdbdf	c_24cbdbdfcf3eab994dd202d60c30f094adc3617d_0.json	801	163.9794158935547
13	1030	cb65c769	c_cb65c7691fc5dc710f9b482cb6de63d0bf2a5d0b_0.json	802	163.9727325439453
13	1489	afa71227	c_afa712277af5e93b6910cc82466e4ebd74b25ecd_0.json	803	163.9718017578125
13	1034	b59a8978	c_b59a89783ef01670acd43f36a8c1f07adeb3058c_0.json	804	163.9697723388672
13	1531	603991b7	c_603991b7813511725e464d9189f3db4742730334_0.json	805	163.9681854248047
13	601	c25a0aa7	c_c25a0aa7ca3eb44608839517568db03ebc57fa58_0.json	806	163.966796875
13	953	7a8d3feb	c_7a8d3feb891e3db6b481b1ce0c3d2febce3ac6ee_0.json	807	163.96417236328125
13	35	9813d845	c_9813d845c287b231384677afd592a402b1a9fdae_0.json	808	163.96047973632812
13	222	34a8adf9	c_34a8adf9c4b5e757f82011a5657a779c03cb133b_0.json	809	163.95846557617188
13	1244	49dd11ab	c_49dd11abdb3c70de02655a8a4d7a3ab2c8f00e82_0.json	810	163.9536895751953
13	244	e6faa455	c_e6faa455fdc0475c62fe268e7dbd39bfebddffd0_0.json	811	163.95166015625
13	416	023d8bd4	c_023d8bd40ce8dfec4899cd4e42fb374bd9143dc2_0.json	812	163.94740295410156
13	571	245cb785	c_245cb785683511da8f845452647269a0640ecdcb_0.json	813	163.92239379882812
13	570	a1241f0c	c_a1241f0c3091e7ad4eba1d2d36ec32a3526b6fef_0.json	814	163.92239379882812
13	1032	2ca3fa5b	c_2ca3fa5b3c2f645a1173258efd43195df5b9c796_0.json	815	163.91844177246094
13	812	213803d5	c_213803d5ab8996c12be8d57240faa0f74ca92a32_0.json	816	163.91664123535156
13	1400	add3cc35	c_add3cc35d6b5223be8198fd591dc4a26640fbf31_0.json	817	163.9146728515625
13	1462	0ed80696	c_0ed806962e2fe28994abee5f7ca30f44a2c1575a_0.json	818	163.90875244140625
13	159	9b4ce314	c_9b4ce31436b36563e93933a25d7d42d3aba2f1fc_0.json	819	163.90814208984375
13	208	eafafffd	c_eafafffda5d43e4ae2b2d6eb3a06c89575224b94_0.json	820	163.89620971679688
13	1335	25bec06d	c_25bec06d7027c4bb4e7734476eda79f9a803690d_0.json	821	163.8817138671875
13	369	9b9e2f75	c_9b9e2f75054f6cfc70c80b0d0e03416c36bd4a31_0.json	822	163.88143920898438
13	371	c65b8886	c_c65b888653c7387b9cc6b8f9f0493a53d7218701_0.json	823	163.88143920898438
13	374	5c34b2a5	c_5c34b2a56e6d80e3c546cf91dfde58d57be2e2e5_0.json	824	163.88143920898438
13	297	8683a0ad	c_8683a0ad41cf4faa364e56a499939dd170cc25f3_0.json	825	163.87405395507812
13	950	f3799670	c_f3799670b3a73c9d284bd31fc9536976d4912d90_0.json	826	163.8717041015625
13	299	40e3e903	c_40e3e90378a36aeac2cb5bdd9831d222f3bfb5c3_0.json	827	163.87059020996094
13	380	564e5ac9	c_564e5ac9f0d97e81cf9155c2424a73ddb893300d_0.json	828	163.8613739013672
13	317	7c71bad0	c_7c71bad01e44472d4913ef7deb0847e4d39e7680_0.json	829	163.86004638671875
13	599	43ca226d	c_43ca226d94361812e29372fde30ab191d929e1b2_0.json	830	163.85302734375
13	138	69e3ed44	c_69e3ed44510efa3f31c52b82171884db82c7f59c_0.json	831	163.84942626953125
13	1397	044bb5ae	c_044bb5ae7f72d1a4e002812ccfacbdd438d053db_0.json	832	163.84591674804688
13	497	2ed311ed	c_2ed311eda28f9775c67984fd98b22fec818be1c2_0.json	833	163.84396362304688
13	1475	ab3e1b76	c_ab3e1b76d8a280074508b0953583302409be5c76_0.json	834	163.836181640625
13	777	bba2bad0	c_bba2bad031b33f5fa7b14680917590c7c4b6004c_0.json	835	163.812255859375
13	391	15d6ea2a	c_15d6ea2adef8ade224b6479581eaee7d9acd592a_0.json	836	163.8085479736328
13	1325	b900afb8	c_b900afb843b02bdfaaf3cf24f25226fa7c9b1005_0.json	837	163.8054656982422
13	1326	3a1cff29	c_3a1cff29c844632ba640fe1718e680829ae147b1_0.json	838	163.8054656982422
13	603	b3599cb1	c_b3599cb125ee3bb336df9fabb52cfa6133744fee_0.json	839	163.79649353027344
13	124	7f1b6ef0	c_7f1b6ef010e954afb84cd68bdffec99b3310849f_0.json	840	163.7917938232422
13	1090	bc188e37	c_bc188e375c79e519e2cac989fbebfed46c9a3386_0.json	841	163.79177856445312
13	291	33ac88ae	c_33ac88ae6c21997ed57adace740aba186373e707_0.json	842	163.78662109375
13	1414	f078ebb7	c_f078ebb77005b3ab60e0bc3eb472de62d6be036f_0.json	843	163.78109741210938
13	72	c733a7f1	c_c733a7f1e744121343da2851df27b581aab79e68_0.json	844	163.76870727539062
13	1445	1397def4	c_1397def44eb7eb533c4ca2d06cd4ba5dfe5e4f2b_0.json	845	163.76756286621094
13	104	85e63563	c_85e635630c3076f48a0b264581e1073d39ac779e_0.json	846	163.76487731933594
13	8	2f823444	c_2f823444ac34d14ab976b15e70ac82f2168ac7f8_0.json	847	163.76412963867188
13	479	751e9f2e	c_751e9f2e6895f9d22991fa6ccd52a31ddb39146e_0.json	848	163.7639923095703
13	1188	7cd54640	c_7cd54640a8b75f3254cb86b28f1488472abda5d1_0.json	849	163.76065063476562
13	73	5087f976	c_5087f976953ef5ce9f0fb8b27c564bca71da9bd2_0.json	850	163.76028442382812
13	935	65ba8a5a	c_65ba8a5aaa6aa8f6c85f3cc22c91f9b6e25a366d_0.json	851	163.75863647460938
13	421	2a4f66b4	c_2a4f66b427ac723b319ffca4582606b6d2387b5e_0.json	852	163.75547790527344
13	885	d1a3cb14	c_d1a3cb149f888418a8eb2b8cf8fafbd032658d25_0.json	853	163.75079345703125
13	1528	04db8f75	c_04db8f751e935940efc7d6978da513c8de237fc7_0.json	854	163.75064086914062
13	420	113b3222	c_113b322245d97a5a6d9800504e2234132dc171a4_0.json	855	163.74757385253906
13	800	47aa3dd4	c_47aa3dd4318bb9812b22e8fccb457d86f2679099_0.json	856	163.74615478515625
13	802	e1d8adbf	c_e1d8adbff1b6eb0be7099cf18623f5f8f51d48a9_0.json	857	163.74615478515625
13	1234	4e387c24	c_4e387c241b7c92f2e4d862f6217189e55472125e_0.json	858	163.73841857910156
13	875	9ad6b5e9	c_9ad6b5e9064702d52ad202061b0ca1c574e67cd2_0.json	859	163.7294464111328
13	657	a795fa2b	c_a795fa2b56ed3632143908afbc13aa2ce59a1410_0.json	860	163.72930908203125
13	1205	b19cd2c7	c_b19cd2c74b1af18df1cc32a09b152851ed7a559a_0.json	861	163.71658325195312
13	1494	a56270ab	c_a56270abbf1d6c3c4eb88daff53a51bdf8cc7900_0.json	862	163.7132110595703
13	1184	41484009	c_41484009964b69f81c91defe22b970f8f2dc5cd5_0.json	863	163.7067413330078
13	1018	7a27bc22	c_7a27bc22bb530765b187d2835b463f0df194cbd8_0.json	864	163.68685913085938
13	132	2fa02ba6	c_2fa02ba6dff24df440ecf03baaf05bdc26e34596_0.json	865	163.68663024902344
13	574	8ba07ccf	c_8ba07ccfb014690281668eb46e5be6bd1883e61a_0.json	866	163.6784210205078
13	431	d679c907	c_d679c90734bf6d3f05f2afad3305806067094dad_0.json	867	163.67041015625
13	533	70c2de95	c_70c2de957f517f569dba98ceaa5aecd9e56a11a9_0.json	868	163.65609741210938
13	1093	cda5faf5	c_cda5faf5d6bad0336e5e8a0211f698b5b50e505a_0.json	869	163.6509246826172
13	1452	f6850c37	c_f6850c3730715c8ca55113a0b4ad89c4bb5d6f9a_0.json	870	163.64306640625
13	496	133e5b95	c_133e5b9545d91acddf861c03d42b6dcf6bc5d68c_0.json	871	163.6362762451172
13	852	3bcbc29b	c_3bcbc29b482b2b18ad28d0022969904bfa0a5e4a_0.json	872	163.6334228515625
13	103	ab5e0eb0	c_ab5e0eb0a8bee518ed07f733447e2d8c94c78f0d_0.json	873	163.60914611816406
13	598	88200cf8	c_88200cf8b208e5d276e5ba4dee422ea0f03fd66a_0.json	874	163.6085968017578
13	573	2038cee7	c_2038cee7f39c4efa5f555f86d1b2d087fe2bddaa_0.json	875	163.58787536621094
13	1249	2a0d1363	c_2a0d13639a5d605121885f5bf28e880e7bb0a66a_0.json	876	163.58535766601562
13	287	f3bb3424	c_f3bb3424f458e338c2e0b94baf0f75b78cb736ab_0.json	877	163.5610809326172
13	871	bc38763d	c_bc38763d9ce4058b8354fbe8e6476d3affa74946_0.json	878	163.5262908935547
13	1274	9c5fec23	c_9c5fec2302237ede0e797c13c0663a6bb52c798c_0.json	879	163.5159912109375
13	1293	54fd6d6e	c_54fd6d6ea32bf24eaa770919d42f42709efe9f3a_0.json	880	163.515625
13	463	a69dd47c	c_a69dd47cf54406d907d25b66f52e57fc55f899c5_0.json	881	163.50082397460938
13	1561	e78d39db	c_e78d39db6de7c6890a6c3b066429f19a8723658e_0.json	882	163.4998779296875
13	357	f86494d0	c_f86494d04c66f11885ec64f8ba424f3cfb729684_0.json	883	163.4969482421875
13	64	28ff1a96	c_28ff1a967d2b047813feb525d656ce3c81d389fc_0.json	884	163.4915771484375
13	900	262884b7	c_262884b7d35459b8b79cc3e3547eab3a7ef8c131_0.json	885	163.4895782470703
13	696	637ea1ca	c_637ea1cabd079e33fbea2e0dbee112ed08e8363e_0.json	886	163.4895477294922
13	189	67bf19c2	c_67bf19c225daeef0ac0e6a0ea3f371b4d57946c4_0.json	887	163.48947143554688
13	1370	c717c2ff	c_c717c2ff7ef92ef1c5a4e6970408efec1074b546_0.json	888	163.48422241210938
13	493	39c5f285	c_39c5f2857a24638fa1d69fe6c4c37c422a4610c5_0.json	889	163.4837188720703
13	1362	eb830e8b	c_eb830e8b4bba125cc4d38db750904da49bf8dd46_0.json	890	163.4823455810547
13	592	7a324d69	c_7a324d69d159c0e5f37b46b4f49017832df2315a_0.json	891	163.47059631347656
13	1217	572fa035	c_572fa035bf0b7631f20c8e920b0752e541a120a5_0.json	892	163.46580505371094
13	1166	17390f08	c_17390f08886a4fb01e78e9f179cca1eba3582cac_0.json	893	163.46348571777344
13	832	32966849	c_32966849408561825efb2893830e856fd4727ecd_0.json	894	163.46109008789062
13	1405	3261453c	c_3261453c0839ea8a2eeef73bbfd3667b9214573c_0.json	895	163.45599365234375
13	157	faebde9f	c_faebde9f18e0dcff6a6a82ed0f3a276eb915f675_0.json	896	163.45469665527344
13	1224	7b273a1c	c_7b273a1c084abda3f4637f953e6d3cc18dcdf108_0.json	897	163.44618225097656
13	1219	bb6b1c26	c_bb6b1c26c783e939be4af4b8ff42558b44d5b705_0.json	898	163.44618225097656
13	1470	4c0dee32	c_4c0dee3238fb10bdc760ccac57993ff60abb4394_0.json	899	163.44192504882812
13	354	d14fb077	c_d14fb0772edb682a1ee97e07c8b2e71bc39e845b_0.json	900	163.43780517578125
13	1123	5df4c4e9	c_5df4c4e9441d5763941221463794154bc3bd660c_0.json	901	163.4268798828125
13	936	de5c417f	c_de5c417f651e4536bf3ddb99f2dab9a6e795552f_0.json	902	163.4268798828125
13	321	c2776414	c_c277641421be2b2fe3319fa75f54b9364ca91178_0.json	903	163.42669677734375
13	1557	b797b943	c_b797b943fdfcff5f66777b958a634481a9505d1f_0.json	904	163.41920471191406
13	1239	877e3d8b	c_877e3d8b9f1dcccf94d260667f8db3e1bb2efd98_0.json	905	163.4191131591797
13	850	8717127e	c_8717127e0eeef77cf4bd110db7b589129edadbb4_0.json	906	163.4077911376953
13	849	38912fd3	c_38912fd333f7856df0ec4d8ec42aa63dce55c5bd_0.json	907	163.4077911376953
13	1076	0da9a309	c_0da9a309f3e7bd56643b6793b759a24d33312a14_0.json	908	163.40516662597656
13	678	5d0159bf	c_5d0159bf443097b80378a95121f352768ee4f8d2_0.json	909	163.40509033203125
13	1167	645f9271	c_645f92713370a64649adbe33c81c17ffed1c9638_0.json	910	163.40234375
13	1663	de5642e7	c_de5642e748835af591106ff220cdc780842a5fc3_0.json	911	163.3994140625
13	518	ab511e55	c_ab511e5576579139951022c2085662904ad85b07_0.json	912	163.39112854003906
13	1536	def9e52a	c_def9e52a10f90120a0bf5625a3621cc2fd201f2c_0.json	913	163.37393188476562
13	1534	c7bbbe66	c_c7bbbe662f4ed44fa490d091b9a26e9706b5cfb9_0.json	914	163.3610382080078
13	589	5a815e68	c_5a815e68f909f9215da4f9d7b3d043b950390136_0.json	915	163.35922241210938
13	1565	541bd3bd	c_541bd3bd3dc22a9c1f466f14fc1ca216e68b5e9a_0.json	916	163.35623168945312
13	148	e0a32993	c_e0a32993eb55758e7ed84233ee3ff6572746d13d_0.json	917	163.35052490234375
13	828	f0af8c1f	c_f0af8c1f950e19813272e7b32c664026937fdece_0.json	918	163.34814453125
13	1132	247a3da8	c_247a3da8b4db8f900cf28c3998f549731b5289c9_0.json	919	163.32949829101562
13	164	e569d305	c_e569d3057686d19eb813a83950ac9e875651e131_0.json	920	163.31407165527344
13	1113	06a6ebf4	c_06a6ebf478c0e1960894916b6ffbb24139c6e30b_0.json	921	163.31207275390625
13	1661	1d57c20d	c_1d57c20dfd79c64837cf1ec357ab402f2158227e_0.json	922	163.3114471435547
13	422	1e4bf4ef	c_1e4bf4ef7a2172ca760bf5489d07e3cb9bea8862_0.json	923	163.29464721679688
13	423	a5504ae4	c_a5504ae4c6cd3fa568bde91cf3a14b08eecea19c_0.json	924	163.29464721679688
13	910	cb56363c	c_cb56363cdd550e5fd46f6b3eef2dc09088465f60_0.json	925	163.29393005371094
13	749	b3cb190f	c_b3cb190fc7bf20486bbd0349f4feaee62559353d_0.json	926	163.29385375976562
13	228	dfc4c888	c_dfc4c888a41d550febd26f0a687bf92fc736b623_0.json	927	163.27822875976562
13	1624	8c3cfb87	c_8c3cfb877fa972e959781f2fdbea16c3ff9fba3c_0.json	928	163.25958251953125
13	1333	d34aab5c	c_d34aab5caea0018944a6b7fd121aa95c51634345_0.json	929	163.25375366210938
13	1332	ae82a533	c_ae82a53381272b85f0717c4ffe4b94559a35032b_0.json	930	163.25375366210938
13	629	80d04346	c_80d04346fc4022fac17b792420e5ca7a4b2c20e3_0.json	931	163.25369262695312
13	630	51d357e1	c_51d357e14add9eaf54e6e41da6fa316c59ca7979_0.json	932	163.25369262695312
13	307	cfa2fc15	c_cfa2fc159f4600320816ebefe0629e1273532ae9_0.json	933	163.24667358398438
13	1280	f52059d0	c_f52059d06c0b0c06b2a40633fbdcb01d624ca2c9_0.json	934	163.23611450195312
13	1020	5a3e9aa1	c_5a3e9aa19aede640aec7214d53e5c74e291dc3c0_0.json	935	163.22418212890625
13	818	8242cd9d	c_8242cd9d2ce15ad8af1de4979917fb0a5e174554_0.json	936	163.22061157226562
13	1052	efb9f7b7	c_efb9f7b708f03bf4096e36de088029fe7c6a93f8_0.json	937	163.22012329101562
13	829	c6416436	c_c641643616a99e7fab7c66d112db5ca067469a7b_0.json	938	163.2137451171875
13	803	9cd4151a	c_9cd4151a2faebddb065a2b4424584a4cd1279abf_0.json	939	163.20835876464844
13	835	f75585ee	c_f75585ee649a1ad7d47646f31efb7a51aec555ed_0.json	940	163.19715881347656
13	1493	607dfa73	c_607dfa73ffc4d9a5795e692a4221a884f726126b_0.json	941	163.1968536376953
13	1287	1e610569	c_1e6105690173efc3895099fa72ea5619f9725dcf_0.json	942	163.19248962402344
13	567	3c3610c8	c_3c3610c864dd925b61f01f9f0556f368af16bc11_0.json	943	163.1917724609375
13	1187	bb1712fc	c_bb1712fc61800c027a3c9d2facd8878c2c88fd66_0.json	944	163.18930053710938
13	272	21b3805c	c_21b3805ce084371f278d6eb6bf2ebc0882e268cf_0.json	945	163.18893432617188
13	1250	f249d9ed	c_f249d9ede5c1f874fff2ada8cb26bd00951fbb5b_0.json	946	163.18258666992188
13	382	7b11dd2e	c_7b11dd2e843063a99e3fbcb8f142b4fc6e4fc4c3_0.json	947	163.17849731445312
13	221	b3f1d1aa	c_b3f1d1aac16cdb40228985c5140f6b943094582f_0.json	948	163.17774963378906
13	128	2337bfa8	c_2337bfa822930d8f7ee96ee33f8e714e1f94dd8c_0.json	949	163.17474365234375
13	1365	ac956c12	c_ac956c123e52dc004c909f7dce10ed67d06f0275_0.json	950	163.17156982421875
13	16	ffbadea7	c_ffbadea73497dbd251c17172ec7054518e291704_0.json	951	163.15243530273438
13	192	334892f4	c_334892f4c5c0f346248eb6ebae306330e6512d93_0.json	952	163.14549255371094
13	739	263606e8	c_263606e896431e29b211e7eeedfc74095b9d6f20_0.json	953	163.1436004638672
13	756	f480802a	c_f480802a4f8dac8d406ec67d7106068fab8f43f7_0.json	954	163.12950134277344
13	171	f65d4d8e	c_f65d4d8efcbbe6bb19daf0e9bb991ce3d91389a3_0.json	955	163.1240997314453
13	1403	11c45123	c_11c45123bd127f5449491fb58c4e375f0df40b0d_0.json	956	163.10690307617188
13	1423	ef5c5d30	c_ef5c5d30eff8af3b89ccefdee0fbc500044912d2_0.json	957	163.10293579101562
13	1596	bb773885	c_bb7738854f94d433017b8984db9ed345f3dd3438_0.json	958	163.1025848388672
13	841	25d69f5c	c_25d69f5cb4d559807d51098a49ac013a2eaa8954_0.json	959	163.1011505126953
13	1099	3a446dfd	c_3a446dfd9f0c9d17de3774483a904d18b704b233_0.json	960	163.0955047607422
13	895	a4575017	c_a4575017d54b7a7d0be5711d9761d1c4eb0aea35_0.json	961	163.09507751464844
13	264	137aa17e	c_137aa17e69865f896b48f5113e47ef3ee0794806_0.json	962	163.0837860107422
13	368	f0650ba8	c_f0650ba80825c50c3c1b27e64a94b3d21cea452c_0.json	963	163.08355712890625
13	38	418a239a	c_418a239a360683f065ea18fb4d1cb8d40c646c8e_0.json	964	163.08245849609375
13	1016	69b84875	c_69b84875d4cfe866f94e5fb2d78081d47b8008b2_0.json	965	163.0774688720703
13	548	f1332ae0	c_f1332ae019103968e839eb185bc9a8cb49c64f53_0.json	966	163.07485961914062
13	1128	c4a1444d	c_c4a1444d45dcde0f31bb8f0f72ce54a67dff9f82_0.json	967	163.072265625
13	1108	43603cc1	c_43603cc1d5617553697539a8219ed674dee1b9bc_0.json	968	163.0711212158203
13	310	1b30b1a9	c_1b30b1a9acc9e267a22ed0c8e0372d9d158b257c_0.json	969	163.0692901611328
13	333	4e85ad12	c_4e85ad12692cd6952ddc871bdf8c314ed8d673f7_0.json	970	163.0677947998047
13	956	be00482c	c_be00482ca3972c97c6eb43f8bc001ef4f1a23bdd_0.json	971	163.0650177001953
13	634	abfe4abe	c_abfe4abe1bba458f957b6e2af2c0dd467ac82dd6_0.json	972	163.06463623046875
13	387	7fd884e4	c_7fd884e4f7b0f02942fd425080e50f24fd6dfdfa_0.json	973	163.06358337402344
13	388	c4db6f21	c_c4db6f21552297afdc452b375f3603bb11db0018_0.json	974	163.06358337402344
13	1532	a0d1475f	c_a0d1475f48e979d48c7c1f3dc033f55e0f8ba548_0.json	975	163.06228637695312
13	349	3e43d92c	c_3e43d92c39f919ea0b0dd4d14b7bf4378588262e_0.json	976	163.05490112304688
13	526	bbb104b1	c_bbb104b178c48f7024ab5d417add62f2788af423_0.json	977	163.05227661132812
13	1312	64a27bc8	c_64a27bc8e5fd38a48c0c70eddf864542f7198acb_0.json	978	163.04100036621094
13	653	aee4ed2f	c_aee4ed2f5150c32426a07f719d5f679abd9362e3_0.json	979	163.03025817871094
13	258	ad472c1c	c_ad472c1cf31c7b8efa788d2bf12967ace82e6c45_0.json	980	163.02662658691406
13	811	21a81e1f	c_21a81e1f0569f81d7f371ec05c4ea1f263996e7f_0.json	981	163.0265655517578
13	1386	d06750f2	c_d06750f22fb83313d9de3b8cf00f105614645b78_0.json	982	163.02606201171875
13	434	7fc6b412	c_7fc6b412900a2930b838a6b8bdd9eb0cc729011d_0.json	983	163.01766967773438
13	1367	6b4127d1	c_6b4127d1d6be30570e88fc8b231c09c224320e9a_0.json	984	163.01202392578125
13	1364	0bbb9244	c_0bbb9244c6672b33ec23905c9f50991351b1fcc5_0.json	985	163.01141357421875
13	1124	a6ed7f7e	c_a6ed7f7e6f67563eb5dbc34698ba922d7db2c867_0.json	986	163.0090789794922
13	1283	761217cb	c_761217cbc2bbb4c4148ca5da54df5e30c0a20cfd_0.json	987	162.9971160888672
13	86	2ebd69ac	c_2ebd69ace5ee7a255f04d8ee364ba0f6cf834f7a_0.json	988	162.99319458007812
13	1474	b1eb8bf4	c_b1eb8bf47f1919104daa6f29f7e90cb194549163_0.json	989	162.99148559570312
13	26	0344ce08	c_0344ce08eb33d9d3aeb6478ce0391368596eac04_0.json	990	162.9913787841797
13	1641	03f63fd7	c_03f63fd7eba5e3f003b86b206aed858dba2dce56_0.json	991	162.98367309570312
13	981	5309174c	c_5309174c08ada60b2aaf89cccf264e76348ec1d1_0.json	992	162.9805908203125
13	820	de173f36	c_de173f3660c276621f355a40040cd183f7e0dc76_0.json	993	162.97909545898438
13	1407	23c749c9	c_23c749c9936e8c00f180c868ea4dbe39bf8ee9b2_0.json	994	162.96005249023438
13	386	65e5dda1	c_65e5dda18f2bda323885faf66873b5b3a78e3b36_0.json	995	162.95401000976562
13	1048	9bff69f3	c_9bff69f38ef3aba7c27042b355c270032f5b0cd3_0.json	996	162.9410858154297
13	1047	ad2e68c6	c_ad2e68c600bf537c66cb4302142e843a9b795e08_0.json	997	162.9410858154297
13	781	7ec58bf2	c_7ec58bf26f919903b40b08a9e938b478c9f83b40_0.json	998	162.93797302246094
13	1282	fa1d9925	c_fa1d99255915f21c868f28307fd6e3adb2029ea0_0.json	999	162.93116760253906
13	1307	9e080e29	c_9e080e298d8c0cfd7d77a56eb93d85a5da322555_0.json	1000	162.93016052246094
