3	960	0688a9ac	c_0688a9acc3463827ca406360a901d7526f699806_0.json	1	126.6201171875
3	594	d8b40713	c_d8b407137ca2d33e0950b734cf94b959a2ed7b79_0.json	2	124.98649597167969
3	808	3955abb9	c_3955abb9198e2fddad65c157610e62e301a0c4a7_0.json	3	123.97425842285156
3	528	45c7f244	c_45c7f244af3b61473b18fb32e93b048e79d41b5b_0.json	4	123.79545593261719
3	992	b4232dd0	c_b4232dd0ddd5a70a7934efa9ffefd283bcc11766_0.json	5	123.6063232421875
3	955	b69857b5	c_b69857b558812c7a28806bd00654db4eace002bf_0.json	6	123.3709487915039
3	801	d2ec7c3d	c_d2ec7c3ddde6baf161c3f4619c6db65e06e9f3b7_0.json	7	122.98828887939453
3	43	15fb6ff7	c_15fb6ff785a1f3f851b6737473b2ed6778344cd2_0.json	8	122.29801940917969
3	1033	db705dd8	c_db705dd8be62fe439971ae0e1d6db4df0e83ac54_0.json	9	122.02940368652344
3	873	ca5af06a	c_ca5af06a86cf85220edebc4bcc29a0302590d1db_0.json	10	121.978759765625
3	862	cded3a2f	c_cded3a2f9fbeec552629d4d879bd7d50ffb19b97_0.json	11	121.71888732910156
3	100	0e3b383f	c_0e3b383fe74cb07c8794650f410c5c2642cd0b27_0.json	12	121.31937408447266
3	631	951700f3	c_951700f33ff1ab6b3704582ca3d7d9c8834db4e6_0.json	13	121.26091003417969
3	1055	0f7358fd	c_0f7358fd8a76d83b4f2587d7dea163eb9de4dfc1_0.json	14	120.80401611328125
3	603	b3599cb1	c_b3599cb125ee3bb336df9fabb52cfa6133744fee_0.json	15	120.73477935791016
3	964	093f210b	c_093f210b22493b252be07e7fd993a8368d452a59_0.json	16	120.5782241821289
3	989	11f7304c	c_11f7304cd625e21eff1cfc5ad27fe4a9e4cb9549_0.json	17	120.52000427246094
3	532	56bb15de	c_56bb15de7b65f1cf766767f1704e1165740bb49f_0.json	18	120.40782165527344
3	861	07bcd046	c_07bcd046b2b9b03802a8d1695ec2f6059cbd34f4_0.json	19	120.30693054199219
3	258	ad472c1c	c_ad472c1cf31c7b8efa788d2bf12967ace82e6c45_0.json	20	120.21761322021484
3	1101	1fc74a79	c_1fc74a79abf7651cac003fe314a68933c3a993af_0.json	21	119.6712875366211
3	836	156487d5	c_156487d56a9d7df9456eb049f7ebd9f70d1f8474_0.json	22	119.6358642578125
3	1059	00cb595d	c_00cb595db4c680b53b0248e49129a8f9c96ca52e_0.json	23	119.63560485839844
3	875	9ad6b5e9	c_9ad6b5e9064702d52ad202061b0ca1c574e67cd2_0.json	24	119.49404907226562
3	11	533421e3	c_533421e328e9d7335ed3bd0bd3c65b759848b696_0.json	25	119.42578125
3	21	463614bb	c_463614bbdcda0afcc680b924fd473476f862d274_0.json	26	119.39175415039062
3	784	c1661b67	c_c1661b67723ed5c394b1fad5595bb01b370bd1c0_0.json	27	119.33226013183594
3	476	ad2da96f	c_ad2da96f837577715867f98a44e929795ebf2a7a_0.json	28	119.29612731933594
3	91	b8f2c023	c_b8f2c0236e09a88ead4f11c568e06020d53f7102_0.json	29	119.29450988769531
3	1057	72e590f8	c_72e590f80883551fe212bfdabf65993eaf66fa1e_0.json	30	119.2095947265625
3	637	a8bbd5a3	c_a8bbd5a32d89ba7b3215d0bb79ce3756b4b1234e_0.json	31	119.02627563476562
3	636	8a8322b4	c_8a8322b493fe67059d8a46718dde8185266c8c0c_0.json	32	119.02627563476562
3	740	43307b43	c_43307b438d6aab67686cb0941e6541c82a6fab2a_0.json	33	118.95843505859375
3	273	1421af6e	c_1421af6eeaa8101c3ba8cef834f893943e244cf8_0.json	34	118.84960174560547
3	935	65ba8a5a	c_65ba8a5aaa6aa8f6c85f3cc22c91f9b6e25a366d_0.json	35	118.80546569824219
3	428	eea889f6	c_eea889f6c98cbf01187a13001529e381a177e452_0.json	36	118.80494689941406
3	486	202567b6	c_202567b625eef1a925e217a7e0145fff48298cf1_0.json	37	118.77691650390625
3	756	f480802a	c_f480802a4f8dac8d406ec67d7106068fab8f43f7_0.json	38	118.74684143066406
3	1063	52313b8e	c_52313b8e56ce4b54821dcd78129151d7a45497eb_0.json	39	118.73614501953125
3	886	8a0adf2d	c_8a0adf2d51ff1890317afbc935c74d8ca7ff21bf_0.json	40	118.7178726196289
3	75	b3123a72	c_b3123a72818af421c8cbf0ca8abe31ffd8ce92be_0.json	41	118.6911392211914
3	12	c3fbb3ad	c_c3fbb3ad1e0b83ccc56a876fe9c7a2adfd4dd210_0.json	42	118.68683624267578
3	167	d6e90d02	c_d6e90d0259da622ddc593215361acdec3950bfe8_0.json	43	118.59022521972656
3	457	dd35e8e2	c_dd35e8e24d02a216edceb2176cce54aeff1aa184_0.json	44	118.58990478515625
3	546	231be531	c_231be531579336ce5528ebc6ead81c09e5c5138b_0.json	45	118.31830596923828
3	547	1aebc9f6	c_1aebc9f6521cb6327a32bf1e75c9a255973c4426_0.json	46	118.31830596923828
3	813	eb680990	c_eb680990489013d15a92b49f8c7212533a21948e_0.json	47	118.2637939453125
3	815	020ec627	c_020ec627eb94df28a1bfa3df7e0564d338541574_0.json	48	118.2637939453125
3	361	84da2a4a	c_84da2a4a1bf7c987237f4395f214a99bfc198ccb_0.json	49	118.14617919921875
3	785	ed8b6073	c_ed8b607398e9aa5ad3a414899589d32a02cf89bd_0.json	50	118.13934326171875
3	468	2d687ff3	c_2d687ff3c4ef0c26379eb0b19ae1daed04b31232_0.json	51	118.12451934814453
3	806	7ac0b2e2	c_7ac0b2e2506f7c49a9c8b7e66d49c878122e273d_0.json	52	118.10618591308594
3	909	59fe29c7	c_59fe29c7b3e4b8a02b36b3d4e4704a317cb4e813_0.json	53	118.08397674560547
3	1032	2ca3fa5b	c_2ca3fa5b3c2f645a1173258efd43195df5b9c796_0.json	54	118.0444564819336
3	856	c35736f4	c_c35736f43cfe0a7d2e5c0d3939a96b978e25876e_0.json	55	117.98431396484375
3	891	e8a17a91	c_e8a17a9195dafe66df62c677c8984955e198fc63_0.json	56	117.89697265625
3	961	49d2cf0d	c_49d2cf0d82bfe341ebb099509b53531be6a05fa0_0.json	57	117.85299682617188
3	20	6d3fc10b	c_6d3fc10bcaed6834823eed08d1b8990b71590e5a_0.json	58	117.70974731445312
3	1054	d499f2e7	c_d499f2e7bbc5ebd63af11e1f5cf1989fa323aa45_0.json	59	117.61286926269531
3	698	be97826b	c_be97826b2c8702639503cc6c7f8398d84073aaf0_0.json	60	117.60955810546875
3	14	c601e639	c_c601e6397ae0b92843e07e887dfad28bdb42a5b8_0.json	61	117.58207702636719
3	587	eb0ab59d	c_eb0ab59d50923e663aed52147e47e1c72b0f05d5_0.json	62	117.5540542602539
3	586	3b0abb24	c_3b0abb246c87c5ddc5ef0555f4a38f26034ed573_0.json	63	117.5540542602539
3	3	8ac635b4	c_8ac635b4cdc251a48ad24c4ef6a3398ed4902f18_0.json	64	117.53860473632812
3	939	934699bd	c_934699bde2b789b201c818530bd40716bd6d1edf_0.json	65	117.53370666503906
3	353	593257dd	c_593257dd0f9a50458a8a589410649fcaa80343a9_0.json	66	117.52487182617188
3	1273	01797b07	c_01797b0794ac384f5f5ef49cc0cfab8347ae7930_0.json	67	117.510986328125
3	1050	0e37a395	c_0e37a39502439ecbaa1a5b5188387c01bf7f7fa1_0.json	68	117.46585083007812
3	953	7a8d3feb	c_7a8d3feb891e3db6b481b1ce0c3d2febce3ac6ee_0.json	69	117.4314193725586
3	462	3a11319e	c_3a11319e25a7a0defd1ea2f19eee25890e4652a6_0.json	70	117.36348724365234
3	997	96dd040c	c_96dd040c273a5ecf91f0a87acf51ceb5998dd5d4_0.json	71	117.36347198486328
3	995	614a72e3	c_614a72e345fa054369f9e32540656ac26e432823_0.json	72	117.36347198486328
3	954	84042ca4	c_84042ca4dc76880854cea7cd422e48a2fa47c57e_0.json	73	117.23966217041016
3	673	192c1dc1	c_192c1dc12b0bd610fe87e4872c9e5077ad176c99_0.json	74	117.21890258789062
3	533	70c2de95	c_70c2de957f517f569dba98ceaa5aecd9e56a11a9_0.json	75	117.1722183227539
3	866	8cb04356	c_8cb043560e46d9d12a2c149af634856b68df5003_0.json	76	117.16433715820312
3	864	980eb0f5	c_980eb0f5219d0c6415d5ccaf2c70673f10c0ccbd_0.json	77	117.16433715820312
3	120	e1429547	c_e14295471644955129d9f1a70a66207e7ee50856_0.json	78	117.09246826171875
3	913	bb0e2b5e	c_bb0e2b5edd644e9dd438c29675678a802bbe8f7a_0.json	79	117.06707763671875
3	850	8717127e	c_8717127e0eeef77cf4bd110db7b589129edadbb4_0.json	80	117.00740051269531
3	849	38912fd3	c_38912fd333f7856df0ec4d8ec42aa63dce55c5bd_0.json	81	117.00740051269531
3	1139	301ea2d8	c_301ea2d804e95710395cc0c52dcb5ed3afae1888_0.json	82	116.95795440673828
3	1213	9d8e4607	c_9d8e46072bb8d0a3fbfb23abd88e771bf2614901_0.json	83	116.95437622070312
3	1232	6c737ebd	c_6c737ebd7630f80b645c7ee5f28bd9f164ded202_0.json	84	116.9400863647461
3	1245	0d3a3265	c_0d3a32657ccd3f38c76a5e51328741fb5b4b7afe_0.json	85	116.9400863647461
3	1246	2380849d	c_2380849de74c7160694989fbf206d3d7997e66c6_0.json	86	116.9400863647461
3	26	0344ce08	c_0344ce08eb33d9d3aeb6478ce0391368596eac04_0.json	87	116.92301940917969
3	965	b009194c	c_b009194c5f68fa4d773723113beeed3ae9308b9d_0.json	88	116.9183578491211
3	1182	1962410d	c_1962410d5a95cc9e359f3b789ff935adf7f315ea_0.json	89	116.84236907958984
3	70	cbfafc6f	c_cbfafc6f45529dc502268c0ab3cc944e97d7ca51_0.json	90	116.82764434814453
3	378	6bf829f3	c_6bf829f329e7fe34fe2f336b98ce4a693d232da7_0.json	91	116.80313873291016
3	1109	5abbb53f	c_5abbb53fa2da96a7548d4bf25d5954d5f58e8105_0.json	92	116.74017333984375
3	1110	556e33ac	c_556e33ac5a3014e40edd9e3a588c0688719d8855_0.json	93	116.74017333984375
3	0	e4f23bb6	c_e4f23bb6779d434d88a7c4335f92d13ea639b373_0.json	94	116.67691802978516
3	931	f3f47926	c_f3f47926fe501904b9f1d93a5f5265c744f9c08a_0.json	95	116.51081848144531
3	1146	278083be	c_278083beed4fbeb51e66434e23ecad73d2ad9b58_0.json	96	116.50892639160156
3	644	09b7e79f	c_09b7e79f536537ec6bdf8a9b0324c3dce07e40fc_0.json	97	116.45488739013672
3	945	4e5e2b3e	c_4e5e2b3e1e8ceacfbd9e174608239a788312e6ca_0.json	98	116.33770751953125
3	765	49007a76	c_49007a76faa943981becf692ea1b32372632b01d_0.json	99	116.25408935546875
3	762	a9f2a352	c_a9f2a3524162fcf49168cef6f16936707680bc21_0.json	100	116.25408935546875
3	355	dd348567	c_dd3485677ca295a8fcbf99dba90db5337755b8ef_0.json	101	116.25013732910156
3	516	65b73d92	c_65b73d92974414c018dec24a67c285ae484654c8_0.json	102	116.22953033447266
3	474	3848a41d	c_3848a41df2ca29df0736c564f36bf7e51a28e304_0.json	103	116.22599029541016
3	1056	8221fe16	c_8221fe16c513eae3193ae7cfeaadecf3a179b7f9_0.json	104	116.16529846191406
3	194	9610aff9	c_9610aff9eb922486478ab92ad5c4d02a11b2ad1f_0.json	105	116.12275695800781
3	200	b9dad6db	c_b9dad6dbcac668034b3b8822bd445aad91c9d174_0.json	106	116.12275695800781
3	841	25d69f5c	c_25d69f5cb4d559807d51098a49ac013a2eaa8954_0.json	107	116.12240600585938
3	1171	aec6276a	c_aec6276a997038c962bed7821c7013852ba321b5_0.json	108	116.1153335571289
3	1181	be7d645c	c_be7d645c8c460307c5329ea5b367fbeefa294992_0.json	109	116.03691864013672
3	745	930187bf	c_930187bf135ea5519d2d70f24079ec0e39d797a6_0.json	110	116.01495361328125
3	193	060ce11a	c_060ce11a33baa8a1c951cb5b7a857d5d81db09ef_0.json	111	116.00300598144531
3	615	7968d2d5	c_7968d2d5526cccc07efeb07f478dc03742e9d42a_0.json	112	115.98149108886719
3	817	c6eaf4b5	c_c6eaf4b5230d4e72cef6a4cb74d17631c6304f79_0.json	113	115.93001556396484
3	333	4e85ad12	c_4e85ad12692cd6952ddc871bdf8c314ed8d673f7_0.json	114	115.92914581298828
3	1019	59d1b2ce	c_59d1b2ce57c40ef8d854417cfc72237c98d768d6_0.json	115	115.89984893798828
3	925	545e35e4	c_545e35e459284762cab32fcd4e2d85bd9f276edb_0.json	116	115.89573669433594
3	464	eb4e6b11	c_eb4e6b1163e05f3fd8c9c59ec25dcec849e366c2_0.json	117	115.81095123291016
3	360	a12061f0	c_a12061f037af30f20e4b0c75862224c2f5e6d056_0.json	118	115.80196380615234
3	1224	7b273a1c	c_7b273a1c084abda3f4637f953e6d3cc18dcdf108_0.json	119	115.80056762695312
3	1219	bb6b1c26	c_bb6b1c26c783e939be4af4b8ff42558b44d5b705_0.json	120	115.80056762695312
3	1223	a8000c37	c_a8000c3713d3c9ebf7bf5292cb15514f8e6a320c_0.json	121	115.80056762695312
3	325	1cb2b461	c_1cb2b46101501239e706eac254df66f6ad94abbb_0.json	122	115.7531967163086
3	260	49117e02	c_49117e024c34a95772f760546333ceb2034abb2d_0.json	123	115.74799346923828
3	255	32fcb5dd	c_32fcb5ddd31ee7bcec0028d34c7d2a9f36463ffa_0.json	124	115.73582458496094
3	1265	d9336563	c_d9336563fc2307262d11e96f0fb1ead0da2c5312_0.json	125	115.71289825439453
3	1264	40f1c93b	c_40f1c93b492e535a9d1c74579c702a08123f329d_0.json	126	115.71289825439453
3	121	d6f54ffc	c_d6f54ffc91de340202a5058055c49100964ab6ad_0.json	127	115.65454864501953
3	212	71e876b3	c_71e876b3bc3cceec1ac5934840edf7fc1b8ce4fb_0.json	128	115.65011596679688
3	32	e4549810	c_e4549810fbbcbb0a4aa71b895f6b52e9c5004f9f_0.json	129	115.61460876464844
3	550	1baf61d3	c_1baf61d323385dadf9fc7ebebd8e9601ab09c37b_0.json	130	115.60908508300781
3	737	69d9c105	c_69d9c105be5d51257b1624bdacf644caa7d6f6e8_0.json	131	115.58096313476562
3	1142	81017b9f	c_81017b9faea685ae528e70409fe98294f344d7a6_0.json	132	115.5764389038086
3	369	9b9e2f75	c_9b9e2f75054f6cfc70c80b0d0e03416c36bd4a31_0.json	133	115.5728988647461
3	646	4efb7c61	c_4efb7c61f90dcfb070b419fff7572f9a0dabd6f4_0.json	134	115.52129364013672
3	1200	d0b0273b	c_d0b0273b9a04649cbc044ac092cc0eab0dc698f9_0.json	135	115.49087524414062
3	261	bfa5aecf	c_bfa5aecfc3de90af06af51741d48c4cc0579f92e_0.json	136	115.48533630371094
3	213	d453182b	c_d453182b63249c2c597a54229a4242e1ce1921d0_0.json	137	115.4540023803711
3	760	c7112ff7	c_c7112ff7df2a358ac2ec37dd087948fa4936bfe4_0.json	138	115.419921875
3	837	a455b53c	c_a455b53c75d4649461ba3e7fdcc625f2cd223202_0.json	139	115.41766357421875
3	767	b6e3a2b2	c_b6e3a2b236f13576136c18a0a0da1643aab41b9c_0.json	140	115.39669036865234
3	125	0410f9a8	c_0410f9a80edfb1fe4c73badd0e4c0ccf34da3ebb_0.json	141	115.39020538330078
3	538	65d186e7	c_65d186e7f2561b6e3fedce1869546b2443036b50_0.json	142	115.3723373413086
3	411	8662c126	c_8662c12613121f707a20d9169b9da32441f0f958_0.json	143	115.36479187011719
3	790	580b85fc	c_580b85fc40feb51a3381f9c56d6d203808e79cea_0.json	144	115.36468505859375
3	1105	a4f093fc	c_a4f093fce7fc561c866de52801bade505ffe9e76_0.json	145	115.34545135498047
3	201	7324b9b9	c_7324b9b96e3bb4821449329b0d8bfec30d271e65_0.json	146	115.34491729736328
3	564	705d834d	c_705d834d94148b652a2c1851c6129f054876e63f_0.json	147	115.34457397460938
3	362	b5436f25	c_b5436f25a993aac8180e2117330ee8ba3e2c261e_0.json	148	115.3294906616211
3	991	71a3d83d	c_71a3d83d95b916f5992ad1f9230de718c78a519f_0.json	149	115.32933044433594
3	17	f1c5f8f3	c_f1c5f8f392069401c1daaa6601cc45cbf9f5fd34_0.json	150	115.32707977294922
3	1197	09e5f52b	c_09e5f52bd407a132386b42dc042d8be5b79eeba6_0.json	151	115.31307983398438
3	712	59127647	c_591276479428336d44aed87e3a1022ce0e9e7bfb_0.json	152	115.29936981201172
3	1183	7541cbad	c_7541cbadb3ee31474c9cade0b1a02a77a56000c2_0.json	153	115.29596710205078
3	940	ee67deef	c_ee67deeffb3149c7a0798fca8988f3c0cc2c54f3_0.json	154	115.29093933105469
3	340	d8b0810f	c_d8b0810f94d35ba055f7397ece47aa96027bc6c5_0.json	155	115.25450897216797
3	749	b3cb190f	c_b3cb190fc7bf20486bbd0349f4feaee62559353d_0.json	156	115.23872375488281
3	1144	354f3008	c_354f3008674c7ec8b106e886f31118f749ae975e_0.json	157	115.23528289794922
3	1020	5a3e9aa1	c_5a3e9aa19aede640aec7214d53e5c74e291dc3c0_0.json	158	115.16793823242188
3	1085	4fb35f81	c_4fb35f8188f68cccf49e5d846ad59561c49dec29_0.json	159	115.16525268554688
3	885	d1a3cb14	c_d1a3cb149f888418a8eb2b8cf8fafbd032658d25_0.json	160	115.13456726074219
3	230	2fd4ffd9	c_2fd4ffd9963545ce735a58957a84afb90809561e_0.json	161	115.10881805419922
3	155	3cd560a5	c_3cd560a50f3e56fe4eeb336945c0b91640ae5c76_0.json	162	115.0988540649414
3	51	7f5cc156	c_7f5cc156dab558dd459bcbac789fd39b1b98f71e_0.json	163	115.09359741210938
3	252	28808721	c_288087216060a7f910a9bcf20bfd4504bd31c89d_0.json	164	115.09024810791016
3	25	1e9c10c0	c_1e9c10c02820543e715bdf70ae8301527d7baae6_0.json	165	115.0875473022461
3	478	0d936fc8	c_0d936fc8052eb12786a5c1852b57f65d56bc9d1e_0.json	166	115.08374786376953
3	477	e6a50890	c_e6a508909272ac6f27f2f91371781b38480c1e1b_0.json	167	115.08374786376953
3	144	5639f345	c_5639f3459976aa04e02da9f72af97a92adc6b7a9_0.json	168	115.04373168945312
3	514	cd351db1	c_cd351db19feb54ddac08187e34cef030867d66ff_0.json	169	115.01594543457031
3	1244	49dd11ab	c_49dd11abdb3c70de02655a8a4d7a3ab2c8f00e82_0.json	170	115.0118637084961
3	535	eff49b94	c_eff49b94e91ede5f34893ff4f43735b1416746bb_0.json	171	115.0111083984375
3	309	201c8ffd	c_201c8ffd7931aa552fe42f077e23917695faf29a_0.json	172	114.97279357910156
3	1233	3c950dd1	c_3c950dd1bd06e661780ffd414da6017ea7f89643_0.json	173	114.97178649902344
3	371	c65b8886	c_c65b888653c7387b9cc6b8f9f0493a53d7218701_0.json	174	114.9640121459961
3	374	5c34b2a5	c_5c34b2a56e6d80e3c546cf91dfde58d57be2e2e5_0.json	175	114.9640121459961
3	1001	a7480914	c_a748091460ff20609d4f0699c7440f2cb56103b9_0.json	176	114.94903564453125
3	332	a854674b	c_a854674b6692a958bd64abc61183274486d575da_0.json	177	114.9237289428711
3	635	1fe91631	c_1fe91631f0ba9280d1f78415b758046d401e9b0a_0.json	178	114.91507720947266
3	1254	70034625	c_70034625ff57a103d828c4c967972caca1ae49ee_0.json	179	114.9048843383789
3	95	1a7c6f90	c_1a7c6f905711ecf704576024dfead79aee47b320_0.json	180	114.88140869140625
3	187	8e43355c	c_8e43355c20cfc8054582d21627fd73ff9b779986_0.json	181	114.87100982666016
3	439	d163f5e6	c_d163f5e6f4f82907d367f0159dc9c13552c86285_0.json	182	114.80067443847656
3	441	3a709a37	c_3a709a37257cbcbc511c6d6df9917bb108c8f480_0.json	183	114.80067443847656
3	959	89b08ced	c_89b08ced259685ae80b3ecf3e08d4c3ac1eb5f16_0.json	184	114.76045227050781
3	771	8f36cc41	c_8f36cc413a1b5ab22975d6cddf0a23c1b0cf2812_0.json	185	114.7040786743164
3	981	5309174c	c_5309174c08ada60b2aaf89cccf264e76348ec1d1_0.json	186	114.690673828125
3	676	82fc90de	c_82fc90de25198d7a30c2928cc3f92c96768919ea_0.json	187	114.68231201171875
3	677	1c08c852	c_1c08c85286521da50c1aa4256b7e09d4515fec46_0.json	188	114.68231201171875
3	1163	2bd58f5b	c_2bd58f5b74ef6d0b90255351a2fa6846d2c9b5f1_0.json	189	114.67756652832031
3	513	8075bfa5	c_8075bfa51faf660ca23c7420f40a2601f2a13e01_0.json	190	114.63655090332031
3	65	b249b700	c_b249b700fc12fcd5a8229b74943a2564093a90b6_0.json	191	114.63346099853516
3	833	8d3ff9d5	c_8d3ff9d5a0c8c1a235b0e32eb84389a073238ac2_0.json	192	114.60814666748047
3	317	7c71bad0	c_7c71bad01e44472d4913ef7deb0847e4d39e7680_0.json	193	114.60765075683594
3	832	32966849	c_32966849408561825efb2893830e856fd4727ecd_0.json	194	114.59873962402344
3	1006	f1622dcc	c_f1622dcca14e5c253232ab644d5fe5c5fbdd36d5_0.json	195	114.56491088867188
3	869	7cd93e91	c_7cd93e916845ddb5f2c77009da3e1a4086e8fc9c_0.json	196	114.55213165283203
3	650	5b8c26fa	c_5b8c26fa3c6728c98cd54207b035b9764417a64a_0.json	197	114.52596282958984
3	298	1755442a	c_1755442a1b6c7fa3d509e0080510ecfc95aa6fca_0.json	198	114.51899719238281
3	326	2b1e3e29	c_2b1e3e292cf2b93f8d846e691a914cc1f269c7db_0.json	199	114.51899719238281
3	328	221df10c	c_221df10c514721d1585ade730b4addf2a6406316_0.json	200	114.51899719238281
3	1147	c3929f4e	c_c3929f4eb8776c6a5774784a95e98de67c1af561_0.json	201	114.49649047851562
3	41	4dc01e73	c_4dc01e735c57e1a3d6e79f819713efaf77998edb_0.json	202	114.48729705810547
3	373	64ab31b2	c_64ab31b2078f6297169706f3413875e7d628ae80_0.json	203	114.47312927246094
3	1152	34accc0d	c_34accc0d765a56602794c996e424fe1820273d8f_0.json	204	114.45867156982422
3	713	362a9948	c_362a9948d535c0b381d32681a6746404740846b5_0.json	205	114.42875671386719
3	218	df060b78	c_df060b78cc608db646c3c9a7f1d14dbf148618b9_0.json	206	114.41795349121094
3	1257	bc43fb41	c_bc43fb41a289841486077252096f68fc96b26294_0.json	207	114.40888977050781
3	1158	26a052b3	c_26a052b3b473f22c6573c2f10aa30625a5cb407f_0.json	208	114.36577606201172
3	1005	dce9e1b7	c_dce9e1b765c2208f5eef2a95a91fef8479fd3a43_0.json	209	114.34672546386719
3	19	289b58d1	c_289b58d10604feb7b709b91da6d314e0d6ac3b5d_0.json	210	114.3416748046875
3	73	5087f976	c_5087f976953ef5ce9f0fb8b27c564bca71da9bd2_0.json	211	114.33818054199219
3	384	ac1f2abb	c_ac1f2abbbc73dd40b3205a79ad546add80130d78_0.json	212	114.32037353515625
3	1091	bfbeaab2	c_bfbeaab2d41abac76f78e17a58ad317ec70d3aae_0.json	213	114.28060150146484
3	1092	ee9b7aac	c_ee9b7aacdf9377992478bec181234aa442e1b47c_0.json	214	114.28060150146484
3	256	61add034	c_61add0346b9bca1caee8f229b2866be9d1dcd37f_0.json	215	114.27679443359375
3	984	227b9994	c_227b9994f6545db2e8e18fb7e813079ebb5eeedc_0.json	216	114.24302673339844
3	330	6844d70b	c_6844d70b23963a3f35300f92955c95c5888492d0_0.json	217	114.23528289794922
3	823	6c98fa9d	c_6c98fa9d28182ebe44f4466fc316e9817f387d17_0.json	218	114.23115539550781
3	622	8416dde8	c_8416dde89136e2fa8a6f996ce3196560eba1dd26_0.json	219	114.229248046875
3	135	1dcce980	c_1dcce980954c9acef708aa9a0a128f04564bdd25_0.json	220	114.2225112915039
3	107	71043a71	c_71043a71cdfc55708527f82e0ae2ec8414586ebb_0.json	221	114.2174072265625
3	926	aa321ee8	c_aa321ee8acf015d68a954b714f739b584936a8fd_0.json	222	114.21643829345703
3	180	d10146c3	c_d10146c3535c4e8301e6c755037cf6ab2a5e7b96_0.json	223	114.18264770507812
3	52	fe7e30d7	c_fe7e30d7ecc5780514a37001990102cb6068ffec_0.json	224	114.17828369140625
3	1180	bad574af	c_bad574af0ffb0401c83013431132fd7852577df9_0.json	225	114.17633819580078
3	292	f293cc47	c_f293cc4700fdd812456fc1f18a14c0e6ad065cce_0.json	226	114.1761474609375
3	487	a1e496f0	c_a1e496f0e6da44ac68ae93a58cb1645d40ee5739_0.json	227	114.16259002685547
3	56	fd9690c4	c_fd9690c47cc825ea8dbd3a01f8de99e91f35ee2b_0.json	228	114.14627838134766
3	835	f75585ee	c_f75585ee649a1ad7d47646f31efb7a51aec555ed_0.json	229	114.14501190185547
3	889	224db283	c_224db283ae81a0cb120d3adbcf208f877aa60dfd_0.json	230	114.12751770019531
3	142	65c410c0	c_65c410c0c40724f763e0b4bce2db6d43bf078818_0.json	231	114.12147521972656
3	688	d76af29a	c_d76af29ad9919460866908025fcf4c974d64150a_0.json	232	114.09114837646484
3	327	ce7398c7	c_ce7398c77333938f60dda1429b027df3ec595b5e_0.json	233	114.08577728271484
3	739	263606e8	c_263606e896431e29b211e7eeedfc74095b9d6f20_0.json	234	114.05665588378906
3	748	8f2ea6cc	c_8f2ea6ccafe7c971fbc10063a33c1baec83f7ed4_0.json	235	114.05228424072266
3	625	d5fc827d	c_d5fc827d5bb9ed8d48780ca092f146376dc5a7ef_0.json	236	114.04601287841797
3	74	eaedfb76	c_eaedfb7677e74c1a610928655f464c454176d1c0_0.json	237	114.02133178710938
3	705	3f237f8a	c_3f237f8a8c7c99aa30cc0eb3b923b1973099c17d_0.json	238	114.00516510009766
3	788	688cbc1e	c_688cbc1ed6952b3f94c01c8cdb5b067589b83f66_0.json	239	113.9747314453125
3	114	db413e18	c_db413e18d7510edde71461f336bccf724e0d16f7_0.json	240	113.9385986328125
3	268	60e30f49	c_60e30f499e9318b2b18c3cbac4edc2bfcf6d6d66_0.json	241	113.93573760986328
3	463	a69dd47c	c_a69dd47cf54406d907d25b66f52e57fc55f899c5_0.json	242	113.93293762207031
3	461	0e809845	c_0e8098451f9b1ab43cdab95c8b63b432dd6147a8_0.json	243	113.93293762207031
3	972	ddb9e39a	c_ddb9e39a4924c40d919a6fd04ada1d6f7e11dd4a_0.json	244	113.9307861328125
3	787	750b0652	c_750b06523c141355a399b5c51ac110e9b4f4593e_0.json	245	113.91899871826172
3	734	20d53b08	c_20d53b08cf263f0ef8894ca325f619db600e2f99_0.json	246	113.9167251586914
3	335	752b57e5	c_752b57e524d5f85f2c2a6b7e97eddf9b5498794a_0.json	247	113.90676879882812
3	1234	4e387c24	c_4e387c241b7c92f2e4d862f6217189e55472125e_0.json	248	113.90390014648438
3	722	f2a2d4d2	c_f2a2d4d24b6b1176117940f5e4c75eae550d742b_0.json	249	113.8937759399414
3	173	f42e6292	c_f42e62927e7314a093fd2879030762a5dcc087fe_0.json	250	113.88861846923828
3	78	dfed9240	c_dfed9240ab1a46ed8c5dfea8d8dd4e38d86646f2_0.json	251	113.87206268310547
3	312	ca93163e	c_ca93163ef2a71f2e1497ef5d4e5a841d6fb3ac82_0.json	252	113.85650634765625
3	370	13c8421b	c_13c8421b8a4bd8a84a18fc6e492bf698b49ea62a_0.json	253	113.8302230834961
3	996	1b63bab8	c_1b63bab8b1ae89e9caeec21e32e1b49124f51c7d_0.json	254	113.81060028076172
3	407	5450e9a6	c_5450e9a6660637fae73fad23bdd96f618ecc2d11_0.json	255	113.79058074951172
3	2	a342c0ee	c_a342c0eef8c4abc3eba5568c52af73e59e1b6c17_0.json	256	113.76154327392578
3	211	5c8f8106	c_5c8f8106d18b17afd31c4048f91e3ad3f726f664_0.json	257	113.72724151611328
3	181	886ca96f	c_886ca96f608a1a3e9a72b1cb2d86a2b45c5eae40_0.json	258	113.71897888183594
3	113	9e504221	c_9e5042210349cbdac5b55b220fed7962fcaa63be_0.json	259	113.71372985839844
3	159	9b4ce314	c_9b4ce31436b36563e93933a25d7d42d3aba2f1fc_0.json	260	113.69497680664062
3	37	56e8e6c7	c_56e8e6c7d057e6acf2d3dce98e6802cbbee48c57_0.json	261	113.68388366699219
3	982	f49e80fd	c_f49e80fd7b06309bb96f6e98f44a1d20a5c6be3f_0.json	262	113.6834487915039
3	715	9439a310	c_9439a310c169a00cd01a4e9b64fb9f5441297b96_0.json	263	113.67864990234375
3	689	96cae174	c_96cae1740555bb0c4a31a0e886403b6a958542d3_0.json	264	113.6507568359375
3	253	3f0ca2ef	c_3f0ca2ef4bce571e381ad1f357cf5c0b797c8f0e_0.json	265	113.64346313476562
3	136	9db4d99c	c_9db4d99c6c425b779f1bb79ad4db667702657600_0.json	266	113.63976287841797
3	158	2370828d	c_2370828d9f11faa7bd663f4171ce16659394cf8f_0.json	267	113.63774108886719
3	906	b530c4de	c_b530c4de4431cec046c91cd944f75e07542e1720_0.json	268	113.6174087524414
3	601	c25a0aa7	c_c25a0aa7ca3eb44608839517568db03ebc57fa58_0.json	269	113.57475280761719
3	948	ad0b7ed0	c_ad0b7ed047d7e6f2a1652c4077d0d85812fbd847_0.json	270	113.5738296508789
3	1060	0e1e8782	c_0e1e87827326aa785da225aa980d7429a9d562f7_0.json	271	113.56755828857422
3	152	5b58cb22	c_5b58cb22b4ce9b1a3a37481190e5aa87eb6fd79a_0.json	272	113.535400390625
3	24	328fa306	c_328fa3064504cc8ea410415b8805efad15b1c5c8_0.json	273	113.51818084716797
3	855	767ecb29	c_767ecb29a5a79f799113d13eb137389ff5a4c2c5_0.json	274	113.51197052001953
3	13	a07e5485	c_a07e5485ebcd96fde24e71e023a7888deb74f70b_0.json	275	113.51018524169922
3	427	e268dd57	c_e268dd573d6b6bf789d4f36e856e72716875cd0c_0.json	276	113.47681427001953
3	851	b02884d4	c_b02884d4e1e3c251257e811314916a32899e16dd_0.json	277	113.47355651855469
3	184	a57eca7f	c_a57eca7f47d03b26320348520e926dde0da68509_0.json	278	113.46918487548828
3	5	d92c1ed4	c_d92c1ed454e8474103e7eb698b0a855e7850dbb5_0.json	279	113.45997619628906
3	530	a4bc345d	c_a4bc345d607a2b6409051afe05561059e8075afa_0.json	280	113.4491958618164
3	793	a1bb6f2d	c_a1bb6f2dcb82eb9f880f87c480d6086a8e0bee34_0.json	281	113.44690704345703
3	812	213803d5	c_213803d5ab8996c12be8d57240faa0f74ca92a32_0.json	282	113.43399810791016
3	1185	6c89cbb5	c_6c89cbb587d7f79ce7b2aeb838105577bb3ad9f4_0.json	283	113.43278503417969
3	537	3e96cf63	c_3e96cf63fce1e0a5173c2cc101b11ab2c407f901_0.json	284	113.4327621459961
3	1086	991d17fe	c_991d17fe57a4a3de70aa832b1620c22017fa9406_0.json	285	113.410888671875
3	536	f521158c	c_f521158c1486b427a0bb584b58333a66c0e9d552_0.json	286	113.41019439697266
3	520	6a5bd873	c_6a5bd873db44b283f016d6dfb3426ada8b0e7d14_0.json	287	113.4097671508789
3	440	6233a982	c_6233a98237d5f450add1b4730e5d94af27ab02c5_0.json	288	113.36744689941406
3	1274	9c5fec23	c_9c5fec2302237ede0e797c13c0663a6bb52c798c_0.json	289	113.35594940185547
3	413	1013b370	c_1013b3708da8c52b32bbe251b6d11b0737ff270e_0.json	290	113.33621215820312
3	1165	aba736db	c_aba736db4dcbdf6e9bc52b68dc1de24934801994_0.json	291	113.33252716064453
3	460	2aa6dc84	c_2aa6dc84c2f87fceb0d01ede0d79169adc95548b_0.json	292	113.31951904296875
3	1066	d823407a	c_d823407ab82164afdd14832fe5159c44d42d89ef_0.json	293	113.31478881835938
3	738	8d53c224	c_8d53c22404fbd066cf3f81d1248e188dba5caebd_0.json	294	113.30598449707031
3	415	8fb3c436	c_8fb3c436cbe6295ff11f0dcdeecb13aac7ff229b_0.json	295	113.30132293701172
3	1280	f52059d0	c_f52059d06c0b0c06b2a40633fbdcb01d624ca2c9_0.json	296	113.26863098144531
3	31	703bf4a1	c_703bf4a104193e8098f904fe33531c58c6e7f359_0.json	297	113.2572021484375
3	933	4a005880	c_4a005880392b45d0758090a01b709fbf97fe2456_0.json	298	113.25145721435547
3	700	c8fbc801	c_c8fbc8010a23a7fea255c2a9c3ba4366c937865f_0.json	299	113.2188949584961
3	1143	2fff97b3	c_2fff97b3c58240ce94b19c723ab446f23110af91_0.json	300	113.20643615722656
3	108	bb802d2f	c_bb802d2f72e23f3a4ffcf1848e62cb689ceb7b9a_0.json	301	113.17631530761719
3	859	6932e070	c_6932e0706954018d3674604ff73cea0ba1365f97_0.json	302	113.15866088867188
3	725	6a540c1b	c_6a540c1be655c27f0cb05eb85b796a119ae10407_0.json	303	113.15583038330078
3	365	8795b386	c_8795b38679041bba7b1a02a35c4175673e386555_0.json	304	113.1324462890625
3	90	8958048f	c_8958048f38c5914bda894174f2d17b96828996b4_0.json	305	113.12296295166016
3	670	e54b748d	c_e54b748d6b65ac794ca88d90f618e1f7566cdf65_0.json	306	113.11740112304688
3	59	3a7cf58e	c_3a7cf58e48ee6d7cd63c030002777d9ee1ca4446_0.json	307	113.10774230957031
3	1	1b253d39	c_1b253d391092e6bab7255fab12f5cf7eb96f7b30_0.json	308	113.1025161743164
3	904	cc315bc0	c_cc315bc0f7fdcb6bb257a292909e8542db7c9af1_0.json	309	113.0833740234375
3	401	8e8c6e3f	c_8e8c6e3f7cb3b842091d78f7b9e56d9e5a6cc811_0.json	310	113.08246612548828
3	773	30135828	c_3013582891ea5a74632dcc77f95be02f918b4436_0.json	311	113.05896759033203
3	130	e40a7693	c_e40a76936b9f3e1cfb5b903b06518195a157f3fd_0.json	312	113.05715942382812
3	956	be00482c	c_be00482ca3972c97c6eb43f8bc001ef4f1a23bdd_0.json	313	113.04161834716797
3	209	effb8fd3	c_effb8fd3a0d93c099d4a7b111cb93e6708a91b69_0.json	314	113.0389633178711
3	890	fed24bac	c_fed24bac3f416bfee9664abbc118529dcdc6ef34_0.json	315	113.03273010253906
3	408	8f665dd0	c_8f665dd08ef273683363eeab62c77104160089b9_0.json	316	113.00013732910156
3	721	06bd7997	c_06bd7997b4a7adb4d95a21b37a626476ebfbe207_0.json	317	112.99962615966797
3	156	2e5121ee	c_2e5121ee9a521fe27e9caeaa91349183548a8820_0.json	318	112.99667358398438
3	385	bc483d1f	c_bc483d1f562814ffd3b37bd8c74d5ca5e615865b_0.json	319	112.99583435058594
3	490	27d9cd8e	c_27d9cd8e9d881ad906b1804ef6daf5431c9cedfe_0.json	320	112.99266815185547
3	492	c8fff830	c_c8fff8307fd1b32f63eb151f3e9c357fc4660752_0.json	321	112.99266815185547
3	764	9adb08e1	c_9adb08e19934fe80cb4e4a59b8e809fd4e970fb9_0.json	322	112.9791030883789
3	534	47b911dd	c_47b911dd10c8495fffed321b13951dbd68bfc78f_0.json	323	112.966552734375
3	527	55c27526	c_55c27526d2bf3f27f74403d6e0a9c4ee84a5fb09_0.json	324	112.966552734375
3	973	77c3f1f3	c_77c3f1f32eb79941f7cb1b7b530b4ec37d216dba_0.json	325	112.95396423339844
3	153	995e377e	c_995e377e3657493e136d92e9878624e2958f0abb_0.json	326	112.95284271240234
3	871	bc38763d	c_bc38763d9ce4058b8354fbe8e6476d3affa74946_0.json	327	112.92854309082031
3	1168	4b107ff3	c_4b107ff341fab06aa50d6101cac386142b5e970b_0.json	328	112.90467071533203
3	456	75fe7ce4	c_75fe7ce4cae5ad6464da719fb13d7796ea404795_0.json	329	112.90406036376953
3	197	82b474d5	c_82b474d51545919cb38a49485f56fd29d6ed199b_0.json	330	112.88636779785156
3	508	d5b5d923	c_d5b5d9239bd8135505110d1c05a9a2760129023f_0.json	331	112.87799072265625
3	763	03737783	c_0373778301d62a0f50e2ec6fa6156832b4907993_0.json	332	112.87594604492188
3	473	b7fd8562	c_b7fd85620421db5c11a5d146645ac7a6d100dbc1_0.json	333	112.84169006347656
3	28	9312ad89	c_9312ad890b557806d84bde705f351e255e9fe050_0.json	334	112.83875274658203
3	1242	97d03f66	c_97d03f66e3943d7d676d8fc3c4c5abdc93d6b245_0.json	335	112.8097915649414
3	207	c166fa38	c_c166fa380d2716480ff4a0548bc062744defb57f_0.json	336	112.78923034667969
3	507	9dc95c37	c_9dc95c371481cd83583f3bcf14d99fa063ff85ad_0.json	337	112.78384399414062
3	1038	4a74985b	c_4a74985b4244caa20711fef837ce6387096d7a97_0.json	338	112.78036499023438
3	878	6f4306bd	c_6f4306bd8375f6761e27bd619a310c840e212dbc_0.json	339	112.77740478515625
3	134	5d8d3d2f	c_5d8d3d2fb9b6f2fd86fdde71bf1c38e7d5bc2455_0.json	340	112.77406311035156
3	1241	1ae2d628	c_1ae2d6288056c9ce5983f19e7b91ed5efdc133a3_0.json	341	112.7724609375
3	287	f3bb3424	c_f3bb3424f458e338c2e0b94baf0f75b78cb736ab_0.json	342	112.76795196533203
3	810	e4708eb9	c_e4708eb9bb239da20b3038dec560efeaa0ed0486_0.json	343	112.7663803100586
3	938	e9184dc3	c_e9184dc35ec97a1ec343a211e31b9ffcc638c882_0.json	344	112.75166320800781
3	585	4c8ee2eb	c_4c8ee2eba68368f90ddb501d6f5c059ded1b3329_0.json	345	112.75071716308594
3	976	2322ce6a	c_2322ce6a6a26ff604fe05cb0da92a51466fcc0d6_0.json	346	112.74674987792969
3	805	d12a42fe	c_d12a42fe1671a0fd013789a698bd9776d4f87109_0.json	347	112.73668670654297
3	247	19d2a9e3	c_19d2a9e351a5e06599e4d3222d8db3bd42c4d23c_0.json	348	112.73075103759766
3	57	f7c45bfe	c_f7c45bfe1e0de039a06d8e9b326a4bf523cfce99_0.json	349	112.72012329101562
3	80	9e6c28f2	c_9e6c28f2ec520cc669e05c6d2f13b4486fa3f026_0.json	350	112.71271514892578
3	921	f4ce14a4	c_f4ce14a433f8311ad696c638d7b386f7ad640b55_0.json	351	112.71048736572266
3	235	ae6c8287	c_ae6c82872056dfad0ef2b1f1a32231450d5a2800_0.json	352	112.70661926269531
3	224	05c82f22	c_05c82f22c49e3da03b0f8c5271f1ce6850111adc_0.json	353	112.7044677734375
3	1070	096e02bf	c_096e02bf4a1905b58f1692e74a7e6d7f7f1bc71e_0.json	354	112.6968994140625
3	1080	7f61f62b	c_7f61f62b7fa596328891278fbd0d107dd25ad25c_0.json	355	112.6968994140625
3	1277	c41e792b	c_c41e792b7ab304eeb9c921151784a474766a021f_0.json	356	112.67581176757812
3	45	071a170f	c_071a170f20aa6571ab99c486e84b7032bab40131_0.json	357	112.66459655761719
3	680	94cc594d	c_94cc594db3820e95d4cbaf39d7d5c3940ef872f4_0.json	358	112.6629638671875
3	775	afda778a	c_afda778afc8016e16d364748eb7d0d4500bc0dca_0.json	359	112.65327453613281
3	189	67bf19c2	c_67bf19c225daeef0ac0e6a0ea3f371b4d57946c4_0.json	360	112.65312957763672
3	1236	8d9e6338	c_8d9e6338249d7866be55e057cc5085d1ff8abbd0_0.json	361	112.63817596435547
3	347	2b4086a9	c_2b4086a9372b2129585bdf217d84f6313076c8ec_0.json	362	112.61837768554688
3	27	2abae1d2	c_2abae1d236fd605c12709d5fa558cdf9270e0653_0.json	363	112.61695098876953
3	42	16b79a5d	c_16b79a5d634526d6bdbcfcf582fcf2469e6383a0_0.json	364	112.61014556884766
3	34	2b5cfe77	c_2b5cfe772b5067de74dabc1f258e65a340162d03_0.json	365	112.57764434814453
3	376	8cbae7ba	c_8cbae7ba6f7b753357c981f10e75935faed3a091_0.json	366	112.56779479980469
3	22	530067bb	c_530067bb8db8fc31c27c6075c64c1c075c3ea671_0.json	367	112.54679107666016
3	701	e13574db	c_e13574dbc83d4638f3061d5e25043aefcfca3eff_0.json	368	112.54659271240234
3	515	191577bc	c_191577bc6986fcd72760c2986ccc3518041167a1_0.json	369	112.54374694824219
3	1250	f249d9ed	c_f249d9ede5c1f874fff2ada8cb26bd00951fbb5b_0.json	370	112.54273986816406
3	178	28e3f598	c_28e3f59849ad07574a23805953e523d2f9bbeeb8_0.json	371	112.54126739501953
3	500	21fec27a	c_21fec27a06b9ee65f8c4e9930cee654d4428326a_0.json	372	112.53837585449219
3	63	4489c26b	c_4489c26bd4384249f198cc052bfb54eeffd4ae23_0.json	373	112.52977752685547
3	238	ff8c08cb	c_ff8c08cb7cbc88c5fee8f736d33b3b2baaf9dd68_0.json	374	112.52372741699219
3	752	10dc5c92	c_10dc5c9268b6a7536e2b9e69ff96438698c6bbad_0.json	375	112.51885986328125
3	310	1b30b1a9	c_1b30b1a9acc9e267a22ed0c8e0372d9d158b257c_0.json	376	112.51876068115234
3	602	d860ea52	c_d860ea523583285c7f89ea9bc215c97ce4ae4ba4_0.json	377	112.51018524169922
3	497	2ed311ed	c_2ed311eda28f9775c67984fd98b22fec818be1c2_0.json	378	112.5038833618164
3	83	ed06eea7	c_ed06eea746d4d053596edf1787c01dc1339e2ee1_0.json	379	112.50137329101562
3	934	81b47350	c_81b47350f3056180e16e43c41ce8b1230afc1dc8_0.json	380	112.46414184570312
3	499	e08f8660	c_e08f8660ac31b373c567c34ba76d58279a205525_0.json	381	112.44575500488281
3	93	37914e65	c_37914e65ce1dca8869d5e2baa53043cf0d725ce0_0.json	382	112.43338775634766
3	263	2cd82cde	c_2cd82cded3fb6d7c11af5ddac14eaad384959436_0.json	383	112.41526794433594
3	757	9bde2073	c_9bde207392ec60b57a803b53b915a1a8524d2897_0.json	384	112.4143295288086
3	453	91c7b745	c_91c7b7450f396a0130e74e60f455d4fc1bacb7cd_0.json	385	112.39493560791016
3	1169	ba98f921	c_ba98f921aa7385a5595cfa0158685e38a91db056_0.json	386	112.37554931640625
3	479	751e9f2e	c_751e9f2e6895f9d22991fa6ccd52a31ddb39146e_0.json	387	112.37054443359375
3	276	d8e52fa5	c_d8e52fa5172158312b11780eb99292f46815876b_0.json	388	112.36682891845703
3	733	5757cb08	c_5757cb08e5253167a5709082bd1a586d48f10c1b_0.json	389	112.35823059082031
3	657	a795fa2b	c_a795fa2b56ed3632143908afbc13aa2ce59a1410_0.json	390	112.354248046875
3	1248	f339b5c6	c_f339b5c62d6012efe74ee3997cafeaba79e7a7a1_0.json	391	112.3445816040039
3	824	9150a035	c_9150a0356a3c484e2823a63d3570cdd90c0040da_0.json	392	112.33221435546875
3	755	c8495812	c_c849581289df261cd6431097746c6375fb445131_0.json	393	112.32936096191406
3	987	ef00ac63	c_ef00ac633eacc6a3ab17c8334ae2531333c418c5_0.json	394	112.31640625
3	686	4140deb4	c_4140deb44c09656e46f52598fc556e2bdcc432c1_0.json	395	112.29391479492188
3	687	629beaf0	c_629beaf080ac558e3ff2abd857531850ee945427_0.json	396	112.29391479492188
3	798	3ea7ccf9	c_3ea7ccf96a21f95defa46e9a6127baacca0e81bf_0.json	397	112.28321075439453
3	88	b2a9ca7b	c_b2a9ca7bb27c21b12ccd8d17314e83275381027c_0.json	398	112.27425384521484
3	839	fcbbcccc	c_fcbbccccff541e3492ebf5425ed5223581f77641_0.json	399	112.27345275878906
3	768	71844ff7	c_71844ff73bad7186cddf9a129023c5c83193c45d_0.json	400	112.26809692382812
3	967	313121bd	c_313121bd91a997f9737d404af1f0f64e0bf00557_0.json	401	112.26342010498047
3	613	ddb0ab1a	c_ddb0ab1adcd0dd311ebae95135aad2ff4e65e451_0.json	402	112.25022888183594
3	35	9813d845	c_9813d845c287b231384677afd592a402b1a9fdae_0.json	403	112.24308013916016
3	472	18a3b71a	c_18a3b71a809fa5c2015f93d695c5333a3e5abb47_0.json	404	112.23908996582031
3	781	7ec58bf2	c_7ec58bf26f919903b40b08a9e938b478c9f83b40_0.json	405	112.22781372070312
3	1027	3568997a	c_3568997a05847b757f3d7510a4c833b3406bacb6_0.json	406	112.21112823486328
3	1129	473e5b07	c_473e5b071b59f957a3fac3a27699cfab6ecea0ef_0.json	407	112.20865631103516
3	1068	7481fda4	c_7481fda4cb8010e5fc66d0f16673cd97c22f9ce6_0.json	408	112.20423889160156
3	1157	96c6fb0b	c_96c6fb0b89c3ce1cfffb02e05d125cab4582be4b_0.json	409	112.20413208007812
3	1156	a00cdd8d	c_a00cdd8d237dae9f06d3c0d65738322d7d37fbd0_0.json	410	112.20413208007812
3	958	76793f14	c_76793f149d8ac935247eab3b1297536429d58ad1_0.json	411	112.20375061035156
3	807	0f8da248	c_0f8da248c67bd889636a5359a42b37355e041a4a_0.json	412	112.1799087524414
3	929	83341f75	c_83341f7530d341139e5613455dd7a8893d4f0d68_0.json	413	112.16534423828125
3	1128	c4a1444d	c_c4a1444d45dcde0f31bb8f0f72ce54a67dff9f82_0.json	414	112.14148712158203
3	208	eafafffd	c_eafafffda5d43e4ae2b2d6eb3a06c89575224b94_0.json	415	112.13140869140625
3	498	4000268b	c_4000268b9e0b9db53b5a8be57a2418743f0619ad_0.json	416	112.11589050292969
3	1136	9036ebc9	c_9036ebc9fe0cad9cabc8506629f6ec2d5f3d225a_0.json	417	112.11471557617188
3	993	68f2a773	c_68f2a773ab184828275b9f45a57d7fb7f9c2b9e5_0.json	418	112.09739685058594
3	251	aadb09a1	c_aadb09a1ce0d4765d71db561239b123fa4dbfc4b_0.json	419	112.08842468261719
3	779	cd9fa819	c_cd9fa8195c6b00d4efb670d1ec040b1d9d3ce539_0.json	420	112.08734130859375
3	552	1f5e4137	c_1f5e4137bb7180f0501cc31dd6b943d6f30d5308_0.json	421	112.07720184326172
3	198	c24e1ba5	c_c24e1ba511132261d121d391838c2e3ce1e5f029_0.json	422	112.07633972167969
3	776	0251775c	c_0251775c9a6dc8bec151e3461051ef46fd0378ff_0.json	423	112.0428695678711
3	301	f1c79d4a	c_f1c79d4a2b5eb0b8ed63c2772cadb322801ce8da_0.json	424	112.01351928710938
3	40	0a0ce59a	c_0a0ce59a9800a6532048eaf52a2d2c6a276116e3_0.json	425	112.00789642333984
3	6	fcb1c256	c_fcb1c2560541e2ff2f3fd6da99a95f69c2b28a8a_0.json	426	111.98921203613281
3	157	faebde9f	c_faebde9f18e0dcff6a6a82ed0f3a276eb915f675_0.json	427	111.98809051513672
3	1251	46c6679d	c_46c6679d0b88035e0083e27890a421e8a8466242_0.json	428	111.97503662109375
3	809	256c606b	c_256c606b0b3251054b714dfe8ca19901e7b82046_0.json	429	111.96568298339844
3	286	d48b6437	c_d48b64371329ede6aa206edc5ae631986498c52f_0.json	430	111.95995330810547
3	149	f0e232d1	c_f0e232d14f4085bac5b5c40eb5efae2aaad5fbec_0.json	431	111.94905853271484
3	168	49b71216	c_49b712169c432100297164f6b5102f3578bd636c_0.json	432	111.93585205078125
3	386	65e5dda1	c_65e5dda18f2bda323885faf66873b5b3a78e3b36_0.json	433	111.86802673339844
3	720	9fb0c8df	c_9fb0c8df13778d37a0b6b2e1de2b513950c21224_0.json	434	111.82820129394531
3	285	10498eaa	c_10498eaab04dab7b660edb2a444f976b5b162f6c_0.json	435	111.814208984375
3	759	56ecb7e4	c_56ecb7e4840dab20b04df0bb60ee98c92bfe9b29_0.json	436	111.80931091308594
3	667	3bde5bec	c_3bde5becd2bbd07fe678314da7ebbd93aedb95c6_0.json	437	111.80370330810547
3	1017	fd54befe	c_fd54befeadb6313b2d36a8e5f4f5dad3ef2ad5f3_0.json	438	111.79206848144531
3	1179	ab53ab46	c_ab53ab46d77ca191bdc9e418efd44548ead764fb_0.json	439	111.76968383789062
3	417	8d2cdd7b	c_8d2cdd7b41287c9b8ef4244bdab0ec875fe1c318_0.json	440	111.7667465209961
3	447	e2bb0ee2	c_e2bb0ee2088fa7f8d487669630999d7dcbe5de08_0.json	441	111.75755310058594
3	1079	37c8d4ed	c_37c8d4eddb7a3c03be1c6414c85f010042e0e5ae_0.json	442	111.75711059570312
3	60	333a7f28	c_333a7f28f8cdf4824b57bb9dd7a7402ed6930510_0.json	443	111.74861145019531
3	1130	54d60b42	c_54d60b42fcebc6e1e142a4c682a1ff012f92c734_0.json	444	111.74624633789062
3	978	af263c3d	c_af263c3decc975de00a78b81b38dbb4ab83c8c8e_0.json	445	111.7445068359375
3	399	3bbe215e	c_3bbe215e5e73a4c9c4b2b08b187a93ce48763f9d_0.json	446	111.7265853881836
3	66	beb73f77	c_beb73f7707c0241eac8a8383e0c2ea1d3e00765a_0.json	447	111.72071075439453
3	744	1995cea0	c_1995cea05b57d4a66eddcf4dabbd867322a58fba_0.json	448	111.71932983398438
3	382	7b11dd2e	c_7b11dd2e843063a99e3fbcb8f142b4fc6e4fc4c3_0.json	449	111.69380950927734
3	44	a03e0ebf	c_a03e0ebf5825d587230093436b6db53f368185a0_0.json	450	111.68421173095703
3	1215	e8f9e968	c_e8f9e968afdd8aa95dee391d5deff108ed360e57_0.json	451	111.68343353271484
3	431	d679c907	c_d679c90734bf6d3f05f2afad3305806067094dad_0.json	452	111.68199157714844
3	844	8bdd49b3	c_8bdd49b36c8c05483669f6bd50b3839016f78983_0.json	453	111.67855072021484
3	4	d1e678e6	c_d1e678e660f50c66113da7d03e4ffb52fef45fc0_0.json	454	111.65925598144531
3	259	0986e4bc	c_0986e4bcbfdd708141e80e424aa24e2a3e20db70_0.json	455	111.63783264160156
3	257	3a9a6375	c_3a9a63757c759e89d027fbd54fe2d28fd48fecd7_0.json	456	111.63783264160156
3	1153	365c29bd	c_365c29bd6ef5d69fe7cd07bc01340c9bb2ba8333_0.json	457	111.62294006347656
3	104	85e63563	c_85e635630c3076f48a0b264581e1073d39ac779e_0.json	458	111.60474395751953
3	580	54d47c1b	c_54d47c1b3dd0a3597cda3366add9cbd49a57b51f_0.json	459	111.60377502441406
3	30	0aef72dd	c_0aef72dd7e0d05c6583e24bf079297441e700a9d_0.json	460	111.60318756103516
3	678	5d0159bf	c_5d0159bf443097b80378a95121f352768ee4f8d2_0.json	461	111.60286712646484
3	81	d61c921d	c_d61c921d5b2b35cc9977a9a84052b6a085abcbbd_0.json	462	111.58747100830078
3	160	082511bd	c_082511bd55135d237757dbee3eb7246e6b786f27_0.json	463	111.58745574951172
3	137	ce32b8a2	c_ce32b8a2e134d6a0590c56ee2d6798e2eeb8bb25_0.json	464	111.57088470458984
3	311	89644045	c_89644045bd3d729e1c1fd86d7c5f47ea8ed1aeb9_0.json	465	111.56387329101562
3	598	88200cf8	c_88200cf8b208e5d276e5ba4dee422ea0f03fd66a_0.json	466	111.54904174804688
3	1122	9b99cfeb	c_9b99cfebd36494b43fc71d821a9b7874ab636776_0.json	467	111.53775024414062
3	1028	845897f6	c_845897f6970c70f35ddd880d538765ec5a2956f4_0.json	468	111.53591918945312
3	164	e569d305	c_e569d3057686d19eb813a83950ac9e875651e131_0.json	469	111.53187561035156
3	1082	f4b6730a	c_f4b6730ac7a72b9b22db9f2b1370f507d4c32438_0.json	470	111.52611541748047
3	736	dd780623	c_dd7806233615e1e4f5f6461292e5d90d04fb328d_0.json	471	111.5260009765625
3	611	5cde517a	c_5cde517aa7520610ea6e90ae3d7ad30c3cd5296b_0.json	472	111.5198974609375
3	523	5d5efeec	c_5d5efeec53bde6a6a1bfa80450aee95a86446609_0.json	473	111.50784301757812
3	320	b8f79ed6	c_b8f79ed6b3b014288786d7a928a5817360c192a8_0.json	474	111.50399017333984
3	414	767cead7	c_767cead79205755c97839251ea06afba361812ce_0.json	475	111.49459838867188
3	50	78dddb9e	c_78dddb9e1dd9a5511c0bae87d69725ffbe7db244_0.json	476	111.48906707763672
3	774	3aca2849	c_3aca28493ae844cb65dbb9e287b0360b391037a2_0.json	477	111.4886474609375
3	951	6d2e7c26	c_6d2e7c261f55d43c6a9885d96fcd955eb6bb0675_0.json	478	111.48052215576172
3	89	bcda1918	c_bcda191872e788d5c861ae7a508e7a8d44f9097b_0.json	479	111.4782485961914
3	87	cbbfbd38	c_cbbfbd385f0fa08c8590b778956d52002e35f9a2_0.json	480	111.4782485961914
3	331	d9fe88d1	c_d9fe88d1fded677f00016b02875098c5fcfba603_0.json	481	111.47333526611328
3	290	33a9a934	c_33a9a93476f8ba69eac093b70a3aa0f0f17d44f3_0.json	482	111.46813201904297
3	604	302df7b8	c_302df7b8bf6f33369c3ed918a9323df567064f40_0.json	483	111.44462585449219
3	8	2f823444	c_2f823444ac34d14ab976b15e70ac82f2168ac7f8_0.json	484	111.44425964355469
3	489	5bd18093	c_5bd18093a249a0a506e280bda6df90bc19035436_0.json	485	111.44074249267578
3	838	907524b4	c_907524b411aea758d1f388bd286f0ee312221a39_0.json	486	111.43790435791016
3	412	e134bf0c	c_e134bf0cd0166ed7bef6004d53296139b85ae817_0.json	487	111.41171264648438
3	1034	b59a8978	c_b59a89783ef01670acd43f36a8c1f07adeb3058c_0.json	488	111.40178680419922
3	524	06a23ce6	c_06a23ce6d096ec9a803a21dc23690ebdb47da93a_0.json	489	111.39971923828125
3	525	d5112c57	c_d5112c57323ed2a5aadd8c9618302935e8ee8e0c_0.json	490	111.39971923828125
3	846	313deaa0	c_313deaa07308686e9e680a2a6db2660a38be6f22_0.json	491	111.38935089111328
3	1137	9f6638da	c_9f6638da4ad8e510a9dc83d7a47dd69943697ff7_0.json	492	111.36825561523438
3	122	aaba9c10	c_aaba9c105d557bdbb4e94a1e3927cbdd61bd2807_0.json	493	111.34957885742188
3	1281	8a5ec379	c_8a5ec37974ee58aabd68ed13fa15e052598d2136_0.json	494	111.34645080566406
3	853	8b5fd608	c_8b5fd608767e1a267308e58bfb7eb409c75c1daf_0.json	495	111.33943939208984
3	1249	2a0d1363	c_2a0d13639a5d605121885f5bf28e880e7bb0a66a_0.json	496	111.32699584960938
3	305	b034ca58	c_b034ca58204eff83f29bc15c3cf061b5d9833f6b_0.json	497	111.3086166381836
3	747	dfb697a7	c_dfb697a731b180840a65c97e0800645b0929631a_0.json	498	111.2939453125
3	963	0cc64f2e	c_0cc64f2ebd94ad5e6f803d51984e861dac0dbe7b_0.json	499	111.28660583496094
3	980	a55bbb63	c_a55bbb63c72a54d310a517d7546060dc8e5d34ed_0.json	500	111.28657531738281
3	816	b927a743	c_b927a74368f730cdbc5f5ab443c6dbbe42a4d7a6_0.json	501	111.27967834472656
3	1167	645f9271	c_645f92713370a64649adbe33c81c17ffed1c9638_0.json	502	111.26980590820312
3	161	7d255ba5	c_7d255ba52b79e9c70d2864b43c967d61f91048c9_0.json	503	111.24777221679688
3	574	8ba07ccf	c_8ba07ccfb014690281668eb46e5be6bd1883e61a_0.json	504	111.24186706542969
3	1261	30bb9119	c_30bb911948e729d745f4729bc0fcce8c0d36e1fd_0.json	505	111.235107421875
3	1262	ae0d29ef	c_ae0d29ef165574434230dabda4abec5bd4fed6cf_0.json	506	111.235107421875
3	7	df6302f8	c_df6302f807bb230ae985a35100cbcc30af523bd1_0.json	507	111.22283172607422
3	655	469b2724	c_469b2724edec674d493cc409273c73b871136d48_0.json	508	111.20269012451172
3	656	6c03c65c	c_6c03c65c98d7a93ef3c5bef06bbd42180af44334_0.json	509	111.20269012451172
3	267	e1ceccd4	c_e1ceccd484643cd7a8e213de14bc3a85eebb3c11_0.json	510	111.18914031982422
3	58	a97f06e9	c_a97f06e9ad3f96e4d52c45d1b5742e819e690165_0.json	511	111.185791015625
3	36	ae1c98e5	c_ae1c98e50180e010ba3469634d215b48f6d81b75_0.json	512	111.16464233398438
3	718	e1e19f51	c_e1e19f512c25e1509f0fd386ab84e7fe287708f7_0.json	513	111.15885162353516
3	858	9e649069	c_9e649069d9f2309f4556b2c7d510fd5d33984018_0.json	514	111.15728759765625
3	1279	2a41afcb	c_2a41afcbb877081476a441628b50ff59f08a2d0d_0.json	515	111.13442993164062
3	941	3e3a30ee	c_3e3a30ee53cc718af8d8da1de693c7068e3e586a_0.json	516	111.13419342041016
3	942	96b8c9cb	c_96b8c9cb0241b0cbc3dbb6976376abab60f5335c_0.json	517	111.13419342041016
3	225	bfc98f2c	c_bfc98f2c087810bc8a57c26aa02efcc3ddc9cef4_0.json	518	111.1321792602539
3	600	d5243ef6	c_d5243ef663c9df2a19f580053bf4914ce135b044_0.json	519	111.11698913574219
3	843	1488cef1	c_1488cef12ee88e25dd0161f1b85c552a32775778_0.json	520	111.09204864501953
3	1140	0a4251a7	c_0a4251a7787eba55e14c7a40e7cabfcc86de1b1f_0.json	521	111.06260681152344
3	264	137aa17e	c_137aa17e69865f896b48f5113e47ef3ee0794806_0.json	522	111.02523040771484
3	300	92b8f47d	c_92b8f47ddb5967fdbf596e17edc2142830575b18_0.json	523	111.02111053466797
3	375	b9733f7b	c_b9733f7ba10c81c84ebcae9a9609b9b03e1190d6_0.json	524	111.01943969726562
3	639	63c19bd8	c_63c19bd8aed1720f336e7651d92d4e86814b3e1c_0.json	525	111.00784301757812
3	634	abfe4abe	c_abfe4abe1bba458f957b6e2af2c0dd467ac82dd6_0.json	526	110.99930572509766
3	250	dd61a674	c_dd61a67497b9a084013b8653c70d9a352b5494c6_0.json	527	110.98899841308594
3	990	37cf6f24	c_37cf6f243424570e39b5f65280ca673089e55945_0.json	528	110.98506927490234
3	1097	0cdf42fe	c_0cdf42fe5ac175b1b852e735a3265588919ffe32_0.json	529	110.98271179199219
3	1099	3a446dfd	c_3a446dfd9f0c9d17de3774483a904d18b704b233_0.json	530	110.98271179199219
3	916	fae643be	c_fae643bec7dfd5ce6bce6d564e67bb4400836fd7_0.json	531	110.98103332519531
3	1098	ea2d74fa	c_ea2d74fab79f1ba140918d4efb6d728fc021a319_0.json	532	110.94847106933594
3	821	c5122ec0	c_c5122ec0698b2e4778ca755aa6b6deb592e8373c_0.json	533	110.94276428222656
3	819	a3faa88c	c_a3faa88c1008a76a4045577116d2c14a758ab078_0.json	534	110.94276428222656
3	814	ac405996	c_ac4059964a1c30b50d8b347777f45024b1a7e929_0.json	535	110.94276428222656
3	505	f88c50a1	c_f88c50a10bbd2d1dc4ae6d7ca0a4ece68adc00c1_0.json	536	110.93246459960938
3	654	bacc9693	c_bacc96937359bbae8dbc4c46430865d3e89ab7f5_0.json	537	110.9190673828125
3	110	6e6d8c63	c_6e6d8c63e7cbfb84729e287e820f9db195c2008f_0.json	538	110.91409301757812
3	234	c0c885ea	c_c0c885ea649967174fa6414a8464848fabdd68de_0.json	539	110.91388702392578
3	358	ae2cf4c0	c_ae2cf4c09d9060c63cb99a6ff8981254b5f732ea_0.json	540	110.9126205444336
3	33	edb39afe	c_edb39afe9f85a1e6b1fbb12054372cbf12790219_0.json	541	110.85537719726562
3	449	cd64f2e1	c_cd64f2e10928f7e48718d2ec8697d62f09db323b_0.json	542	110.8547592163086
3	1120	5448e5e3	c_5448e5e34e930b4773a5211f33ffadf643f37819_0.json	543	110.85236358642578
3	426	2f8d303d	c_2f8d303d8f377fcc32159a28ee3bb82ee3b0d4fd_0.json	544	110.85115814208984
3	1113	06a6ebf4	c_06a6ebf478c0e1960894916b6ffbb24139c6e30b_0.json	545	110.84317779541016
3	16	ffbadea7	c_ffbadea73497dbd251c17172ec7054518e291704_0.json	546	110.83112335205078
3	1073	1743f004	c_1743f004fafd081fcba23b4686eff838d4495b45_0.json	547	110.8270034790039
3	947	09ebacb8	c_09ebacb8e6e4271e9651bebe81cbc80c081b7d83_0.json	548	110.8218765258789
3	932	da5bb84f	c_da5bb84fb528870ea818e9e7aa5fa5edddc1ff66_0.json	549	110.8176498413086
3	772	313875fa	c_313875faf97970ce249bbb61ba9a65c9e270c1fc_0.json	550	110.81620025634766
3	101	28bde072	c_28bde0726d83be7f70ca4586abee6f536bfc8885_0.json	551	110.81060791015625
3	907	47ac6bd5	c_47ac6bd51e63b0cbfef2e431a94193433d15077a_0.json	552	110.80715942382812
3	575	93ecc24a	c_93ecc24ae85d5db13e640ff8c7c50aa11827412f_0.json	553	110.80290985107422
3	289	3117c104	c_3117c1049587534aaba37d2448f4aabeed24bf6d_0.json	554	110.79545593261719
3	825	833680a5	c_833680a543eeae627a0e93684355e881c789c80a_0.json	555	110.7938003540039
3	699	db53194c	c_db53194c64e2b3d0258f3ec8aa1799f499b4fced_0.json	556	110.78298950195312
3	1118	95a9ccc7	c_95a9ccc779a8c039deee4e5ddec6df411c2e3cc9_0.json	557	110.7742919921875
3	1069	24cbdbdf	c_24cbdbdfcf3eab994dd202d60c30f094adc3617d_0.json	558	110.74474334716797
3	621	315ab606	c_315ab606b14b830668b2d69f99d8b90132d89919_0.json	559	110.71690368652344
3	1135	1881327c	c_1881327cb59333b36cf86bd67ed3998277cab410_0.json	560	110.7087173461914
3	693	81c9937f	c_81c9937f244120b7505eb50bd659dbca42b2d69b_0.json	561	110.69290924072266
3	724	cc737528	c_cc737528660b99e71865096e3cd0c4c4a2b3871e_0.json	562	110.64364624023438
3	432	cf3fc536	c_cf3fc5368b701f6b5c55bce9654c5611cd23630a_0.json	563	110.63911437988281
3	434	7fc6b412	c_7fc6b412900a2930b838a6b8bdd9eb0cc729011d_0.json	564	110.63911437988281
3	115	53fb8522	c_53fb8522b402a409139175cbf867afa924e549f5_0.json	565	110.61576843261719
3	277	05fce93c	c_05fce93ce799a3fa402c269ed04ca32ec957d665_0.json	566	110.61209869384766
3	380	564e5ac9	c_564e5ac9f0d97e81cf9155c2424a73ddb893300d_0.json	567	110.60260772705078
3	346	ab3a4307	c_ab3a43073a3e89f1e6b41c6e866ebe2aaad1bbde_0.json	568	110.6011962890625
3	544	08de8966	c_08de89666b6636e04a5f2b5557a18988aedf4a1d_0.json	569	110.60100555419922
3	1190	d080adc8	c_d080adc8815f3d737bc70d8bd298b6d587d6e3ee_0.json	570	110.57124328613281
3	154	31ecb176	c_31ecb17672163ace64c43a16caf8ba1c10f0fff2_0.json	571	110.56234741210938
3	743	bbeebd3e	c_bbeebd3e3c67ba9c2d62627d5ccdca8f679eb2c8_0.json	572	110.5613784790039
3	592	7a324d69	c_7a324d69d159c0e5f37b46b4f49017832df2315a_0.json	573	110.55685424804688
3	345	2698b020	c_2698b02012437540c9fba7b15c3a9a179fd92895_0.json	574	110.54463195800781
3	1214	4becc49b	c_4becc49b72b58e25270896c1e37bfb5e08ba8a20_0.json	575	110.5433120727539
3	1276	c6c88596	c_c6c8859648b9dda9eee7f7c00850b1f8be0599c7_0.json	576	110.5162124633789
3	1021	6d12ad79	c_6d12ad79c2c22f28eb63038ac38de177d1624efd_0.json	577	110.50723266601562
3	1198	86c60e65	c_86c60e6541dea54154d8458bc9693edaac16c5a8_0.json	578	110.48550415039062
3	952	e4670a72	c_e4670a7278fcc4537d4b114defc9a3bd7e9712df_0.json	579	110.48455810546875
3	912	cab3bf23	c_cab3bf23a4a0f0811a74543d767fd4773d4d086d_0.json	580	110.47249603271484
3	1003	9077a58a	c_9077a58a1325a4e5e610c13849b3509e8cd88111_0.json	581	110.46768951416016
3	901	661d2118	c_661d2118f816bf5c75cd30b4ec7645cf97ec27cc_0.json	582	110.45189666748047
3	950	f3799670	c_f3799670b3a73c9d284bd31fc9536976d4912d90_0.json	583	110.44123840332031
3	454	c7901c4d	c_c7901c4d38fc495f2801edbe305058eb8aaa66fb_0.json	584	110.44094848632812
3	452	655cf2a1	c_655cf2a168772421e7bc6ac1f9583eaecb9fe6e0_0.json	585	110.44094848632812
3	919	19a2de74	c_19a2de74781e0b351d08f2b3ce606471f1953cd6_0.json	586	110.4389877319336
3	1123	5df4c4e9	c_5df4c4e9441d5763941221463794154bc3bd660c_0.json	587	110.41476440429688
3	1155	96b8a662	c_96b8a662cc1fe5b4834e21fb38de93ee9e6b78e2_0.json	588	110.40786743164062
3	695	d5daa45d	c_d5daa45d6fd13867bca1e7dfe8c027436ae0d92f_0.json	589	110.38732147216797
3	496	133e5b95	c_133e5b9545d91acddf861c03d42b6dcf6bc5d68c_0.json	590	110.37806701660156
3	1151	1ab4fdaf	c_1ab4fdaf1109ff4d738704d2031d835cbea2922b_0.json	591	110.37202453613281
3	884	a2339308	c_a2339308550f549c70df5978235dce8242313229_0.json	592	110.36512756347656
3	210	c3617ede	c_c3617edebe4687842c70f84a3c16e8ab021fe630_0.json	593	110.3597640991211
3	1222	1daa2fba	c_1daa2fba4ca73d2c341c60b7b59b21c459684490_0.json	594	110.35633087158203
3	868	14d9761c	c_14d9761c9a8e36ee48caf0d44a9fec7055a233d9_0.json	595	110.35408782958984
3	924	daab1d9a	c_daab1d9afb9e7cbb446bcbe79415c2155a642129_0.json	596	110.350830078125
3	605	5d75ddcb	c_5d75ddcbe4b3e38aa00b87cdf9ecc760cc9f4c9e_0.json	597	110.3403549194336
3	681	f93ee97f	c_f93ee97f1ccd0c8155efe63b27048494439bb415_0.json	598	110.33285522460938
3	1243	953eab22	c_953eab22634e3bd019ef33813769873aa9758c72_0.json	599	110.32098388671875
3	719	329b50c8	c_329b50c86796b277dec4188e46675968e79cd071_0.json	600	110.31854248046875
3	94	675d62a5	c_675d62a5cb4e70be56f410353957b0baaa633da2_0.json	601	110.31664276123047
3	1024	4b60bfeb	c_4b60bfebc7c5a9e947630d99cb9996002a3ccd0e_0.json	602	110.31074523925781
3	946	a2966ff7	c_a2966ff7fe76cbabadf54766f576e3a66244ffe5_0.json	603	110.30162048339844
3	920	bd17ded7	c_bd17ded7413e34fa26b8acb0ef37456408189de2_0.json	604	110.30068969726562
3	1218	8ab0ef8e	c_8ab0ef8ea60426e0ec6fd8957ceafa6657ee9060_0.json	605	110.29827880859375
3	1237	ec6eafb5	c_ec6eafb55ade5bc45c8c56c63ef94d25ac2d462e_0.json	606	110.29364776611328
3	186	6549fc59	c_6549fc599792309be2eb45588ed7deed908902b2_0.json	607	110.29348754882812
3	842	e05e352f	c_e05e352f53245160fe761b88665f11f67cef9d43_0.json	608	110.2665786743164
3	1252	97a0dea0	c_97a0dea07262f2855a2148a7898a15d3ab424f77_0.json	609	110.26414489746094
3	390	8fababd7	c_8fababd72c60e25b6a1751f78e04700418da95f3_0.json	610	110.25385284423828
3	1108	43603cc1	c_43603cc1d5617553697539a8219ed674dee1b9bc_0.json	611	110.24659729003906
3	800	47aa3dd4	c_47aa3dd4318bb9812b22e8fccb457d86f2679099_0.json	612	110.24150085449219
3	802	e1d8adbf	c_e1d8adbff1b6eb0be7099cf18623f5f8f51d48a9_0.json	613	110.24150085449219
3	246	03de57bc	c_03de57bccddc652696b0dbd69731368c54d0a297_0.json	614	110.23614501953125
3	887	da8022ea	c_da8022ea2a59d9d75e71e2867aa76a11f30b2ff8_0.json	615	110.21659088134766
3	165	bddad95e	c_bddad95e819c264eb6f2b6bc993801048825e60a_0.json	616	110.19039916992188
3	539	0e114114	c_0e114114d330caaf6a56e63ab4d8a3ee1ba3e350_0.json	617	110.18954467773438
3	388	c4db6f21	c_c4db6f21552297afdc452b375f3603bb11db0018_0.json	618	110.18484497070312
3	1107	e602790d	c_e602790de2c22593576fd1ec88202e8e820a7a4e_0.json	619	110.18136596679688
3	422	1e4bf4ef	c_1e4bf4ef7a2172ca760bf5489d07e3cb9bea8862_0.json	620	110.17071533203125
3	423	a5504ae4	c_a5504ae4c6cd3fa568bde91cf3a14b08eecea19c_0.json	621	110.17071533203125
3	405	cab48ae6	c_cab48ae6d89051806a8b1b7816c22d4adc153404_0.json	622	110.16761016845703
3	860	87b62f9e	c_87b62f9e91adc14936eb35a11bedf1a2cf5173e7_0.json	623	110.16596984863281
3	820	de173f36	c_de173f3660c276621f355a40040cd183f7e0dc76_0.json	624	110.14390563964844
3	387	7fd884e4	c_7fd884e4f7b0f02942fd425080e50f24fd6dfdfa_0.json	625	110.13296508789062
3	1201	00f9e217	c_00f9e217060023e5c73f8364dbeb6860cbda2152_0.json	626	110.11510467529297
3	96	e1961745	c_e1961745ea5209c66990f76ba94bf8cd02b77387_0.json	627	110.10323333740234
3	352	8774a3fb	c_8774a3fbf5ce4c7f51d513c30e9cebc949b311a4_0.json	628	110.10057830810547
3	968	cc7524cc	c_cc7524cc1c0e9ab1cac6efb84c394a02d79bcecb_0.json	629	110.09882354736328
3	696	637ea1ca	c_637ea1cabd079e33fbea2e0dbee112ed08e8363e_0.json	630	110.08636474609375
3	1022	d19514a4	c_d19514a4efb6068c96d005185b009b7c243dbb9b_0.json	631	110.07977294921875
3	1064	a0e8d5db	c_a0e8d5dbfefde7d9969fb4f5c5f4b648fe3e13eb_0.json	632	110.07894897460938
3	450	a74ef597	c_a74ef5970e79fe07479dff605a1f0da9ec595654_0.json	633	110.07621002197266
3	86	2ebd69ac	c_2ebd69ace5ee7a255f04d8ee364ba0f6cf834f7a_0.json	634	110.0664291381836
3	690	332a9e2a	c_332a9e2adffa0c2265494d40a688462177a2174e_0.json	635	110.06233215332031
3	175	67942a58	c_67942a586ad1e6e5a39dae40115e47d3224df837_0.json	636	110.03013610839844
3	671	f6c2494d	c_f6c2494d91f3fb76983a35a50c6ac84822440884_0.json	637	110.02318572998047
3	48	2aa64845	c_2aa648459c1ecc29603f1917f5f91be686d764d0_0.json	638	110.01216125488281
3	892	0ac36ba6	c_0ac36ba6864a16af24e683e55227962a102f50e0_0.json	639	110.01105499267578
3	1029	a877f25e	c_a877f25e4b75a0e73cd572ef9e9cbc5375f6d70e_0.json	640	110.01023864746094
3	1083	6839a5d7	c_6839a5d715b833d135e21e0d28d7239d8e199534_0.json	641	109.99227142333984
3	665	645c6ab7	c_645c6ab7148315083911d54d8f6b19589f3a5a86_0.json	642	109.98439025878906
3	669	5bc805d2	c_5bc805d25e3f37c833cfb80324e7f82423c2d242_0.json	643	109.98439025878906
3	589	5a815e68	c_5a815e68f909f9215da4f9d7b3d043b950390136_0.json	644	109.97752380371094
3	138	69e3ed44	c_69e3ed44510efa3f31c52b82171884db82c7f59c_0.json	645	109.94229125976562
3	443	9109f375	c_9109f37529ccc6595701c42a449ccc1a31415979_0.json	646	109.93002319335938
3	652	df7c73a5	c_df7c73a56fe5decaa5f2f79207000d6bac36247d_0.json	647	109.92884063720703
3	651	bfec7201	c_bfec7201df594c07e8b1c38d50e9f1d742dd9366_0.json	648	109.92884063720703
3	357	f86494d0	c_f86494d04c66f11885ec64f8ba424f3cfb729684_0.json	649	109.92729187011719
3	1176	2f58c932	c_2f58c932645751a53835110ef2bf5a90fc652ef3_0.json	650	109.92427825927734
3	1228	5bdafdc0	c_5bdafdc05628efcca7384bcd384be264dc9dcb23_0.json	651	109.89002990722656
3	702	c89a8b78	c_c89a8b7838f362ebbd315f096b1ff0c419a22d00_0.json	652	109.88202667236328
3	392	ed98c9e3	c_ed98c9e3c47b12f6f457f4af6fd2546e53f68284_0.json	653	109.87275695800781
3	38	418a239a	c_418a239a360683f065ea18fb4d1cb8d40c646c8e_0.json	654	109.87117004394531
3	220	d6a487cb	c_d6a487cb81c9635787d188d124f42d9256173658_0.json	655	109.87077331542969
3	691	acdaaa9e	c_acdaaa9e0eb683b9c3d1de2ad7f91581df867589_0.json	656	109.86995697021484
3	1030	cb65c769	c_cb65c7691fc5dc710f9b482cb6de63d0bf2a5d0b_0.json	657	109.8480453491211
3	666	83dc2d19	c_83dc2d194139a8bbc82e61e6d807ff9b2956f26c_0.json	658	109.8447265625
3	1125	cf31515d	c_cf31515dd9ebfa79e414228e3b2e9dba652e1487_0.json	659	109.8276596069336
3	177	f4441ecc	c_f4441ecc7f881fda71a979f616f525823b23b16e_0.json	660	109.82192993164062
3	337	c548e26a	c_c548e26ab40cd13d940de131a8a8f1dc8bbb7705_0.json	661	109.80825805664062
3	664	59b6f7fd	c_59b6f7fd7b6ca21e67b4ddef0b81f017b8df3ef6_0.json	662	109.8063735961914
3	467	75eabfa2	c_75eabfa2949a9cb78b94316cc90a20046d3fc2f6_0.json	663	109.79188537597656
3	1145	8d6fa487	c_8d6fa487db65fc9b3610784da9627356ef1eb16c_0.json	664	109.78462982177734
3	758	c77d91b6	c_c77d91b699aca5e6c92143e9cf088aa1f1598d43_0.json	665	109.77259826660156
3	799	b7d896ff	c_b7d896ff3c309eb44ffc4bf853da7d3a34e9ee68_0.json	666	109.76337432861328
3	139	fbd795bb	c_fbd795bbbe05709b4164e2c5ec4731990091f5f2_0.json	667	109.75585174560547
3	1225	6631d1b3	c_6631d1b3a793f6102c3bbb55d6b47a3f7657aced_0.json	668	109.7417984008789
3	128	2337bfa8	c_2337bfa822930d8f7ee96ee33f8e714e1f94dd8c_0.json	669	109.72706604003906
3	324	2dbc3377	c_2dbc33770a501656e913f745915514909ad121ea_0.json	670	109.72592163085938
3	323	6a4ce69e	c_6a4ce69e82532accf945e899cad5c0d0689f5029_0.json	671	109.72592163085938
3	697	5c7fb35c	c_5c7fb35cbb59693c1246afbb2b7e41b9e8a2d71e_0.json	672	109.71771240234375
3	400	7e506722	c_7e5067227705dce9b620287245886403deceb825_0.json	673	109.71601867675781
3	560	9116c9d4	c_9116c9d4743f51af6669cd205d51d7f29fd64c15_0.json	674	109.70957946777344
3	572	d06026f7	c_d06026f73b52bafc7cc1a44ae86e5405d97f8350_0.json	675	109.70805358886719
3	239	396725d2	c_396725d28661a520ca7564346a547d98bdbd75b4_0.json	676	109.69265747070312
3	962	34a2e5b9	c_34a2e5b92b45443357d3bdc48db669c43b3e9012_0.json	677	109.67733764648438
3	607	e4b7bf33	c_e4b7bf335d1c14b99dca66a5f1fd2e6790dc199a_0.json	678	109.65299987792969
3	1071	647cb683	c_647cb683bf03067f82719cf74190f741270fcb87_0.json	679	109.63278198242188
3	416	023d8bd4	c_023d8bd40ce8dfec4899cd4e42fb374bd9143dc2_0.json	680	109.6324691772461
3	418	ae567e9a	c_ae567e9af04dd41aa704b6ffb8909763fce95096_0.json	681	109.6324691772461
3	1211	b5800973	c_b5800973de79de9a1534d50bc5c7e49d17cc11de_0.json	682	109.60918426513672
3	754	12ef3781	c_12ef3781db78ea97426d808c61407d43c548a70f_0.json	683	109.59693908691406
3	444	f4523c5d	c_f4523c5d254948c573751f8537bf9608da01d044_0.json	684	109.59202575683594
3	162	9b9d0437	c_9b9d04371fadb457e2f9b9d67f643c59d706aedc_0.json	685	109.58551025390625
3	685	232da2ca	c_232da2caadb2eafd22e7b1938fcd9be3e9d7c47a_0.json	686	109.58071899414062
3	1196	a9290a6c	c_a9290a6cc723cb65d7dd6effa5771573cd2484ec_0.json	687	109.55862426757812
3	342	fce46a02	c_fce46a028958c5287a894148cc48b359ac80b32a_0.json	688	109.55439758300781
3	341	fcb529e0	c_fcb529e0f32cc0adde83e057808e5cff9a2a23f1_0.json	689	109.55439758300781
3	1016	69b84875	c_69b84875d4cfe866f94e5fb2d78081d47b8008b2_0.json	690	109.5522232055664
3	624	30fc0eed	c_30fc0eed5f562b3b3e05f6d538e060d9cc324cd6_0.json	691	109.54963684082031
3	214	58077e9d	c_58077e9d135f0285a361a1d89b3767c5ece0095a_0.json	692	109.54833221435547
3	372	b9c9d01e	c_b9c9d01e7673524c6f7ec4f7d0f9c6632bddc7c1_0.json	693	109.54337310791016
3	1012	b4c1f771	c_b4c1f77170940eb1270a35bd6eb1ecc56ac6d6f3_0.json	694	109.51915740966797
3	1013	61bef3f6	c_61bef3f6d09bd4af0d29a9cd4d6552ceefdf36fc_0.json	695	109.51915740966797
3	1011	0ffbca84	c_0ffbca84ed9b068cb2e218b090baed84813ed925_0.json	696	109.51915740966797
3	1112	5ad9622c	c_5ad9622c4db7c43ca936580296cfdc6146a28ca7_0.json	697	109.46768188476562
3	1102	b0cfd438	c_b0cfd4388bc250f1e263c55485c5596cea404ceb_0.json	698	109.46768188476562
3	72	c733a7f1	c_c733a7f1e744121343da2851df27b581aab79e68_0.json	699	109.46128845214844
3	1090	bc188e37	c_bc188e375c79e519e2cac989fbebfed46c9a3386_0.json	700	109.45512390136719
3	1087	06cc19bc	c_06cc19bc7bf762836d625c75e63ec336723a2d0b_0.json	701	109.45512390136719
3	1258	e3be8a68	c_e3be8a68ea16b4e02c6aa7eee401cb5d9a6776b2_0.json	702	109.45426940917969
3	1081	cd610520	c_cd610520c64daa3e817abb053739d41c63b0375b_0.json	703	109.4532241821289
3	129	766dc878	c_766dc878e14644301483f3ecff8b5af8579e5b86_0.json	704	109.43728637695312
3	126	f0929aca	c_f0929aca5a75fa6de54507e400d168a86e42b77a_0.json	705	109.43728637695312
3	1049	ad9a43ff	c_ad9a43ff235cd00f94ebce43fddb0d95262a0eb0_0.json	706	109.42855834960938
3	570	a1241f0c	c_a1241f0c3091e7ad4eba1d2d36ec32a3526b6fef_0.json	707	109.42822265625
3	571	245cb785	c_245cb785683511da8f845452647269a0640ecdcb_0.json	708	109.42822265625
3	459	f8dd584a	c_f8dd584a0785d01bef87239d342615cfaf7c340e_0.json	709	109.42557525634766
3	1212	3701cafc	c_3701cafc3b21da34cf6c7e5268d20d21905549fd_0.json	710	109.41157531738281
3	672	56c9e8fd	c_56c9e8fdc1498456715ffc7d1f98f9ee87870544_0.json	711	109.41146087646484
3	131	ea95d70f	c_ea95d70f86d6574b302faedfeacbf4ad2f0ae1af_0.json	712	109.40159606933594
3	67	b1c63946	c_b1c6394636f9fc534c5f81157be8802749e039db_0.json	713	109.39735412597656
3	640	981f3e1b	c_981f3e1bc5a2e7fd7abc2970e01200ace83b8c2d_0.json	714	109.37713623046875
3	195	1b156152	c_1b156152652c29efb564de3e71bf1ba878a7177b_0.json	715	109.37383270263672
3	368	f0650ba8	c_f0650ba80825c50c3c1b27e64a94b3d21cea452c_0.json	716	109.36809539794922
3	794	88f44d87	c_88f44d87d4c2251d7cf55d9aa9c3452a397ae19b_0.json	717	109.36392211914062
3	481	355d9bd0	c_355d9bd0986e43ff84dabdc520ee9fa471559b09_0.json	718	109.34358978271484
3	97	4fdbd54e	c_4fdbd54e9e5c5d3cb5ce539f48ba6f1019decdab_0.json	719	109.31721496582031
3	645	1ea7bcc2	c_1ea7bcc27418ef7daa508116e27ebbd7ebc20485_0.json	720	109.31282043457031
3	593	06688d5d	c_06688d5d517096b8f24a0d79b3acf8e517d33027_0.json	721	109.31007385253906
3	519	4984d59a	c_4984d59ae271383f9bbc64c13a32bc5bca90d01e_0.json	722	109.30864715576172
3	222	34a8adf9	c_34a8adf9c4b5e757f82011a5657a779c03cb133b_0.json	723	109.30167388916016
3	1065	a4c91739	c_a4c91739eff103d2982fced95a9e50f7754fba51_0.json	724	109.29352569580078
3	548	f1332ae0	c_f1332ae019103968e839eb185bc9a8cb49c64f53_0.json	725	109.293212890625
3	141	b471a042	c_b471a0424503f6dd1a873ecb5ab1041706ca64e6_0.json	726	109.28937530517578
3	435	14cab3ee	c_14cab3ee87d22d7f7c5be6b9e7e41fdba67c6b64_0.json	727	109.28665161132812
3	927	0e004c9f	c_0e004c9f04b83b1793f623c0905135dba97f1129_0.json	728	109.27076721191406
3	283	337feca4	c_337feca4a10581197656d497b94cde602c1b16a7_0.json	729	109.2665023803711
3	1229	0583b3a5	c_0583b3a55de91d9c7f816233dca8690393f5e698_0.json	730	109.26315307617188
3	367	11cec4de	c_11cec4de94b8de50670e4b0be2d8d5d1e4d6b1f7_0.json	731	109.26033020019531
3	803	9cd4151a	c_9cd4151a2faebddb065a2b4424584a4cd1279abf_0.json	732	109.25276184082031
3	46	dfec1506	c_dfec1506370306b6e6ddc7560f883c7f4d39dee9_0.json	733	109.25096893310547
3	344	85f4bafb	c_85f4bafb73b876a58919164cb4926b633e69725c_0.json	734	109.22369384765625
3	343	dc65cc04	c_dc65cc043479dd03dad878b22a9e5864e2e53bd7_0.json	735	109.22369384765625
3	660	1b8b422a	c_1b8b422a5fba1a37d789fe1a6b9173e7cc44fbb0_0.json	736	109.20677947998047
3	232	034319b8	c_034319b89d307b778f5ae3787ea4425b20a3064b_0.json	737	109.19171905517578
3	674	25bb40ce	c_25bb40ce607b2f70ed36a25bdfbf18d25ed0efea_0.json	738	109.17805480957031
3	899	90884672	c_90884672d9f1fcfc41770834b6ae0adb7818c353_0.json	739	109.1695785522461
3	979	fedd4b0f	c_fedd4b0f26f58859c692bdf1aedd933e9eb8a992_0.json	740	109.16062927246094
3	1194	b6744c72	c_b6744c7254843a20c3be9072fb4b6779b1a28e0a_0.json	741	109.15245819091797
3	394	eb7924e8	c_eb7924e8edb2f172ea9109a1a83539a6616332a3_0.json	742	109.13735961914062
3	1134	11f78112	c_11f78112961d71b2123ffd8aebb650671f1989a9_0.json	743	109.13582611083984
3	406	a94ce41b	c_a94ce41b8d651e61da14340867ca16d00363bcaa_0.json	744	109.12313842773438
3	395	7ccce015	c_7ccce0155166d4b174c10e29557a9e1f3385ca3c_0.json	745	109.12313842773438
3	117	bf355caa	c_bf355caa0821e58968df3bf6c12f612639224e47_0.json	746	109.11231994628906
3	746	16b961f0	c_16b961f0e32205114b2df255a3b0fd5955c21cdd_0.json	747	109.10890197753906
3	599	43ca226d	c_43ca226d94361812e29372fde30ab191d929e1b2_0.json	748	109.06507873535156
3	716	6751d13d	c_6751d13d4e0da1af79b05937ad738728ba031f70_0.json	749	109.06021118164062
3	1025	10af6d3a	c_10af6d3a3e816f9717c112e97a912fef9a4eeadd_0.json	750	109.06008911132812
3	828	f0af8c1f	c_f0af8c1f950e19813272e7b32c664026937fdece_0.json	751	109.05938720703125
3	879	85d1f498	c_85d1f498eaa799868e5d3dd22eca5278083ee392_0.json	752	109.04740905761719
3	883	b342798a	c_b342798a24693735d734b25896191a768ccca16f_0.json	753	109.04740905761719
3	421	2a4f66b4	c_2a4f66b427ac723b319ffca4582606b6d2387b5e_0.json	754	109.04458618164062
3	661	84a89201	c_84a892017bebafe92a21d4394ab9070907dbec26_0.json	755	109.02388000488281
3	437	f85d4350	c_f85d435005f7c68872047b6de2f9636c40a94cfb_0.json	756	109.01216888427734
3	840	ea0b0cd8	c_ea0b0cd85d0f0eb769923e618660f19e1f19e677_0.json	757	109.00254821777344
3	944	2f26e6a6	c_2f26e6a6fdce400cf910a47c4903561c62200c0c_0.json	758	108.9837646484375
3	1205	b19cd2c7	c_b19cd2c74b1af18df1cc32a09b152851ed7a559a_0.json	759	108.98123168945312
3	64	28ff1a96	c_28ff1a967d2b047813feb525d656ce3c81d389fc_0.json	760	108.97879028320312
3	351	4b7f0969	c_4b7f096977cb48b716c7e0cc0ab66025c313f94b_0.json	761	108.97437286376953
3	383	5fba9aba	c_5fba9abafee7c4726ddbbcd2ecf382f3fe8a2c21_0.json	762	108.96922302246094
3	616	b716a3e0	c_b716a3e013bd92488fe8d55a6533fce743a053e3_0.json	763	108.96653747558594
3	217	a7ba5c43	c_a7ba5c4399c0ffc8e171f494543d44bc3f7261e4_0.json	764	108.9622802734375
3	82	4c7bf29c	c_4c7bf29c2211db059e79ce2aaa5209933f7aefd9_0.json	765	108.95498657226562
3	254	5907813d	c_5907813d3b20d8906d29eb4a469288b41861d1d0_0.json	766	108.95068359375
3	410	46314962	c_463149627ae31d4526b566fc016438944689c8bd_0.json	767	108.9134292602539
3	308	e469afcf	c_e469afcf583230755db79329fe598f75d1ff4295_0.json	768	108.91239166259766
3	543	8ad49f2e	c_8ad49f2edcdf0526dcfb0fb5a7f63b903b36c58f_0.json	769	108.9081039428711
3	731	3db76ba0	c_3db76ba07842c23b494f2414071b7c37eeaa4f51_0.json	770	108.90166473388672
3	1104	342bebef	c_342bebef3eba923e593fbfdc1e39e6fdb48341bf_0.json	771	108.8767318725586
3	506	9cdd59a6	c_9cdd59a638c4be2ccd9b05ad14403ec0fdfe0b33_0.json	772	108.8695068359375
3	588	bd9c2d6b	c_bd9c2d6b633f47150f050aa11c285542b46cecc5_0.json	773	108.84098815917969
3	792	535bce5c	c_535bce5c73eff59f08082368da143de385e9508e_0.json	774	108.83934020996094
3	291	33ac88ae	c_33ac88ae6c21997ed57adace740aba186373e707_0.json	775	108.83609771728516
3	349	3e43d92c	c_3e43d92c39f919ea0b0dd4d14b7bf4378588262e_0.json	776	108.82266235351562
3	1161	916ee4d0	c_916ee4d05fcfc7545556b862bc3079aa68bfb7ef_0.json	777	108.80641174316406
3	132	2fa02ba6	c_2fa02ba6dff24df440ecf03baaf05bdc26e34596_0.json	778	108.80171966552734
3	118	b37ff33b	c_b37ff33bbc7885f21a208bee4f42126468f55d41_0.json	779	108.79527282714844
3	679	5c6c9b01	c_5c6c9b01d800608538ff92ef51f8aa46fa77a364_0.json	780	108.79337310791016
3	917	d1ff4dd9	c_d1ff4dd9d3a29b0f091fec2b420c8373b3911420_0.json	781	108.79318237304688
3	196	69afdff1	c_69afdff1fac0fc4a472a0b04d5bc01df49a427c5_0.json	782	108.78617858886719
3	619	44c6e572	c_44c6e572fd9e89fa6fc6e834d3d71af68003484d_0.json	783	108.78182983398438
3	471	1fe66196	c_1fe66196eb029b9e54afd42e8a2be7d09e38f9df_0.json	784	108.760498046875
3	237	15212e8d	c_15212e8d7438bd862574c652e0419879d8b720c4_0.json	785	108.73514556884766
3	999	ce457af9	c_ce457af97a4bbe04e3edae8d44f594153044ff68_0.json	786	108.73028564453125
3	458	f9866ee1	c_f9866ee1521073b2cfef4800f42fca424725da6e_0.json	787	108.71290588378906
3	297	8683a0ad	c_8683a0ad41cf4faa364e56a499939dd170cc25f3_0.json	788	108.70474243164062
3	606	2dac9663	c_2dac9663a86a82a47fa7e5d6fa5de1b209f00988_0.json	789	108.69413757324219
3	245	da637574	c_da637574c4bccc5d5bab3eb2fd4a09e318e35e74_0.json	790	108.68831634521484
3	455	e8c1b530	c_e8c1b5308707d31a2a6500e5155148a15fba53cf_0.json	791	108.68289184570312
3	648	cddd7a78	c_cddd7a78155e0034ec575700173176f50f73f151_0.json	792	108.67796325683594
3	726	03a1e41c	c_03a1e41cafd9bd0d386e10deb7c199b5bb848b95_0.json	793	108.67002868652344
3	314	9cddb7a9	c_9cddb7a9435f92c2be682af0157ab51e2061e23f_0.json	794	108.66343688964844
3	241	aa51274e	c_aa51274e25103f7c38a9a00020655528e0e92df4_0.json	795	108.65989685058594
3	1186	32ebbdaa	c_32ebbdaa76639088ef7d27dd6df8c609dcb4141d_0.json	796	108.64872741699219
3	1018	7a27bc22	c_7a27bc22bb530765b187d2835b463f0df194cbd8_0.json	797	108.62804412841797
3	914	17d64466	c_17d644662ac06dd31de0391cbefc4da1dc126453_0.json	798	108.62629699707031
3	663	83388674	c_833886744101ab8ded5907759b98d8a2bb262f55_0.json	799	108.61528015136719
3	229	7c902345	c_7c9023453e8801f2d4a0aa44db9ccbf3347afb6a_0.json	800	108.57569122314453
3	985	2f044913	c_2f044913c2fa47640a392db82bc82577065dabf0_0.json	801	108.56160736083984
3	1026	36634634	c_36634634fcce49cdb6b139fa8a72471a0033e8f5_0.json	802	108.56133270263672
3	1226	b6da866b	c_b6da866bd0b7e06ae3cc3739f3fd3d04fbe2d726_0.json	803	108.56126403808594
3	983	5783b26c	c_5783b26ce46e6feabfcc3befea25e0f0fd684803_0.json	804	108.5536880493164
3	1002	c4a00322	c_c4a00322e562be3a53b93638b8ea9640a7c27806_0.json	805	108.5417709350586
3	638	a03f33c5	c_a03f33c55f632d9299a921f10f615576af7b8b52_0.json	806	108.52181243896484
3	617	d1e958b5	c_d1e958b5bfd00556f1d5c52353308f33886d7c8b_0.json	807	108.50798034667969
3	1188	7cd54640	c_7cd54640a8b75f3254cb86b28f1488472abda5d1_0.json	808	108.50184631347656
3	116	f0b28a96	c_f0b28a96644b3dc22c997a05975de335dfed0418_0.json	809	108.49451446533203
3	994	df554c68	c_df554c687f5d4ecc29c029beec5926c290bffe1e_0.json	810	108.49121856689453
3	1067	dea828df	c_dea828df2e34710556f300cf3a5a509f23af7767_0.json	811	108.47576904296875
3	491	414ba9b0	c_414ba9b0424cc66c99478a69c526364a5e04c54e_0.json	812	108.47045135498047
3	169	c3a73d02	c_c3a73d02ac74b9f0011b2fb8c5f4a764344a60ce_0.json	813	108.46546936035156
3	1010	e0f87c60	c_e0f87c6098fd50b2da20ff09e63658c7ec3acc5d_0.json	814	108.44353485107422
3	366	464981e3	c_464981e31b28415173837a63f886ac23af0be3de_0.json	815	108.42496490478516
3	381	6cada0a4	c_6cada0a47ed675fffe15697968dfef68864b57e7_0.json	816	108.4031982421875
3	448	9eaebbd7	c_9eaebbd79536cd4c1879653e17738c5c79ce1522_0.json	817	108.39990234375
3	451	210bb8a0	c_210bb8a055e898074556c8084512760d5bca9a68_0.json	818	108.39990234375
3	540	35fa9018	c_35fa90187637611dabba08fc547c64fe931bf857_0.json	819	108.39903259277344
3	541	d8953350	c_d89533509a68344b5636cd990f0413ed691009fa_0.json	820	108.39903259277344
3	393	4b3bc70d	c_4b3bc70d07eda380f71995d0613626239f9c8767_0.json	821	108.39627838134766
3	1074	6cbeaf4f	c_6cbeaf4f6b47d19f5f691ce551acd903bb7b6435_0.json	822	108.37248229980469
3	1051	a7f230da	c_a7f230dab8e6fe16cdef6e638e686f12a32d0763_0.json	823	108.36471557617188
3	1115	f0a2158f	c_f0a2158fa6f1e8f1aebd450fc77dae9ec5fcc72d_0.json	824	108.3548583984375
3	404	248ab7ea	c_248ab7eab8e41375acacfe55731188a5a280cd8a_0.json	825	108.3520736694336
3	1272	f583dbc6	c_f583dbc6279a415d9b2b1526d3887693fbf66d51_0.json	826	108.35095977783203
3	1058	f7ef4078	c_f7ef407836a309d11d2384121079dd32a67140da_0.json	827	108.33202362060547
3	966	50b28f8a	c_50b28f8a18b5a18c76f28c87f2cc485219828cc0_0.json	828	108.31172943115234
3	389	cee882b9	c_cee882b97077da5e74c1f5daed90930404fb593d_0.json	829	108.2978286743164
3	280	34f2214b	c_34f2214b57c32e6c4d8d727268c002087b72bdf9_0.json	830	108.29683685302734
3	391	15d6ea2a	c_15d6ea2adef8ade224b6479581eaee7d9acd592a_0.json	831	108.29302978515625
3	1206	5531effd	c_5531effd54b6cfc9e6fa657f50d45035f9c2620d_0.json	832	108.2896728515625
3	288	3cbb1d2b	c_3cbb1d2ba1e9d9406b3786f062653ea5eaa2ac64_0.json	833	108.28923034667969
3	610	a9cc26c0	c_a9cc26c096ddd303a6ffe0159c5e1286bf1ed678_0.json	834	108.28337097167969
3	988	f6f0c9b9	c_f6f0c9b90606b66cf788fe6f887a8941f5db0b92_0.json	835	108.27249145507812
3	1094	dcdc5e40	c_dcdc5e40dac83d33b0aa94473f871d075b2b20a8_0.json	836	108.26860046386719
3	584	2a13a9f6	c_2a13a9f6cc48b329365b9346fd9733c44483934e_0.json	837	108.26477813720703
3	1035	2d052467	c_2d052467a20991cadd167ddf4f927072a217050e_0.json	838	108.2531967163086
3	1036	889dbc81	c_889dbc81b088758e439a50ec8c3f58ccc6ac3ba2_0.json	839	108.2531967163086
3	1231	a7bc045a	c_a7bc045a606f3b5316a43890c567c28025447f2e_0.json	840	108.247802734375
3	894	3745034e	c_3745034e0883a9d0d22fd4eaf70aa4958fce525e_0.json	841	108.236083984375
3	818	8242cd9d	c_8242cd9d2ce15ad8af1de4979917fb0a5e174554_0.json	842	108.22908020019531
3	609	903c5d7f	c_903c5d7fd01668e3df1b9ed7c0da85c154b32da4_0.json	843	108.21977233886719
3	1015	0b389134	c_0b389134b2f71560a077947080c440442998df5e_0.json	844	108.21306610107422
3	518	ab511e55	c_ab511e5576579139951022c2085662904ad85b07_0.json	845	108.18865203857422
3	703	908a8d56	c_908a8d56799c5310577a13c264a01d04d39ab725_0.json	846	108.18087005615234
3	709	02c45238	c_02c45238d808761bbb9ad3636390a9dcf2284abc_0.json	847	108.18087005615234
3	1160	833b26b2	c_833b26b2d36c1edfe12510d1d8686987c54b1135_0.json	848	108.16835021972656
3	203	465645e7	c_465645e7d7891646c82fdcdf35f8256e1af18e72_0.json	849	108.13641357421875
3	1238	82165713	c_8216571353d5ada325eae22c4ebadfd5d4bfffb1_0.json	850	108.09062194824219
3	1208	09b78fd4	c_09b78fd428aef8640695f57f9d73ff8d0a8ab529_0.json	851	108.08027648925781
3	336	a063b79f	c_a063b79f364923a4b98ce66254bf478284c63340_0.json	852	108.0680160522461
3	166	9601f7a3	c_9601f7a3ab3a6d2bc3f5ea9897d4f92bf2afbc63_0.json	853	108.06721496582031
3	248	df106add	c_df106addc3d32b313ea99a854d793bf4f91a2a25_0.json	854	108.06644439697266
3	553	f9e01777	c_f9e01777cb8ae5fdf2d6618cc30f0231f6daf57d_0.json	855	108.06285095214844
3	675	de9e2841	c_de9e2841afb32c09296446a3c483aaff58e07af9_0.json	856	108.03467559814453
3	397	e689bd81	c_e689bd814d3ef2867ee2652e191cb5d58a38eaf3_0.json	857	108.01741790771484
3	1127	2ba4b7fc	c_2ba4b7fce2b800f9f85e6fe3bdb3b8b9ac99d87c_0.json	858	108.01318359375
3	831	b4b5903b	c_b4b5903bb72be8fa5fd059de6d2caeb886ffca52_0.json	859	107.98643493652344
3	204	9550e09f	c_9550e09f842cd71e5c9a5c0fca2777beea5a01d6_0.json	860	107.98155975341797
3	354	d14fb077	c_d14fb0772edb682a1ee97e07c8b2e71bc39e845b_0.json	861	107.97239685058594
3	579	a20ba9fc	c_a20ba9fcac9cc9e8e0bde875d12511046892be2e_0.json	862	107.97151184082031
3	313	04a0e649	c_04a0e64976b24d5bb7e224d731c9a82a67de0c28_0.json	863	107.97098541259766
3	826	efdc0d49	c_efdc0d49fd9315d1fd0c8a8e57b8dd1866526087_0.json	864	107.96717834472656
3	551	92521713	c_925217130ce48bee7ea45c68416e577eaf3bdbb9_0.json	865	107.95922088623047
3	723	cb95653d	c_cb95653d94656635cc1df67ca2a29db79f8767c1_0.json	866	107.94900512695312
3	1072	993292ca	c_993292ca6e0539f8393320b4bfe819dad7553b19_0.json	867	107.90717315673828
3	249	3b88a6b6	c_3b88a6b6d8660195b161252bdb9e2ffb1bb92736_0.json	868	107.90409088134766
3	109	e8dc6035	c_e8dc60358d2ebd71948ba261cb66146695871304_0.json	869	107.8741455078125
3	1178	b85ddf03	c_b85ddf03612c6fe36b27c3985ee54675d91c5a7d_0.json	870	107.87049865722656
3	199	c9215cd4	c_c9215cd43e88def51cffd92df78441202f7bdeac_0.json	871	107.85272216796875
3	710	63ff5478	c_63ff54788d3d5680517343aedd12bf3ded0d73ec_0.json	872	107.84894561767578
3	420	113b3222	c_113b322245d97a5a6d9800504e2234132dc171a4_0.json	873	107.83195495605469
3	98	cad98816	c_cad988161f95e549ba352037223574a90a5a255a_0.json	874	107.80934143066406
3	811	21a81e1f	c_21a81e1f0569f81d7f371ec05c4ea1f263996e7f_0.json	875	107.8023681640625
3	1271	eb5f57e9	c_eb5f57e92a541df6a3528b9437aa9e9943732e57_0.json	876	107.8004150390625
3	1162	a769351d	c_a769351d239c09fbe544d18f489e31a078879a44_0.json	877	107.79613494873047
3	1075	3a92b128	c_3a92b128f484114e4bb2a5dba760afa8c8582483_0.json	878	107.79376220703125
3	84	8be5ba0d	c_8be5ba0d47a94773a40619840fb6381f241757f3_0.json	879	107.76897430419922
3	148	e0a32993	c_e0a32993eb55758e7ed84233ee3ff6572746d13d_0.json	880	107.7590103149414
3	1076	0da9a309	c_0da9a309f3e7bd56643b6793b759a24d33312a14_0.json	881	107.73307037353516
3	47	52a92440	c_52a924401ffedeb1170401e760443e184692cbb1_0.json	882	107.72726440429688
3	284	2b63d014	c_2b63d01455d6428ada8e58fc890738f9cacf761f_0.json	883	107.70787048339844
3	881	2e089cde	c_2e089cdea583170b0c4e0bdf7d9d7865de0d30ee_0.json	884	107.69721221923828
3	150	06c20b18	c_06c20b1814a497cda59d46609ca03bfac20f64f1_0.json	885	107.68772888183594
3	915	ac1f6d59	c_ac1f6d59323fee3e9cd9570fe8416e72933cc767_0.json	886	107.6842269897461
3	1077	10f89071	c_10f89071e905e86bedcb391987db3902021a06dd_0.json	887	107.67049407958984
3	1189	5b5a11e2	c_5b5a11e268dd929a75d42fccc9c70c3782af2bcd_0.json	888	107.66807556152344
3	1239	877e3d8b	c_877e3d8b9f1dcccf94d260667f8db3e1bb2efd98_0.json	889	107.62574768066406
3	49	7555fa2b	c_7555fa2b7e070b2bc50bfc0bd4e18526e3962b1f_0.json	890	107.61651611328125
3	315	4a656d53	c_4a656d537e8277d862340362c3ee6dbcd5a44068_0.json	891	107.60664367675781
3	339	fcbce111	c_fcbce11134843a0290c00c982ab994eced20d087_0.json	892	107.59387969970703
3	778	94deb58a	c_94deb58ab8b9b6ca4d2147e10d36f23834578871_0.json	893	107.57870483398438
3	1053	f190cb5d	c_f190cb5da22c66cdf2662903e9b680e4f45055b8_0.json	894	107.56084442138672
3	1126	152fa8d3	c_152fa8d396164194b0e5a60cc1dc660fedb87c2c_0.json	895	107.51728057861328
3	146	e3ae58e5	c_e3ae58e5bd6af6f68e70ad12561efef5a14807cd_0.json	896	107.51326751708984
3	903	88359d38	c_88359d3849d46751da9c4710cb4ad4c570d68582_0.json	897	107.49910736083984
3	396	0bdb6a4b	c_0bdb6a4bd2e28812c623535b7845f4ac73e83b91_0.json	898	107.4970703125
3	1052	efb9f7b7	c_efb9f7b708f03bf4096e36de088029fe7c6a93f8_0.json	899	107.48926544189453
3	171	f65d4d8e	c_f65d4d8efcbbe6bb19daf0e9bb991ce3d91389a3_0.json	900	107.47430419921875
3	751	7724c8ae	c_7724c8ae5e61153e550a1f0de2e79902256a60b7_0.json	901	107.47239685058594
3	822	e090cd8a	c_e090cd8ab3aee1b6e6ed99ae1aae51bdc811117c_0.json	902	107.47221374511719
3	583	aad21757	c_aad217570dc98b3c09c9170e4b5c27475738d49b_0.json	903	107.46978759765625
3	1141	18470152	c_184701524e5a3ba3903c8c10a35250fa2e9121b7_0.json	904	107.46343994140625
3	557	92396f04	c_92396f04e3477938d2da25289ca64e3a1b54b8fa_0.json	905	107.45375061035156
3	556	b344e458	c_b344e458b3de6680f61cb259a120f7228cdd05cf_0.json	906	107.45375061035156
3	717	3ff53441	c_3ff534413a5cd24438082c49ccc062bc252a6009_0.json	907	107.45116424560547
3	1270	f317a0fc	c_f317a0fc0300cbf2f0b1b3af72853db5406640fd_0.json	908	107.44117736816406
3	363	5bba1ada	c_5bba1ada1108b6c064cf2c0530bc7fd9c947e42f_0.json	909	107.39411926269531
3	465	18aa3010	c_18aa3010e8586b3d7f544aed6e42bdb82d631dc1_0.json	910	107.38949584960938
3	620	ed453eb1	c_ed453eb1f91ce2745689269b2c187789e88031e5_0.json	911	107.38929748535156
3	233	a47332b2	c_a47332b281c5b89c4c3b4cba33ed8040afb092fa_0.json	912	107.37682342529297
3	172	6997ce36	c_6997ce367c941c52774377324197fb0a1896c439_0.json	913	107.3721694946289
3	905	f72fe21f	c_f72fe21f7e7c306d42722456a5eff319155df99e_0.json	914	107.3680191040039
3	1138	478d4a4d	c_478d4a4deb34daee3a35d70666966a46b77fac67_0.json	915	107.36668395996094
3	618	82d58ac0	c_82d58ac067b67ac1d348eca46ba1154e567a3423_0.json	916	107.35778045654297
3	425	a2c12df8	c_a2c12df8cea990f8b3e8207453edbcceeee5c06b_0.json	917	107.35717010498047
3	424	a2ab337e	c_a2ab337eda1965a391fb3b5acaad694c2aecfbbb_0.json	918	107.35717010498047
3	573	2038cee7	c_2038cee7f39c4efa5f555f86d1b2d087fe2bddaa_0.json	919	107.34785461425781
3	356	2955010f	c_2955010ff3c9c89c7ea64e5f607d6747a281e3d9_0.json	920	107.3291015625
3	1266	de29605c	c_de29605c1861d46232829fefba1e0e95beb7d95f_0.json	921	107.28667449951172
3	488	f412e85a	c_f412e85aee296fdfdbbc7f3c40ed11af248c88c9_0.json	922	107.2660903930664
3	1040	cb5bc2d3	c_cb5bc2d35818eaaa91af0e0c76ce16b0454ca2e8_0.json	923	107.2637710571289
3	1203	fd49e635	c_fd49e635599f2343e0b397c1ac491c5c53344e81_0.json	924	107.26338195800781
3	223	c9501b85	c_c9501b85d29db8b5625ae6ad3bd703cc6c97cba7_0.json	925	107.2557144165039
3	9	a63c2038	c_a63c2038a03c7090ce4773d6cf54809150e59350_0.json	926	107.25297546386719
3	377	b113cd62	c_b113cd620fa33e75ae1ccb88a477126f2f450878_0.json	927	107.2515869140625
3	567	3c3610c8	c_3c3610c864dd925b61f01f9f0556f368af16bc11_0.json	928	107.2405014038086
3	569	9b2ee382	c_9b2ee382ddee0d69eefac72243c05f17711da8c1_0.json	929	107.2405014038086
3	626	06be0c0b	c_06be0c0bbcbc1b84f36e443a4509350b7dc1c71e_0.json	930	107.24022674560547
3	1255	6f786881	c_6f78688168a92476e06bbbd0452ce46bcec30ac7_0.json	931	107.23847961425781
3	641	157be1f6	c_157be1f6304108ab64e67cdba10b2ed16c73f497_0.json	932	107.20494079589844
3	442	88040e2f	c_88040e2fa32c3bff2ce18e40a55807a3fca3d2d2_0.json	933	107.20390319824219
3	614	2d332a5c	c_2d332a5c545834d26611b598c668866d5a622bb1_0.json	934	107.19747161865234
3	1269	779a259b	c_779a259bee468f0b75d638bf4aec975642229234_0.json	935	107.19588470458984
3	227	557bcd3d	c_557bcd3d55fa779e40251506d159468bfe96fe04_0.json	936	107.18902587890625
3	1116	1bed6c26	c_1bed6c26e88f889f5ea891b7fe88f74dd56579c8_0.json	937	107.17861938476562
3	1268	9e6ad266	c_9e6ad2669f7e1371663a61bbd4a22bdd0e51c7a9_0.json	938	107.1693115234375
3	85	0804a577	c_0804a577e00e57e9a1b40c6bca835ea772ec2860_0.json	939	107.16612243652344
3	612	fefea298	c_fefea2982da9703a5aa5b55f7353736a0196937a_0.json	940	107.12986755371094
3	163	e5d31900	c_e5d31900983a1e187c1fe5eb737353ddb74909d0_0.json	941	107.12051391601562
3	797	ded6b8a9	c_ded6b8a9bd8ecd923be27ee2e5bf955b8631ca10_0.json	942	107.11238861083984
3	55	a2b59374	c_a2b5937487b29650aeca7de4ef140c5766eb1416_0.json	943	107.10139465332031
3	1000	ad8c3d27	c_ad8c3d2775b47478b12387a16ee6b05a5906e96e_0.json	944	107.10055541992188
3	281	2481fa4b	c_2481fa4b55203e9e8b2fbfddf9b146f720507d8b_0.json	945	107.10038757324219
3	140	19ab5808	c_19ab5808eb8e47662f1d55408fdb186320061f13_0.json	946	107.0866470336914
3	608	ae3cd698	c_ae3cd6981317741354c1bad30c7b38f0fac67f12_0.json	947	107.04739379882812
3	1216	8d358671	c_8d35867149d9053efad9035c9e379e2fe05d5c63_0.json	948	107.02603912353516
3	1253	50a8c416	c_50a8c416286786d216b0fed551e18f9f32f6f52c_0.json	949	107.02275085449219
3	1267	3829949e	c_3829949e6b248e9df27775e78ce30ff4758d6f38_0.json	950	107.02275085449219
3	969	29fab707	c_29fab707154d0fc95ff2c86d31ca33239b1bc4ea_0.json	951	107.01728820800781
3	1199	c34e2136	c_c34e2136a7646a16a85e54cac15da61f8417d551_0.json	952	107.00576782226562
3	1173	6b9266d2	c_6b9266d2f5b1b5e412d7179af1b078124fc4863a_0.json	953	107.00208282470703
3	1172	1b8244e2	c_1b8244e28f75f2ef49fb5ffa8fb69c9c9838f858_0.json	954	107.00208282470703
3	244	e6faa455	c_e6faa455fdc0475c62fe268e7dbd39bfebddffd0_0.json	955	106.99032592773438
3	185	6679caea	c_6679caeac9198802d271f8659017bb63eebd615f_0.json	956	106.987060546875
3	409	d1331302	c_d1331302e8c0bbd0327180071fb977bc8c9be28f_0.json	957	106.98524475097656
3	127	a5cbd79a	c_a5cbd79a1ce977421168c2c8c6697b9cab0dddc4_0.json	958	106.97158813476562
3	777	bba2bad0	c_bba2bad031b33f5fa7b14680917590c7c4b6004c_0.json	959	106.9713134765625
3	581	cfee3704	c_cfee37042c553c0c2ba2b509bd66cfa4f9edb958_0.json	960	106.97042083740234
3	111	29be671c	c_29be671c04f3a90863874234663227dd4568b326_0.json	961	106.94795227050781
3	1202	61251105	c_6125110531d11e019b719c1300ec46bda622c494_0.json	962	106.8809814453125
3	124	7f1b6ef0	c_7f1b6ef010e954afb84cd68bdffec99b3310849f_0.json	963	106.86692810058594
3	1014	9378fba3	c_9378fba3ce5eed10a35028b441b8521bde125b92_0.json	964	106.8659439086914
3	429	bc648577	c_bc6485776be5c45a52e4b07459caf3b9a78c80d3_0.json	965	106.86186218261719
3	174	2dfc03f1	c_2dfc03f18e248fdc7a1ba98f337b0d6ee30ccf5a_0.json	966	106.86039733886719
3	910	cb56363c	c_cb56363cdd550e5fd46f6b3eef2dc09088465f60_0.json	967	106.8551254272461
3	522	a6dc9fbf	c_a6dc9fbf388f9dc79a32b6b672ae446f37a2c950_0.json	968	106.85418701171875
3	545	41a152a0	c_41a152a0bc386b0d56a39a904fddb3fb436e12b8_0.json	969	106.8457260131836
3	827	44ac79f3	c_44ac79f3447cf5816b370ee0ffe57b40af6c1e6f_0.json	970	106.84542083740234
3	316	193522a6	c_193522a6acfb5b77c63eeda1656870289966c63d_0.json	971	106.8246078491211
3	854	6501fca1	c_6501fca161fb47dcad6b196bd4e3d05b03d43e6d_0.json	972	106.81648254394531
3	236	22f5ef2f	c_22f5ef2f088ef8eebecba5a82a62708820f9a666_0.json	973	106.79908752441406
3	1037	6a8b73a0	c_6a8b73a0ab695a15dda17603e9b22d58dc866eb5_0.json	974	106.79067993164062
3	102	ad932edc	c_ad932edca2b142f55a0d6cfb2f83d9681114a76c_0.json	975	106.78972625732422
3	911	c6c00054	c_c6c000543d0f08dec6a0ba8643359d79d16b085b_0.json	976	106.78620147705078
3	53	bb8d4b65	c_bb8d4b65187741fda92c9db366d7e95deaa38f1c_0.json	977	106.7494125366211
3	1132	247a3da8	c_247a3da8b4db8f900cf28c3998f549731b5289c9_0.json	978	106.72867584228516
3	900	262884b7	c_262884b7d35459b8b79cc3e3547eab3a7ef8c131_0.json	979	106.71704864501953
3	1164	e400d162	c_e400d1626e8f4fd9f65920aeab140b5a513c88bf_0.json	980	106.70923614501953
3	279	a73f9e41	c_a73f9e410349a70fe7d024c1305d281a9705a420_0.json	981	106.69561767578125
3	307	cfa2fc15	c_cfa2fc159f4600320816ebefe0629e1273532ae9_0.json	982	106.68628692626953
3	766	42086539	c_4208653900529e610f466970eb4fe892311a931c_0.json	983	106.68238830566406
3	304	d2d04987	c_d2d049874157f04eee73c1d6c7d2f1a011381064_0.json	984	106.68111419677734
3	957	44ef7f86	c_44ef7f8696970a17c75920d1c30ed7075274de02_0.json	985	106.64862060546875
3	170	d0bb3152	c_d0bb3152ceec7c33c700d21454b34700968a526a_0.json	986	106.6371841430664
3	272	21b3805c	c_21b3805ce084371f278d6eb6bf2ebc0882e268cf_0.json	987	106.60667419433594
3	936	de5c417f	c_de5c417f651e4536bf3ddb99f2dab9a6e795552f_0.json	988	106.58712005615234
3	1046	60072eef	c_60072eef0339fb6b7e957d79324d1254232525fd_0.json	989	106.5765380859375
3	299	40e3e903	c_40e3e90378a36aeac2cb5bdd9831d222f3bfb5c3_0.json	990	106.54150390625
3	1210	4759d530	c_4759d530543ba24671bfa100f0ba3bc49722d360_0.json	991	106.53955841064453
3	863	0a42b40d	c_0a42b40d0119cc9309684fdc2ec4b501e8e10246_0.json	992	106.53413391113281
3	1170	8be8fe51	c_8be8fe51d07012c8963c6bde56a9ebf1a41c2599_0.json	993	106.51476287841797
3	563	3499d10a	c_3499d10aada49269db3e922a211eecc40cf746cf_0.json	994	106.50189208984375
3	296	f15ead05	c_f15ead054553fac649275cc83f8d0c1f9776d81a_0.json	995	106.49688720703125
3	295	936b6dfa	c_936b6dfa15ec38540ba58962cae4820ee59383d8_0.json	996	106.49688720703125
3	294	9412b742	c_9412b74202dd593d862c339655bfe332f998b1f7_0.json	997	106.49688720703125
3	761	301e6bc9	c_301e6bc90d3114e21e1bd41def12466d11b0ba78_0.json	998	106.49060821533203
3	402	c11852f2	c_c11852f2f3f0ea1ddc2a1e379d47c6bae23620f6_0.json	999	106.4846420288086
3	269	fc21370e	c_fc21370eefec8210fd2902e3cbbf4ea13210f44c_0.json	1000	106.47785949707031
