843d7b8,c_843d7b8f07f4899ad153ffabc25e09a6c0e897c7_0.json,1,0.2800428930339639
706513d,c_706513d59425e7a9dc6bdb972f25b03b02e48558_0.json,2,0.22658804546105848
0cefc4c,c_0cefc4c212e92e5dccdfa658785c419483317558_0.json,3,0.22024188166511272
a478fe8,c_a478fe86d9dc2833cc7a80d8868a596a081d5d41_0.json,4,0.21839631031622475
ad1be75,c_ad1be7578f5822b29a3b14149f462298d6b5553d_0.json,5,0.20640230887189537
9eca123,c_9eca1233bbf47a63c4109edc340fee400f35a9b6_0.json,6,0.20509066644566698
a62f8f4,c_a62f8f4a7fa90efce1b067642b62ccca3cb36269_0.json,7,0.19997958165754603
53feb3f,c_53feb3fa56af7260e607844524b7e5a9be49ecc1_0.json,8,0.1873709532936182
a8db2e4,c_a8db2e4be27585dad5c3195937a88395f4cb0314_0.json,9,0.18465614879655934
59a25b3,c_59a25b3796bdf8e9f31ae0f2f95abd8cd03e4ec4_0.json,10,0.17626543837442965
2e7de31,c_2e7de31b0fb56e8821ad7e68d15f7e9d7690c6a4_0.json,11,0.17624842518920203
815bcef,c_815bcef8f0a668d8799ed6ade6a00de617974ad0_0.json,12,0.17314478397199395
bf9c099,c_bf9c0997431172e5d0c4d52b218fd92a225ed5ac_0.json,13,0.17134691281295744
7921e43,c_7921e43100636354324712b59fbe1b9e294a04d7_0.json,14,0.16882843422885752
d8649e0,c_d8649e088974f69e47513bffc86be1925e1300ff_0.json,15,0.16816852313477415
a01f36f,c_a01f36f8431f42d8d1dad2d67e256e37f73027eb_0.json,16,0.1675231738063715
6d56b7e,c_6d56b7e65306d748a038fb30bff30cee5e18597d_0.json,17,0.1579064025545096
91e4b34,c_91e4b3452d43ede5b623c362e3424f131557c43b_0.json,18,0.15749521587988635
eb0cac2,c_eb0cac2be7678d8c6b3c2bde3aff15eb4ca982f1_0.json,19,0.15748262420575532
b7c1594,c_b7c1594f3758b3e5b6f9672407a9d06638aadd03_0.json,20,0.15202262601232341
1cfa9b4,c_1cfa9b4c3614b32892701818c6f23bc35bcaaf7a_0.json,21,0.1497853742575883
3ec46ad,c_3ec46adf5021cecfc2a131aa6604496bce9875c4_0.json,22,0.14915540156452067
7f90642,c_7f90642a33fc13ff657d5a875af57807f1c481f5_0.json,23,0.1485039512101236
79b2418,c_79b24183d3e4517e3bceb2c2754758bb0e204410_0.json,24,0.14825156900735215
c6c41b3,c_c6c41b37b28227925bce6a80c8cc5cb3c3c67f0b_0.json,25,0.14800395233304386
c5baa32,c_c5baa321b0bb4696c19486ba405adcb5677f6f71_0.json,26,0.14745369703822786
b68ad15,c_b68ad159537e56f7a996040b3e9d5623af38cb9b_0.json,27,0.14608122757204722
a614269,c_a6142691be6f181f32a2fba00e2faf182cdb1b35_0.json,28,0.14429870837171377
d4414d5,c_d4414d5f8559c6933cd41334a8e230fd7838e7f5_0.json,29,0.1441991039659407
5dd5506,c_5dd55066f00e02606e562f257469bc646cdcaba9_0.json,30,0.14230103879100864
119418f,c_119418fb76680e704e2b076b289620ba4d16459d_0.json,31,0.1408135683185634
7f40c2c,c_7f40c2c885cc3258933223397cc03d8704290120_0.json,32,0.14053164007740526
7fe68f2,c_7fe68f297f7c372b515fde7f0bc8d721ec257ceb_0.json,33,0.14008758354174122
bc0fbec,c_bc0fbec22796ef75f28964efb2fbfc59ed9de516_0.json,34,0.13976920922104918
ba5756d,c_ba5756d2e5f58b0808efdeca4383dbceb9d23075_0.json,35,0.13897423452818036
274097c,c_274097cf4c627cb5ad180a06fb5a8d5533ecbda6_0.json,36,0.13842865535847548
28108d2,c_28108d2dd6ba602f2b3d328045e74a3d2bf2d0a9_0.json,37,0.13744690956590433
8fb9bae,c_8fb9bae65a1ad986cec1a01a90cbbceebc4a5d6e_0.json,38,0.1371995247935176
548b2fb,c_548b2fb362bb0a240b89cb0d036c1068cd68b650_0.json,39,0.13693757802784334
22b3908,c_22b39081c85640ff5add5ed3a8037f4ac00ccb49_0.json,40,0.13520544393731404
ede1a3e,c_ede1a3e7b49c5225c769edb8083a38b90b5f68ef_0.json,41,0.1336085080490158
7bf53f6,c_7bf53f6ad4bc4cf4fef752ef016644bd2a0150fc_0.json,42,0.13209690981228928
c2ea180,c_c2ea180966f5ce849847e56f543be90ee28da737_0.json,43,0.13175391510298262
c41eff1,c_c41eff1e6026a6e0b88ea45edda3e41eecc6ac7b_0.json,44,0.13059753471539104
08552fe,c_08552fe8aa63614fb389469c047a39c20c9079a8_0.json,45,0.12938367813380025
e122575,c_e12257524e216a6673ba1e337f8d97e955af7800_0.json,46,0.12856022450005078
4b8f473,c_4b8f473c9ecffc2df3f66b030806bc313dc10aa2_0.json,47,0.12770608357966362
9f2059f,c_9f2059f03ebbcc03927f9ae9043aaa5b1527839b_0.json,48,0.12678603957150059
605dc59,c_605dc5970c51fc12a5e07640dc7cb2d4035d0023_0.json,49,0.1251568307693398
cd24d5c,c_cd24d5cb2a981ed5af3a3060399a13e010c33a6f_0.json,50,0.1248571886757548
4d6a1ec,c_4d6a1ecf998f3423a7a07ec764cbaad6e451147f_0.json,51,0.12422055745790483
149da40,c_149da40869ba69f56aaa4ddde033221a5d51f840_0.json,52,0.12271614539856612
4f78ec4,c_4f78ec4d836c5aa1a1706eaf9c75a6e5c41d1d16_0.json,53,0.12212373968432644
534cb58,c_534cb58fd7673b3c66b454b43311b22b4bd8d1ab_0.json,54,0.12114599935416126
59c40a7,c_59c40a74e508ee0cd3d8794b7bf4004ae0066ec1_0.json,55,0.1197527222734911
bda299c,c_bda299caae022c7b5e1da84b7cf2245b02e684ad_0.json,56,0.11973941577309355
c421991,c_c4219914d0d77a8cb88574682f14491191a1e243_0.json,57,0.11930163097752466
5218890,c_5218890401cca2f62cb758b4476ad3264f782779_0.json,58,0.11929233175022991
fa85e52,c_fa85e52f102ba75426ebf3bb49533009235ee3e0_0.json,59,0.11906131097352424
bbdf6d4,c_bbdf6d4339078e8f1a0726493770e16284364411_0.json,60,0.11887677752943482
6ad3ae3,c_6ad3ae36ac61c9f72218ea4d8b3e68df5f70cb5a_0.json,61,0.11875048756995532
6e7e7d6,c_6e7e7d68e208f51eb7d8ce9207788736daac2eeb_0.json,62,0.11831652061209508
653e4bb,c_653e4bbf5b7f62b4d8fdfe31ef1395303c5a9f1d_0.json,63,0.11793408256090598
65727d7,c_65727d7eb64c29db1f8f063b57f837da3f4ab98b_0.json,64,0.1175094691193661
c7a581e,c_c7a581e55fc988bd90fa4bb1b0acece5181b7c5f_0.json,65,0.11741674610132091
85432d2,c_85432d2c0b978af76d08b4a73d9c630667149ff0_0.json,67,0.1158986724443305
f2cd3fb,c_f2cd3fb69299be95e23b815e7e323965849155aa_0.json,67,0.1158986724443305
9b01b9e,c_9b01b9e8b42e8f33f02caf91110fe6459e830fcb_0.json,68,0.11511929391017062
35808a6,c_35808a6d6e33fdeb3c6e0472286dfb1215dde09e_0.json,69,0.1147981839235227
1707517,c_1707517294d44202e104305e7b0c6fb12dd1a6dd_0.json,70,0.11469568502993532
e861ef3,c_e861ef34e9d88ccb0a097eec408ee2dd6b24ccea_0.json,71,0.11436715593741553
9309cdc,c_9309cdcc206c9ac737d7a82481fb8dedc612cfa0_0.json,72,0.11434762616997496
a1d6609,c_a1d6609d6f8410829a8f76e1acf5c5981fcf82ad_0.json,73,0.11423020989928012
9bad997,c_9bad997820d36741944e86ba28f6999e074a0a95_0.json,74,0.11284928714369802
ad19bbd,c_ad19bbd57bbe17da2d9bb23ad119b75583ede79a_0.json,75,0.11261984037212458
ce6991c,c_ce6991c2cfb3b666b53c5ad8b5b1f18d0eca9b21_0.json,76,0.11244964874299912
3a99ba6,c_3a99ba6f5aff017053e99634d8191755c64c93ca_0.json,77,0.1120680385713494
6682ab2,c_6682ab2abccb5819ec2e62a1f3f9018945bed9cd_0.json,78,0.11129940487994738
0cd0cca,c_0cd0ccad045c82711aadf3b37c4188655ad552cf_0.json,79,0.11106645717696173
24481f1,c_24481f10ccfe00f1e0e1566c63db861e33085862_0.json,80,0.1106867862362726
b206d0a,c_b206d0a2d8fd75e56af991e4985b7876cbe98aae_0.json,81,0.11064729220290326
7483b2a,c_7483b2a1c8bb83302eca392a76bfc4503f9fd232_0.json,82,0.11037249109839475
46b817a,c_46b817a006e768865b1f0d2896e814dfa2d3244f_0.json,83,0.110106975212108
130676f,c_130676f765d636563f24c1d28718808072cea612_0.json,84,0.10910196780423498
de22e64,c_de22e64ad990c41149af452f1e1ff906c1975efa_0.json,85,0.10884541739549458
642b646,c_642b6466bb2a5adb05b5eea8e547a040e10bffc6_0.json,86,0.10871992520212226
272609b,c_272609b3d34d56a6c6fd3b1b8eaed3bb87682632_0.json,87,0.1084975369386999
31de4ef,c_31de4ef49abf4eedd6a94e32023dcc301fc4aa14_0.json,88,0.10811234613936138
4db6cb0,c_4db6cb0fc688b11f32b52651a683560d92640d80_0.json,89,0.10799544632980262
0e2ca0e,c_0e2ca0e439c9d726fa24dbe589bb8db3354b11e1_0.json,90,0.10753771000579415
21b0b48,c_21b0b48a4fba78b951dee7086975907ce5c6f62a_0.json,91,0.10739583293398891
1e331a2,c_1e331a202589c54e4b19471c37bcd0d21efccb67_0.json,92,0.10734206061897411
9316fce,c_9316fce1b432caa8b56ff6056d916f0a0aaefc1a_0.json,93,0.10732127731276242
73cf859,c_73cf859dd13b3fc550569e2dff75da8cca8ddbfa_0.json,94,0.1063970755650333
88d0750,c_88d0750d0330406af66bd23962613db79c4e9d4e_0.json,95,0.10567456410913356
6f9ef4c,c_6f9ef4c4033655457d3809e6785d45605051d466_0.json,96,0.10561322343050561
60cd3a8,c_60cd3a8f9107cc1e547bdcfd04c34b67c990eea9_0.json,97,0.10533156264399746
cdcbcfe,c_cdcbcfe055d32ad7b44f04d0ae59ceb8cbad2e28_0.json,98,0.10525524871391911
f3f288e,c_f3f288e8ed6c8286d933421502ec8a18b16cb354_0.json,99,0.10502380839722503
f52ae28,c_f52ae28dc5a2c90abea2721d12e03e66ec7e0381_0.json,100,0.1045496236184299
760c575,c_760c57571687c35de383efec30d335510ef99fcc_0.json,101,0.10387151923061566
4e0f9ff,c_4e0f9ff5791f18fa63d61fa11be82c50de590ae1_0.json,102,0.1038490650090288
da82913,c_da82913207f29f90da1af3ce788c7aedd8ddbd5d_0.json,103,0.10361840058524185
2ea8563,c_2ea856328ed5710537778d755a5ff52a6831a2ee_0.json,104,0.10360083233145367
b717203,c_b71720361d0b07746370fcac3d2130ab95f15a2b_0.json,105,0.1031303973005192
c8dd135,c_c8dd135b82e79f00c32fe829a11b002ad7009ad1_0.json,106,0.10296006112242295
eac6e86,c_eac6e8608dc93816b685f96a43b27cbd351e77c6_0.json,107,0.10285296310854397
707162b,c_707162b5d47d94e8cbccd0411a16e326cb12ab9a_0.json,108,0.1028417620277916
776b3d0,c_776b3d07e918c23802488df40a4942cdb65bf29c_0.json,109,0.10265725152202121
159f5f7,c_159f5f78a4ee0145e3f124317de67c9e4d0acb54_0.json,110,0.10254395571135477
17eb419,c_17eb41943b7289bb9607e0f840076b61a3e3c707_0.json,111,0.10250848205892948
de0a353,c_de0a35397489a3d8ae2664b6b6d48604f9a6900f_0.json,112,0.10211631747405248
0edd032,c_0edd032e3628d452523bca9df56643b4b462fdb6_0.json,113,0.10190774620301613
f0b7de0,c_f0b7de0860f5f72ac914c4c7bb6bf5457009bd65_0.json,114,0.10138658767406494
8e7ec5e,c_8e7ec5eeb1efc102766038c0622420f0ca774270_0.json,115,0.10121205586070903
ec6e7dd,c_ec6e7dd1d7d9e0261542c56e148739583f785562_0.json,116,0.10063003842372498
75ce987,c_75ce987662a43f23047a6d26f2fd481e1993b142_0.json,117,0.10056452864587517
35c22c1,c_35c22c193ddac97a82b8f4e88b3f190a5bab2a85_0.json,118,0.10047659060887448
6d32c19,c_6d32c19e1869ef1f0e5e98082b921932ea136142_0.json,119,0.10047557739926871
e512741,c_e512741af38d0eff4f6e6c8969205abdecdd359a_0.json,120,0.10043857797432543
8a58750,c_8a58750637798ab015fa79019e935c89acdf00fa_0.json,121,0.10018981907199154
f8d7251,c_f8d725139f782c230cf8db925086bb6838e1327f_0.json,122,0.09993029033652534
66a8d06,c_66a8d06f1a039de49b9ca5ebaebcf3459e83a642_0.json,123,0.0990509608358976
ba231bd,c_ba231bd26432e403293fb6411080f9f661f0d41a_0.json,124,0.09864158104761578
12fce67,c_12fce67142744ed4f8fa78b6a5561434987195dd_0.json,125,0.09824213031403639
0531e3d,c_0531e3dc4fe73eacc1742644a8847c2dd9dc9466_0.json,126,0.09821795200592098
a7a93c8,c_a7a93c8b7027e0efee85e509f6cd260a37f53e09_0.json,127,0.09817544411056423
4e511f5,c_4e511f5a6fab8df41f1e8cdda6c583fb4ab4c0c6_0.json,128,0.09803402746326384
906e96a,c_906e96a5648557219f18182171e63d305f804ae5_0.json,129,0.09779683594135324
9b298d5,c_9b298d5608250e0c72c452d0a2e8664491d9b9be_0.json,130,0.097728216490363
42bde04,c_42bde04b7208bf4cc2c43c9134c5f47c39eb0679_0.json,131,0.09714323533022662
0d18055,c_0d18055d0b3c2e687197a8651b3a06e097fe5c48_0.json,132,0.09701364591811068
bfe653a,c_bfe653adbe565b4e21b27d2bf5f1003c235bd60f_0.json,133,0.09697848059140068
411a924,c_411a924d87a60e9f6c88b46241da32736acbf1e4_0.json,134,0.09665887376615556
5082337,c_5082337a4152e04ebd8077fd0b7fa28113a4d79e_0.json,135,0.09665399301579991
28736a1,c_28736a199aae6c68c6fc4dd15906af55e3518fc8_0.json,136,0.09658872336760493
7673aa4,c_7673aa4d9fd6c4c1ab93e09f30cbe5893a8cbf3e_0.json,137,0.09612546535338562
df21ab4,c_df21ab4baa87ef7fe9ed824217d0a4e145601c42_0.json,138,0.09604919502607079
56f9a22,c_56f9a22e1c54ed9316718a367b0f9de017857332_0.json,139,0.09593207893621436
e2d472b,c_e2d472ba27e96185c13868f5c1b638a707a50e3b_0.json,140,0.09505224249469557
7168f6d,c_7168f6d3a780c220f8e47fcc3e1e593b7f80118d_0.json,141,0.09494333958183787
94b4a6a,c_94b4a6ad9a9d6313d62d2d47956502cf9a00e028_0.json,142,0.09457368409389766
14dcaf0,c_14dcaf0e3931855913d79d0fbe8d1e6f1421b7a7_0.json,143,0.09382081407323162
0facc1d,c_0facc1d24b002b04be706b8bc826b1423f5a78b1_0.json,144,0.09376864280351904
2a8562b,c_2a8562be2240738af26ba17e943f81f164115b28_0.json,145,0.09374177674470063
7502788,c_7502788280a604032faebeae23bf0ae380560b8a_0.json,146,0.09358213394144876
e97bb78,c_e97bb78797a379a6d0dcdacd37dd87f07677f738_0.json,147,0.09314533454271601
4ed0a63,c_4ed0a632d96b81be2279b09b890137f76c8ee4f1_0.json,148,0.09282752652157289
552be4b,c_552be4b677ec30a34d04d234395ba1a8c7beaacf_0.json,149,0.09254234123857197
a716ae1,c_a716ae1271d824fffd1250c4b712c5b5933d78e9_0.json,150,0.09246705798997046
926d11d,c_926d11d5c71c81d4d0092f9b8bc3a9817a2f0356_0.json,151,0.0922208082076934
621b83e,c_621b83eafe8dcddf5c1b108c41051b5917efbbd9_0.json,152,0.0921970105187011
d4a4f8f,c_d4a4f8f94226a80501bb15ed84ac2f544b312d3f_0.json,153,0.0920652997552831
1a3e1f5,c_1a3e1f54707620cb60a0fdb950c8c84f59f30fc2_0.json,154,0.09165042827930614
c196026,c_c196026b6845b678d16b5b84a2efc979391907f3_0.json,155,0.0914641010081374
1b5988e,c_1b5988e323078979f1a2af075c925e3d668ecefe_0.json,156,0.09128649821080259
3f51e8e,c_3f51e8e42b421465459b12f94ceadb6fd42e1128_0.json,157,0.09108835424465611
5d784a8,c_5d784a86bb1be3be98cdca42740c3096768a18ec_0.json,158,0.09087284930241057
61f37a3,c_61f37a3b5c1876ec1ead02c022462f86c7c129ce_0.json,159,0.09059806422346095
d50efdf,c_d50efdf75a8daeced88d79b168f68d189fb87e13_0.json,160,0.09059032295670899
189ef8f,c_189ef8f1bb06995886fb23e7effd9563e5aa468f_0.json,161,0.0903734884891223
939bb55,c_939bb55d5edcd9983cac02593a3d228048be21d5_0.json,162,0.0903605672133263
5ba9aa4,c_5ba9aa47f2836e195512bf89fcf68c51b6bedc16_0.json,163,0.09028167139098342
034147a,c_034147af280e4f033c078b6feb0a5669830cb564_0.json,164,0.09022227620967582
21d7767,c_21d77672ea8891011a687d75f49c226443699551_0.json,165,0.09010332365713813
82e15b2,c_82e15b2b9bf43ae8c549fa2be18e2ead6e51f165_0.json,166,0.08999567236363604
c954b53,c_c954b53aa1466fc0149326a41103101aa69fb9a3_0.json,167,0.0899943934927272
3ec1eb7,c_3ec1eb7ff17a6b61975e8ea72930d1ed927d4191_0.json,168,0.08991171185086744
043abeb,c_043abebe138fcbacd6448c1664b0eab1e15184e8_0.json,169,0.08952705192787103
4bcc1e7,c_4bcc1e7fd773ac2509f9f7087fce1010f8948d57_0.json,170,0.08946751721018742
e610c97,c_e610c97b456dded9fa022582cf49b911f5509a91_0.json,171,0.08918934306952708
eadcce7,c_eadcce774d6c344fb631543465205b91e7b419a3_0.json,172,0.0890443004695558
8aa06fb,c_8aa06fb6af323a1e6ae5c03b29de6c69aa1e8def_0.json,173,0.08903140260082254
5ccd1de,c_5ccd1def534f2e37637d0311fb8bcfba62f1c74d_0.json,174,0.08893001202567952
f6e5377,c_f6e53770a373272f8779b61116c6a36660644963_0.json,175,0.08880748029291041
2394f55,c_2394f55a24732b01d26787343c42a587db2baff4_0.json,176,0.08880666682369742
61c6493,c_61c64930304b87d4aa81dca05aba09591b3b2d52_0.json,177,0.08839955575650804
98743f9,c_98743f9b4e4e62048809fa235d34d381f2cc0b82_0.json,179,0.08839555877419103
931a4aa,c_931a4aa16c0667a9968449088e946957e813ab85_0.json,179,0.08839555877419103
c6a69cc,c_c6a69cc40dcb388b5ddc3e616064f130ef3608e2_0.json,180,0.08802501241712168
35aca9c,c_35aca9c2020c7c426b67fbe19e57ddcb9f1b389d_0.json,181,0.08797600816847684
ee1c58b,c_ee1c58b83ee157b446d8a8218ea6c5e864094d1d_0.json,182,0.08791463789057141
998b3df,c_998b3df4cb99ee2ec113fe45ec78c3e62589de6d_0.json,183,0.08778911657858857
e111ec8,c_e111ec8dc51a68b0eb8fb9c737b652ed9ca3d2e6_0.json,184,0.0870427437455461
3a2eda4,c_3a2eda4ce90ceb550d086689b735da08a66357ea_0.json,185,0.08686102685070685
0557487,c_05574876666fbcc5f96daca7cb28cfb45b4c077e_0.json,186,0.086727460380576
048f3a5,c_048f3a5cc26c89f60f93d547dbcd9413f0eae73c_0.json,187,0.08668482297207458
58ebc40,c_58ebc40ac4ce4fba5c838968936d7f130dde2141_0.json,188,0.08644888889247138
3289d9a,c_3289d9a2a38dc2402794f639b597d4b3f4008eb2_0.json,189,0.08627598908016942
1710dc4,c_1710dc4fb6974e6d9e37752f2572f625ce79a52d_0.json,190,0.08626560137514239
b030ae5,c_b030ae5c1137496f8cef9cc1579f93e968194c35_0.json,191,0.08615662290962078
94b1ea2,c_94b1ea2c3d4f2ec7edf87a5985e9408ddd7c66ef_0.json,192,0.08578446869966416
ea67740,c_ea67740bc7bdfe700ec02bb27e5670541b1ecbf2_0.json,193,0.08557380852814844
ba5b23c,c_ba5b23c9eae7ef4fbe19cf4cfa726d973bbb0149_0.json,194,0.08508100737433388
da90591,c_da90591d6b565a3f5c50446c7801a47f9a5959e3_0.json,195,0.08498660276663106
9e112e0,c_9e112e07e45797166bc52fccad28e62349dd0fa3_0.json,196,0.08496088646199351
0d7b621,c_0d7b62128ccbbab4dcc955c8fe26f59b9cb24f50_0.json,197,0.08487346452298894
f476c88,c_f476c88467fadb71075aa3244de4e93cf9bd88ca_0.json,198,0.08476850231836974
c42f268,c_c42f2686d14f9920755c5cb5ccbd28e65f93b81d_0.json,199,0.08460309576046254
6ad6d55,c_6ad6d558d91d72cb3cb091c55887bde9ca93d829_0.json,200,0.08429827444912141
2c7ec20,c_2c7ec20e6fc78d63c13c4ef64359d169de8610ce_0.json,201,0.08383245423139829
b609d7d,c_b609d7d66d180f2eb537b27f5d605d0596e096ce_0.json,202,0.08355868919732978
356cd0e,c_356cd0e1ce58b9f9e5aecd5b131a12754bb22877_0.json,203,0.08334353678855744
b81cd9b,c_b81cd9b2a176fd98a1810eb34a8d720fe17a1548_0.json,204,0.08319808954567043
abfd971,c_abfd97121e4a1aa47faa67b5554892ee9f96317f_0.json,205,0.0831739002363191
d9ad623,c_d9ad623eaf3a06e9687a41e9b06a34392e9d9405_0.json,206,0.08293556649430844
b89ac40,c_b89ac405b302e2246692c5a9b04c577b0d6e4c67_0.json,207,0.08286157534737137
b1d6e41,c_b1d6e41a01e90bb783cd9378e4fd7c378b24470f_0.json,208,0.0827494473865763
a5b0594,c_a5b05944d52519cc70d86d1f59fe1c0e8d2e8956_0.json,209,0.08256717081739584
1163c2a,c_1163c2a8b6db06f3142ee60241b1e4ff41b23539_0.json,210,0.08250159994006578
02bafa3,c_02bafa309ebf978036b14215f04dfb46c51ab6b1_0.json,211,0.08244551691920099
e1927ec,c_e1927ec87106ffbba3efef78204eefc016d3eb95_0.json,212,0.08213965644392252
ab6b7a4,c_ab6b7a46049bba471d8cb9d2f85f31b77e67e293_0.json,213,0.08193202180635484
0d9fb25,c_0d9fb25a08c598331e69cc4d8d48d5e479a20c9f_0.json,214,0.08188312119774055
5286892,c_5286892077cd18e8e13d60de9b519b4b6ce8a2ee_0.json,215,0.0818455718936566
ccddaff,c_ccddaff1a7295a4cb39f77589d781e760fd3b382_0.json,216,0.08143055398546728
7fe4b47,c_7fe4b477d279001403795e09c6a1191d7304e889_0.json,217,0.08100306690837533
3b04236,c_3b04236d210aa333c49e657c7027128753c7f4b8_0.json,218,0.08098570988888443
fef81cb,c_fef81cb69805a6f437e70d15d7c3f7e104e0f637_0.json,219,0.08081252315029097
69b17f7,c_69b17f730e0383439b5f4abb2c2c0858df61240b_0.json,220,0.08080188316918413
2604723,c_260472337ce9d54d76074a4d400241813b4676d2_0.json,221,0.08071281417828713
5bb92d1,c_5bb92d135b5ff9bf696af6fa92d406912af78c5d_0.json,222,0.08067672153437044
31a2dfb,c_31a2dfba0d1a9ae187f64d736f5f1f09fc5f7c8d_0.json,223,0.08061896419286885
6f093d3,c_6f093d3b46504572cb78284517d0d3ea9f06b203_0.json,224,0.08048951369085622
7519034,c_7519034bdc4aceca95413ea3ac6186bb2bc2a46d_0.json,225,0.0804660669138475
21c2608,c_21c2608932bee267d90cf1e36e9b5b249ed362ed_0.json,226,0.0803890060159057
c2964c0,c_c2964c055b54a1d7623d1d65390d772b98f5f075_0.json,227,0.08035855614926701
64031d9,c_64031d91ccb1621b1f828d0f22bf654f217e52d7_0.json,228,0.08034715149168425
fa5d6d5,c_fa5d6d512c23923870b575feb4b71fe884b71705_0.json,229,0.08031329408398391
7d2cfa1,c_7d2cfa167873f8f58a65f358623c1738e6332069_0.json,230,0.08022898458196748
14221a4,c_14221a4e49631e469f5e6e712ce38d3d3a60427f_0.json,231,0.08017276408671048
65e7ca2,c_65e7ca2ded288178ba13fa552ae61fd226cae8d0_0.json,232,0.08015859591043928
1fd45c9,c_1fd45c949efdc92b7995baf459596df71962368a_0.json,233,0.08014485899393053
1ec3c2f,c_1ec3c2f0962d41db0d83e01ac5df26d7b954aa34_0.json,234,0.07997804214079873
ddd50d2,c_ddd50d2773c7126e0c3249c99bbed04cf7544b34_0.json,235,0.07994359614216595
ad90fd5,c_ad90fd587fe0920f070f8346ec74b48cd9886df0_0.json,236,0.07992886254464993
37ea1f6,c_37ea1f66a344bd315e101a31d55ccf0d64b37f6a_0.json,237,0.07967573901661407
9ab9cb1,c_9ab9cb1a2624063083cf4ed8d701eb15ee84674e_0.json,238,0.07953062533022204
3178625,c_31786258f22949651e484e70b67787a16a4a1f18_0.json,239,0.07937425963543454
3f222b6,c_3f222b62c44d0980fe143a2ee211497d100bbd77_0.json,240,0.0791896943579733
6a5b8bd,c_6a5b8bd64e0cc18555c4cfe791f853278e3f24e7_0.json,241,0.07901543406083378
cc50f08,c_cc50f0867f74af1718a2682f442895d1e5cc96c7_0.json,242,0.07888019137851643
a592319,c_a592319c2ff38f671b65f02b241e26c8ad571eb8_0.json,243,0.07882849734884112
d73d392,c_d73d392cb525bf58e73a3c14856b3c9ed8ab4e60_0.json,244,0.0787877582471187
a26563f,c_a26563f0cd1fbdd5587a0f9d3c0c77864553d737_0.json,245,0.0784209294103777
c5a0687,c_c5a0687412741edbf6e78fb779a24153b8a5d189_0.json,246,0.07836731800393837
19ae379,c_19ae379e0f9c3f9b83478bac403ffce7ebdb0d76_0.json,247,0.07821302275232311
f3f3e3f,c_f3f3e3f1a2306e67c6d02a46fe3b6b38b8f5e224_0.json,248,0.07813194311603133
bd965bb,c_bd965bb674a58ffd2e36a8617ae1b54175926bf3_0.json,249,0.07796997080632095
77dde7d,c_77dde7d755f9d79c737b6d5cdf4c547664dd16be_0.json,250,0.07780769593461445
63fa416,c_63fa4167eb2b8d52fce257d3de01b21496d4f36f_0.json,251,0.07757690331636014
0aa4f5e,c_0aa4f5e1f5ec24852393047d4a869ecf447986ea_0.json,252,0.07756206266276366
86c8fac,c_86c8fac47af66ebccdcfd81c88a9ee08a635f10c_0.json,253,0.07748507589888987
b9e9ad7,c_b9e9ad74618b8922a061c3dcea2569891404eacd_0.json,254,0.07742956090486663
9d991bc,c_9d991bcfd898a7b06239dbe1788774ba5106562b_0.json,255,0.07733372144472639
6cad802,c_6cad802018b6b82ea4df53aaf91a0bbc98b2f9a3_0.json,256,0.07731200350680612
e646a47,c_e646a4796eb2208b73293cefa5afcd001be0af22_0.json,257,0.07705419151514181
98ab687,c_98ab6879ada79e53b3eb89e23685214bcd17d868_0.json,258,0.07703172544338266
4062cef,c_4062cef5ffd76dff4fca40236eb15c79820e86c6_0.json,259,0.07676376389443906
8daa099,c_8daa099d389ca45b01f1343fb403ec560d7428bd_0.json,260,0.07670510176103085
001f56b,c_001f56b4c4e8c10598fd5968c316731cd9910b2f_0.json,261,0.07665980916377468
08edc65,c_08edc65712e4c2dc697317a56a53ed2568ca6e25_0.json,262,0.0766510729664529
fa25072,c_fa25072e5fa20a16115465408051f5fb0ad817c8_0.json,263,0.07652618852417847
6bdd176,c_6bdd176eed470329a73d7ee08498183e579cea60_0.json,264,0.07649158801392175
b10e003,c_b10e0031a3572dfd2783ec0b179a59b5532a4c1f_0.json,265,0.07636832800075899
e675e6d,c_e675e6d020b4261801fb6b2738acbfa7f9d00c6f_0.json,266,0.0761930529248327
db2191a,c_db2191ad089d5ed74d31bf3bf1cb7ab18612434d_0.json,267,0.07586693175805526
3a68a02,c_3a68a02d6b0359e623858ab9391f84afdb17052a_0.json,268,0.0758051849880369
50c61e2,c_50c61e214b26485d2de5afd9f71d76c65d1f2478_0.json,269,0.07571340405152105
35e25b7,c_35e25b7acfd8df8b38e7f6ea0a4bce880f6823ff_0.json,270,0.07565428758017023
2180a3f,c_2180a3feef563af3ae3c440f0c3b85d9db5e7b9a_0.json,271,0.0755675278339184
ec648df,c_ec648df5e91ab0cd0738a8a3556948afea85f62f_0.json,272,0.07548531050003848
35bff3d,c_35bff3d17af8190fed77b92512f1777ad2b68fe9_0.json,273,0.07538240994442558
57c8aaf,c_57c8aaf94b95323c295dcfec5f40f181846164e7_0.json,274,0.0753193229650535
0e8fb06,c_0e8fb067dc4980c868830c3e9d1bac8ec45faa72_0.json,275,0.07530820055439158
593e58a,c_593e58a66aa3eaab42ffde8c725c845c421c37f8_0.json,276,0.07518439994900772
c216422,c_c216422510787d0bf957c4517e159798442eb7bc_0.json,277,0.07515923821616943
6a1b24c,c_6a1b24c5d85270b57706b3f7ca0b4c05a752b3ff_0.json,278,0.07496608905375357
0e07ac6,c_0e07ac6b2cff63550d7df336355ca63cc05aa40b_0.json,279,0.07492725549466117
2267957,c_226795703795b4e4031ca3cd76ca304d23916976_0.json,280,0.07484914877957383
06145d4,c_06145d41ac9b5cd8e11fd6553f44cf613633f263_0.json,281,0.07474689297937276
01ca66c,c_01ca66c29a2fc506615284f275e6b94af13a4171_0.json,282,0.07460428526847218
dcaef09,c_dcaef093090adadf1bf9381b8c29148f0f479560_0.json,283,0.07455461887657622
0d54bf0,c_0d54bf0fd57b700f2ff684ed28efbc38b2d0478c_0.json,284,0.07435520582138855
ee0a30f,c_ee0a30f6db2d9d1b0b34294990f7f6a01e6352c1_0.json,285,0.07429691789220039
804115f,c_804115f1b95e7e219599edac5d8786bd86177f66_0.json,286,0.07426976309478461
d512ea4,c_d512ea4873cce39d2289940fe379aa63562a6ef3_0.json,287,0.07424408609619304
7eadd1a,c_7eadd1a45e96f15594dcf734cb9af26e2af508fa_0.json,288,0.07416037711096779
936a167,c_936a1677eb60f09b4dbaa0f74d0056636b6baf24_0.json,289,0.07415326005906453
a14ace7,c_a14ace7f3ca5c8b9dba675d99db1b253eb7004c4_0.json,290,0.07407304026699679
e94730d,c_e94730d5f9a0b4cfa60325e4c500728343d24765_0.json,291,0.0740417613105111
53eadfb,c_53eadfbd0ec9d6b4a02dae38730b77b14000c1f3_0.json,292,0.07399483590218514
cf0112c,c_cf0112ca4a095ff6eb9e1c13311887191250795a_0.json,293,0.07393178014382173
f35cde2,c_f35cde213ed3132fdeae032bb276ae3413f9e8ba_0.json,294,0.07391406823119251
14ca195,c_14ca195dfadb4b2f2c71eae03b2d58d165c033f9_0.json,295,0.07387696858261716
c016c1a,c_c016c1a02442c8b62f979fc0f494e05397340fa5_0.json,296,0.0737847795012132
6822bf4,c_6822bf41f2609bdef34055576934823e36b53ceb_0.json,297,0.07376949495419349
76df835,c_76df83533080662448468033615fc94840bce6c1_0.json,298,0.07374578679566712
d4998c7,c_d4998c7904a9a9c5380904e1f744bbc67e397745_0.json,299,0.07371390702315261
193ca61,c_193ca61debf67cc917e81b7d855e27f0539ce38a_0.json,300,0.07365421575219988
3e73f54,c_3e73f543333559b68f1aade4fb66acd480f1fbab_0.json,301,0.07342174922253197
a5f5886,c_a5f58867d1786d078741f4107cac3cc33f578232_0.json,302,0.07329132539447847
392e9b2,c_392e9b25bbd48071e1c99de24b8e8c916c4e9665_0.json,303,0.07327420930385575
5d755a5,c_5d755a53fef5cbdc696b632d61c8e88845d5b599_0.json,304,0.0732340200832563
80486e8,c_80486e850b962655154d7f1b8eed3b89782fbbcd_0.json,305,0.0731504457738461
83df500,c_83df500ae8c247c268e4505054aad99ed7df8999_0.json,306,0.07314428892743208
bee95ce,c_bee95ce26278c47d98060f2836a91bde29a8a030_0.json,307,0.07308634888349341
e9a0d0d,c_e9a0d0df22a9b3d06940daa76f6accb5e63b2df9_0.json,308,0.0729891966990388
787ba41,c_787ba41db161299e2f18cf026729214ecb1d6b4b_0.json,309,0.07279309976619919
9767bfc,c_9767bfc1e3daac57ec88f15ec9bf5d86db5cfbad_0.json,310,0.0727241210156987
6f9b67a,c_6f9b67a4e3817169516d24939a2aa5242ce65d49_0.json,311,0.07266102306309685
3a7f682,c_3a7f6824d13c9612bb7e4e00aefbd8fcc707df9c_0.json,312,0.07264798906472991
55284ce,c_55284cec591f9fc927c99ced4c1dc991485d6a37_0.json,313,0.07261846347516954
19e969d,c_19e969dd4af6c50223c5b65f8d703cf03b15e3bd_0.json,314,0.07259548670963656
01510a7,c_01510a736c6c7abd8d29f2e188787a27f2295c6b_0.json,315,0.07257425325099465
8dd8b3d,c_8dd8b3d70aa140e4a6cf5675531ba414d7545e4a_0.json,316,0.07244489477174709
e4c81f5,c_e4c81f521f0c9f4279a733ab2416ce96b6b73b41_0.json,317,0.07227323627437177
2a05a5d,c_2a05a5d89993f3e2644c94d89e9401b7332d6d02_0.json,318,0.072134534203952
8c5d690,c_8c5d6902ca81488fc8c9ffce33bfc0774afc2194_0.json,319,0.0721213411977023
dfe9eff,c_dfe9eff2ee221da405405fc3e001837260c8a443_0.json,320,0.07204870075225778
f183e5b,c_f183e5b38e209f27c657e6a3681b04fb5770ca53_0.json,321,0.07197997285221991
8af6323,c_8af63231705a04a12f9e9a6436b518b0d77e0809_0.json,322,0.07196204023609742
6d0c7db,c_6d0c7db8dd96b9105a415d98770ad271ad6a01ee_0.json,323,0.07188838531247554
fd68de5,c_fd68de5eed8630dec3635a0fb6d7d82d960efa1b_0.json,324,0.07187553617260001
b6272b1,c_b6272b13444f16bd60245a5ff8f339e8fee1c64d_0.json,325,0.07185942768888098
dc281ce,c_dc281ce23550136680863097623d8e5aa3bb576b_0.json,326,0.07184644241279292
6cd3a18,c_6cd3a18f8cb3c907107017849ab1ac3b88e43fb5_0.json,327,0.0718456777311749
6fc068c,c_6fc068c570ae8bfd608da27240ae9107ef175fd4_0.json,328,0.07183263558374398
29bac9e,c_29bac9e4f706c8d97b76ef35b5c629c30e78531e_0.json,329,0.07179826312011806
57d5cb7,c_57d5cb7f3b7aebf6e532d907bf0d508dcf480881_0.json,330,0.07168010544730719
ce94280,c_ce94280c73fbc6ce9331792e3003e75356ab6ba6_0.json,331,0.07162920451804222
a8c122d,c_a8c122daa1b75e90594f3b5640a03f25258179b0_0.json,332,0.07155366499481752
c0cd5ce,c_c0cd5cec8bab37feedac5fa25a416596b8131d48_0.json,333,0.07149423645496156
df5d164,c_df5d164771c41e4c1ff8f1507db0317ffe685630_0.json,334,0.07146432428522576
da86724,c_da86724314ec8b7f12396aa35aa70e619cbc82fd_0.json,335,0.07143936795588846
7c69439,c_7c694392843de542cac5718a3331a2cb39d60869_0.json,336,0.07135755058335136
5fd28fc,c_5fd28fcd3425461dfcff1800753513f94807f652_0.json,337,0.07131963508265116
5d0f10b,c_5d0f10b46684dfa1518e3885e0ef11fdd59f1578_0.json,338,0.07129968009565102
0326d02,c_0326d028f0a66221343872c53735c20877f0c415_0.json,339,0.07129377475568222
f1a00f3,c_f1a00f337d1ff7d13cd549cf847426aeb9faf734_0.json,340,0.07128620125244745
708f139,c_708f1391ca3cc7f16a12b16f6cd3645bfe02266f_0.json,341,0.07126472976625764
c4712e0,c_c4712e0e30d931ebe6cd47c299bce339c39e10a2_0.json,342,0.07121085519819415
dd16add,c_dd16addfdda61cefc46ffea34a39ee2794c8791b_0.json,343,0.07111100913023627
d21736d,c_d21736df31ca4888e76ccbdc7d31f406cf68b645_0.json,344,0.07105822787898197
4ff49b3,c_4ff49b3de99f36b4fabf9117fa2939eb5c5d4a6c_0.json,345,0.07101042666812751
d98da1e,c_d98da1e95db2d5914f27097649188ab5de155022_0.json,346,0.07092591623773492
3f1e047,c_3f1e047c898c9c925e1faac33bb07e1cb05d88cb_0.json,347,0.07074322913417741
a1ef0ab,c_a1ef0abe322f8101a2d894f4b0dc575b4643cc15_0.json,348,0.07071879500639133
a3c62f0,c_a3c62f00a0c418e37f951bf72785712df7228f8c_0.json,349,0.0706909775631841
b5416a5,c_b5416a54ea0d39429dc86cf0703509559c70886e_0.json,350,0.07067469938955495
c291d58,c_c291d58aa5f7d15c9d3655c6f80afff651d80e33_0.json,351,0.07065021920568881
1f64cb2,c_1f64cb223a690c723960b5c8d4ee03ca7e408187_0.json,352,0.07040499682215962
96f586c,c_96f586cb8dac7eee62e9be519a3eab125c47bb23_0.json,353,0.07038969612138124
b116313,c_b1163139b096852b5ca029003f780bf7d9bcbfea_0.json,354,0.07016161995760317
fdb2ef4,c_fdb2ef48c441fac486734fcb43899a0191509c74_0.json,355,0.06993456593762704
e17bbe6,c_e17bbe64c6cf3294980d17b1bee2b7d61f999b0c_0.json,356,0.06985980171943162
4479d88,c_4479d8807a3e853c16b15e5d26553298865e21c1_0.json,357,0.0698188074871603
941f593,c_941f593f7fe5654b07eac7c9f1998b894329f28e_0.json,358,0.06977907961065755
119f68b,c_119f68ba20f38f7b4b9d676d4a7b787e5e005b89_0.json,359,0.06969288464800982
7fd2cb9,c_7fd2cb9ad007d3016734fc50a1ad206b6a3b1b6c_0.json,360,0.0696823432242345
0f180f9,c_0f180f900011c33b0d64f6a693f4e68565e0e35c_0.json,361,0.06964552849810524
52d79b9,c_52d79b9e4ad03c138bf41e9de38ec4ffb88c931d_0.json,362,0.06957439553810363
be32ff3,c_be32ff327cb1aa283ea983bd9d19fd216c16622c_0.json,363,0.06947373787453626
f5cf1fa,c_f5cf1fabe1e0dccc06f928d18190aa898a34807a_0.json,364,0.06920476831388811
35d7ba6,c_35d7ba61e5a7ac5551494a3c85b249c236abdfd3_0.json,365,0.06911894581737654
e962cbd,c_e962cbde6f664bb68e7df67703d77ef660ef0de4_0.json,366,0.06903594195727125
2bb040b,c_2bb040b3aed0f94a92f67236d8ee4955279ddc83_0.json,367,0.06898010268945887
5e94133,c_5e94133c0575581268fa38d1f3c6214952861786_0.json,368,0.06893813241841418
afa8a34,c_afa8a34823fb86eb307429749e568b6c42fe641e_0.json,369,0.06883153761589778
6a806bb,c_6a806bbe64f60c5b2f934accf9d5a3019fe861d9_0.json,370,0.06881637444028466
58eac4b,c_58eac4bfddb5cf9f5fbae6f2b61dee33075c54a6_0.json,371,0.06879923363029705
99b20c9,c_99b20c99ecdd65d9d91d5cfcda0e7dd2fc9197de_0.json,372,0.06878734594960789
e9f90a1,c_e9f90a1ecffe01d9d172b053e94cb300e56cefef_0.json,373,0.06875955808853107
ec3625b,c_ec3625b547dcb56631103d4fba528ba1553adfa2_0.json,374,0.06870437438138133
95b2e78,c_95b2e78fa4f88b39a9d157fd347025db425d09d7_0.json,375,0.06860294874212947
14863a5,c_14863a51230b3d44201646dbc1ce5d7f6bb97a33_0.json,376,0.06859393144434
218a7fe,c_218a7fe91a685e089ab8fd7700806f7a6083f18d_0.json,377,0.06858099474426349
ae1daef,c_ae1daefa8901be01b378cc33a842f12b2ecd8da8_0.json,378,0.06852974517411314
b86efe7,c_b86efe73e72ece8e5ceeed48d05228aa1725c9ad_0.json,379,0.06843506654726428
5bc953f,c_5bc953f3cf3629a86991eac7703608603d303b7d_0.json,380,0.06842029842937736
eb86c15,c_eb86c15edfdcbe7d76a6845ad9423e63195c17fc_0.json,381,0.06834260482414178
e5d945f,c_e5d945fd0d91cbd076e23c8ae90427ad7ef789a3_0.json,382,0.06832416621029647
7b17979,c_7b179791d98f66990aa09a5a9fdc237d520ef1f0_0.json,383,0.06822082239721938
d277357,c_d277357fdd95d4a4b6138874ae7e1dc1ad2e3e75_0.json,384,0.06820132184197258
1c5dbbb,c_1c5dbbb0303fe2536a54c58e5bf56d76523a2e33_0.json,385,0.0681494882205409
a498adb,c_a498adb4a3d6b355cd7e653e55b179acfbf3f4f9_0.json,386,0.06807169032356808
1e74633,c_1e74633f1e8ffc517ee379e203d656ab26cc2f43_0.json,387,0.06804241299572844
9c2e92b,c_9c2e92bbf67c49dc4a8f9e605747301ec09b1aa9_0.json,388,0.06793174640905064
559df38,c_559df38c7028143b6de08ae60d1806319872f909_0.json,389,0.0678837961005826
c2eb7b7,c_c2eb7b74ad0089ae97c4197ebf4079c03f4c9cfd_0.json,390,0.0678294675160791
5916e8e,c_5916e8e108cd6bc5d4aa86e523eabe08131cca42_0.json,391,0.0675844014993866
86d15ea,c_86d15ea163e5731450a4da7d3fcfa49e29f8c16c_0.json,392,0.06757944423833429
158c9d2,c_158c9d2f00a9b95a8d6c46eb112a35273b70fc12_0.json,393,0.06754057785436818
ea9789a,c_ea9789a97831407c5044cc986663d5d91d53099e_0.json,394,0.06749099806877767
d6fb78e,c_d6fb78ea3c36ce023f71dba79bbc6f8bd657158a_0.json,395,0.0674535512353317
5f2aa47,c_5f2aa4794e8094eb6b3018589c3a751f61bd2fa6_0.json,396,0.06741588534734122
d940512,c_d9405124454ad8de43129ef86b959418a40c732d_0.json,397,0.06728978319794754
5f9b9b6,c_5f9b9b675631bda3568df0d47ca305126d426011_0.json,398,0.06726160028918304
233ac67,c_233ac67186840969dadbc86b371ad15c673ed0ca_0.json,399,0.06709071875259998
d7ca0e3,c_d7ca0e33ec72b0e4557bdd9c31bb3142765a28ee_0.json,400,0.06708326355149574
ad8e643,c_ad8e643d2533b2d562adb7c66c6d2917c5f0305c_0.json,401,0.06706129452055809
918f2a7,c_918f2a7b480c8e5a21c1247673f2d4fea669c50b_0.json,402,0.06701617357059697
cfd8038,c_cfd80382ed7e88a465f6bd36e98a132fb0770eda_0.json,403,0.06699776694800641
3877455,c_3877455129a7ee0c1c50ff3a4cf9116732a26862_0.json,404,0.06699044924719166
906205a,c_906205a213eeedc41b2f4deb9802f75d85947a9c_0.json,405,0.06690351272095763
f66634b,c_f66634b7e488aa12a970709edfecc47e81637eae_0.json,406,0.06689917299958315
b501bed,c_b501bed838191e3fb64fca2eb3e62d0407861dc3_0.json,407,0.06685116776654632
60d2c70,c_60d2c70fb2e9bb8675859167f0852baeb85ffb26_0.json,408,0.06662459016384825
89be5d7,c_89be5d7dd4355ae9d3e841a2b97b59a001c8e85d_0.json,409,0.06656031074029822
03adc5d,c_03adc5d852b44866a9a9402344090b892337a1b2_0.json,410,0.06651359367533882
5cdb206,c_5cdb206561df9f64398f73947966c1bb46e8a0c8_0.json,411,0.06642564913971749
76e4cfd,c_76e4cfd9cffb418e2ed4b83f6581a9948c43e216_0.json,412,0.06641765999920468
5d08a1c,c_5d08a1cdbfa6ce86a0baf637493c464e91e91968_0.json,413,0.06637720313425566
df16fe1,c_df16fe1bb49ac761bed5f46e081bf2166428dd7d_0.json,414,0.06627885462526772
1405883,c_140588368c32233a03231936081524bde9d0f107_0.json,415,0.06622352518834185
95e4567,c_95e4567526d0a422bee09023059d60979c3e78c4_0.json,416,0.06609626986314177
9cb4d0f,c_9cb4d0fed106b23580e0b90a6fa0b4f964a4a55e_0.json,417,0.06585851845550983
8dc3964,c_8dc39649777b31a89051a8274b2bbff708d93762_0.json,418,0.06576098642779216
c7eeafa,c_c7eeafa2d16f849903ea61ff70e2ac511a39748f_0.json,419,0.06562881049126068
86a5025,c_86a5025d2eeb1725cd76b160b1136d62ec84c901_0.json,420,0.06561783040999647
df4a82f,c_df4a82f4fb46cc2248280c462e18f08d55a3d112_0.json,421,0.06557870913429364
72c00fe,c_72c00fed18f8cf52c55a5074e6c3e35655941e6f_0.json,422,0.06548973596671104
d8d6d68,c_d8d6d6851b539bfec3bcb4bd578f87a4e6f7d2f0_0.json,423,0.06547467036115007
4ac994b,c_4ac994b573b8d051a36e00ebd98f0c8dc68eec6f_0.json,424,0.06543440409681134
ef855fa,c_ef855fa307361e9c67c834982e00c790f6701063_0.json,425,0.06543360710742474
f6d1161,c_f6d1161f85a2bbef865d0a02af06edd9576616d0_0.json,426,0.06536709219075043
6744d06,c_6744d06e1d8bedcd2a501f0a058bdc8d67c35371_0.json,427,0.06536318614181302
d60dc84,c_d60dc845888e826919c3f79025431ba4d95c7236_0.json,428,0.06522633124860311
08a925a,c_08a925a314f7f3acd2246501952dcde59f9263df_0.json,429,0.06513716716928675
7b7cb44,c_7b7cb44562d5942add1f093111e84a5836780de4_0.json,430,0.06494206740647324
5757bcc,c_5757bcc8944ec6a661a08f8c9329e81c000e9f30_0.json,431,0.06493227877553964
20bd245,c_20bd2451e62e79b78f41de4c5e29cfe6af11e0c0_0.json,432,0.06488419293049774
129288e,c_129288e632957675d95c32bbb019964ce2899529_0.json,433,0.06475658522441718
88649c3,c_88649c3f306907e85ff8bf18bd6ac986a6a54005_0.json,434,0.06468347312384104
e148b58,c_e148b58e708c4f8bf450100a75df071406123bcd_0.json,435,0.06462709829173718
24e79cf,c_24e79cfd1b603f32ea78a132762ee03b77ed934f_0.json,436,0.06462242816087971
fa310b0,c_fa310b0723a1c0ded3328bcf150d242ab6cc2e34_0.json,437,0.06431703813142386
61f556b,c_61f556bb104017fc71379c2268ab69662b2eb9a0_0.json,438,0.06431327356673822
db0cac8,c_db0cac85830e4fc5ce527bcb19652f6d8cf6f649_0.json,439,0.06426354376939236
225ca55,c_225ca55301809ebd8869cf4e7bcf11cee2a84c06_0.json,440,0.0641852178043999
787255c,c_787255cddc1f6ad36d5e62dcb787e68cb4d2ca83_0.json,441,0.06416920154061834
f75ec7b,c_f75ec7b8ee2e4c849a8019e8b9d550a906b50bd6_0.json,442,0.06408294480548626
56ce9ba,c_56ce9bafec77d1c8631d6260fda269b2454d1b3a_0.json,443,0.06407851455304225
7ae214c,c_7ae214c8dfb443e848c2be7ab9da930c1a7fcd56_0.json,444,0.06401866488154573
d6dab6b,c_d6dab6bf5879ed4f06524604c6481517c546f94f_0.json,445,0.06396780071112729
c688614,c_c6886146e9f2290652d71c8d846a1ebe8c4053e0_0.json,447,0.06396762828637326
d577ec4,c_d577ec4753bfd809e277b2ad5807404b91692d6a_0.json,447,0.06396762828637326
5967d78,c_5967d78d7a845070c0f7fd93eaa78b61148251a3_0.json,448,0.06384797437513601
b9b9292,c_b9b9292a5101bf7d8aa667dac72b4042436f4b5e_0.json,449,0.06384211321309918
e90984d,c_e90984dcf7c96a37978d46145da9462f6d48b7ee_0.json,450,0.06380702016693363
b8197b0,c_b8197b0ff8e97855a7cbbc6fcb9d520825a169fc_0.json,451,0.0637960981455934
1cf3950,c_1cf39500fd2424a0c8fbc90e4b57aa100015796e_0.json,452,0.0636740119949687
94d10c7,c_94d10c71847a8f7c56500b0eabe6068c6eacfb9d_0.json,453,0.06367325814235181
6872249,c_6872249f5cc1eb2afbd4c161ba29428fbd0b1372_0.json,454,0.06363065521018085
bfd37a8,c_bfd37a81dd7f4c9e35340f3de0b5b1e8066a141b_0.json,455,0.06359458044929278
b6d1739,c_b6d1739d6b962bc662e24b9a35e3dc0b6d9dc0ee_0.json,456,0.06351158301415405
8fd590d,c_8fd590db0c64415ad04ac55a92736346391d54f4_0.json,457,0.06328058828745509
365e92c,c_365e92cfbc7f9d390638b701b7a4198c34aac182_0.json,458,0.06327436466266734
fc637c8,c_fc637c8a6f63354d6648f3bbc69fc9327f7a7845_0.json,459,0.06320939752466437
a116b03,c_a116b0328718f694908bb35f4458879ec5921933_0.json,460,0.06320769017821148
d849be8,c_d849be8e998ca54d4c888a5d228e5a9694e4009f_0.json,461,0.0631767345771117
226fd68,c_226fd68cc77369f5c7cec5195e32c41229a7cac1_0.json,462,0.0631706147655906
0ed6d15,c_0ed6d155908dadd462718d6e107b9138401768e1_0.json,463,0.06314902092454344
bd4c249,c_bd4c24974040e276aa303789fbe03bd1bafd0442_0.json,464,0.06301944866261522
ab921d9,c_ab921d9379840cd3c740895a02b26d4e0e0e9422_0.json,465,0.06300221491178082
3f62b3a,c_3f62b3a3ef59f954a14f09aeee97053618da1c74_0.json,466,0.06276767728806465
2d084aa,c_2d084aa34ebc12fd9b4f3e2b1aaa94f46eecb793_0.json,467,0.062454561780260986
c29a7af,c_c29a7af95fa3d84033c28190529d9867dd0dcb3a_0.json,468,0.062374038038091384
f560648,c_f560648277f9d2287862698e865bfd41b77d1fa4_0.json,469,0.062261624596829046
7db7873,c_7db787317115fc706deb42cdc623d0b5324375d0_0.json,470,0.06223172530287058
aa114f0,c_aa114f070b15d0f91261a4c4c9c1b170ec5e92cf_0.json,471,0.06208598161070711
b5e3897,c_b5e3897c34bc23ccf840dbe5066ce3369afb0a0b_0.json,472,0.06208219688529115
d9e778c,c_d9e778cf024d28b51899275f28a83267296a5de5_0.json,473,0.062070801639696915
000f471,c_000f47148544e618931f0039630f8f11f1e30ba3_0.json,474,0.0620146944317983
ea0057c,c_ea0057c0bea0c69644511ec24c385d44daf6eac8_0.json,475,0.06192768612648358
6613fa3,c_6613fa3057c3bac0f93de8586cd3ab08680fe078_0.json,476,0.06178013719084585
8ef6067,c_8ef60672c1dd5407b0761b81408857be44562ecf_0.json,477,0.061720039493337486
08b416a,c_08b416a222dbd9379961b9f887002e2df59571e2_0.json,478,0.06167281460814322
41bfd0a,c_41bfd0a024869ee41a444ceece4581c11308cc2f_0.json,479,0.06137519223127064
f1e237c,c_f1e237c4838d03906aecf68632bf580c481aac75_0.json,480,0.06134450236256972
fb030b3,c_fb030b32c9fb884e382f58a2a08fc0ed3ae129eb_0.json,481,0.06127611541794997
c3415a6,c_c3415a6fc3a3811f3765781d28eb39e9e2ff24c5_0.json,482,0.06122567080589114
a36f3d3,c_a36f3d38f11dca9788a86525cc2e53b31b7b5d84_0.json,483,0.06115752600375579
af371a8,c_af371a8f99adacdcfafc608222d024ec6d83ab9f_0.json,484,0.06115276257449731
3bbf3c5,c_3bbf3c5fa24c447250be54372711da15a5cb95c9_0.json,485,0.06113140495313607
d013650,c_d013650557824fd19e39305f18ee9996418e1e76_0.json,486,0.06111560863875787
3fba96d,c_3fba96d753ba2c20ef2b53487b13b323f23aced7_0.json,487,0.06110717209809935
84617fb,c_84617fb61cc9a81b10aa0918740325ae6c0a3765_0.json,488,0.06108258919687004
c9fe9c8,c_c9fe9c8e37c2945ae45c0adf6a475f35c0e1e5dc_0.json,489,0.06105479665911573
199a124,c_199a124abe729d4b1c401cea255a1b034f0bafca_0.json,490,0.06093975236232663
2ddaa7e,c_2ddaa7eb686e1e4fbe145655d810a4405355df87_0.json,491,0.06092517329903524
412b356,c_412b356bf4e6f21d2160417ee7d2c94f032f791b_0.json,492,0.060896839881023124
7bdb324,c_7bdb324b061d051a8ad03c6ae27de755a53e54a0_0.json,493,0.06084383210120048
b83fb17,c_b83fb175ebcab3a7176c49fb7c97d4863a4049a2_0.json,494,0.06081141215636521
7755b34,c_7755b343d88276ba1a058e14645039daf4642ab2_0.json,495,0.06073721246287456
bf5e60b,c_bf5e60bdc89c03e22a1cae8a3537368810068765_0.json,496,0.060615786392616666
82c5e4f,c_82c5e4f9550e4df36e07b66f35f7c3e9d7eb5eba_0.json,497,0.060513176817689196
257fbbc,c_257fbbcdc2b458f9854e23fa885d5a379cd5ca34_0.json,498,0.06049120657464113
265f5cc,c_265f5cc716414c87d9b0082caa91457b64550dcb_0.json,499,0.06018014131132288
5f8543c,c_5f8543c9fd0ca464caf4c196948979b253822577_0.json,500,0.06012405092434281
4f36b17,c_4f36b1730b9ceef6c4e63b03103923dcf778af12_0.json,501,0.0600657843996204
fc76f16,c_fc76f162a3395f5443d369e3d75996167cea3b43_0.json,502,0.06002750570637605
3937d82,c_3937d82f6670e5a30b2809b13cb6d05a7e606037_0.json,503,0.05999386056866951
7c5b32a,c_7c5b32a9b70f76557c32d290d0872afc41bc42f9_0.json,504,0.05996091577296381
51b817e,c_51b817ea8791ee37c1e5f5fd7b8699d6c7ae22e7_0.json,505,0.05985164595156456
638abee,c_638abee397a254ce348b8500f089a781395f3349_0.json,506,0.0597869902929995
3c026b7,c_3c026b7c6af49dab12d28554dd2b55edc4fd8ced_0.json,507,0.0597718416316263
750176f,c_750176f51260af36de4802e8150862431e9108bf_0.json,508,0.0597695120218531
88551bd,c_88551bde5a3e2c1df58851b3560aa30c033424a8_0.json,509,0.05976388415194844
d622c13,c_d622c13df8065b16bc6038538f23a5ee05d7d5fe_0.json,510,0.05969473473420017
6d327ba,c_6d327ba19a12b1d273b104e5f53502a5ab42f6fe_0.json,511,0.059575754007420434
87acf8d,c_87acf8d63689779e7eaec3e9801046977c0dd696_0.json,512,0.059571368593648755
5b58f75,c_5b58f75863065e708e03fba6b767a1f2b178b2b4_0.json,513,0.05931268444056692
20f7208,c_20f7208f6aa584228a75774409d22170a4ea180c_0.json,514,0.05929264637727316
3ea6267,c_3ea62678a6497af61932df9b8e1b5c06d90df116_0.json,515,0.05916545896584169
4d08164,c_4d08164b8dcd0fd8cd02e6c6a64cfedf56636aee_0.json,516,0.058922073043435
72c5b59,c_72c5b5943264b8c49e7f5fcdbad8c302998dbbc0_0.json,517,0.05891876145352393
908174b,c_908174b05ca8032a7e474fccc51b95d71ada211d_0.json,518,0.058906404730166395
bfbc8b6,c_bfbc8b64f9e0d290073a6b4f9b7916be6d4a1094_0.json,519,0.05884408680579545
65a750a,c_65a750a91860fe497c11717f102eab05f9a6910d_0.json,520,0.058796873549686546
e3bb5c0,c_e3bb5c0e0c1d5a3cb12c444e922ddb00d1f5bccd_0.json,521,0.05877796262818835
695bd1d,c_695bd1dfb15308abad09ee751b0db66e13290a7c_0.json,522,0.058742638862785856
2a60e11,c_2a60e1169eeab2b4966b0c687e62bd420c907ff6_0.json,523,0.05865573834777538
35f93b0,c_35f93b064dbb87d813daae1d9aed6d5e63064381_0.json,524,0.05861658344519882
2883a11,c_2883a11ec022e12082e48bc3077f7a9462eea5fe_0.json,525,0.058592273727485544
14dedcb,c_14dedcbc04682c1b1b6c5ebe91bc930b79eeb572_0.json,526,0.05858305961359833
0973b46,c_0973b46039c4db0be3a969d36c220dee1e1fb4da_0.json,527,0.05856329922574566
6f9be0d,c_6f9be0d1458cc621474bd5f371c617ddcd466195_0.json,528,0.05853949645920564
a0c65ac,c_a0c65ac008610c28f352572816a7c78eb6086807_0.json,529,0.05849290401007423
99af0da,c_99af0da006022513fbb260c2c3a8648eb3059406_0.json,530,0.05832731849119066
2fdb8ed,c_2fdb8ed57bf5c42dbb6e5bcca0e0efe4655f54df_0.json,531,0.058307940171758
beccb19,c_beccb19ad45f55f09595147ccd398a42c18fb6ed_0.json,532,0.05830028458924208
8fe0060,c_8fe006070aebd84b6cd2b8870e1095c932a36248_0.json,533,0.05826564645495913
f21b60c,c_f21b60c2fa8809080b465fa83fe78b1863d41457_0.json,534,0.05824760835500753
7b3fa27,c_7b3fa279fba0a2645b4ff7065d84f9bf00f9ebe6_0.json,535,0.058220636831564754
d68e39c,c_d68e39cedd33fab9f9f8165cd18bbc854a9080c3_0.json,536,0.058129835664762375
dc19201,c_dc19201a7832d8211c22b81c0988cc5069a51a2e_0.json,539,0.05807176608552489
f639270,c_f639270088e9cca25db4d343deaae5e5904cddfa_0.json,539,0.05807176608552489
b0c5cdc,c_b0c5cdc4f19e9fc8226b72be69f8f7db5a4e90dd_0.json,539,0.05807176608552489
a4e2066,c_a4e206629640b02107b0ea5ff076fd922a287f07_0.json,540,0.05804324301260322
cee767a,c_cee767aab23b93768812f1027664ff3d83edd7e8_0.json,541,0.05801694534817892
49b9344,c_49b93444b594c2418063c1f95cb07bd30bd639a1_0.json,542,0.05793467276092812
4272ad9,c_4272ad9b2e1439c190e0eae842afe22ca5134345_0.json,543,0.057861367388035934
bbbbbbf,c_bbbbbbfb607a0ee6391fdb6540d900b56493d523_0.json,544,0.0578240120957112
f52ef7e,c_f52ef7ef6b6275f64d0681373e413d8fa7984c4f_0.json,545,0.057799118173425756
31c2ff5,c_31c2ff5b6bbe590d6d34f41c22291a2f4f667127_0.json,546,0.05777668975000061
30b2fdd,c_30b2fdd187456c29b9e411e801c178d84331a0de_0.json,547,0.057497391558105515
1a7538a,c_1a7538acfa128a32b7d977d8936a60e60598fb24_0.json,548,0.05742808386281484
f574d59,c_f574d59dd322be0df10694c296bbdff9a7a2fba2_0.json,549,0.0573050792916352
194de43,c_194de43297ee92161aef886025d5aeba42db637e_0.json,550,0.05729569666363621
bd9fec9,c_bd9fec942f21a783cf42d485cf4fd660f1d9f128_0.json,551,0.05726215811983426
f60cbea,c_f60cbea34261fba4e6dda59d6818943f9f3bf70b_0.json,552,0.05720883972051549
07ae1b8,c_07ae1b8e83e3120ee6163a62bdb0ad47f14fc3ea_0.json,553,0.05710326331589344
1209751,c_1209751a7a5f2c1d58fc7c95631468648911ff5e_0.json,554,0.05708751341659135
3571440,c_357144023e5289d5f3a6280ffa31af93a26d0168_0.json,555,0.056936846353824566
6892714,c_6892714b99ed388c1f9f8f55f114fcb602186fa6_0.json,556,0.05689576178578992
d968062,c_d96806215acd52cce68a4974533703ca9311fcb3_0.json,557,0.05686473416943749
e071e5a,c_e071e5abf0a3d2b8dce713c1d30df8d5cf1249d4_0.json,558,0.05686358818973347
3ba02f6,c_3ba02f6c0ec4e19c3d32e562ae251de07e74ac4b_0.json,559,0.05676739148703236
7d3c892,c_7d3c89246ef7d27f7796a79215f5be588c9ed9dd_0.json,560,0.05673112220947951
fd92300,c_fd9230013c662db7e1ac34952745fc3a1c09e015_0.json,561,0.0566633645170006
d5351ad,c_d5351ad64829d7992500238d6040edd56d036805_0.json,562,0.05660980272799654
2c59c65,c_2c59c65788cce245785ba22861ba06b8a0955bce_0.json,563,0.05655312010586322
d7a4f53,c_d7a4f53548456f7266f4b6c25f4c284099adfe8a_0.json,564,0.05654622081970362
44b2bf7,c_44b2bf7d521000d8afb23d7317f3431727de3642_0.json,565,0.0565164008406247
fdf7600,c_fdf7600f911eb39de8ed60a45c41652d2510c130_0.json,566,0.05650180303986341
ae7e8d9,c_ae7e8d97e8b3df62a40927fbbaf799b5ba9c144b_0.json,567,0.05649620609051598
53ee776,c_53ee7764d56714c100cf7fc9f64bf29cf867edba_0.json,568,0.05648072506018853
a88a7cd,c_a88a7cdd4c263492a40848c7b02e34ade0b7d833_0.json,569,0.056444004656869495
23a2a95,c_23a2a953abda83eb12eb55909eceae5e32997637_0.json,570,0.05624658556828732
561bd5f,c_561bd5f334e9852545dfd526a9b3343093c178d7_0.json,571,0.05622882581035493
0993b37,c_0993b376430000ffb90aa749db7eda482f9e7411_0.json,572,0.05621389913399499
95a32bb,c_95a32bbb3612caf98ccc0e92ad3a0de257203a3a_0.json,573,0.05619276441969234
6c47541,c_6c47541636497f06889ee16bfc2df38aefea7771_0.json,574,0.05599325166534641
2492718,c_2492718480a58f036fd676b7fe0a150ddb8ea7ea_0.json,575,0.05598922412293872
eee6a92,c_eee6a92a4d2623cad2c090e9b858db7115cf335e_0.json,576,0.055970926898525564
a3f91fa,c_a3f91faf54d1466b9d01b3623cdee4bb33073f94_0.json,577,0.055858851339505966
1cbee32,c_1cbee321d8b98ef84af8346d7270ed726c95176c_0.json,578,0.05585704149856019
b5c8777,c_b5c8777dd44fcc56679a211169287625bdf51474_0.json,579,0.055758678794025185
0a5a497,c_0a5a497b48014d27a12cbc3c7818c160b1dd2d5f_0.json,580,0.05573733035985051
d090b64,c_d090b642dc04259286d3478cfa49f1da2f0755e6_0.json,581,0.05567562123042247
c578139,c_c578139c0184963ad7123ee107d7e12ef399de2d_0.json,582,0.055602194032616126
3303776,c_330377634b073f7e5ba36ccbb123f921426d2542_0.json,583,0.055528366660642425
55ba9b0,c_55ba9b0b65cfa904eb0d499b46ae4cd3c028b7d8_0.json,584,0.05543859979444421
6579a75,c_6579a75213234e317ce0284c8e548f62851a7d59_0.json,585,0.055410598567554925
2fcc704,c_2fcc704a0e7d863f19b5b14fb412c14f3c063dd4_0.json,586,0.05539191214212513
4f77bfc,c_4f77bfc115870fecec08de2b762ba4ac3642a0d2_0.json,587,0.055374529274895834
70a6a3d,c_70a6a3dcc6de219ae89b82e46fe39b190bf03306_0.json,588,0.05534526807473883
63c9445,c_63c9445d31a750687957d97fed1150f8fe7944cb_0.json,589,0.055305464871787335
748e137,c_748e13746423050a95b0a52ad3a0c01bc0851d0b_0.json,590,0.05527550646761026
d40f853,c_d40f8536582e8c74ecf20735f5b2263e514d3ad6_0.json,591,0.05504849118579702
ad03b06,c_ad03b064bdb6600666e93361e0562488866c9862_0.json,592,0.054988723335409384
721585d,c_721585d047b4cb31d0da2eadcdcc1e8d10f31578_0.json,593,0.05498422361309996
28982fa,c_28982faf799e6a7d06bf443327ea312d95716776_0.json,594,0.054959791023930116
82cf7fe,c_82cf7fe2bd1a9e8eebda02b1e183ccf50fbdea13_0.json,595,0.05492159390695739
5d24a39,c_5d24a3987aa732adab03ce9c6584b0d1f30620f3_0.json,596,0.05486256851764815
8ffa0cd,c_8ffa0cd7ff9917423c405ed8ad27e8809545f41d_0.json,597,0.05483809967603659
6c7032e,c_6c7032e613b5be8d6dbc19811f2e11221bf65c6c_0.json,598,0.05481337751069759
dd29ec2,c_dd29ec2c33a10fc856dd4f7777f819f7ef56f3dc_0.json,599,0.05467298214992733
16834a4,c_16834a41cdb318fc09542e8a41ddf3b28a217627_0.json,600,0.05466274579839836
2931c1d,c_2931c1d25c1ebe97c1665a585d83105d5f6932ad_0.json,601,0.05462345975824401
b0b5834,c_b0b5834e8e7059332618cbe3d34be58dba7b7132_0.json,602,0.0545825412317279
9c0781d,c_9c0781d414b9eee98f78d168b5db6c2cdda5147d_0.json,603,0.05454037203450812
35495b7,c_35495b79950fee47d479bb8625e4d4cf967a61af_0.json,604,0.05451818238367456
f5dd6bf,c_f5dd6bffe00eb9ec8dca2e156cf06c12584ee18a_0.json,605,0.05451803692660917
5b168ff,c_5b168ff99eb76ec0663c9167ba0a236c7ea85f23_0.json,606,0.05438588637768571
9f6fa52,c_9f6fa529b0d8406f358fcd3a6a9f3b21fa26c3ff_0.json,607,0.0543647674746246
73c752d,c_73c752dbb488da8c6d257cb62ce336012b475652_0.json,608,0.0543361385929757
3792190,c_37921905a00e9a81a238d6a90a838537e0bbca2b_0.json,609,0.0543298437738462
32cdb3a,c_32cdb3a285be401c9798c03ed02791d209c9b88f_0.json,610,0.05432873452519482
ada2370,c_ada2370cd492338a4de5e0b9cf260c82d0f5985d_0.json,611,0.0542800274296521
58620f6,c_58620f646d02b19c1a6a730b635ed7902beff15e_0.json,612,0.054254621959173854
5f64145,c_5f641456be4deab3b30f29ee250fc1fc0f0028f1_0.json,613,0.054218546443631
c3cb80b,c_c3cb80bcd27923bf228062981433ca444af7c700_0.json,614,0.05421852621430645
e0559c5,c_e0559c503f65641b9546c37e7c84c866caf37e66_0.json,615,0.05417900628281336
af91631,c_af91631a3cb2b98dc26f2b2a980e0dc3bf19dccf_0.json,616,0.05417522143994924
7d46a67,c_7d46a67af6e2d0491f63dfce7f3d5537fd9ea136_0.json,617,0.0541642386813892
3dd31f2,c_3dd31f2d88ad2109502a508bfaf1d81f9f7a3808_0.json,618,0.05413073980278149
6d8cacb,c_6d8cacbf6ba1c85c45b04c109022ed8343dde6a4_0.json,619,0.05409564650704979
68f5265,c_68f5265689941b2a3d2251cba5dcec557ef8f7cb_0.json,620,0.053996055922840513
bb9410f,c_bb9410f08aba80150139838db8abaa13f7c5e3f7_0.json,621,0.0539783955869253
a942f13,c_a942f135836f756b207759eeb96cf9c0e88e8248_0.json,622,0.05393421342365545
b9f6d45,c_b9f6d452db3e12716d59fdc16405476cb759544a_0.json,623,0.05387395890691116
467cf82,c_467cf820dd5af0aa6480d903c19ec8651fc22674_0.json,624,0.05380274395261486
51dd1cd,c_51dd1cdf3eae64959e9b128266b1ab48da28389f_0.json,625,0.053777767553774836
d76051f,c_d76051f78f17bfe669f0a48c188f3f749d465fca_0.json,626,0.05374930386426702
5f54fda,c_5f54fda829b4c96cf3d009f4e9a0b5f9659565d5_0.json,627,0.05371919122546209
790a3a2,c_790a3a234c91f7af7ba21f87df4808b03adca5e8_0.json,628,0.053625993032884844
8e779f0,c_8e779f0382a203bd95bdc66502f1eb2e06ae5719_0.json,629,0.05361612509220903
4f04063,c_4f040633aa15a3b12bb014257b04ef8e8a9c0ede_0.json,630,0.05354710665224005
cdeacf0,c_cdeacf09e33ddbaf75a4563d7bc62063f50972b1_0.json,631,0.053509790045978445
4d3256d,c_4d3256dfb95c9cd36dfc498f67598ef87df7ec7c_0.json,632,0.05348642060416209
50ab1cc,c_50ab1cce105af55209b83eb7709d9afc94f71958_0.json,633,0.053470636670813865
ae46a51,c_ae46a513a314dc36f12346b57ccacacf7ffb303a_0.json,634,0.0533952370713241
21a05d4,c_21a05d42260bf6fac5b1bb59d481db14e73c061c_0.json,635,0.0533603380502925
583cfd3,c_583cfd39b4778a5ea15458d237574cb7472574c0_0.json,636,0.05331420811791432
7d66f03,c_7d66f03134a4376940815785716d95e3e79b806a_0.json,637,0.05330070787185104
46bc210,c_46bc210597874bc817a7e4a1339b395c8d329958_0.json,638,0.053298239879063125
9be879e,c_9be879e558515f40ab79ce55944919f370f5c865_0.json,639,0.05327396095691661
1a5b0ef,c_1a5b0ef6e985dd63e51eba610222650a4b2a41f4_0.json,640,0.053216456893022235
3a413d7,c_3a413d7844c22dc6ddd50bf5d0d55ff3589e47ac_0.json,641,0.05318638030586098
1c52431,c_1c524312cdc4a8c8a38a4226aeea6da77b519fe8_0.json,642,0.05310523129670275
714c53e,c_714c53e2af8fe894fda54eb805958ced0ce08532_0.json,643,0.053069411131139055
3c4b31b,c_3c4b31b40ca0b42b0dd58c7bac566327a4d4e9ea_0.json,644,0.05302752324757176
0109c43,c_0109c4334e4a1abe4c6e396560b4eaafd72ecef6_0.json,645,0.05294644363537249
404ada8,c_404ada8f27e345afdd3e77f41cf28892771e22e3_0.json,646,0.052916042501946925
4226539,c_4226539fec08b7f04da862fa23189bb407916550_0.json,647,0.05288671428934677
e8d955f,c_e8d955f1b23f7835fc0a2044feefbe055fc87694_0.json,648,0.05286105405908814
79ce64e,c_79ce64e7ea3ef567fb832974943e20317e2f3baf_0.json,649,0.05280251986979856
9e6dd3f,c_9e6dd3f2e7fd1ec51d31ba95c20963950bf300a8_0.json,650,0.05262257782930102
b835259,c_b835259ecb3d91234a5ff36e57bb928cadc4aa36_0.json,651,0.05254325602468535
72028b7,c_72028b718f85d3c547e770c8d84f688b8cd89e16_0.json,652,0.052541756257128536
bf8d08e,c_bf8d08e230c5d1f18fc439a8caeb7bbd8f971e66_0.json,653,0.05248975967768066
e433f2e,c_e433f2e9c8599de1e4f2e0d4d7312a875818b8d1_0.json,654,0.05247826068682526
360b3ed,c_360b3ed729f6ed8435c275b602931a86c77d8ad3_0.json,655,0.052459442203034
2348617,c_234861794362a0194bf8f2b850b7f8d3df21afe2_0.json,656,0.052337343447600215
6c6142b,c_6c6142b2ef5f4444cbfe5ef931a28f79a9a9f2c9_0.json,657,0.05233250505421749
a1a0473,c_a1a0473c1996c67599d1622465397306a722593c_0.json,658,0.05230600316206768
26dc14b,c_26dc14b0c91afee273ccfb885d6cd3431e2b2bb3_0.json,659,0.052238916477087116
67e22f8,c_67e22f8cf38b600de736c53b06e790e913675c33_0.json,660,0.05222945468496476
73c4679,c_73c467922eaf2579fa5c24e5aa2c8e5ffdc50aeb_0.json,661,0.05222452072089023
f713c75,c_f713c75b508d1958d6f0a0fb84ebad8a8f3201ec_0.json,662,0.05222295701103008
9cb266b,c_9cb266b77b0b55e995b94771ed730fa8a75fbffc_0.json,663,0.052213613738431475
6c6ad87,c_6c6ad87919d22bfa5cb17793c8e25514c3985f87_0.json,664,0.052156308491653314
0c90a60,c_0c90a60c2786b06ab6f46b4ec8f07c244980756e_0.json,665,0.052146141748383945
cfe3388,c_cfe3388edd8cd2e60bdbae5e0097275dde52c7a7_0.json,666,0.05208604771441383
b788af2,c_b788af2a1b42d19260eaf9ffb9c7aa87a9f8d43f_0.json,667,0.05203408915886498
ba861ce,c_ba861cedd2f9586367c6c8ac229dce7554db4c09_0.json,668,0.052016525191895924
70ba0aa,c_70ba0aaaf4da2ab13d76972deec24a4a4d816940_0.json,669,0.05200858228922012
fa566d6,c_fa566d6c4435affa2a4ae187194803f878a2f453_0.json,670,0.051930112824352004
15e0a37,c_15e0a37efcf967aaf58ffd0706545794a82eb7c6_0.json,671,0.05183176812692991
157fe66,c_157fe66cee9dfb4fde894ad1015fa16f7a54bed9_0.json,672,0.05177467234984612
78f9860,c_78f986043e9fa3ae6a9139e0b81933400626c731_0.json,673,0.0517600114721366
2c5adef,c_2c5adef4066e04c58dcef1903c11b36a1b58b09f_0.json,674,0.05173943154437721
c19bfe0,c_c19bfe0c328518cb9d9734e8e15c174c150b86c0_0.json,675,0.05170105306453543
b89707e,c_b89707e61489ca36c1e02819a24c3bba57f3f59e_0.json,676,0.051694824832788866
e349fc5,c_e349fc5ca68b999bc10e4426b88de8eb3b65bd85_0.json,677,0.05160238501575387
66c4a1c,c_66c4a1c10d33243fb0a6f850d350226ab4d55a6c_0.json,678,0.051578328769374626
3f5e2fa,c_3f5e2fafb4f17632d783a1f6977b42588c7b1414_0.json,679,0.051524313478630734
11a59b1,c_11a59b1e071e4b7e0343d5cabc39232138d6b3f7_0.json,680,0.051442202765894396
bffc316,c_bffc316f87f72d62578940d4a98d30e83d5796a9_0.json,681,0.05142896260657048
8816492,c_88164922de11f510206e06689db05b797d00f8b9_0.json,682,0.05140862061349316
8672850,c_8672850dbabfddc9f38ee899a259b1dce992794a_0.json,683,0.0513893366122361
a7236b6,c_a7236b6d711d55fedec812d4188801c6d6d5a378_0.json,684,0.051326222713581005
dc56a75,c_dc56a75683850c228439491ef9635f5145d5ebff_0.json,685,0.05113288942161076
dba8157,c_dba815751a0cd98b9bdfabbccb939c03bfd5c079_0.json,686,0.05109409116146879
0f44370,c_0f44370d09c96a9978864aefb50e0086eb90d9df_0.json,687,0.05109350158314585
d2ec203,c_d2ec203cc3e19cb26d01c4a153e65f395ad6420d_0.json,688,0.05104119640255256
d94f390,c_d94f390d16125574557cdd5e297f5c07ab0c2446_0.json,689,0.05101610643945487
61ba006,c_61ba006d2a1d45d9ab3b5c26d3241a83d3f70777_0.json,690,0.050842753192210766
bf31353,c_bf313539eee9ca9e2db6bceaadd1311b41d9c569_0.json,691,0.05072396293551673
a5de35c,c_a5de35caa131cfcf72d2c34cce18fb939fab66b7_0.json,692,0.05071179358290023
43bceec,c_43bceec9fc98fd056391ab0f100e0dd54fa3764c_0.json,693,0.05068217066895886
29ae347,c_29ae347c15b45eca15a642f483a1f08a37c3f166_0.json,694,0.05040620583732425
cb16c51,c_cb16c512c40aa8cf81f72ebff45786a7d2e493ec_0.json,695,0.05038066465168678
45a8941,c_45a8941a9037efd09b236373d73c9ece35d05132_0.json,696,0.05021477905063887
c8bfdbc,c_c8bfdbcb0e6b79f6ad39bb6f00f47208a3b5e17c_0.json,697,0.050140257144175804
fabfb2d,c_fabfb2d05467c93367848e803d44ecd7b14c35f3_0.json,698,0.050115292804887246
5aae9b2,c_5aae9b2ee3ea9cf3162995eb2ef37df4eb0dfbeb_0.json,699,0.050041942355069424
331282f,c_331282f8082168aa43ee92ad2a57374aa073f74e_0.json,700,0.04998004537187095
a92450e,c_a92450e88df85d6b7a0fa53517da46286c24f53f_0.json,701,0.04995763759721439
c9bb201,c_c9bb201571e8646aae2ae4f47db903eacb40c5b1_0.json,702,0.04995466949477412
3b5d9ed,c_3b5d9edf4e4adb6ccca0c21faaf469b842dba4dd_0.json,703,0.049933245293506845
cbf5309,c_cbf530938f51338e2d4267fbb536c177683dba19_0.json,704,0.049889155324875145
dd707bb,c_dd707bbe25ef0c2cb33855e0e757fa6f8d7f5c6b_0.json,705,0.049875773197885276
b997856,c_b9978566282eb4278d4c4018e2030c14372965d9_0.json,706,0.04984109659315139
03ea770,c_03ea7700d090430ae203b623305dd4565d80f537_0.json,707,0.049793065661184466
78e61bf,c_78e61bf69c5804b45a6cda006fc6780bbd9dd4d4_0.json,708,0.04977383612885
a14dd27,c_a14dd2731fb056da5fe7160a3f801ddcaace5660_0.json,709,0.04976356369935142
339cf9a,c_339cf9a991c3e20717e771b7306ecf3d5f384bbe_0.json,710,0.04973556030469817
3c2898a,c_3c2898ad5dede0054c4ad88fe3487aeae4e95bef_0.json,711,0.04972354110551447
62e4b9e,c_62e4b9e5f9797d72077610ab91b7ce88cf6101c5_0.json,712,0.04969956088790961
0f951f3,c_0f951f39883b74fcdbe8b9c183a50abf929e4440_0.json,713,0.0496887929179326
878682b,c_878682b9d17ac4549bec889b8b051bbf254c2c1d_0.json,714,0.04968571473234007
0a9dcb9,c_0a9dcb9a49b2600e6c4e944c903cce7739836360_0.json,715,0.04967949356229906
feeee08,c_feeee08603b5a3ed0871cd7d6985c825b71c3fc6_0.json,716,0.04966913211140089
a9f1ae9,c_a9f1ae91311276c5321e23f880aa3b0078e1d191_0.json,717,0.04966313572806935
89eb460,c_89eb4601cadbd1a821510fca05d5d6eb6377c50b_0.json,718,0.0495950195355328
72ec854,c_72ec854165480a0602d18fae6629ccd59bedf375_0.json,719,0.049553292652529723
c817e44,c_c817e44f4baed717eac1ed8930c371e8a6eefd81_0.json,720,0.04954824379281797
e092621,c_e092621ffd2a52c2b334b63a9ace3e9e9757916e_0.json,721,0.049534051713279625
3e6eded,c_3e6eded06f968760bbd8e322cb35937a423c26a8_0.json,722,0.049517477806389376
4eebf63,c_4eebf636dd3f32f25f4f6335844ddffee631d131_0.json,723,0.04934905386492472
5d8a77e,c_5d8a77e2bf78e55bbe22bcd8059091737e9e58c5_0.json,724,0.049317555721893336
fd6bc0d,c_fd6bc0de72a9b8d006ae48c8d8b3812423ca463f_0.json,725,0.049287272850777386
b87ac3b,c_b87ac3b95ef4ca3fde725b568371c10779bf1427_0.json,726,0.04926793866352297
44e2b45,c_44e2b4553860afcafb8ff969c8f416cda3b62f01_0.json,727,0.04925553490133994
ceafd88,c_ceafd889473600be23cff5f0f904a01a69eda299_0.json,728,0.049243518284954435
07955d2,c_07955d2735c33f19ec9ee0bdc7f38afd085476da_0.json,729,0.049141964760775037
c4788d9,c_c4788d953b68641523da625111e352132cafe90e_0.json,730,0.049030910079084666
92e7588,c_92e7588025c7c7ef7685e18f0ae180e7a8342202_0.json,731,0.04902826457678833
c51f521,c_c51f52113ae1fc3d204683582ffa82d581ba673d_0.json,732,0.04900234250820612
51bec12,c_51bec123e23441880268ed696e6014515165071f_0.json,733,0.04899446167705701
0516796,c_0516796ccff66a429bc86149096eb29807a84f3f_0.json,734,0.04878582460054848
b1a6172,c_b1a61729ecc5bf60d3dc69fa7a50b06395b5748c_0.json,735,0.048661977296353465
8a5de9f,c_8a5de9fdef9f9732588f9335e37e8222aefa80ae_0.json,736,0.04859818619583611
9e164be,c_9e164be08b0fc33f73a63ce0b7d7abafeb3cc7e7_0.json,737,0.048568874315185195
2b25b36,c_2b25b36a3db81dd14141e7a6ba06824990c32f95_0.json,738,0.04851119783180913
b63efc4,c_b63efc4aba8f3a82577f215db2e3cc67c26293b7_0.json,739,0.04847709528057442
d247976,c_d2479760993513d5ca3aa74f44eaa954bfb63d1e_0.json,740,0.04840356263699486
98181a7,c_98181a710fe12a914f351a158c0e4f55c276081b_0.json,741,0.04839018279557006
cd40f81,c_cd40f81a6f7557cdb526de52988cd158b744e2fd_0.json,742,0.04837599077803956
d3ddf13,c_d3ddf13c4a3fe1dfa9849d0d04eeb9f86a4bad8f_0.json,743,0.048373337594807664
88406cd,c_88406cdac37d6a191686f98c70dd6a6795f6f8c9_0.json,744,0.048344583828016874
3b798c8,c_3b798c8b45a527781d5c6a014ea42b24018bf75b_0.json,745,0.04831601218781467
b036d68,c_b036d68c0828511274034c363c2a5c7a90c6bf06_0.json,746,0.04813929364177327
65969a1,c_65969a12bdec1c325df033e302b40f33bba8cc0d_0.json,747,0.04811233148579086
abcd066,c_abcd0667f312da4088a8b04ef75bd15f50d67287_0.json,748,0.048086966955378285
67fa5aa,c_67fa5aa4e02fdeee1bf71a79b460027f101e766c_0.json,749,0.04807353511485457
3104c83,c_3104c835fec4dbfacab9bb23d897cc63b11dd53a_0.json,750,0.04796831208351893
582ba2e,c_582ba2eaffbb3d0fac2a1b938e1a7d3284146624_0.json,751,0.047864995526366694
6025401,c_60254016834083e30788bc0ea150c5b32f3af3fe_0.json,752,0.04784870210530068
3c10f16,c_3c10f161032b22649a70a6edc3514b2a40f220e7_0.json,753,0.047784559123718706
5bb0e47,c_5bb0e47133be53a740c367727294cbbf1e85ea2d_0.json,754,0.04776971202867175
7509f41,c_7509f4128f53609b6a875841972db143dfd84739_0.json,755,0.04776261864646192
8f0e2f1,c_8f0e2f14ff4610926dca4e8e2dfbfc78b8dde424_0.json,756,0.047619228923426515
029dcff,c_029dcff9f9a82b60002d7acf347d66324195ad56_0.json,757,0.04761814541268794
b1caf28,c_b1caf28ec4f8a48c20142fe7b90ed4407daf7cb4_0.json,758,0.047594309228772946
d8053cc,c_d8053cc9e6549a3403dd578a84c73f806a85cb44_0.json,759,0.04750920774430323
db0d0b1,c_db0d0b1b635a08feffe1dacb74337ef9939fd4c2_0.json,760,0.04740950573354308
ff3b982,c_ff3b9827639c59940312d50919b5c2484b4ee16f_0.json,761,0.0473538409410762
2742227,c_274222734ba252425fa9efd2b9a0ba7fb72d12a3_0.json,762,0.04734039733291695
c6391f3,c_c6391f360db0b1e047e153298bd1d175bfb8a5be_0.json,763,0.047218556332523476
c4925ca,c_c4925ca4ca67d4e71b85df7536e57bbaba8661d9_0.json,764,0.04692921461997557
d35adaa,c_d35adaa57344333867137791839159565a2ccf7c_0.json,765,0.046883759363222643
43e7029,c_43e7029f2d81ce9c7b9a51bb63493f817e06eb5d_0.json,766,0.046855796654382
db354e6,c_db354e68baf9b519d45a67b8da8ac647572ee89f_0.json,767,0.04671548718273477
131cef7,c_131cef795b3949db7c4913d17619ecfc6ce9d4ae_0.json,768,0.04670483019193017
93e4ec9,c_93e4ec9fdb473f51636508c051800360865c6198_0.json,769,0.0466923544402994
12c05dd,c_12c05dd8bccbefa84472abb08c10feca97a07bb8_0.json,770,0.046691693280168534
ddd34b7,c_ddd34b7f259b1819f7ef2bb6f56c0c3d63a5b30f_0.json,771,0.0466756603177193
57eb012,c_57eb012234afb306f1d0d910c24f84ff2e519650_0.json,772,0.04660844889801019
4109251,c_4109251f742412d95dfa939dd2da6d2f831948a9_0.json,773,0.04641042434228293
be463c2,c_be463c22371f9571ea0553959d62460e2daed59b_0.json,774,0.04640812242242087
51ed402,c_51ed4026310a311e21eba19fee9df3c66c67c4cc_0.json,775,0.04636521318042541
31c46e1,c_31c46e10acddd02e88628b82144993b237cfab1b_0.json,776,0.04634607376910349
8255f7e,c_8255f7e101451b5b7559122383513845314d2032_0.json,777,0.0462529149356431
d0b8292,c_d0b82920da5501a1481644f6f285bcef45268af2_0.json,778,0.046154538269647105
d88831b,c_d88831b659b3f709786ee3343bf80a178fd5b82a_0.json,779,0.046046819378891546
80f4c35,c_80f4c35bab8b463215f96f7b9d4565d5191cc2b8_0.json,780,0.04604542544748069
33589db,c_33589db6ad80f8d3616d3a45bffdcbb2f6312f71_0.json,781,0.045908962108709095
bf0a598,c_bf0a59869c74e98edf86ace236c3d54ecb36205e_0.json,782,0.045864486954963146
528c7f7,c_528c7f7a530b7bfd357a9dc420548aa664e9e781_0.json,783,0.04583429033819475
6101794,c_61017942cfd898a76d0531d3f247ecddbb452730_0.json,784,0.04583046690689685
dad52b3,c_dad52b394bba6c6a6ee6ec300497cde3e915f1a3_0.json,785,0.04572330028052951
655277b,c_655277bd2e7d783ce98fe22126ef45109e319770_0.json,786,0.04560841229240098
e5ad614,c_e5ad614b8627e19ee9d98b959bd9bf58a13a0226_0.json,787,0.045604971937641126
7851837,c_78518374ee54d9816d7147099a6ef3aedbded479_0.json,788,0.04558868258489246
1b7590e,c_1b7590e5d5f512a3e178c7ce06ed4cd150335807_0.json,789,0.04558201677125695
51b53c2,c_51b53c21da09160012d41726b0c019002cf5a5ab_0.json,790,0.04557005504283951
cd35cbc,c_cd35cbcf256b26596fbad2da6c74a0f5c15591e7_0.json,791,0.045536180058094455
9566157,c_9566157414404c5ea9b4003e4c3bdf334abcd67f_0.json,792,0.04549477814236225
62ea1bf,c_62ea1bfa32188c029a5032862d84d66ced164a24_0.json,793,0.045374942271139584
d1adaf7,c_d1adaf7d96fde1ea29e36d3d0e98d1aa7a01ca28_0.json,794,0.0453718457058746
65a5478,c_65a5478fb4d8616417524d13954fe92c501f9e69_0.json,795,0.04531510377842196
59b30b9,c_59b30b992ea25f0106faf1d9cbbdab9313724eb1_0.json,796,0.045314624990748564
1567bba,c_1567bbab91f7285e4db4978d091d39282a014dd0_0.json,797,0.04530697124635741
6d3a272,c_6d3a272c0ace74604b29e11b9850853b0b03bf34_0.json,798,0.045304927548733165
9d1583c,c_9d1583cdfe52999c071b4151455e8c53e2468abb_0.json,799,0.045268456700297666
d9b72f0,c_d9b72f091c8a157695bed7db408e36e839d95430_0.json,800,0.04526657500254405
8a47b50,c_8a47b508406a9d143348d72a146efb3ee7fa7157_0.json,801,0.04523787845193006
830e672,c_830e672be26791f9da7b4e1c9b5962b55950f2f6_0.json,802,0.04516819482006862
e0a8fe9,c_e0a8fe92b6607ba1869a5866ac5d1e8742b89058_0.json,803,0.04516255538095837
ce9af66,c_ce9af66847189724b4251b0c1b8aa346bb1bd679_0.json,804,0.04510051244480606
c52cb86,c_c52cb86eb06d1b40382f9048aa49a44d86da2fad_0.json,805,0.04502072756250963
614858d,c_614858d75f5703185bb9f0df7a0d9367c7ebc5e0_0.json,806,0.04499172881398916
0ea95a7,c_0ea95a7397d7232c95db8ed506991e20424e304e_0.json,807,0.04494246086300335
44f74ae,c_44f74aea29b99f926ce91cbaea6b2b7124d3f0ac_0.json,808,0.04492995177945325
6440433,c_644043327969140f6bdf408c54706b8b4f3afe62_0.json,809,0.04491521434046486
310e0c4,c_310e0c4ed66945c5863075d4d6a84b96342151ef_0.json,810,0.04489571899163991
87ac8e9,c_87ac8e95c4317d1fd366cb2d5484a6024d3474b7_0.json,811,0.04488932727548045
d0a3f0e,c_d0a3f0ee57784a65b8a5ae8cdc399a5d5f4c36b8_0.json,812,0.04481773202129946
c2c22fd,c_c2c22fdf9e93a644898218f462096e2cadbb9058_0.json,813,0.04480832725193795
7cff590,c_7cff59020619b432c7985dddb62e6511686f6c15_0.json,814,0.044786967842590286
41bf694,c_41bf694486c947573079a315f7f44fae1b0041f3_0.json,815,0.04475698778463377
b7f8305,c_b7f830523b45c564f02cc35d9c90597f3f53590a_0.json,816,0.044656328355977215
0433425,c_0433425ef67c56f0385665b124caaca8d929c27e_0.json,817,0.04462662237790327
a7210d0,c_a7210d05fc3669383277fdf1305d04406bf1b9e0_0.json,818,0.044607415540737105
8acb365,c_8acb3651b1e903438a4a98811b7422c0f4c00ff3_0.json,819,0.04458399831660609
4b3ac22,c_4b3ac22a64b1a2dea220d05cfdaf37d61ce2d313_0.json,820,0.044527611937330014
efd2748,c_efd27481a9b4c84bf9a05be83c6048ac4956e02b_0.json,821,0.0445172489984722
60563aa,c_60563aa4c5a04469431c5f6e0c4850e630e99cdb_0.json,822,0.04450623042179869
7691172,c_76911720755b6300f36426e83a4c7a6fb052ae63_0.json,823,0.044348200342166244
6ed3c27,c_6ed3c27ce26882eddc7672e6cf74842e5b8a50ea_0.json,824,0.0443461183990832
3746dd4,c_3746dd47d9bc17c4e5090c4aa49d2307cb0121a1_0.json,825,0.04427496847083534
e161f2d,c_e161f2dac4dedaf07bc64bf067a1ededb27b5d74_0.json,826,0.044194192424479195
301d885,c_301d885b95329a7d4d4844a68407293be160bef5_0.json,827,0.04417600985905645
1811643,c_18116433494dceb6e9ac589f441a8950d701f1e9_0.json,828,0.044073295702878545
aab3dfb,c_aab3dfbd40e9e22755a376bdd2aa2af88ba356ac_0.json,829,0.04406651472773904
6ca2038,c_6ca2038820082b2f0b739cc4048d02e3d83b4412_0.json,830,0.04404846394641038
43375f4,c_43375f430fd97111b3c9649baf651ed4ee838c71_0.json,831,0.044044692622956516
6d19e6d,c_6d19e6d7842a8be61d5895703b448b8d3e7af617_0.json,832,0.043932159673175875
284afb6,c_284afb67e47546c8cf3194c2b273adaeb27df283_0.json,833,0.043868078563867874
a8913f5,c_a8913f5ad5dfde59263c981c9e9eb28e43fd2e00_0.json,834,0.043851316454868394
beec594,c_beec594614e14f83c57ca24414179de8f9b564ea_0.json,835,0.04380935159199428
e1b2033,c_e1b20335ff8c90189a7dce4b43107edc0313eb71_0.json,836,0.04379085227608748
b6890ea,c_b6890ea4a858bb37ab3a219d735a1c9331c87be6_0.json,837,0.043760647042684786
856d11f,c_856d11f5efb27636b8a6ca85dbee65a8c23c4cab_0.json,838,0.043632377839240566
53438f4,c_53438f4161767d03999ac0a388b9fb1d1e426c4d_0.json,839,0.04359857990809102
b00d835,c_b00d835b7655fd14d55e0e4fcd0234177e18944e_0.json,840,0.04356557195619337
e1e7a3b,c_e1e7a3b742d392bbe9d4a87b37dadd67c6f9069a_0.json,841,0.04356519329004438
358fb5d,c_358fb5d5d9adec6fdede6a0436b3d6bcf2b1b36a_0.json,842,0.04339020140559635
a3cc13c,c_a3cc13c9ce9a47b656823a4836a4f89fea34fb18_0.json,843,0.04338497661652674
869c49c,c_869c49c93fb2f672f9ae3175764dbc42587e6149_0.json,844,0.043356473531167894
bf2500f,c_bf2500fde3b5108cdd5b18d847dff401c3636e43_0.json,845,0.04335012871347721
54e0e0e,c_54e0e0e7960e6c2d8ad7a7476c71088238bafb8f_0.json,846,0.043289205330395264
da10d7e,c_da10d7e4ec270a11dd2bc2c4b8be2a123aba2f3c_0.json,847,0.043248628753927654
cd675bb,c_cd675bb9156cd723603ba7dea36cc079b699063b_0.json,848,0.04318730695125206
8cff9bb,c_8cff9bb7019d8ca65351541c7ab2346fb81aeedd_0.json,849,0.043108402380625854
9468433,c_9468433306fc233b48dbde1764989824f0448e0f_0.json,850,0.043080397950427174
38a5d1c,c_38a5d1cc42eb1008792144823c1a44a9324a754c_0.json,851,0.0430276609778818
08a3a0b,c_08a3a0b969b1e5d1d06489a698fe9c9b69e2f2d9_0.json,852,0.042959520706552956
0ba58b0,c_0ba58b074f5a3bdf6cfe22ba84323f8520e5aafb_0.json,853,0.0429352322310943
61bbfc4,c_61bbfc4731b95d0f018db459116d44ce3c0e4664_0.json,854,0.042890902766286265
860261c,c_860261c5f8be86ba8e3b7ba3d7884fd762708f99_0.json,855,0.04288545668250754
524a342,c_524a3429ae5a7c2e77f468895ae933e4856bd17f_0.json,856,0.042884308966241846
fad8c2a,c_fad8c2ae24f1398d61b57e7effa2fd136f1a0416_0.json,857,0.042782062769387674
d87a2f9,c_d87a2f92492af0b6d3d850aab9323ad9b0bfb457_0.json,858,0.04266082926881265
7b36948,c_7b36948dae4adfe94abbb37285fdebcb7c42e0ce_0.json,859,0.0426009985913679
25aa041,c_25aa041404f53d3525e35c891fcca2c4c7764296_0.json,860,0.042379648487941846
e1da80d,c_e1da80dbf5a3a16c65fd5ee7756f234572bd6aef_0.json,861,0.04232900730721911
174240f,c_174240f2347459a29168781540f4950a3f84a978_0.json,862,0.04228320826948251
b55a47f,c_b55a47fac957dd9285ae1a43d56c7122b338d6bc_0.json,863,0.042235968149941794
04c3867,c_04c3867fed222e874ce5174d28da5504e18e970f_0.json,864,0.04223091361397713
f9fb0d4,c_f9fb0d413f1e9784a4ad8ef14c6967a6957518dd_0.json,865,0.04218337395315197
d7a7fcd,c_d7a7fcd6e2d7d8210bb37830857e110f7cdee6eb_0.json,866,0.04215066199818773
0472506,c_0472506e5842fb03c441bfe2c59f263d46aec077_0.json,867,0.042107744342092746
ad21e73,c_ad21e73f2f9b3e4249aab38a27a19a938b7bae4c_0.json,868,0.041951618182111794
915e7b9,c_915e7b95547ccf7ba2032d2a548eff0009887728_0.json,869,0.041896130620713845
a5edf79,c_a5edf79d02e5cf269787102bba6d0de016d0630e_0.json,870,0.041890053347997336
5d157d6,c_5d157d6507be5fd8ef53b1c5fae2182880b3b755_0.json,871,0.04178408334156203
fecb521,c_fecb52131ddbfef462a71375fa1124f83c030668_0.json,872,0.041685747986957566
e2df26d,c_e2df26dd5dfb1c7ced17cc47d0c10a9cf4759c1a_0.json,873,0.041678283572696984
fe915d2,c_fe915d2cb3cfac7d8f2d2f95970d41a65012e055_0.json,874,0.04161757456332438
72466a5,c_72466a534fe821afe123199b5a7f1001ff3bdea9_0.json,875,0.0415741883566485
a7416aa,c_a7416aad902ed34ca44f03b1edd3d6ea6f9c721f_0.json,876,0.0415737114623812
9aa6681,c_9aa6681d31b410756bf0b8c252a86e31f4aee30f_0.json,877,0.04152246637309087
1c721be,c_1c721be9ef307c1f096302e4e6034b22feff42cc_0.json,878,0.0414373214154069
7c4c238,c_7c4c238b7b4dafbbb0269c05fc152c0de22c9c3e_0.json,879,0.04142352826085127
362a57a,c_362a57a143736bf275c4b48cdf0284d0b569a54b_0.json,880,0.04130854833867248
ac0715f,c_ac0715fa5758bd45e07015c7cd0a12f46a51b1a9_0.json,881,0.04127171492463377
639e987,c_639e987252a1a22b1793347f48c233da980c8939_0.json,882,0.041205153199594835
becd808,c_becd808db463a8a568b4372ce646265a4e6b55ec_0.json,883,0.04117199623604717
95693de,c_95693de1e0a55957a4318de55d76a67258f0f0aa_0.json,884,0.04097359443165616
940ea81,c_940ea81828ccc569954c598be775e4890d10d101_0.json,885,0.04084217740117102
69c3d75,c_69c3d758fa58a5abe835e1c7f61bd5e85bc0dc73_0.json,886,0.04083750275320086
579d66a,c_579d66ad34f2e39b58a5b1e2f963afa9086675cf_0.json,887,0.04073089173515365
0393d90,c_0393d908939be0eceea3edda511c1c6f4c8a303d_0.json,888,0.04056601432972606
f8d3b7a,c_f8d3b7adb905fb06dee1945a6f72b95cbc01f99c_0.json,889,0.04055465862751295
ae732ef,c_ae732ef3beb1d6837f246c1b46544d93c70a4bd2_0.json,890,0.040517402170030636
fa7e966,c_fa7e966cd0162ac3c21d46c56448a47de251c6b9_0.json,891,0.040445548572279444
d7bc215,c_d7bc2156a97e10be86006abc2c92ac86fa8678f8_0.json,892,0.04044429920887749
9282fb0,c_9282fb099a9662b31168d402cfb80084c41fab5c_0.json,893,0.0404363514654027
101995f,c_101995f41c8cd6b0aafa0c840de3da1951e0889d_0.json,894,0.040318019130276106
2490507,c_2490507fb702a44b888984ec0df4e067953b6af2_0.json,895,0.04030703193807572
6b0549a,c_6b0549a63ebc3da9dc133f8b9b240218e6ce5101_0.json,896,0.040167967280878236
93c99e2,c_93c99e2910ff4238caaaad76f4f468bfa0a2ab1c_0.json,897,0.04008083153820097
785b98e,c_785b98e47f14afbb2afe9012cfd90d7e051c963a_0.json,898,0.03992285985246791
d9cb23b,c_d9cb23bc1679de10deebd462bdc97e77421b1aa7_0.json,899,0.03988730245395067
d1284b5,c_d1284b53b2a0d06a81cdd9e0ea1205d0e5c20631_0.json,900,0.03982057744336032
7cfbab6,c_7cfbab6fdd61b69706f2d846a84e11fbad39fae8_0.json,901,0.03969892555351007
7573233,c_7573233fc78ccc08f383a70d309af8a4d6a17264_0.json,902,0.03969350241750558
7804df4,c_7804df458169ae3a64e8481d8c5cdf84827552c2_0.json,903,0.03962712260395462
f31d099,c_f31d0996d5eefb8c5384795b8c9f1f6a4149f219_0.json,904,0.03957869801585523
07ab0b2,c_07ab0b2f5063443319513c28293d4a52c1aaebfe_0.json,905,0.03956102247118587
7ab0e5a,c_7ab0e5ac2557a0e59260898b287f8f89f9d16d95_0.json,906,0.03955740075054304
f9177fe,c_f9177fe2cb23f11b54894b28f0a885fba9256d80_0.json,907,0.039540077471081125
40bad1e,c_40bad1ebc2eea35341fb42bcec355366467ceec0_0.json,908,0.03948595820497114
12883c5,c_12883c595ea9e1e82acb2875625a51d3c9a35a0a_0.json,909,0.03948331085196455
3d9b263,c_3d9b2636a84246b1f9466ff96907284c7800b88d_0.json,910,0.03946981797450899
f67b62a,c_f67b62aa59a9634ef16bd1d27ce6157313c7854b_0.json,911,0.03946028307750882
3dbd6a9,c_3dbd6a94aecfa8f6ccf5ef4f15147665b5ef5d5f_0.json,912,0.03943041600318342
0748504,c_0748504f40e397c69d857db3b9ecbeee4c705fc7_0.json,913,0.03939234365142097
7e08f74,c_7e08f7490f43da8846ede296ae1f6e984a9a740d_0.json,914,0.03930245756807216
c099c11,c_c099c1155af7289d091a118c2c38bafd4d894bc9_0.json,915,0.03924959917869142
9b9eeb2,c_9b9eeb2f9d31aa8ca3a23e538f124a9cba27e21d_0.json,916,0.03921586471777716
cbcdecc,c_cbcdeccb40f7797e8c07862578fee4b4df039f59_0.json,917,0.03919780060856781
96f76a3,c_96f76a3342f6fdaadd24638002574a35c6d24d80_0.json,918,0.03915066927058508
f0d875f,c_f0d875fe4ebf2788157dc17b73b7a4b2fa421539_0.json,920,0.03903996929451048
e541f5f,c_e541f5fd2026976331403541ff93b043d4e130c8_0.json,920,0.03903996929451048
5c27db0,c_5c27db0d706efb3b66c9cacf87de667f3fe6704b_0.json,921,0.03901843602029731
eb72327,c_eb7232765562e92e3d976e1464f0647fbaf7334c_0.json,922,0.038906217580380265
ab25e10,c_ab25e10c839a4dd700500ab7e88fdb4aae7862f0_0.json,923,0.038669697932916414
9a68ba2,c_9a68ba215989a0d82a6973539791aaba8dbcabef_0.json,924,0.03861358568551654
369388f,c_369388fcda06e845e28911926d82cb8f634b4bba_0.json,925,0.0386029368536317
7401b4e,c_7401b4eb18c489d1c9f7e9a2e6903fd984220d06_0.json,926,0.03858602409029066
c448a40,c_c448a40c2e2a5c992a60afd3015fe7e0d244c0fb_0.json,927,0.03846660968743687
0d5c8e7,c_0d5c8e72e8cc5b203bde770bce22f3b136d538b8_0.json,928,0.03829653076185924
22e073e,c_22e073ec195960a3b0b1bc21806223dd668acd59_0.json,929,0.03828275627003197
70bec6d,c_70bec6de9fd31f258d42679862ea99c888c8c943_0.json,930,0.038240665260453444
0c7b06d,c_0c7b06d99dc6ac9dad724e9e3951aa0942593a6e_0.json,931,0.038176821628679525
f3b1059,c_f3b1059c08fec4961b5af9cd4a2972454d96ed22_0.json,932,0.03816593126946666
f582cd6,c_f582cd6cc7364f1792e138771a3625beeee10e3a_0.json,933,0.03799374566502711
6de5fe9,c_6de5fe996b50400a272374fd43fef0b42c7d68d1_0.json,934,0.037936158529740305
263d442,c_263d4427abd09e4aa28a7c760a446b8eb3a9041a_0.json,935,0.03790305942636574
15cfddf,c_15cfddf5eeee14d64be2c9491a61a2f3e2566454_0.json,936,0.037768175244297875
672fc22,c_672fc2244038f0d45ccb6e9e9179f3e861b9fbea_0.json,937,0.03774779704888587
3cfb67b,c_3cfb67b86a97637d993ea5803524d9a807fea62c_0.json,938,0.03771598392995612
179ecca,c_179ecca212ae6f53bbbaa05f6b6b3d75e665c3b7_0.json,939,0.03769935408195513
2fb5126,c_2fb5126755cf8c44b793dde9a751d5b8aa151e8e_0.json,940,0.03765942362329322
cb28cb5,c_cb28cb59711355f0b0f61e9eb81a9fcf377b277e_0.json,941,0.037651830658640084
0ad244a,c_0ad244a6f5ca228d2c681556701b7a48d8ad43b7_0.json,942,0.0374995872886521
2c4229d,c_2c4229d024d32e4d7bbd3f8efe8cdc6cff84b969_0.json,943,0.03744321283792362
5c7f319,c_5c7f319af15d672f6842d1f25ae3edbf2ae8e279_0.json,944,0.03739904120650306
9da9df6,c_9da9df678f8b5d496b9be30d3c28cbf7d09e0792_0.json,945,0.03738195410928902
bb9aea5,c_bb9aea5d7374bd98a8548008c40a29df3681c10b_0.json,946,0.03730897965823721
8c56f7b,c_8c56f7b1b1ffa684f0ef134559f6a15e9584e8c0_0.json,947,0.0371177078497541
77a6b3a,c_77a6b3a44da7ae4af62e88b4b27eeefec2d768c2_0.json,948,0.03711124980130509
45b549b,c_45b549ba9fcd4dc1a72d6c935d0a778ea0a16818_0.json,949,0.03706825922120083
e7ae8f5,c_e7ae8f54c2513791cfcfa398c00deef5a2c0044f_0.json,950,0.03704850687546535
67f1a30,c_67f1a30fc0fceda751b6347b2b16a5081878ac1e_0.json,951,0.037035407681979216
7b5032a,c_7b5032a43880b77549b3c2bedf5172b9248d4580_0.json,952,0.03700606656531591
990fcfc,c_990fcfc06f49cf9b83969c3b5f0c0eb434ef6cc9_0.json,953,0.03695957196775823
028e01c,c_028e01cbba9c1c7824f6c5a576a96fcacad81b61_0.json,954,0.03686991577610654
1129d94,c_1129d94626ddab75f7b24755106639d8024beb7e_0.json,955,0.03686019323865153
bc49e14,c_bc49e14e17ce686934b9a87a632f5b3ee6f80761_0.json,956,0.036798655453546436
aecb611,c_aecb61159d6b54798a6b450ae655054299a9806f_0.json,957,0.036144098766504484
feaf07a,c_feaf07aa23928e54a10146367309a2f3fbead771_0.json,958,0.03611990604488158
7d5d0a3,c_7d5d0a3b57123abe30f23326a93dfdf13fcdf1e5_0.json,959,0.0360715349420041
362ed17,c_362ed1787724cda3ded37de2b0aa0f13adf0a66e_0.json,960,0.036057936206904895
d165fd2,c_d165fd2cd5e46d077d9a83bccd84222695b9ee18_0.json,961,0.03605720448019989
3f1abe6,c_3f1abe6f2e681b49f72b4bf8bcf896ffbd149334_0.json,962,0.036055403225681903
6291c8b,c_6291c8bf8789b5fddcbc35af8dac54eb18bad993_0.json,963,0.0360279931112264
7f03615,c_7f03615bbb526d5030926e0446ebca21ad6931e6_0.json,964,0.03574888431567946
3c68415,c_3c68415d00c51628026cdf12de6b96f5423157a1_0.json,965,0.035732929963094184
ee579e2,c_ee579e2d81aff7cee5e8ad86fe69b39de4948fa6_0.json,966,0.03573229744676021
662b2ea,c_662b2ea471bb69ddc66192a93a3cd9b5b2f43b25_0.json,967,0.035719342128060494
bf19287,c_bf1928777955b57d840a69d220dd401e48c52727_0.json,968,0.035708633666061695
fd192c2,c_fd192c2d6492fef77ab116c6a3ddedd128551c7a_0.json,969,0.03550941536819063
a201e39,c_a201e3952d754c04bee99ba9c0e055b3b1b7bd35_0.json,970,0.03548264425403169
c932276,c_c9322762864990de42572d00b6d7e53b1758496c_0.json,971,0.03520758173368177
24ad2dd,c_24ad2dd7257008f0c5d2a9bbb58d303901638847_0.json,972,0.035159940030788484
cf252ec,c_cf252ecc2361b0deeb93dd074dbd077ffed16d4e_0.json,973,0.035140174717329886
d6f06ab,c_d6f06ab1e8a0b8dc4ccfa65f19685862cd874685_0.json,974,0.03507786213039066
b56257c,c_b56257cec50edc6bd2a36c38e889948b286194b9_0.json,975,0.03506770583810093
a13f93c,c_a13f93ca6656aea3adab03a2dea0704f860679cb_0.json,976,0.03471189042444678
84f9e82,c_84f9e8210f6a63e7ec63684432e0f2946f206b18_0.json,977,0.034435010840084934
ad3e968,c_ad3e968db59c8e717c6314a8cd44f054b1718dce_0.json,978,0.03443211803295276
4f0fa2e,c_4f0fa2ece24061b8e47e793ada1cb1b6804df334_0.json,979,0.03439101187093463
ae45195,c_ae451955a5d85da384e50864577e851784f524eb_0.json,980,0.034313159219623524
e924d16,c_e924d16dac209d4f2652f10db5f7b33554993b9e_0.json,981,0.034189163123406585
e3f6748,c_e3f674899d49c0f01460a18712cc16005d624e18_0.json,982,0.034004783018935836
1253e8c,c_1253e8c052e2fa54863efe3ef09b2eee0362acc4_0.json,983,0.03372063715440832
496a746,c_496a7466a870a0849b4e59856bd3a34ea599bf1d_0.json,984,0.033476562892648
b99b715,c_b99b715061f2e333d6d2586e77d257807b9f6cd0_0.json,985,0.033467128814362423
ae225a2,c_ae225a242b4271d8072bfb3c7f98aad08cb97fd3_0.json,986,0.033379584279162544
799d722,c_799d72219846e7dbb8589c4473d4be27bdee2fd3_0.json,987,0.03337489666721549
516a6f5,c_516a6f5614a7a1d6559faab629fd9db7df36ca50_0.json,988,0.03332621248597856
6d176dd,c_6d176dda32f224a2b78344ca9ab4401f5b6b6c76_0.json,989,0.033324883406470884
1d7f444,c_1d7f4443d864c2e01b65da9512755794702bafc5_0.json,990,0.033212475717181666
bf92b5d,c_bf92b5db5e50cd646403e54c684b73acc8581680_0.json,991,0.033176837685707894
d9e629e,c_d9e629e97e386a366e640639119a58d5b719647a_0.json,992,0.03314311222106281
c667a20,c_c667a2051abb4f6499d2a980283f036ec5268e81_0.json,993,0.03310370990705025
1ec6eb2,c_1ec6eb269132c39f9d896ef7746da637eb906498_0.json,994,0.03310220895431237
a625a75,c_a625a7508e26235e11494f01cdce84534cb2863e_0.json,995,0.033065924434208194
9cca8c5,c_9cca8c5d57210377d2a75ee2c3a60c9b16bf9a95_0.json,996,0.03300135497424772
a123aae,c_a123aae7a86b39d3ac2906b25412805c7ca44fcf_0.json,997,0.03287377867691732
ed60692,c_ed60692b4491e2c7cca98b673687d1d4a3383156_0.json,998,0.032766038836526956
afb454f,c_afb454fb39e8560b4e5d2460715a3b28a17a0c50_0.json,999,0.03260274401163654
a23eb4c,c_a23eb4c8a802acd34aa2789be8a5a282decc6c1f_0.json,1000,0.032576618273450264
ef7e947,c_ef7e9471cdeaa35b803857fc2535c23f6eef475f_0.json,1001,0.03257078523163082
fcb0559,c_fcb0559c3f3c101f284f316d5220034a7e514a35_0.json,1002,0.03249165603325421
f4c5b94,c_f4c5b9496262f269bc649e33ec7ddff7c2124c05_0.json,1003,0.032346353013558815
5b60263,c_5b602633afeca69e2fe7a03cc9a4b826d17c4a3c_0.json,1004,0.032043902232389065
aa89866,c_aa8986650e3820e03af178de7f69def85d780b64_0.json,1005,0.03175400314204424
54edec0,c_54edec0d6c2bbf51c0c061d934eeb17302f029ab_0.json,1006,0.03169169397362748
c5910b6,c_c5910b63ff2d0b4ab2a974a3a06e691391e26f76_0.json,1007,0.031679642594467095
b58f412,c_b58f412c748568b12f07f58edc0773c279408490_0.json,1008,0.03163151761324967
ac11660,c_ac1166080c7fd2adca30d80342600cfb8b568788_0.json,1009,0.031622669078859356
3fcb482,c_3fcb482c6113559a9bd45cf1a44e71cb77544473_0.json,1010,0.03140197626282448
5cb435e,c_5cb435e0afdb84b3b173b84d271646c8bf98bd81_0.json,1011,0.031301475593432104
57eb4cb,c_57eb4cbb9044771cd46a9eee0c62016618930226_0.json,1012,0.031237865146767296
01ed04f,c_01ed04f3a83f17e9947c83d04cb258430429789d_0.json,1013,0.031191515738019038
8f4fd92,c_8f4fd92e17a3342de558131d05de545ee30e7dec_0.json,1014,0.031003909701724508
136667c,c_136667ccf66c62866dc99c7967cf8491804a54be_0.json,1015,0.030806583529546572
3ea371a,c_3ea371ac9fa61bd22a2c89f5d5bcc6721bfcab93_0.json,1016,0.030128284530572813
cc3262f,c_cc3262ff42e41f3b1f64290262704da3895fbe85_0.json,1017,0.029869430687520238
e1198a8,c_e1198a87e2c02d67ed41f99996c09fb777b5f39e_0.json,1018,0.029613482932614454
d10d157,c_d10d1575fb2041aaa3fa93333518107969f98841_0.json,1019,0.029612999993807065
7a57b8a,c_7a57b8aa22b4392c103ee491e95af7d74b44378f_0.json,1020,0.029173017505661925
9010b04,c_9010b04f02adce656b9fe295dd25301326ffacfb_0.json,1021,0.028884796039861826
82e420b,c_82e420bb78bebf465f3cc54e3ee2a631f87fe7b2_0.json,1022,0.028491798538972213
eab5533,c_eab5533ec9e6bc4fefa7b4a52f463bbd84c34d5d_0.json,1023,0.02832002047108506
067983f,c_067983f2684fa9e9ca4af4ef73b09e2be2f70001_0.json,1024,0.028302239950084074
3920f45,c_3920f45c67ee3863820257c4c9550bf3b538e66a_0.json,1025,0.028279961317163593
e16eb72,c_e16eb72a29d06ce36030b109156bea3244273fb8_0.json,1026,0.0280127239167014
44b5d6c,c_44b5d6cc832ddc1b08abb1c3aca42b4d84c43eef_0.json,1027,0.02774168003167965
1a816f6,c_1a816f691b617a5f5a07f0c79a335b870a4e7165_0.json,1028,0.027685815774273315
a09523a,c_a09523a2b7453645fd7be3a880cfde1712af1dd0_0.json,1029,0.027362476277086434
70d6a2e,c_70d6a2e603ff58af6c37b2ac7d31663893a0ced9_0.json,1030,0.027352562500255417
5d9df52,c_5d9df524c5e231f5c7fc96ebf9de528aabd9eb8b_0.json,1031,0.02663171214449167
165f427,c_165f427e20ecc390e6705c7649725a86bd39099d_0.json,1032,0.026525064442240676
736bbfc,c_736bbfc91494b4c30bcd9d22092dcc2d2b8820d1_0.json,1033,0.025855304058413076
4092deb,c_4092deb533e1b77bec990fd4a7b77c7f244fde04_0.json,1034,0.02572475592846879
8d98570,c_8d98570d9a8e07dcbc2f2c32aeb35ebc095a23c9_0.json,1035,0.025670339170129286
800e925,c_800e925b79372774ac112513d594c176430263de_0.json,1036,0.02520526902361364
5a59a1f,c_5a59a1f60df3346bc8db8d893795237edb581d66_0.json,1037,0.024666613399811244
4e5eb26,c_4e5eb2686e75821b99747b0a28b004a010f61021_0.json,1038,0.02462150583170286
f89ae6a,c_f89ae6a4494dbb326f8c899e65816d596d28bca1_0.json,1039,0.02454612992737748
d02bfa0,c_d02bfa0d15997cf0189d747ff9ae734fa1247f9c_0.json,1040,0.02443707716607324
b6f8660,c_b6f8660bff6c31a4d3896848b70371fa32fd7bbf_0.json,1041,0.02395895153252603
e6cd9ba,c_e6cd9ba1f1c2a846c6b588668d6896123f290f91_0.json,1042,0.023332259497217844
7a4800c,c_7a4800c229b498bd239a5d08187ecfd09268a1e5_0.json,1043,0.022501468281292403
dba7c37,c_dba7c37ea3d83b32779d3bb13cb184aedf761a8a_0.json,1044,0.022226476447761878
d6791cb,c_d6791cb5f9d476738da9247d5a7849ee972474ae_0.json,1045,0.020934319641956578
95b8201,c_95b82019c46f45a7b948d8937f2f28067dfcd69f_0.json,1046,0.01726821973195858
0f274a6,c_0f274a6e0450cfd23bae02f80d283dd0e66432a2_0.json,1047,0.0167117745545029
05df0f4,c_05df0f4615c0e863478d5c747e94429073c55af2_0.json,1048,0.015021522295447176
6b1b998,c_6b1b998c82879495a0587fc0559314e9605061bc_0.json,1049,0.01318235075883567
