0c8d86e,c_0c8d86eab3670535dfcb5ad4d80f090f001aca14_0.json,1,0.3567001673643393
d533f29,c_d533f29cf497343d7aa4c6b5f94d33cd3f4be1f9_0.json,2,0.2881843802390721
3baa7d6,c_3baa7d6742f7460bfb0af8edf48bf1575658109a_0.json,3,0.2761299905699506
3434c07,c_3434c075facbf0221e6c62e2b24451d31f51e8c5_0.json,4,0.2695331709701623
e78fc1f,c_e78fc1f87402d04f2c32bde43722d8e78ad0cede_0.json,5,0.26290260198315574
2a629d6,c_2a629d63ac7aa8eed5a27e1ad3cb465b1924a0bc_0.json,6,0.22190025196183183
d999514,c_d99951470163764b3e01a119dab2822e5fd98204_0.json,7,0.21934431102856822
108c640,c_108c640075e9d9e08238cbd8bd4d22150fe13187_0.json,8,0.20757436356975478
f440fa0,c_f440fa0a38f69ca378f8e428cff016fa7028e1a9_0.json,9,0.18311168571929448
5ad18ff,c_5ad18ff3aa05ed96bfb8dc5a41a0f6491cdd677a_0.json,10,0.17491685098088994
77a00cb,c_77a00cbe3fea805f3b572f554cf2fe690c5a4d01_0.json,11,0.1722101647860701
12b2e56,c_12b2e5610c4e704779f09c6230c0826970ac7cd4_0.json,12,0.17200142193136092
b40ac81,c_b40ac81d4a81736e2b7536b14db4ad070b598d2e_0.json,13,0.16857054446609565
ea603c3,c_ea603c35b85aac6af476c229b8f17a72efd31fef_0.json,14,0.16832056521311767
60cb7bd,c_60cb7bd0bd6f642212051e0e341b3b6e1e3e2a65_0.json,15,0.15934608727097854
4456e66,c_4456e66ba0f356a65875edc3a849a32756dd1192_0.json,16,0.15180584779987205
4ceaba8,c_4ceaba85f15f3baac5be7e8697a110194548a126_0.json,17,0.1493993350695586
b31e031,c_b31e0310e713f136392f351a709acd6e5b19ebde_0.json,18,0.14650415167009623
ebf0091,c_ebf0091c5d5ed3eedeaaec0b60aa1032e80e2ebf_0.json,19,0.14519468395120594
175a97b,c_175a97b7664b967bb30ce03282c2953ada8664c5_0.json,20,0.13646009406740345
efc2367,c_efc23677c429f8f6651a2bb2168846c9dc280a4b_0.json,21,0.1331671754966275
d9c9086,c_d9c9086779f8bee9b364692a7af4855c081226da_0.json,22,0.13295739595506062
f408795,c_f408795c6ff1e2510851e611cbc3662e4c29aac7_0.json,23,0.12710946022629255
eca5eb3,c_eca5eb3ac3c92d533596f11a4b5ba06d57627c66_0.json,24,0.12288084347162742
6d8e5e6,c_6d8e5e68ca08f2a1ce433d662833abde825e2cff_0.json,25,0.12099550683828675
ad3bef4,c_ad3bef4c65b8022608ce8dde7f29d92b448aeb85_0.json,26,0.11936050917758623
51bf030,c_51bf0302998685205c2b318e551c108e75db2cf7_0.json,27,0.11822063276573169
388f6bd,c_388f6bd38bf3d3632934b8cbc4f90a521153b892_0.json,28,0.11752139913991422
4646ed1,c_4646ed1f76f6d90503bc4969d1ba772daea7296d_0.json,29,0.1098426497536632
2bba5dd,c_2bba5dd5f0f40e51a89cbf067c11b0852cb5c82a_0.json,30,0.10851090417615694
0e791ab,c_0e791abb721f9934f143555f8f75703e91d87b0a_0.json,31,0.10517798891821095
df37ed3,c_df37ed361269fb0d9defba5e46b3e714fa908f26_0.json,32,0.10499636481911834
30a2670,c_30a2670b336c3a4e4dee57460577b4bcc4b9e9b6_0.json,33,0.10450769783349312
a37f08e,c_a37f08e661a9af921aa8939babec048d48ebe2cb_0.json,34,0.10238547942538734
32aca9e,c_32aca9e71fd2ef94c59b7b6469fcd7e8584fbb24_0.json,35,0.10028404959049264
7577b8a,c_7577b8a43271542d49162bfec20ae2177dd21c24_0.json,36,0.0987181780280062
2768bd8,c_2768bd825d8a0f360e69266ef1f0fdda449fa6ea_0.json,37,0.09821781083611303
fde2133,c_fde213324199fedadd52651c779f5bef139a18a4_0.json,38,0.09560931819553775
5ff8a2d,c_5ff8a2d9a72f0741f9465bf7f04584a3c3e8c28f_0.json,39,0.09533146504512757
322acce,c_322accee786d188d2ae25d9a5721508784ecf471_0.json,40,0.09367103246856101
3e5ff6d,c_3e5ff6d3342f400919cc26ab6cc8ed41c35e072b_0.json,41,0.09056657370524701
d24c974,c_d24c974d4dca29990958f9e8e3a2140f17c1ae9c_0.json,42,0.09013241916644188
22709cf,c_22709cfa20befb02d52e469cf5105e457559ea52_0.json,43,0.0900353370234962
e997287,c_e9972871d6dcc24cfb56440c46e1f085a31b85ec_0.json,44,0.08860429725995445
c442096,c_c44209629f290b6746f1128edcaab1601db9376d_0.json,45,0.08751044764061533
90eee70,c_90eee705baa5b7de838ab1688e150b9bcd6cf555_0.json,46,0.08704127360904346
f633f10,c_f633f108db4fe343a0f7652eb4b29e0fa625a6fc_0.json,47,0.08567605364946385
769c94d,c_769c94dfa1f5fb6d7c7b2a5e7393fc8317755f2d_0.json,48,0.08526302020739307
5cddffa,c_5cddffa133e7de41fa9efb5962cf3d0cff9b3e89_0.json,49,0.08479812888104554
eeb2fbd,c_eeb2fbd57c8c10ce03a696effe8f17237551b1c9_0.json,50,0.08253595861703111
af59543,c_af5954374ae270e5a752f64b350eda10dd7f6845_0.json,51,0.08184769271972958
36d8bc2,c_36d8bc2018d03d4fa1bc812180cbb42e37062f82_0.json,52,0.08157419641898034
41fdbe2,c_41fdbe2241eae0dd658679f198e91013c3b541b9_0.json,53,0.08119434445537232
e01cbd8,c_e01cbd84fbdb8e2aeb19e28b1fd2d21c43ae10ab_0.json,54,0.08076086032666008
24f08ce,c_24f08ced917d488e4d17202c59752427df5d5a7e_0.json,55,0.08073287730595535
96e131f,c_96e131f5a828f00429364ed884ac05dd94bfd5f2_0.json,56,0.077813390182218
e78ac28,c_e78ac28f154b10a4b2c5c8a977450c5dc3a9aabd_0.json,57,0.07770725105444887
9c6694f,c_9c6694f14177f52b59b16c6d615c028a49aa5485_0.json,58,0.07431440961541458
ffd16b7,c_ffd16b7e308bc2e6655aea73fe8ea513c1b2afc4_0.json,59,0.07385595024355751
58d3248,c_58d324882a13a170bdea151146c38934d4d2d22d_0.json,60,0.07384279701095986
9d0c8f8,c_9d0c8f8f9b32316c68084713db1b033db702c043_0.json,61,0.0732121544309784
462218c,c_462218c4115448e22ce0e41938f062961a9715fd_0.json,62,0.0728352856178226
3c4f787,c_3c4f78708e58da0175014cc281a30e989a9a00c5_0.json,63,0.0720749353970529
0d9cd9f,c_0d9cd9fa434c0070638332b7f2243af0277461eb_0.json,64,0.07192023540823667
42bec38,c_42bec38d9a4bcde590e3a56d74c75b8c1debbbc1_0.json,65,0.07069242057527692
911cca0,c_911cca0254267decd90a4b6a9c0610549309a451_0.json,66,0.06938969919414051
f9ad80f,c_f9ad80f8750bb0b5ced3cf206fa049f0c99aab08_0.json,67,0.0689477926877512
1734a3a,c_1734a3ad83bc4429f17cbe9f885015947c20b98d_0.json,68,0.06887152988836454
ad28e35,c_ad28e352b60c5b50e13b7535fe003aa1afc7d1a6_0.json,69,0.0681805151807271
1eef25a,c_1eef25a42925af19de588277e9ce5aeccecd00c3_0.json,70,0.06758357829019845
1252598,c_12525982acd6c524e2e436357708539dcc600e5b_0.json,71,0.06755302626903159
fca65f8,c_fca65f84c0fd672b1db07198049d8efe797b3334_0.json,72,0.06733460479785958
7b796a8,c_7b796a8cddab8cf95953bdd4ab44df1d16990dc2_0.json,73,0.06710763731992064
b0f217a,c_b0f217a849703a453952f93b5999c557c201a4be_0.json,74,0.06697126894430783
0844691,c_0844691620772764af51e7f2d0c0af9d4d3ac999_0.json,75,0.06584107274077222
c2d7459,c_c2d74597ff9a3d675f30bdafde45f0b80d2cc51f_0.json,76,0.06515605484669384
d9db35e,c_d9db35ef7ccffecb2f73841a3904d2e08b6b86fc_0.json,77,0.06515266133387043
f32f3ab,c_f32f3abd45adebf71b2f1827b41a5b08723803fe_0.json,78,0.06506400654559807
5e14c46,c_5e14c461c04f71fc3f35a5ac2e75ed2df0d7c462_0.json,79,0.06464286592031498
64aa9d2,c_64aa9d2a66f2ac36a172a0d580ece3de339dea9e_0.json,80,0.06462107024285335
1d07601,c_1d076018a90161aaf7bf1735ad806747ad8370a5_0.json,81,0.06461809660779816
2d06eb1,c_2d06eb15e2d7e2b88dfe168a9543047c109c4db5_0.json,82,0.0646032531286701
eaa2b0c,c_eaa2b0c4797e04b10d9c26f18e75da532e9b6439_0.json,83,0.06381149685478327
f15531c,c_f15531c04f87f9e4e4724772426603a909eabe2c_0.json,84,0.06364025546483743
12e8fed,c_12e8fed01d16d1cf91d1eabd0ddcb52a79b15a87_0.json,85,0.06327998039798244
0dba714,c_0dba714f67bacf7db9844d6d4b75c1aa237cfc47_0.json,86,0.06327675472103267
caefc68,c_caefc6891207adf032b7082be3dd5af3b65af6de_0.json,87,0.06321009381730369
ba2a523,c_ba2a52348af48a3a141348f815e9afc18b31f91a_0.json,88,0.06317716199709633
5027dc5,c_5027dc5db59edae3b59cf08a03276da7efa6a2b2_0.json,89,0.062381330436425575
08f918c,c_08f918c5eb32100459e4f407d65535ababc5f6f6_0.json,90,0.062237602737098774
f8120bb,c_f8120bbc3caf5088d4888bd7f518573eaf0044b2_0.json,91,0.06183912416613979
e17a4dd,c_e17a4dd4ffcb6b21162d7a9daa5c7c49cb414e58_0.json,92,0.06168330535392286
7dc9de6,c_7dc9de68ef10bb4899a59a86a1242dd54a2953f1_0.json,93,0.061655183284194726
821760d,c_821760d436ad9458fe2838a4744b48ddb899042a_0.json,94,0.06161575904009353
44f42e8,c_44f42e82278a6d507b20458c5c252f0ed9c9336f_0.json,95,0.061612453404173984
4769c36,c_4769c36b6fe444cb929bc6cb81104903a806e525_0.json,96,0.061352144600432035
7317dc9,c_7317dc95b0c9d09b94f37c8ae3a48de8b37729cc_0.json,97,0.05972564191728513
98c86a9,c_98c86a9ea915d7c179fafb6fd408e8b22f2e0ffe_0.json,98,0.05952034112963289
e6dfc69,c_e6dfc69f34511e2d30e7c4924e4defc730c02bdb_0.json,99,0.05941816619273499
a33c66e,c_a33c66ead4d873711972663ba6bc38463394b6b8_0.json,100,0.05922669862428642
d0fd3dc,c_d0fd3dc308c670a38957e334c0e757183e914486_0.json,101,0.05830708400600004
ab1b250,c_ab1b250d3c4a21fe1a727e21376614a1f84bc28e_0.json,102,0.057181268751147485
8c2747d,c_8c2747de69595a3fab6970f093066b696de105c8_0.json,103,0.05697057453632781
882b765,c_882b7656bbb6dc426fc08a653ae1f677aa71e931_0.json,104,0.056595143513073154
791e288,c_791e288ff3c8e509bc5da11b3f0d7145610cb792_0.json,105,0.0562077329553371
d6d57e5,c_d6d57e541ba435ad6765c190671c17d97bd5b688_0.json,106,0.05619734105647234
d6e459a,c_d6e459ad7ffa5866c746c4991747fefff4115ba2_0.json,107,0.05528167196729883
9fc55aa,c_9fc55aab41f7eb2f5992f948aac9d3c087b9652a_0.json,108,0.05475973009416413
0ec6bac,c_0ec6bac6ab32b1bcb164c0afa08a707cc0c87123_0.json,109,0.05461200507092023
ea1fd86,c_ea1fd86638ccaff3b707c508dd95b3b696bd6b11_0.json,110,0.054240960578106456
9bdda3f,c_9bdda3fb87a1a768feb840c4ce27fc643d22a3f7_0.json,111,0.05379439620526194
3da5c04,c_3da5c04cbb2e1970ea07dc37cf8038be3af9f45d_0.json,112,0.053573409942787587
1d4a258,c_1d4a25891f157467a3ca3cef025427d8375bd17f_0.json,113,0.05275110925851556
4546613,c_45466132203e3d62d797a080d9597228015d2370_0.json,114,0.052738489019768076
8b55203,c_8b55203ea457af28b5892f2b3643e9e39dc1e8b0_0.json,115,0.0524253049911827
a40dbb7,c_a40dbb79c96c9bbfdbd59d5c88a0e4707e3e0dd8_0.json,117,0.05241704839472039
e887c94,c_e887c94b540f53859897a21ea8012b6bc485a730_0.json,117,0.05241704839472039
18ebfc5,c_18ebfc507f1b3ad273e8a301d17121da827f9018_0.json,118,0.052344356687349824
c06101f,c_c06101f96078558d1184e407969921e8e9214fb0_0.json,119,0.05196901334043047
3f45560,c_3f45560ba476249028afb3708ccc3a02b26a1beb_0.json,120,0.05169136976140776
fa0b523,c_fa0b523231c2897326945fccb0e7c0e81b4dc310_0.json,121,0.050897456873587044
e6bb641,c_e6bb641d034e9f7f69f6ccf50b3164d30a91e33d_0.json,123,0.050828842001876984
dbaf193,c_dbaf19351109463fe25969b8f480932f76cae6f7_0.json,123,0.050828842001876984
bda3a91,c_bda3a91da70dede312fa0ad0eac0dfd99f543531_0.json,124,0.05073765315286294
f753cec,c_f753cec223c3bc41e23cb82e4ed0b1e4c0d33b3a_0.json,125,0.05047677099443171
9580482,c_9580482464321af6b17f05865a9b97a6a6d5489b_0.json,126,0.05023286632667534
5b7bbe1,c_5b7bbe110f1f08a04940d6adab5b510c910c007c_0.json,127,0.05017745243838223
0a39869,c_0a398692e6b01b5b715b5612b3144ff01f22113d_0.json,128,0.049538308466864245
4b7260c,c_4b7260c069df02e1b1c9db2df2041524e6a76520_0.json,129,0.04945922305224271
657272f,c_657272f9087d549b3f5e0f32b1a2a287c58da7c2_0.json,130,0.04942487520850436
9bf8284,c_9bf8284908efae24acd4cbb553b391f6e005f692_0.json,131,0.04881936167540135
c839ff8,c_c839ff8e92b088b611627db30dc6a3d4e075ed25_0.json,132,0.04864254778798405
2ce8a31,c_2ce8a31112c6d2d60f7ced95fe9f71a7dd353f93_0.json,133,0.048582294605005405
306524f,c_306524f9c81a2b91b059ef22d17da2494a81d6a3_0.json,135,0.048571708876076425
eecd5a2,c_eecd5a2ff7a743fc5780ecf2ab32d0b6c4a04d83_0.json,135,0.048571708876076425
e1dffcc,c_e1dffcc2b745b4b368d176048bfd3b6bed3e8223_0.json,136,0.048272984126034424
4bcd731,c_4bcd73179d6df1a9cae18e5d0e474c54f16dc43b_0.json,137,0.04786158642459082
76d903a,c_76d903a38ce4d9ca5531b469059308b50f1ede71_0.json,138,0.047779236598270436
0541b3b,c_0541b3beca37aa54e35cd12b7aa05b0164784c61_0.json,139,0.047602079165825706
fca3ed3,c_fca3ed3fc884528bc1e91ecb0d441126cba3859b_0.json,140,0.04743192531337381
567257f,c_567257f71d4b857c36d938536c3794b35050372e_0.json,141,0.04735684103990201
e574b3c,c_e574b3cbaa58aec92ff62d9f40c759cdc4ca697c_0.json,142,0.04695866672399496
4ab04ce,c_4ab04ce94cdcf20ae7c92e7ead1ca1f52a4b541d_0.json,143,0.0468414129373067
c1fec35,c_c1fec352a5b405124a1986e9ff3c89a6d17f0c6e_0.json,144,0.04572312022538827
a8bc72e,c_a8bc72e0faf362ec898080bc16018cb7d19ba936_0.json,145,0.045668391272874254
f7a1d5c,c_f7a1d5ce26562318655f94db65b80509ff861b8e_0.json,146,0.04550807665529455
a9e5c9f,c_a9e5c9f99bcc16d734251f682758004a3ecc3a1b_0.json,147,0.04522251119637588
d2c6023,c_d2c602341294de5f3762af478b79d984997f271c_0.json,148,0.04506268115865941
301659c,c_301659cce90ab728fa7f19e8e4b3374c4c3af54e_0.json,149,0.04491454458168054
2ceee76,c_2ceee765f720eeb316f4283070342ecbb3cc49cc_0.json,150,0.04455918313245755
5cf2e6e,c_5cf2e6e70331140abd391a6e1ae6f3e35eedaadb_0.json,151,0.044271620257626654
e774d74,c_e774d74c280a49a835211dab0380f3ea76ce4887_0.json,152,0.04423806070416647
31ae9ce,c_31ae9ce736e64dcc1577f0e5caa719104cb561f6_0.json,153,0.044093283015908535
2e70a2a,c_2e70a2a03007748110ba8887ad1db7ea34350819_0.json,154,0.044091568415279614
01ba053,c_01ba05385ab00e34e0104f5f346c4a858df9e883_0.json,155,0.04408628601203768
46e806b,c_46e806be2ef3e4f2c6a08d678ab89929d72b27d7_0.json,156,0.043964741163622145
383bc8f,c_383bc8f251ad42419354d1f40f8487435f470bb2_0.json,157,0.043777217940074054
66a5a60,c_66a5a6009c6bb32b70a6263ac0304eb072fddd67_0.json,158,0.04374578495266013
1dc2c61,c_1dc2c61b0e45d5f19078d297b9b63bc084804975_0.json,159,0.04371930217798303
d493cf0,c_d493cf070d6bfc0e362b96fcef164e51c96dfec5_0.json,160,0.043281859243442744
49de9d3,c_49de9d3708184c9a1fbc1969b8290a6e02c71b45_0.json,161,0.043196225439283586
7384d06,c_7384d06bf3425f3d9b590b3b02c0be51c301928a_0.json,162,0.04314665177450672
6f91dcf,c_6f91dcf935c3e142f631361a1e830ad204509a8c_0.json,163,0.04300663334632837
1bdf026,c_1bdf026631759dbce11f5c935d26ef0d0df46a62_0.json,164,0.04275211050746708
579668c,c_579668cc5701db10ab7ecfa4dffd6246dfdfcf19_0.json,165,0.04255260010455164
be4395d,c_be4395d3ff5a06a751efbf7a34a359fab4513b73_0.json,166,0.042365581571664146
9a3bab9,c_9a3bab946da533859c16359fe1afc76385080941_0.json,167,0.0422726999548535
1afe8b0,c_1afe8b0efda7e63344dce0c137c7d823ed309e44_0.json,174,0.04183971354447302
29e8dfa,c_29e8dfa6b98545bb5eda430f6c23543bd2d0e860_0.json,174,0.04183971354447302
25968cc,c_25968ccac4bb6c9b632e6bdf140d34e305d5c02b_0.json,174,0.04183971354447302
0f42f01,c_0f42f01e8c021d3d5099168dd1c27213b33ac24a_0.json,174,0.04183971354447302
4775e57,c_4775e573539d13f19d5d8d187e6f8acccfd5c85b_0.json,174,0.04183971354447302
a5a69a5,c_a5a69a56b9e23537598fe4fa69e5b1f796d7356f_0.json,174,0.04183971354447302
cfe2511,c_cfe25111c06e312e20e97c2de31124d2fd955051_0.json,174,0.04183971354447302
ec928f7,c_ec928f75c0a11d3fbaa33f59b0b76c4cc2868c3d_0.json,175,0.04150864748793748
7fe0093,c_7fe0093b3a1053ee10e758e25c0d91e451041051_0.json,176,0.041445732411051095
6c629a8,c_6c629a8bf508fdd9a0ed8007bb3e0a5263e1275d_0.json,177,0.04140075028598911
6c842ae,c_6c842ae82802ad5e5cc9065d3b8d93f99b84f8fc_0.json,178,0.04114715586658757
475a99b,c_475a99b492dd9f4ca8576232ab1981f0cd9c27c7_0.json,181,0.041042588140683844
43f91be,c_43f91be31a4032deb0c947631f0f1f576b340b3b_0.json,181,0.041042588140683844
101820d,c_101820d2c10505944d41d4a6788e182f73ee8bd1_0.json,181,0.041042588140683844
c3206c4,c_c3206c4356f610c474ba1b309b885079eb4badfb_0.json,182,0.04096970358850449
08a6743,c_08a67431f880aaffb2fddf2ab10931493365a16f_0.json,183,0.040693803358745284
e9b4851,c_e9b48512936a4c3fb5f1046caf0f5f7e232275de_0.json,184,0.04057863912646442
52b322b,c_52b322bef7ec97d1103fb2590613997ade2b9efb_0.json,187,0.04016359266339353
e600981,c_e600981e6587d6a5204983279fab686981b9bde9_0.json,187,0.04016359266339353
8be1913,c_8be1913f1bfb3191fc68213468764f35f41e9797_0.json,187,0.04016359266339353
155a63e,c_155a63e9d1b2b1a9593a076aa63acbccba0f03c4_0.json,188,0.040134642239509466
51d2f00,c_51d2f00fce6aa309ebc27ed8997efc39ef2ee914_0.json,189,0.04006797748416202
6884325,c_6884325da0e0ec3132f0342b2f490a75abd382c4_0.json,190,0.039733235308056725
7c94a12,c_7c94a120e2ef00de4c9f642294f62ab0129ec49b_0.json,191,0.039725447424836746
a2af653,c_a2af65340ad70ce370890d415a1bb57e0da182ea_0.json,195,0.03971378528118252
691b574,c_691b57437bc5d0e75201646abc403ca3f6b59bb8_0.json,195,0.03971378528118252
76af3ae,c_76af3aef79e9732253c20621c39cf4347443e5ae_0.json,195,0.03971378528118252
e781993,c_e781993fcbc65a2a5aa432df08c3bb6e2e1e5711_0.json,195,0.03971378528118252
d61541d,c_d61541d6be75ad8ac5296f6420e7161b6c0ab26f_0.json,196,0.03970928264413898
68bb83d,c_68bb83d5b20214e60604f3edb749df207fcd2a01_0.json,197,0.039632687085497054
0e10fd5,c_0e10fd5df63e3ad3b4d3b030ad4388b5a8a42d99_0.json,198,0.03951337930713805
c3ef9f3,c_c3ef9f34f3664903016bf065aa6364089c7a8776_0.json,199,0.03944825753108849
dccffbe,c_dccffbe404da0badb5046295a2ecc818a771ed27_0.json,200,0.038791108055672874
f737b05,c_f737b0509e1821379e2bf4d0d6f48e5982b39a80_0.json,201,0.038547427398269996
9b59c3b,c_9b59c3b330da58616d45cc3e23ae171276db0f91_0.json,202,0.038485316919503854
b883544,c_b883544862da9c6b05052a2c5dc2adab2b265b0a_0.json,203,0.03832027265532445
f58d09f,c_f58d09f6bcbadeaf69ab59841cd14829aa75da5d_0.json,204,0.038284222785135213
30f0352,c_30f0352b18c52a05e379898dc4ce77d461c9ba94_0.json,205,0.03811564688958846
9c13500,c_9c135008cf2e9d56c6843cae359e4f12a61a6606_0.json,206,0.03804788798459413
d80a2d0,c_d80a2d0168b4287b3f145b174dd6635643ee76b0_0.json,207,0.03804441208010645
7ee3878,c_7ee38785ecdd2f5a56a41302d4482675ce0d7e68_0.json,208,0.03799944167130587
5b2aff3,c_5b2aff3c022ba5b062eac35942fff5b5fc00e6f0_0.json,209,0.03781385073614374
3dcedd2,c_3dcedd2b6838ef29abb179557b6e42479e93834b_0.json,210,0.03768073215720458
cab5574,c_cab5574a72f81f7cc92606ca37a4ab9b4110b191_0.json,211,0.037664390157253536
4184b16,c_4184b16e3d46b8d4c4fe6809160ff90859c1a2c9_0.json,212,0.03745271268504313
d6a05f3,c_d6a05f37c58c9226652cb4e062e8d65ddaa7de1c_0.json,213,0.03743989571201356
61e229b,c_61e229bd0403f07a28ff690e92f687219b422192_0.json,214,0.037434952236158336
32504d4,c_32504d4040364aec57f1a1216d3df1326a21463e_0.json,215,0.037219650151636086
a12195a,c_a12195ac3a14f30d1225d2248bf2532c95db08de_0.json,216,0.037213002786086524
6890ab1,c_6890ab1f2745900b2ef1fa8b9ec8a36934ac03f1_0.json,217,0.03706697998820796
5bd1c6b,c_5bd1c6b2c6ca58d556f180a3f71c71361bf1b0d7_0.json,218,0.03683722097045217
8e76aa3,c_8e76aa3cdb8b794bc1db18964494f7213446af77_0.json,219,0.03669582012649064
b6b1648,c_b6b1648800832d3182d84d8457b03196f263ca1c_0.json,220,0.036677567730332705
b5f66e3,c_b5f66e3558739dff03ae6bc75253fdc45830aa3e_0.json,221,0.03659067332733579
1b68163,c_1b68163997923061c8d1270993685c53e33371cb_0.json,222,0.03637222174665411
36d774e,c_36d774e5767d170a78dd51d593116f79197a9a29_0.json,223,0.03624930444467367
6e0ae14,c_6e0ae14d5037242adb3096821315c45a41f7b900_0.json,224,0.036069971497646125
7dffbbe,c_7dffbbe952ae48e1b6325b8e7fff780dc7a9cf64_0.json,225,0.03604608132259912
455face,c_455face52397dcc6da6de894418fceb80ade6982_0.json,226,0.03579958573280961
b47bc9f,c_b47bc9f3a0cda882c68a5de74b0507add8a1b656_0.json,227,0.035609945881380334
664b88b,c_664b88b45e8f7123108fd81579cb192f5024bd14_0.json,228,0.035197747616083186
1317cf8,c_1317cf8c0adddb5f7cd4711366bed5550586cb4d_0.json,230,0.03485169592582926
f484cd2,c_f484cd25a0d066512d84d3eee8e027882c0b6245_0.json,230,0.03485169592582926
14c6899,c_14c6899044b3f1777a0084f9d1ea96033fc2e938_0.json,231,0.034741860327690666
2574bd6,c_2574bd6816039d77ab0caee0c6c108141bb92f62_0.json,232,0.03473179262372905
10b87db,c_10b87db443a3f16ca4dcf80328be46f1c2af87dd_0.json,233,0.034242197085517234
ee6cc9c,c_ee6cc9c868b377bdeff0bdcc43ae5ee26540b2b3_0.json,234,0.03377244835618276
15f909b,c_15f909b224b4c4345f06e52acdb4476b6e423f5f_0.json,236,0.03365904749501669
abb4089,c_abb4089e58f68c90c528597ac8c295a9539750ae_0.json,236,0.03365904749501669
d1d4382,c_d1d4382bb9f45a6c63825ca0334bcd9a0fd48086_0.json,237,0.03352146184229854
5a1bd99,c_5a1bd996b8640c5f2d0246a6f1e3fd3d544b7e07_0.json,238,0.033419439361620173
b3dfdea,c_b3dfdea27efc5c309deda8e4404c4b9aa9a9c4ee_0.json,239,0.03333771156308296
c01dc8c,c_c01dc8c89d052dad51f20300b5abdfb86fc5f40c_0.json,240,0.033276441916099686
38d6e35,c_38d6e35d1f1a9b48193804925517500de8efee1f_0.json,241,0.03294994027668097
e60ad11,c_e60ad1117d401e5028b7060630fe64731141e855_0.json,242,0.03265926604299052
c284384,c_c2843842b8bfd6f5b482bf7ae09a3f1ed39a20d9_0.json,243,0.032636691119681815
0443cb7,c_0443cb7888ba77c043b83d7fde2c78a64ae212ab_0.json,244,0.032422728897079756
63ff574,c_63ff57443fc6852db2085a527c6ee8ee1db7083c_0.json,245,0.03241622440303882
41bd0eb,c_41bd0ebb84272e349fbbfeec2cb757bbfd0b8ba7_0.json,246,0.03227548163483973
321d809,c_321d809b682d2d988fa8a0a31def0fd163d27c40_0.json,247,0.03224202574841584
c088f84,c_c088f8432aa8305e5512aa20431f1755872179ca_0.json,248,0.0320580691783251
2644245,c_26442458cd232add61eb04faea9c98956a418a43_0.json,249,0.031981669690069325
85ad25d,c_85ad25d9c74866e212130a63ff9d91463aaa15c4_0.json,250,0.031868245746297985
d101679,c_d1016796643be6a17ee2fc1118d0a7a198d41c0b_0.json,251,0.03184910410833941
7df7c57,c_7df7c5762a6236ba628d284723fd6bada467af86_0.json,252,0.031794972171464764
de7a4b1,c_de7a4b1d685d1c70ee7a9265c043b3de51cddcba_0.json,253,0.03128599131060106
dc6d1a6,c_dc6d1a639cc99655f7325a71fda276217839c670_0.json,254,0.031104973217634058
26894d0,c_26894d0dcf9317aff005797bf58e1ee05809366e_0.json,255,0.030979175511654522
007dccb,c_007dccb452ee15b50dc8b6745ad7ed4b80a2d9c6_0.json,256,0.030920526633580803
f221907,c_f22190742ab05aeaa1edcdd49ce6cb768de5ced8_0.json,257,0.030870302663076665
7caa4f1,c_7caa4f1a726103f92faad45e57dde2872db54f13_0.json,258,0.030758338592019818
1d97b53,c_1d97b5396e198a05a99508eaf64ece4451526a4e_0.json,259,0.030422959080129486
7b0d091,c_7b0d0918b23f8dc188ab30b612a2b1155b7a3dff_0.json,260,0.030124334431564814
288b1f3,c_288b1f323ecaa19345474d78d8263cc443eac3d3_0.json,262,0.030124000214223123
d1ed0e8,c_d1ed0e8626379b5a553ce9ba0f66de9aa75e180b_0.json,262,0.030124000214223123
87cba32,c_87cba322475fdbd57024938e98940aaa4c8c70d4_0.json,263,0.030032133287286822
ac956fe,c_ac956fe5eed337c516beb504aadf82917c26d6ba_0.json,264,0.029975732413466405
50ac853,c_50ac85338f0bf0c4f70327f5683286c71f15d7f5_0.json,265,0.02986857324289649
d700bec,c_d700becbf032762ed1f7c1496d37ecf30e50985c_0.json,266,0.02946305608527744
eb306d4,c_eb306d42c6daf184ca3288c203c0e810817a49ca_0.json,267,0.02927272073509024
996c3ff,c_996c3ff339489838b25fe1849895a55cc428e648_0.json,268,0.028395748060658033
240c455,c_240c45594272f674bcb6cec26d682f582b40fda0_0.json,269,0.02822929829437315
8b9b4cd,c_8b9b4cdd8504339f0e469370c42feaa0ab20af91_0.json,270,0.028141240066281714
965d6dd,c_965d6dd4e3241e5e31ca0e7f6f12897587b653e7_0.json,271,0.028026389669978724
10e43bd,c_10e43bd859b88d7202755a5d095b68f7468b17f0_0.json,272,0.027854435633650754
a629bb9,c_a629bb9a1a42f26e56477ffe5afd958a76b0284c_0.json,273,0.027804470893431743
0cb9748,c_0cb9748ea28093f4377dd8ca9314716083cbb9bc_0.json,274,0.027605027488826983
aefbe1d,c_aefbe1dcbab1896f885f85b07de202cd252bc1db_0.json,277,0.02721082157446375
5004f15,c_5004f15e28e8753b8661bd76264d62ab7ac86046_0.json,277,0.02721082157446375
55e62e0,c_55e62e055d98c997fe3659173c8dd0783ff8bec3_0.json,277,0.02721082157446375
0ecbeeb,c_0ecbeeb2e3e6f07db8a8f87701e61e99ea641b8f_0.json,282,0.02712717584451796
9318b80,c_9318b80535d5caf1a2ffa90d09574b19d71cddf5_0.json,282,0.02712717584451796
c2a641a,c_c2a641a1940ac941d3374ba5172c38033b1caa5c_0.json,282,0.02712717584451796
22a4523,c_22a452323f59e1ea207368440c8a4315a1cd872c_0.json,282,0.02712717584451796
159a9c8,c_159a9c80059cf2705eb7891c69db25e13cb39cb1_0.json,282,0.02712717584451796
2343927,c_2343927df4929441e817e356fec2a3624a0c5b1c_0.json,283,0.027054522677770865
a57bda8,c_a57bda8643168235402e8b61aa1762d7675e3574_0.json,284,0.026996870569035658
8486974,c_84869742a3f3d10ae771ed88558baf02b7aaa1db_0.json,285,0.026773846197624573
13d0782,c_13d07822f808d51ca089005cc0a9466dff69b67f_0.json,286,0.0266162579762087
2572819,c_2572819ed95a741431c05b69bfc7e7236afbe81d_0.json,287,0.026536433355693334
d67df9b,c_d67df9b35a4c716e7d251ebf92c13d2a13b7b53b_0.json,288,0.026405273041965716
45f1bb3,c_45f1bb35526366e14b56e31d3e9d749e2202c8db_0.json,289,0.026347332324373807
d861657,c_d8616575146a9d2fa15c71b2cbb5d27dbca5aa3b_0.json,290,0.026183107386647198
fe5b698,c_fe5b69812cd70489f61bf844d9c99ef625377d2a_0.json,291,0.025919464542567994
3e0a14e,c_3e0a14ea5f5cf61b458f8a3c4c1d6e0e4c841189_0.json,292,0.025786316073306836
e15b9a8,c_e15b9a822354244e84d031018880b030743c961d_0.json,293,0.025561054402920225
aa2823e,c_aa2823ed26c476fdecdaaf9b93b50f4c9b456e40_0.json,294,0.025543666045331315
a451ff3,c_a451ff37e8b98f491cd112c3d5a0877376f81f7b_0.json,295,0.02549320501725849
45cc26c,c_45cc26c8f20cdf49e372429dc23511a511790c0a_0.json,296,0.025468163181235792
ed4098c,c_ed4098cf0bd2e0a66b860db7bdaaf5f3756102a7_0.json,297,0.025368332099481306
84dc184,c_84dc1843f7ce5f6071f701e8588e5673f49b31ac_0.json,298,0.025325746503895408
1c1e43b,c_1c1e43bc33bd686000b482cba2c102847bb68c87_0.json,299,0.025323674874697666
6fdf6d5,c_6fdf6d54814ff2c5c2c4c8a87dd94b3e11b755a9_0.json,300,0.024984381331887184
a7ec583,c_a7ec583c9ac48c0b5fb95640a3c9a17e969f0fc3_0.json,301,0.024952914603467158
c493e6d,c_c493e6d0b55fd2d3b232c49c65bd5b89fbb268b4_0.json,302,0.024597474976449818
2d1e19e,c_2d1e19e852c77b515622d518a238d8959ea2393e_0.json,303,0.024444829090913167
fedd795,c_fedd7950785eb43e4c6a815a44cbd0d8c34adc2c_0.json,304,0.024315064147953147
6836e4f,c_6836e4f70c1a9bd354c3225253e9666c3a06e4b8_0.json,305,0.02422233137223606
f6dc437,c_f6dc437cdaa79a118bc312ff719b7b9d3b6e3cc6_0.json,306,0.023970277804832296
e92d04f,c_e92d04f31ec07a40b697f43d48f356235dc2c6fb_0.json,307,0.023966267458007895
b228c04,c_b228c04886aacc29be85fac92dd38219ec465416_0.json,308,0.02365731214805533
a942945,c_a9429451d3b767f7ca828c9d81cb8376924b7e41_0.json,309,0.02339369120136503
6c77ca3,c_6c77ca3997906b9f01160132ec5fefef6120cdc3_0.json,310,0.023112216535178476
838dc4c,c_838dc4c8318251d68ea322eebdc91d5aa36ca5c1_0.json,311,0.02296386117016691
ae727f8,c_ae727f8ba274146ac34e08300d63ba368992416f_0.json,312,0.022686256798084448
78206b7,c_78206b708800b7d3737de4365466bcdcef5b4915_0.json,313,0.022581047244654706
e59e6cc,c_e59e6cc6cb0a6169484b913c070585c9ee1b213e_0.json,314,0.022558085423786567
67a24de,c_67a24ded6442a7d7dce051c2417a3f9f973b3801_0.json,315,0.022485691078479975
68d79dd,c_68d79dd11328ed523abc1d94baaa3c6a9ab600be_0.json,316,0.02244487064594003
10c3ec8,c_10c3ec8aceb40a037a9c7e781c1e662f5a3143f1_0.json,317,0.02242021222245405
5963bc4,c_5963bc4b63832aa61049f893623d81cf99541b55_0.json,318,0.02239350802108142
5303198,c_5303198c1217acee612fd655ac52847f3482dbe4_0.json,319,0.022324163267637198
ef860da,c_ef860da507ef31a604624a434040bde984d310e8_0.json,320,0.02226675052346705
6567dcd,c_6567dcd14e911a7b06c142fadb931345a9570355_0.json,321,0.022121945459735226
3c75618,c_3c7561881c216045daa2dc5fd53aa5772e8fc9e4_0.json,322,0.022120582901743235
de6df16,c_de6df16321a3824c57bf2f5bfbd5312c12678d29_0.json,323,0.02204612985934218
2f9eb8c,c_2f9eb8cb09c8d3dcc9a17ba798ad15a01927e98e_0.json,324,0.02204184460236447
e9e78a9,c_e9e78a9c0a1554e4d420900cff48c88af82b5b17_0.json,325,0.021992584764473966
b1baffc,c_b1baffcbfbd7faea4d54ac270e1e534bdd06330f_0.json,326,0.021976996318658792
e220734,c_e2207349b19d8ca389fa720b3a35ea361a9d65d1_0.json,327,0.021963823209145472
4d5def1,c_4d5def10d89960f4a85b400a55f8cdc08275cf89_0.json,328,0.02183417722281278
496f3fc,c_496f3fc5d6f8dc3a10a8d87fa966008f618fe870_0.json,329,0.021735564638563853
89d5f32,c_89d5f32df7f91b5e3a4e8dec9111f55b88207882_0.json,330,0.021594497976278326
61d5bdd,c_61d5bdd2317a0591d7d6d07e38e1102cff894dd0_0.json,331,0.021575965761514992
2fdf90e,c_2fdf90eb47500f2dc37a06f6611195b26a6ac9a0_0.json,332,0.02146957238077507
d721193,c_d721193af128b6a2e6deaf05f458c16ac6b3d856_0.json,334,0.021102322324806133
ab0269c,c_ab0269cd16a4402d023cdf458d66e9677a78e007_0.json,334,0.021102322324806133
806f418,c_806f418fd5960cce7be6d619eb7cd0cdb38b9b11_0.json,335,0.02108805735070296
2b884f0,c_2b884f0e43e51d3ea1733a94ea4ad027ee91d9a0_0.json,336,0.020957287072773
faa7d54,c_faa7d5415faf9b695907e541fe74d7ecc7e03eca_0.json,337,0.020913057780648003
3a00c86,c_3a00c863378daafb932b596c61bf89d60dae56cb_0.json,338,0.020880515165084157
7d2519f,c_7d2519f9e48b846ddf6d633d2bc161408c535aa6_0.json,339,0.020722030593431695
3409834,c_3409834f1b068e94ca980083a69c0fe0f0a2a569_0.json,340,0.02068393849272432
3d47100,c_3d4710096ccf58d4a028a347606a2ffdea9afafb_0.json,341,0.020661085627897702
487fe10,c_487fe10a616cae4c60ebbc51bf12963e1f610212_0.json,342,0.020581835514642655
808d5fc,c_808d5fc287cc8d4e4819fea2dc18817dd5890bb5_0.json,343,0.020521400576721693
6d9cb64,c_6d9cb6429f8465fccb4bf34ff74682ae4d246c6f_0.json,344,0.020377141877408245
862b78b,c_862b78b7ad953a3f7cde69d43f9ba41ff72e7c47_0.json,345,0.020371132095821087
40a4396,c_40a439636007af5692b439220daf734a28923df3_0.json,346,0.02033340661830818
594a75d,c_594a75dd353c78e4b394eca9d157f722bec2b040_0.json,347,0.02023000103454342
572a651,c_572a65110d9ca3c9d3bf2151fe23869e211d22ec_0.json,348,0.020176458697470534
75273be,c_75273be705211ea23bfb554b1cd46607af3d28d4_0.json,349,0.02008706287435269
b169e5b,c_b169e5bb07707a009c87c346461f84f2d8545dde_0.json,350,0.0200833549595264
53621fd,c_53621fd6b5fa63f247b4da034acaaba8c0c88f16_0.json,351,0.020074562210264713
7af3e25,c_7af3e2519b7a327b4f34bd091ffc650e54bad6ac_0.json,352,0.01989312330221915
ba77f23,c_ba77f23b5335b9c7e5587d1b1e925b498e6ce6fd_0.json,353,0.019871454683368595
6fc0271,c_6fc0271dc60f513e31bd6649d53c9d665ab6f11d_0.json,354,0.019689177338512942
6ebc759,c_6ebc7598f84a2c4b1829b54b28e5d9be67af098d_0.json,355,0.01940266895881848
3532520,c_3532520e176babbe54141d8d826ff82fd46de823_0.json,356,0.019385824567947907
e2e2e8c,c_e2e2e8c2d58e02efe5a452cb64f634875784b88a_0.json,357,0.0192136671010944
b0a2e19,c_b0a2e19b1db9a26a43dc5cd3d3e7ab3fef5751b8_0.json,358,0.019191893617907296
27eb3c1,c_27eb3c1283f6cf70c5b6ce70defe51e4389321e4_0.json,359,0.0190875762864533
b0e855a,c_b0e855a2d29c2a588a2ca8e03359a839e3dcaeea_0.json,360,0.01903596092728399
1feb504,c_1feb5047245eaa18561f3c82182f783d1f170a9b_0.json,361,0.018992641130138987
52a5737,c_52a57370530fbdddd058e7a3e1d6e075a04ddcfd_0.json,362,0.018991820504484336
aae5397,c_aae5397afef690b3571bfa6a0dedbe85a48fb031_0.json,363,0.018879388737024994
d77350e,c_d77350ef2b6e9a532ac66c3ecf33698249724747_0.json,364,0.01881686131111704
d962de9,c_d962de910a0ab9241347e8dd4a636bc8fb506719_0.json,365,0.018745196541154918
48e38a8,c_48e38a8bf3c4bc8767262397748c16ba1dae3566_0.json,366,0.01873924419708517
12879ae,c_12879ae9fd664af23a48724f3254a21c95bfe569_0.json,367,0.01872554449554098
66a855e,c_66a855e4b06b245a1f6e4872c825c8006c3d7b83_0.json,368,0.01868881090954433
48d2609,c_48d26094884038251833dc30a714ce327183fa62_0.json,369,0.018654494332943194
c5b4393,c_c5b439369e998555922ea7b50cdd23e03c1c275f_0.json,370,0.018410446365194066
d01920e,c_d01920eaa2ba919b17caa7671063dbee7f9cb64c_0.json,371,0.018375940160800575
075ce3f,c_075ce3ff26ce390598a4ff526e0cdb58fc49857f_0.json,372,0.01836765270622065
feaabd1,c_feaabd1683a424d5f112f0497be6c2f68492160e_0.json,373,0.018260039429636166
bc54062,c_bc54062b89022415ae77db8796c961b4574f6d7e_0.json,374,0.018221938507069435
8a42d5e,c_8a42d5ebc3dc852885fff18a4b0c321f1dae072f_0.json,375,0.018185668473999272
9c77880,c_9c7788097baa0150686e0a39b0603c2364b21a23_0.json,376,0.018132734170519083
f9db99c,c_f9db99cd3de5372999312ba67a7f26ae5af89e70_0.json,377,0.017892877872188184
9340204,c_93402046dc3928c8060a00a8d817c2c7353e904d_0.json,378,0.017876427023730823
19e5143,c_19e5143795f553460309405b3ba9a0295a76c894_0.json,379,0.01779848402310691
0334f7e,c_0334f7ebd2736f657dab97285dcd2f9f04467674_0.json,380,0.017765538435899342
39170c0,c_39170c07410d472cdfed24a3770d49de05e1adac_0.json,381,0.017750422497757157
7190d20,c_7190d20eab0ade12dab4ea2a6fb1c3153416a6e0_0.json,382,0.01771098368748092
bb63997,c_bb639974b0928a338b4bf60b17b1f612d619e0db_0.json,383,0.017544653192223647
ac6d8e2,c_ac6d8e22847c19b2695cbd7d1f418e07a9a3dbb2_0.json,384,0.01746228222920465
c74ff14,c_c74ff14b53b0359050a8dc13db4a52b5feb35562_0.json,385,0.017417105498465646
b01c64d,c_b01c64d23c67caef178bdfcf7cd92d5a519f82b1_0.json,386,0.017364103080825588
c0a3c76,c_c0a3c7624555ec310aa0f1c2ec86c7a791c29d07_0.json,387,0.01730524622479923
3761c5c,c_3761c5c7b53d81e30e9ce252a133b70c5cd4b963_0.json,388,0.01728964452062509
37cdc35,c_37cdc35f5a2aac63d9b34d1680618cfff38127e0_0.json,389,0.017241523634338507
e1880f4,c_e1880f4a41deae9232b8a0d4e79fd89f9e23b4af_0.json,390,0.017153748035143135
1762814,c_17628141a43fd5846a0945891172bad62cd6cb54_0.json,391,0.01713844733840597
0d1a14e,c_0d1a14e95d47fb6c0981ac4ab608b8b95f4f9b80_0.json,392,0.017127023589891155
33a43e1,c_33a43e1af1e641bac4b998aef86789cdc874557c_0.json,393,0.017038819141264927
0735190,c_07351906a3e5646a3e350cee0dd0bc79cd376bc5_0.json,394,0.017008226045581054
7877499,c_787749988f028ae16aef055346d6fee707f0d5bf_0.json,395,0.016972799764550017
0ccc4c9,c_0ccc4c95cec8f7907230897034520ceb0064bbe9_0.json,396,0.016956584465419366
e6b2599,c_e6b2599bb96fda62b5ae9641de10154dd9d7ce9f_0.json,397,0.01671548287121649
bd5b7c0,c_bd5b7c05bdec489ec1a9829bc68cc3b93edd82aa_0.json,398,0.01664515683982859
333cde5,c_333cde5e2017fefc0a4e20fb0a7d2046fb680a92_0.json,399,0.016589588629282948
322fe4d,c_322fe4df08c5306f78a736d802f3fef6159c3882_0.json,400,0.016515125834570488
2a6f9f2,c_2a6f9f2c4216829cedf8987dab4109dd89f06688_0.json,401,0.016489121433880594
b4f0663,c_b4f066368015d464952180df48c9864a79bb45ed_0.json,402,0.016437056439238207
bb46be9,c_bb46be9e6bf0cc0e8f5be4ed375b32dd84cd48af_0.json,403,0.01621600174804383
3aa2414,c_3aa2414965c36647d1f0305d529297e900077718_0.json,404,0.016187016539260135
ac2921d,c_ac2921de9ecc467cf29d677070e5366f5a170d60_0.json,405,0.016139675353720517
a804cb7,c_a804cb70ffcf4087bed8ced8387cb8743b36c51a_0.json,406,0.015851230311275
5a6fe97,c_5a6fe9775b750ecc92e6d3c8331e03d1143f1c42_0.json,407,0.015838292027648415
066463a,c_066463ae578ab976c183ec2e11f84266075d93d1_0.json,408,0.01579776028877866
9e6e724,c_9e6e724550cfb6647aa436485e9467bf6ce87c3e_0.json,409,0.01575632579453734
3f84224,c_3f84224c511d96cc1a380d0265e1fa48aab636fb_0.json,410,0.015712054983242463
64adc0a,c_64adc0aef46c6096d196fe6c320784ec9ab2bb62_0.json,411,0.015661752055645795
fd07e4b,c_fd07e4bbaa416fe1b185234d616cc7fea2db6e5d_0.json,412,0.015586795187121694
896000f,c_896000fe1f4c44218cbb071d44b4178f5bb54824_0.json,413,0.015565840381221885
378ecdc,c_378ecdc76fe2fdfccb38629e606a0caf4f8e2919_0.json,414,0.015526808082952814
483e662,c_483e662125dc9b8e81dfea6057eb78fd4d5945e5_0.json,415,0.015517250813505856
c390231,c_c3902316d2ecf207482aa25fd51d18bb4a387b4e_0.json,416,0.015472102355697959
1313ea3,c_1313ea3369312ef6bbb96192afbd3a12e5b8bbc4_0.json,417,0.015461354086370838
2d68e4c,c_2d68e4c1fd3e3f1c9aee180957348b26e8fbd5df_0.json,418,0.01531525922986865
32e4e91,c_32e4e9152823258764c91262d94d54989397c5b7_0.json,419,0.015294974304597586
95f76a4,c_95f76a4693cc3406709322517a7d4a25f5333f5a_0.json,420,0.015109939703007003
48b5726,c_48b57265f6344ccb3ca5b4c57bee2d8db9817a95_0.json,421,0.01506480516045694
8fc4243,c_8fc4243d0f15813c9caf37635113489854cbd655_0.json,422,0.014988020383091105
ec30027,c_ec3002767f421cf5c0aa6e744e2579bcd68f041d_0.json,423,0.01498289563735311
18bc774,c_18bc774fb5842c101443acb0eae175cf5755c7ea_0.json,424,0.014884451747354532
1dfdf1f,c_1dfdf1fb53d63bbb9683d3fe3d47e6df7ef4deaf_0.json,425,0.014866070090671979
2fd27f4,c_2fd27f464106052a46b433425eb1fe535b617d5b_0.json,426,0.014769544180435412
44a48d9,c_44a48d9f82f4ffbea1100f35c8b24a7b5b65d091_0.json,427,0.014661216119505882
1e4a20b,c_1e4a20ba0ca4bab5048598060318a63236c132f7_0.json,428,0.014615500712745977
aa65eaa,c_aa65eaacdaa0aa35a14fa803c5bd217dc63ccdb9_0.json,429,0.014578290580691267
074c506,c_074c5065ba8bed9ebfc8afc84a1e4e7401b67ebf_0.json,430,0.014505100507627544
a464bb1,c_a464bb1dfd0181bee3b8605dacd143dd08f78c42_0.json,431,0.014504753769251422
caf7484,c_caf7484f48925b55da941436240dbdd27c062cee_0.json,432,0.014463030018048273
fb77b2f,c_fb77b2fa91a07429b781809e0d02c156f3ffc063_0.json,433,0.014399322499906164
3060cf0,c_3060cf063862af48284898222dc386287dfbc837_0.json,434,0.014318182484878927
5437738,c_5437738ec6ffd684332b255fed4fed78885fa068_0.json,435,0.014253814376064655
347f237,c_347f237e72ecf56c30a7f90684797bbd54eff9ea_0.json,436,0.014090890561700653
3b1a36b,c_3b1a36b57010322094d83ceb606b479570d7efc8_0.json,437,0.013921203921192782
608a055,c_608a055df48181bd6e968cd4789aefeac87163eb_0.json,438,0.013897692904788816
208d54a,c_208d54adc36403566a1bd0128a0ea97ea160dc1f_0.json,439,0.013853343827810227
8b88443,c_8b884436a9ea9418f03a0428c9d98f1f393502d9_0.json,440,0.01382250884310432
8e922aa,c_8e922aa34a0fc4cbaeb6217e45229729fdf9938a_0.json,441,0.013804464598460076
efc4295,c_efc42952584d58e8807b504f7a703f9f5a565d92_0.json,442,0.01378674476389119
07efb96,c_07efb963a967fd8d3c2342fb137f826481390ad3_0.json,443,0.013785993927072138
98cb9a7,c_98cb9a72694a8d65fecc5e2a59f69911f2b39d56_0.json,444,0.013581601172967028
8457e63,c_8457e635498557154929d8ba6bf6ddd357cc4dfa_0.json,445,0.013386924360901609
864e30a,c_864e30a973560ecf51584096d0a4a81e54912f8a_0.json,446,0.013301182442440829
b9eb6d1,c_b9eb6d1230bda5e443c096733ac056e83c0474e0_0.json,447,0.01309099342127018
ad2df5f,c_ad2df5ffad90ca0558b7a18caf8cb548289cc53b_0.json,448,0.013030959371276407
4ce6e0b,c_4ce6e0bc3755984c7703a411d8ae77adb8929317_0.json,449,0.01302506004482662
8475c8b,c_8475c8b28353a795d9dd4e7857480898b0e5677d_0.json,450,0.013014088727878015
4983fd1,c_4983fd1c21df0b132c5dde2643fa9569bb43a943_0.json,451,0.01296631511271229
8a6a899,c_8a6a8995448c78c2a6928d39e363c88fc579e01f_0.json,452,0.012855737844262416
2aa2628,c_2aa26288619cc729da87e29fb309de65e957236a_0.json,453,0.012765706129807763
b48bcfa,c_b48bcfa21a889bcfcf356e0e13c24ffa59f355ef_0.json,454,0.012747074107245293
6b9505b,c_6b9505b84e593edee49c5828c3ba6acc2e6b36a2_0.json,455,0.012571947409779294
eef55f5,c_eef55f5ae02c7975ed83eefcee260a3879e4ffb8_0.json,456,0.012550971466442351
e4061af,c_e4061af10d0f6e7736693f09c8af66296bfbaed8_0.json,457,0.012478640947429454
609ed9d,c_609ed9d60e294ca9bb6804024df40b506536df25_0.json,458,0.012256992491806229
a3de8a0,c_a3de8a04b39930de101cba5e498876c721a6837a_0.json,459,0.01224686225163829
a155c53,c_a155c538f470edd337a3dc1bb5dd4cf22c11c692_0.json,460,0.01223968473607795
a663c69,c_a663c696928685e4504394412d6c131152ac29b1_0.json,461,0.01222929179627652
cc97b7b,c_cc97b7b096aee5c020ec300d4a67fad900a7b2ae_0.json,462,0.012151324998062263
e2cf361,c_e2cf3613a0e83d0196aaeaaf5fffe3adf92fa7fb_0.json,463,0.011838794382057705
6819492,c_681949253a3713480abf2af3de8355413f006d11_0.json,464,0.011669145990367946
224f65d,c_224f65d666d42475a5d7232ae20e2709c2cc774f_0.json,465,0.011657432946821089
f9f6d58,c_f9f6d588c58873a04ea0bf50f9bab8d3f3e08833_0.json,466,0.011582819002873168
545d162,c_545d1625a2bceb3a2359c8508ee82c9c30b1b8fb_0.json,467,0.011502777741543402
e38191a,c_e38191a0406dd1e80768c88a63fa96913f66302e_0.json,468,0.011481463322275731
6c7061c,c_6c7061c36e6b3966ca0e0afd45ea47e42b3191b9_0.json,469,0.01147821036723895
06c510a,c_06c510ade7c80d657b57da1d488a41caaa30958d_0.json,470,0.01147063532475956
67ebb3c,c_67ebb3c2f391176f83b8bcb35a4f5e9a111cda11_0.json,471,0.011454798276792855
a0af4f4,c_a0af4f4e1a6572da26480d049dbba0948fdef517_0.json,472,0.011345315552668156
1132bd5,c_1132bd5bd12f912cf00533e1fc21cab93fa698b4_0.json,473,0.011113451368478744
db4c704,c_db4c70466f36ecd1ff66fca182a8c2d5f5f7bc76_0.json,474,0.011107301419247761
e53c3a9,c_e53c3a967d8a55b7f8cfc704210dad96159e7a27_0.json,475,0.011103531409910494
9c9622d,c_9c9622d985ee4feb2b5f2acaad779b04f4676be4_0.json,476,0.010956124891786989
f7741c5,c_f7741c581ceaf833810d044e641058a0df7300c6_0.json,477,0.010805780720445246
fe58ca8,c_fe58ca80c65c61921b38589f6a43489db3411726_0.json,478,0.010592873127440172
67a3b19,c_67a3b19c5352d3333ce13750cdd33580e64fbab4_0.json,479,0.010352355481214826
b0ceb4e,c_b0ceb4eeb69f20f0e4242736ae3e19ed2b9c5da3_0.json,480,0.010052951019291045
5c19256,c_5c19256479d83fba35e5d9b988b9b1d87f3e325a_0.json,481,0.010051961281331567
6b0771b,c_6b0771be130f16e59b86de7d91aae207683dd528_0.json,482,0.00999765856506507
7af402f,c_7af402fcbbc3b495e0e868e1e1151b005bd6398f_0.json,483,0.009806711760606324
711971d,c_711971d58e781a61dcba2c9948e85718ee9fa7bf_0.json,484,0.009805091492417706
5db03b6,c_5db03b63daf09a8e118cb10f9342520f5f22f016_0.json,485,0.009601122189036304
