3	107	1bc0788a	c_1bc0788a5bd7a68c7d4814636c22034e5f38d121_0.json	1	195.6294403076172
3	103	9d3997cb	c_9d3997cb5b4ba817707191ce57eb5812105c146d_0.json	2	194.2297821044922
3	288	2d7683ed	c_2d7683ed820116b77cba9b4b290cd7ce7dfa5cf4_0.json	3	193.88018798828125
3	162	b424dace	c_b424dace6f6f16f8adacc6e4901d4bba5b70425b_0.json	4	192.377197265625
3	278	3502de0e	c_3502de0ed0d928516c0751095af62e48f574f803_0.json	5	191.99671936035156
3	279	98d8c277	c_98d8c27707fc35ec65a40d178ddb54ac4f97fda1_0.json	6	191.99671936035156
3	289	782e6e3a	c_782e6e3a7c5c827e92f3be6171737c77a4a1967b_0.json	7	191.8939208984375
3	296	7749b6f6	c_7749b6f60605d115375eb3461f0fa5be4d8d7334_0.json	8	190.23046875
3	206	5ba2a922	c_5ba2a922ee75fd3012a2aaa6d6842cbad05eb871_0.json	9	189.8424072265625
3	73	7088e031	c_7088e0319f36cd6a007eedc55f62af475cd1a8c7_0.json	10	189.24012756347656
3	21	8603b81b	c_8603b81ba56bab82bb8ef64445f7d3f34bbca5e7_0.json	11	188.9208526611328
3	274	b5bbfa6b	c_b5bbfa6b7cc3654aa707fe52925ab482dd5be1e6_0.json	12	188.54287719726562
3	216	51408b83	c_51408b837e9bb0119f92c01fc7f31ca743f23f7b_0.json	13	187.86605834960938
3	37	5c23406b	c_5c23406bb8f9c33c29a7b3d6bdeaf4c23fd97980_0.json	14	187.38369750976562
3	100	fc008096	c_fc008096cfeff9b5fe3836d5ad1ca962aa28e189_0.json	15	187.3826446533203
3	135	fb112cb9	c_fb112cb96034902d2567fa156d7d5a19dca33acf_0.json	16	187.06314086914062
3	177	efa38763	c_efa38763986ec045752c4c936b88fac110aeab47_0.json	17	186.9197540283203
3	236	faa84af5	c_faa84af5851d16b7780c822dbc5a13b71dff8fa1_0.json	18	186.79931640625
3	169	d4d5ab2f	c_d4d5ab2f358eda681a42c099af10a8fbb6046909_0.json	19	186.74339294433594
3	186	6d5f58ef	c_6d5f58ef038c3d57a88422f0b75602ed7e7b4f6f_0.json	20	186.3814697265625
3	207	54312979	c_5431297973c9fa755f5536fd4dccb588f10a5472_0.json	21	186.12008666992188
3	160	016a56fe	c_016a56fe478545624794d6394f2e019d98bb569e_0.json	22	186.0338134765625
3	88	5791294b	c_5791294b7e51757ac54fcdd19943bf211d34e3c3_0.json	23	185.95098876953125
3	229	a1385769	c_a1385769994b70a44c058ea391a4401b94f93505_0.json	24	185.4888458251953
3	75	e01860e1	c_e01860e166e8c44badf5790ef1dfed491a2199cd_0.json	25	185.38221740722656
3	27	a341784e	c_a341784eacb9c056fa92eac0ce031827a1bedbda_0.json	26	185.3321533203125
3	189	22f728b2	c_22f728b2116e5ff7b325cc04dc255f3bfb12ea55_0.json	27	185.23402404785156
3	124	80b056c8	c_80b056c8e3172bc4ef775c2db2caab045e7febe2_0.json	28	184.95782470703125
3	82	41628fa0	c_41628fa07748c93f043eb3657ba34a085745bfee_0.json	29	184.8759765625
3	99	320d5fb5	c_320d5fb53f02978e07087a42e77e59bd4a7aaea1_0.json	30	184.76438903808594
3	129	cf1fa0b0	c_cf1fa0b0ac89ed0f32cb736174e5865ce8677c9d_0.json	31	184.54359436035156
3	269	45f912be	c_45f912be6829e2748d7048524bf897b9a2222dac_0.json	32	184.47274780273438
3	268	91067db7	c_91067db79930b61aa63ea4fb3aca143c276eec69_0.json	33	184.47274780273438
3	70	57fbffde	c_57fbffde739de7136adb2cf3cc63723a91c5246e_0.json	34	184.40599060058594
3	137	5bfa59b6	c_5bfa59b62638e7fa3c94e79465c7e743b6e7979c_0.json	35	184.33697509765625
3	218	5de2c95b	c_5de2c95b2191d939b9aeeade0c1361d9e5fbec78_0.json	36	184.2020721435547
3	22	93050498	c_93050498c42a6abc6ec797e7a1c0f693ae3af5d5_0.json	37	184.0175323486328
3	262	662d9d47	c_662d9d47a69c6c37f8cee6a9b953867c53dd2a1e_0.json	38	183.9771728515625
3	252	22a1a66c	c_22a1a66cbf14ecdb99685876980286d9288edc41_0.json	39	183.90362548828125
3	231	fa55b9f9	c_fa55b9f9f70c6aa496c7a9a140559e4f6042d4bb_0.json	40	183.83432006835938
3	180	c2751167	c_c27511671b07f19c147f7dd52450a9345efef90d_0.json	41	183.64291381835938
3	32	4eb1efdf	c_4eb1efdf62fa5efab2422803d0f821932dda5c5a_0.json	42	183.62646484375
3	181	37828fc0	c_37828fc073632d90b6fc6dbd78899d76604d06ac_0.json	43	183.58334350585938
3	164	b9e5755a	c_b9e5755ace5b07f9e058bbe98d7693b3cabfd07d_0.json	44	183.56118774414062
3	240	7bed3d07	c_7bed3d07993517bf9d0dceab264fa07b2b05d0fe_0.json	45	183.52064514160156
3	239	edf7a8b5	c_edf7a8b5f24edbf5c97b19fbb457758b3fb558a4_0.json	46	183.52064514160156
3	61	2618578f	c_2618578f8fed14b65a4ab14916ea61e416113c81_0.json	47	183.49160766601562
3	247	7cebda94	c_7cebda943332cec620720fe47dd9ecd7c7edffa4_0.json	48	183.29629516601562
3	282	764c97ae	c_764c97ae1e691a53d2612dae15973489e0d25d60_0.json	49	183.1602325439453
3	143	d54aade4	c_d54aade4b167dfa1085beb8eff8551145dd46830_0.json	50	183.03294372558594
3	249	f65929f7	c_f65929f70a4315d5493a9a5c1c4c5e337ca4628b_0.json	51	183.02267456054688
3	188	29ad5082	c_29ad5082940a89282684e1136ef8ac18ffc68bba_0.json	52	182.88235473632812
3	120	8a0dbdfc	c_8a0dbdfc7b0cf58bbccaf691dfe6dacda02b7bb1_0.json	53	182.83663940429688
3	219	8729afe5	c_8729afe5c2857d87b7c5153c98108008ec93f7f8_0.json	54	182.74362182617188
3	153	d94309e7	c_d94309e793a1a10954fd61c3b5fdeb339d393091_0.json	55	182.71884155273438
3	165	a6df5db6	c_a6df5db642b1e7ed16cffa50f10b1ae6987b3ae3_0.json	56	182.56956481933594
3	259	2de36254	c_2de36254c53999e77cf9ff7221cea8206f7e0a46_0.json	57	182.5558624267578
3	277	df60be47	c_df60be472635eb1498d49409f0023e498b260fa3_0.json	58	182.54202270507812
3	208	50f8352b	c_50f8352be19a2de5c96a6817f0108bff70b08183_0.json	59	182.46824645996094
3	171	4c6bad9d	c_4c6bad9dcae822f35c11818f08e85af92ed887e3_0.json	60	182.3593292236328
3	200	2ff280d4	c_2ff280d45b0fa0dc56b6fadc392ce6733b509d1a_0.json	61	182.08624267578125
3	146	0f4731e4	c_0f4731e4fd6fd22ad250921f1c28695887f5bda6_0.json	62	182.07411193847656
3	64	7edcc2ac	c_7edcc2ac9b2a032bf9f4524f384c33f97e5a1453_0.json	63	182.0692138671875
3	234	b8d9fd95	c_b8d9fd953bb4ecf3e7cc50a19916ac52856eadec_0.json	64	182.03709411621094
3	235	9781fac6	c_9781fac6a9589a07ef9d0992a4a242cbcd0d7082_0.json	65	182.03709411621094
3	54	e9faaec5	c_e9faaec591c288917951ce77f12a1d9dfb4fbcd1_0.json	66	181.95407104492188
3	297	fd645136	c_fd645136a3a04e4fa7433c3cfae1fc1b87e07b69_0.json	67	181.86703491210938
3	176	131c3413	c_131c3413efd0691add703494f18d8ab400569510_0.json	68	181.76760864257812
3	112	11f400f1	c_11f400f1475d9e9657d7f8570dc6d3afc7d2941a_0.json	69	181.7482147216797
3	80	c95b94a1	c_c95b94a159ac01373fc44ac8a761738d73cb5709_0.json	70	181.7331085205078
3	287	81f38e19	c_81f38e1985bdfafdbe02e32dfb5ccb200fc64eae_0.json	71	181.7135772705078
3	285	89065364	c_89065364ba7b0371203bf96d1e16404b3b0c533f_0.json	72	181.7135772705078
3	79	901c8f9c	c_901c8f9cccd6a2ab1695e509daea143247c54df4_0.json	73	181.70770263671875
3	122	e11f6cb5	c_e11f6cb52d5fec07a6cd2e148026bca7e37421dc_0.json	74	181.69839477539062
3	110	9b177dd2	c_9b177dd2ee270c78ed97c4daf4cff3b05c3b60d6_0.json	75	181.6961212158203
3	111	933d8cb3	c_933d8cb389e09cdfbfb8cc856a9eacfd4c862ecb_0.json	76	181.6961212158203
3	12	dcff9571	c_dcff95719ade028cef2fef072bcbff2516e76461_0.json	77	181.65951538085938
3	102	d58f384f	c_d58f384fd3856f1c7e329dffd79359de5fea0567_0.json	78	181.65284729003906
3	281	9df7dec0	c_9df7dec0dfaf5d6b19ef08aa45a2001cb2639ae0_0.json	79	181.53640747070312
3	97	d3dae688	c_d3dae688d38b0634bf341e5a9f80a0d8aa0c8b4d_0.json	80	181.4800567626953
3	83	4b5c9b7c	c_4b5c9b7c5c4d70e0cf6f8944837e54be862a27cc_0.json	81	181.41473388671875
3	156	9fb34728	c_9fb3472848ccbfb399d1fd7a64d1a686ad6621bf_0.json	82	181.35179138183594
3	132	61d552a1	c_61d552a1231ccc9c61dad5ce4ad690fcddefe3a3_0.json	83	181.33547973632812
3	197	eceee043	c_eceee0436909609185f3d52409410b47396902e4_0.json	84	181.3134002685547
3	199	f64d69d9	c_f64d69d92f4d65574aa44335ad844541ec24a9bd_0.json	85	181.2683868408203
3	250	eedb6de7	c_eedb6de7442b703c0f0bd9871e87bf1388bcc4f5_0.json	86	181.2325439453125
3	140	dc863809	c_dc863809ea2daad78bca8e73ff0c27ebb9527f17_0.json	87	181.221435546875
3	173	3fbf5824	c_3fbf5824fe0d4b6d1c5914e403016aaa8afd5dcd_0.json	88	181.21392822265625
3	101	4b73a383	c_4b73a383398a7bd197ce4a96b662189fe103e0ca_0.json	89	181.17784118652344
3	6	5907dacb	c_5907dacbb86e2adb48fc3b8000bd11c1fefe88ae_0.json	90	181.17759704589844
3	210	b07ed33c	c_b07ed33c3ed4d9d982f4cc24ca83eeec05da5588_0.json	91	181.12060546875
3	221	37390be3	c_37390be3c1c2d43fc8a87faa6536bd229caafd22_0.json	92	181.03497314453125
3	196	be7e41c6	c_be7e41c61ac06c23a769062775cebb8b8a46a518_0.json	93	181.02748107910156
3	38	39822a45	c_39822a45b523bb196db154af7acf194e07d75543_0.json	94	181.00738525390625
3	69	70589979	c_705899795a897fb961956e3161f975fc42bccccf_0.json	95	180.9977264404297
3	121	0ad0c497	c_0ad0c4977f7b1e93036152641042437523de7eb5_0.json	96	180.98855590820312
3	212	74ede9d4	c_74ede9d43cf84ea6a02b8d8bc829a02eaa240962_0.json	97	180.9130859375
3	53	4739c955	c_4739c9557d44e78c093203c91a66f6d30b04d272_0.json	98	180.85643005371094
3	204	5fc1112d	c_5fc1112d18fa39ba55ce80291ea7197983c90307_0.json	99	180.8524627685547
3	170	f9a4767f	c_f9a4767f3330442c26ca66bcf23b3ec4fa34c956_0.json	100	180.8157501220703
3	139	662786e7	c_662786e7d3d41a014db73da20f1a9fa4a4a77a6f_0.json	101	180.7930908203125
3	183	b2b44a3b	c_b2b44a3b1e90f3fca3d85ab80d4c6a572eb7e8bb_0.json	102	180.7642059326172
3	152	cf0c131c	c_cf0c131cdcf0ea17b84602af62b9bb693a0d43cd_0.json	103	180.7194061279297
3	71	1f5e1c2f	c_1f5e1c2f7b36ebf39fca0f544297868529509c4d_0.json	104	180.6801300048828
3	263	67948bb6	c_67948bb6a2990aab691850034d32d074c1be7eec_0.json	105	180.66189575195312
3	261	ad131914	c_ad131914cb64fbdeae9cce1c31ed0d3495e6bab0_0.json	106	180.66189575195312
3	175	8ed41996	c_8ed41996bf8aea08f7a891559ed4e50c815ee2f6_0.json	107	180.60179138183594
3	158	7a165b54	c_7a165b54cf13016a9b7942354926ed6576085e61_0.json	108	180.59506225585938
3	283	0bf40173	c_0bf40173692e5fc566f4e1307952c289bf788d17_0.json	109	180.51995849609375
3	115	f67c1716	c_f67c1716222919dc589b8bf1f03fc1df042720ed_0.json	110	180.43228149414062
3	7	6e8939a2	c_6e8939a2a8b5ed8ac5a40a130d2e79fff9d38abe_0.json	111	180.4284210205078
3	258	2a0f0ec8	c_2a0f0ec8a1ee3770a26fcbcc5b9f9a4b7e2510ae_0.json	112	180.4136199951172
3	257	78833904	c_7883390467d211c0e58ead205dbda64d95a78dc2_0.json	113	180.4136199951172
3	233	8ffed5c0	c_8ffed5c09b334980286f1c79db61050ed797eaf7_0.json	114	180.4094696044922
3	35	238decb7	c_238decb750e62986fb1160d9fe7e0ca204bd56d8_0.json	115	180.293701171875
3	184	f619819c	c_f619819cb4173c686f66e616fee74ed77b2485bc_0.json	116	180.23403930664062
3	254	49ce87ba	c_49ce87bad3bcd47793fe59bb59de7794bf1b0b14_0.json	117	180.2001953125
3	87	a1dfe973	c_a1dfe9730b592d9ec24ed93a1262e35dbaf44283_0.json	118	180.1949005126953
3	230	bf643505	c_bf64350569be97d9dcb419fdd70379a7d7e7d72d_0.json	119	180.0851287841797
3	57	34beb478	c_34beb478c9c3bc015a1fc76c33458e99197b6d7c_0.json	120	180.08323669433594
3	39	146e4ea1	c_146e4ea199698cb8c767c19fda471d55b0ec71e4_0.json	121	180.07598876953125
3	63	bb917ea3	c_bb917ea3979c3eba09121824610a2276014c24f2_0.json	122	180.0701446533203
3	292	2d6da71a	c_2d6da71a613b691d9fa56c29904990f79cb04a07_0.json	123	179.8999786376953
3	242	e484223b	c_e484223b910c2b18ccbf7d5d9aad78369ee7ef8e_0.json	124	179.8778839111328
3	215	eb05a1c8	c_eb05a1c840bbc423160281db9bb30fb6132640d8_0.json	125	179.8333740234375
3	18	ff09b830	c_ff09b8303a1f16fbb182abb107f728a0a771c0dc_0.json	126	179.83323669433594
3	65	a2d6f814	c_a2d6f81440ff33f754e9644c0e7a75d5faad4a03_0.json	127	179.830078125
3	85	f46b1629	c_f46b162929701601c32fd1e1de3f228730836106_0.json	128	179.8135986328125
3	167	5f975fb2	c_5f975fb2525c2d5ac7587edcf8ffbd680fa014dc_0.json	129	179.78335571289062
3	265	99abd4b9	c_99abd4b9445137d7fb73e551138c8926226fc91e_0.json	130	179.77304077148438
3	49	2b65d079	c_2b65d07961260c93b067b1e3212214ef242a48d4_0.json	131	179.7642822265625
3	198	ab84ac9f	c_ab84ac9f6fcbd2c88c548bcdfe05a7fd7b11aa6e_0.json	132	179.6800537109375
3	133	9fef5134	c_9fef513497b84f20176814de474a9f408f860e0f_0.json	133	179.66619873046875
3	237	d9892b05	c_d9892b05c19f21a09802334f5bb6f169ac11e246_0.json	134	179.6646728515625
3	220	424da8a0	c_424da8a095ba143c769db0b799d355c1b2e75127_0.json	135	179.66128540039062
3	148	ae52d115	c_ae52d115705b8e2ed38e8b8d5fc6c91b2d95287d_0.json	136	179.59600830078125
3	126	d02976c6	c_d02976c62d5b7b483d8d2c81481be8c21b05125c_0.json	137	179.59320068359375
3	123	5b4a0367	c_5b4a036747ae9d97dbb4ba3632c67c257573e90b_0.json	138	179.5597381591797
3	203	ebc13fdf	c_ebc13fdf7060249de3789ea3417de0c0b32d39ff_0.json	139	179.55691528320312
3	77	c95e6bf1	c_c95e6bf1c44e59eb56a1c938a157cb9c9f278762_0.json	140	179.46978759765625
3	84	09f05a5e	c_09f05a5ef994a2622f8f40626b9a75ab559d9d83_0.json	141	179.31460571289062
3	255	ae40faf3	c_ae40faf388861a9028fc49e59c5fd36137dfb88f_0.json	142	179.29513549804688
3	225	e3698fc8	c_e3698fc8a3842acdc9a1f3cf9c6fa6b07e6ffab2_0.json	143	179.234619140625
3	273	d9fc9c84	c_d9fc9c845c06c2f7c208c21254f6632ea959929a_0.json	144	179.1865234375
3	67	ab0b0c00	c_ab0b0c008613afc67c0412c77faadf573ee1325a_0.json	145	179.169921875
3	50	d9d9325b	c_d9d9325bce00e8c444003dc47c208d7d6dc5b68e_0.json	146	179.1592559814453
3	222	393a1476	c_393a14769046c20167a73884753cb8c75d0b565c_0.json	147	179.13792419433594
3	91	709ec2e3	c_709ec2e3eff454d2d7d843d2842a9c2950b2e0d1_0.json	148	179.07281494140625
3	260	7c7e8c9b	c_7c7e8c9b18ee0ed8bc2a0275079c883f2d7d3410_0.json	149	179.02926635742188
3	2	09eec810	c_09eec8108d8ca9757034443410253d2d72176fd5_0.json	150	179.01602172851562
3	205	3069602e	c_3069602e873e46000163146dd284370ab86ad16c_0.json	151	179.01544189453125
3	118	3ca5dbe0	c_3ca5dbe0a9f0f734e19f4205df0b13256c296647_0.json	152	178.9823455810547
3	130	8a2bffdf	c_8a2bffdfc4ec8c31264a80511173ffe0e34afea4_0.json	153	178.92466735839844
3	185	4b9b1b03	c_4b9b1b037059855f5d4bf19f7c96de29408725b1_0.json	154	178.90977478027344
3	55	feb6673d	c_feb6673de026675d184aef57ad890f855ac4471f_0.json	155	178.85037231445312
3	74	7ab79a3c	c_7ab79a3c35b307474df43a06fed14ed701dd51d2_0.json	156	178.8417510986328
3	47	8f1e72d2	c_8f1e72d2abde8c41e79f8bdb8764289ce7475569_0.json	157	178.81671142578125
3	92	73ac8370	c_73ac83708d7c12c9fd288779301ef329688ef297_0.json	158	178.80288696289062
3	144	ed31ca98	c_ed31ca9834551c10b149aa8f8b80d024e113f676_0.json	159	178.77464294433594
3	291	8cecd808	c_8cecd8083cb9cbd75749debc7b373e306c19e8c2_0.json	160	178.73895263671875
3	172	1252cc61	c_1252cc61fb7bbae4b384e9b674198cabad8988b0_0.json	161	178.72915649414062
3	159	b7433bd9	c_b7433bd909c92ff6c634dc48a767120162abdd78_0.json	162	178.71524047851562
3	19	29ec1eaa	c_29ec1eaa7fc2bf83ab9307aac773acdd9d333330_0.json	163	178.59786987304688
3	68	feca90ae	c_feca90ae0f705eba5d76322e1a69199cd6987306_0.json	164	178.58026123046875
3	166	f17ba635	c_f17ba6351bd5b21e6e1d88240e957d278bd19782_0.json	165	178.54098510742188
3	127	09cb1622	c_09cb162237c3e70b85e1d8ed7afa886971a417e9_0.json	166	178.487548828125
3	209	6195a219	c_6195a21915869c99653640d40a3e4ed6ed26cd77_0.json	167	178.4652862548828
3	28	ff79bf8e	c_ff79bf8e5d570ba52ab57372c74bbe9851632360_0.json	168	178.40773010253906
3	142	e8b9a283	c_e8b9a283e4ba46ec81d02b60f21270c52d8131c0_0.json	169	178.39944458007812
3	128	c57a1cb3	c_c57a1cb37f6663b7d3a7d74caafc13b6099b0a50_0.json	170	178.39077758789062
3	58	b1cce7cb	c_b1cce7cb29c5b2ae78a3bbc42c4cf8f1b9d298ea_0.json	171	178.28140258789062
3	147	4b493758	c_4b49375891f9b0a66b7bd8432c6efc6fb965fae8_0.json	172	178.1880340576172
3	272	737105e5	c_737105e583f803a54ebed0b987489676001bd607_0.json	173	178.0917510986328
3	201	6b13e5d6	c_6b13e5d6833494c76fe7e1e05183da84e8307364_0.json	174	178.06732177734375
3	116	a118918d	c_a118918d14df4d6408e38855edb39d45c638ddbf_0.json	175	178.01242065429688
3	109	3bb8b8a8	c_3bb8b8a8c9105d984c71898d3a0002ce1e048454_0.json	176	178.01080322265625
3	161	47952211	c_479522112267a0448223d38870bf5d63e77a5c33_0.json	177	177.97593688964844
3	245	5aba567e	c_5aba567ed073e836c32c850e1a751955edcce8b7_0.json	178	177.9081268310547
3	190	62b87e1b	c_62b87e1bdca8cb1e5e97c8777bfaec33a80c6278_0.json	179	177.87680053710938
3	45	4e43d66d	c_4e43d66d0359077203061e2bfad8f5b2d637ae78_0.json	180	177.78761291503906
3	276	730bdade	c_730bdade49d7d77cae7de5187ec8ab9088239159_0.json	181	177.69981384277344
3	72	4f700643	c_4f700643c936288fd57b152c3aae0e7906baea17_0.json	182	177.68475341796875
3	157	8ccf7d99	c_8ccf7d99fcdbf033bb4c9fa1179b78f252250c57_0.json	183	177.6748504638672
3	295	24a10ced	c_24a10cedfe7a7db58121619626fc51b31cbe400a_0.json	184	177.6725616455078
3	66	b43f0c52	c_b43f0c52ad5d3dc161efd24e5df13788971a9950_0.json	185	177.5845489501953
3	187	e31fcdc9	c_e31fcdc9e50f5f6a6b38a2a314fbbd091735dc15_0.json	186	177.52566528320312
3	14	7196bea9	c_7196bea9f6b11c24b1cdff10e6ab99626042500f_0.json	187	177.519287109375
3	11	3800d1aa	c_3800d1aa0c887491d0fed0ed4baee3bb676cb65f_0.json	188	177.50637817382812
3	298	ca1c671c	c_ca1c671c419e88a18357d497ec3671c73c37452e_0.json	189	177.39369201660156
3	244	2dd9af87	c_2dd9af87de9fd003ffacde13588472dba78f486e_0.json	190	177.3454132080078
3	31	865f5f33	c_865f5f3336146b5f3e22844a192b3d1c9537b24d_0.json	191	177.27536010742188
3	195	35dbcf0a	c_35dbcf0a914c9aff8b0faf76f8d14ebc79af32eb_0.json	192	177.20034790039062
3	284	3edad6c6	c_3edad6c637cbc9fe364f4c93cb17d82d96b293d1_0.json	193	177.16012573242188
3	290	16a875a9	c_16a875a9f25d49933e60998ba5becacb1f64e473_0.json	194	177.15414428710938
3	86	75e1bacb	c_75e1bacbb3f71f3085cfd828316bce83dbe3b912_0.json	195	177.01849365234375
3	30	29852442	c_29852442ada9ae53f002381c95597fa9f7a596cf_0.json	196	177.003662109375
3	141	bac2191d	c_bac2191d09c697203ba2a85b333355a6b4d29a4a_0.json	197	176.9744873046875
3	81	e22ace62	c_e22ace62764f7ee5ebe908922b6ac2f82432f154_0.json	198	176.87088012695312
3	62	9913eeef	c_9913eeefc51dd49e98f829b6d6cff7f443bc6036_0.json	199	176.82896423339844
3	8	344a0983	c_344a098398daad20b6ca0b94e8e99e195249d0a9_0.json	200	176.7142333984375
3	48	1dff4683	c_1dff4683a6e66f1bc12fe3171ecb31c7cac5a6ca_0.json	201	176.55624389648438
3	149	5f86d9da	c_5f86d9daf469a8cbfa0100997d9f427661623f17_0.json	202	176.55369567871094
3	178	ebf25d72	c_ebf25d728a30b26294d5b70fab3f7a9373afc048_0.json	203	176.42355346679688
3	202	4f7255f6	c_4f7255f676db0c5b384395d8caa8321236fec0a7_0.json	204	176.405029296875
3	191	af3fee55	c_af3fee55f772a068bcbf7403dfc52ff0566203fc_0.json	205	176.28858947753906
3	131	4b933d13	c_4b933d13d84d081b74790b574f54d5c12890816a_0.json	206	176.25927734375
3	20	c5e7e6de	c_c5e7e6dea0c31ea54ee07dd07d2d67ad33f5c3ee_0.json	207	176.2466583251953
3	194	64591142	c_64591142073946c31f480d5f5f4bba4a67e76893_0.json	208	176.1389617919922
3	76	7343f94f	c_7343f94f4494dfc16cf0d013f52c7f47397a2e71_0.json	209	176.07508850097656
3	270	471b123b	c_471b123b91833885f858e70e7aa541db11c24fbe_0.json	210	175.9480743408203
3	155	2b5282b5	c_2b5282b546b5d5a0c5a99d1e4e20672203909add_0.json	211	175.91734313964844
3	232	499e97ab	c_499e97ab21dee7df2845002e0ae36d69b056ed18_0.json	212	175.90335083007812
3	174	05f77d21	c_05f77d2103864692b7b20bc1533c1416a66ea3a5_0.json	213	175.78822326660156
3	104	ca2e6f98	c_ca2e6f9892cff4ddf32889470e602f216a1dfc2c_0.json	214	175.58778381347656
3	23	e7d02074	c_e7d020740f96cf34ecbd4e1bf2fc539b36d7241e_0.json	215	175.50733947753906
3	106	61870b2e	c_61870b2ea1c9ea79c51f53c414394bf510985725_0.json	216	175.4817657470703
3	15	86296bfe	c_86296bfe73d854601ad68f1c72efca5d8a5eee64_0.json	217	175.47927856445312
3	98	b8805252	c_b88052520ece297cef0551a04838dfc2e9e36aa8_0.json	218	175.45452880859375
3	9	4619fdd2	c_4619fdd296bea8bd8d59df878c29f262e5d46ff2_0.json	219	175.40521240234375
3	78	ff0bf89d	c_ff0bf89d48836ac2406a8d0e742fa85468b522f4_0.json	220	175.39495849609375
3	275	a55e73c6	c_a55e73c6f69ee4dc75ab81d1644d5b4da41bae50_0.json	221	175.30322265625
3	3	478883dc	c_478883dc04ab768edc2230f49871993b41899a93_0.json	222	175.0201416015625
3	134	2b21a9ef	c_2b21a9efe673eca4fa4f443dcd3289e91db80bc9_0.json	223	174.92745971679688
3	136	5d5aac90	c_5d5aac9033e683e15d7b8bf0d4c4cf17f35ea117_0.json	224	174.75283813476562
3	217	cc9fa1eb	c_cc9fa1ebf89fd034597e35a7f4c75a3c44db1dfc_0.json	225	174.7171173095703
3	13	2d476832	c_2d47683204c90b9808c66dc0bfcde6e79b2dec4a_0.json	226	174.6185760498047
3	52	3ecc7983	c_3ecc798317b5f3c14b6acf87f11a4b599eafe74b_0.json	227	174.58139038085938
3	5	f6deb26e	c_f6deb26e00c59e51c1b4b66583abb629be770a37_0.json	228	174.56898498535156
3	213	09c556f4	c_09c556f435e63c5265c5a01af59b4346ad15f456_0.json	229	174.40711975097656
3	10	eb0d2203	c_eb0d22035221ad3f64093ee8c969c9e543450af8_0.json	230	174.3914794921875
3	241	3e80829a	c_3e80829a50138b7a403f97d4b1e675832a1d7984_0.json	231	174.32762145996094
3	243	1741a0c3	c_1741a0c32f8daaf707389e2fd438e5a70fb46cf2_0.json	232	174.32762145996094
3	246	d488416a	c_d488416ab0c20f8faf2139601677ac82d5b7ce2b_0.json	233	174.2358856201172
3	40	2aca89e0	c_2aca89e0b96884704c5d2296c2696240b5c7966c_0.json	234	174.18850708007812
3	56	2b1cac57	c_2b1cac57696b4a714a40cda93382ecf24b472502_0.json	235	174.10308837890625
3	25	6f89644f	c_6f89644fd5451ef7a8cf2507acde217017412493_0.json	236	174.0393829345703
3	24	9b51833a	c_9b51833a91b25b8035eb143320177271c8802eb4_0.json	237	174.0393829345703
3	60	8377ad8d	c_8377ad8d63e3353d4dcc711cdd14ed1b5d97c88a_0.json	238	174.01260375976562
3	41	e5e16992	c_e5e16992aa8c8dcf11dfe10814fa543df533b09f_0.json	239	173.9681854248047
3	223	dd414156	c_dd4141568a78686519b6f4f4cc16a7826195b820_0.json	240	173.76980590820312
3	224	0a7b41e5	c_0a7b41e595b2701113ac8942f32a55b7a5ed8b44_0.json	241	173.76300048828125
3	51	f7fec8ea	c_f7fec8ea4cd47662f0bedc9f94d42e591766f0a6_0.json	242	173.7248992919922
3	119	b062b0ed	c_b062b0ed00df00a3f01e53866edfaecf487065ef_0.json	243	173.5003662109375
3	108	f3d24c84	c_f3d24c8444da802fdc81940d5687068b980f1567_0.json	244	173.41552734375
3	248	ac88d661	c_ac88d6619cbd9003444532219ff5f70f5273321f_0.json	245	173.3964385986328
3	256	44964961	c_449649616844609801bbe8cebb62a1f9765c8455_0.json	246	173.34629821777344
3	179	ebbfa727	c_ebbfa7277306312d6357c18bc97839489a1e7a24_0.json	247	173.26412963867188
3	168	6491613f	c_6491613f498454efec6818dda40fb57f8668adcd_0.json	248	173.18785095214844
3	192	6882033d	c_6882033df7b29446d5676d38e908c6e35fed5944_0.json	249	173.16793823242188
3	151	08bf458d	c_08bf458d7451c225f0be6a76d17e948382a22dca_0.json	250	173.0478973388672
3	138	e15f585a	c_e15f585aa7a15c8502be83ebe5afb2e9d7b00277_0.json	251	172.7338104248047
3	280	b2b63736	c_b2b63736af8de8bcef64fcab4c4757f5e8f2d93b_0.json	252	172.65286254882812
3	4	056463a5	c_056463a529d5f498050e01c1269b89e37eb44c5f_0.json	253	172.60386657714844
3	150	5ae19e14	c_5ae19e142d0238454efcf92eab05afc2fed587fc_0.json	254	172.42478942871094
3	93	2bd37ee9	c_2bd37ee94298467a336fad2d27b73ca56c6ece15_0.json	255	172.17848205566406
3	43	e88829ad	c_e88829ad7ec380b1d84ed2d769310ccc568f015c_0.json	256	172.03517150878906
3	214	a8271710	c_a82717107506f4adafd23ec8046ef80cae386ae0_0.json	257	171.75189208984375
3	193	9aae3926	c_9aae3926bbb058d44689bb153a5a32a60af74dcd_0.json	258	171.56582641601562
3	163	66ba4e7a	c_66ba4e7a453231006d702e8c7a9a803842b19e28_0.json	259	171.50698852539062
3	90	2e089226	c_2e089226c4495a4a629e3c05dc15d989e67ca232_0.json	260	171.49879455566406
3	46	754187ee	c_754187ee2c30e329e3a940f968103bce68693830_0.json	261	171.4878692626953
3	211	54d6421f	c_54d6421f4a45248da246f64f802cd00f2b8789a9_0.json	262	171.32330322265625
3	264	7d24a779	c_7d24a77965460f8a6a3f61b3c9b49843e0e1def9_0.json	263	171.2806854248047
3	267	dcb3d396	c_dcb3d3969b826bf4deffdbe3d4683a82ebc8ad4a_0.json	264	171.1741943359375
3	0	99c64ddd	c_99c64dddfeb2b7888c3d2f01b3bf7068c8c33aa1_0.json	265	170.9655303955078
3	26	bc6cdaa9	c_bc6cdaa92e66d65d7283b433fab13f66c459978a_0.json	266	170.91517639160156
3	117	85eeb5d9	c_85eeb5d9ae5a2f0c14fd694a61c6e8d88f37815c_0.json	267	170.71571350097656
3	226	36c9bb86	c_36c9bb8649fb8f5689b8ba2b00beff151aa80aaa_0.json	268	170.70062255859375
3	182	b1955591	c_b1955591ff2600530856361066b9b60e18ff1714_0.json	269	170.57635498046875
3	105	2dfbd8ca	c_2dfbd8ca68ca640c5823bcc5b7e6145703fecca4_0.json	270	170.50428771972656
3	29	76f11545	c_76f1154551a685fd3606d4263d1ce96ccab1bfb4_0.json	271	170.3195037841797
3	89	3b7f56bc	c_3b7f56bc1712014bff566149adc1847010fbd313_0.json	272	170.0808563232422
3	251	db204d97	c_db204d977749d6f0aae874e141bd7767738f0974_0.json	273	169.88046264648438
3	293	c2ccf8d4	c_c2ccf8d4eb1c9ae3372dd0e689c4fe34a8c65a00_0.json	274	169.60882568359375
3	266	f4c7bb0f	c_f4c7bb0fa6525e6143d7de21028690addd75e170_0.json	275	169.60882568359375
3	238	5cb108da	c_5cb108da85d545201a37f758b896351d504ba4a4_0.json	276	169.30780029296875
3	94	2c88665e	c_2c88665e5377d68b5d8e36af0ca58a53e7ce4251_0.json	277	169.1634063720703
3	34	5da9f1f0	c_5da9f1f0a4495f9ad46484756653bbccda3224fb_0.json	278	168.76727294921875
3	271	b8790f7c	c_b8790f7c7e2d687f6e975ee952225af93c8d6fee_0.json	279	168.69198608398438
3	33	948d377c	c_948d377c7aafb0ed91a244415df07f3f6c106be2_0.json	280	168.6807403564453
3	228	33a86647	c_33a866471e6fc465c5032d62fad79b12668c633d_0.json	281	168.64596557617188
3	125	3d3d540b	c_3d3d540bb0502d62c7eb9e26b9106df4151b88db_0.json	282	168.51576232910156
3	95	54779d99	c_54779d9978f93e0b35e8f2c4e3371321a689bfb1_0.json	283	168.5127716064453
3	36	44ee6ea0	c_44ee6ea0489477c81decde2c804c4b4b00712ae7_0.json	284	168.46705627441406
3	253	6a130da3	c_6a130da30ad4cdd0875c8df29ac170104952fb34_0.json	285	168.3193359375
3	17	1cd06488	c_1cd064884f3a16919da40d1b25244586cd724ab6_0.json	286	168.13784790039062
3	16	06b9b243	c_06b9b243ce71748609181b6e9f9488621475b8b0_0.json	287	167.50460815429688
3	1	ac97422c	c_ac97422c72402f2970e5d9eab7a727a308399d56_0.json	288	167.43231201171875
3	59	6ba43c99	c_6ba43c99fe57d1cf38b02faa6dc9dc6aaf202310_0.json	289	167.3753662109375
3	154	76916a19	c_76916a195884d691c57ff7ad94b5db61e10f89e3_0.json	290	167.35325622558594
3	294	f0f19a4c	c_f0f19a4c924d9db9a1e2830434061c8640092cc0_0.json	291	166.98199462890625
3	227	3507c38f	c_3507c38f1c6a7b5a08e74e4de2da1278259f8e83_0.json	292	166.31886291503906
3	286	ad178abf	c_ad178abf96dc0922fc7d645595f0d66e27fa5482_0.json	293	165.18482971191406
3	42	d544cc17	c_d544cc17cb818776abe0b848557f252b1dcfc23c_0.json	294	164.8175506591797
3	145	fe20c199	c_fe20c1999313a1982131b2c26950546849cbea17_0.json	295	163.27687072753906
3	96	d1215591	c_d1215591467b36affab7f854078e1649b7c14df7_0.json	296	161.29525756835938
3	113	621128d7	c_621128d7d51e5a7dd1d6ec80ba9728817aa48414_0.json	297	159.59951782226562
3	114	a78aeaae	c_a78aeaae21682bf8c88e66f981436a69e4a364f1_0.json	298	159.38351440429688
3	44	3f14cab7	c_3f14cab73c8c2bcdaaaab7799173f8009cf9b681_0.json	299	158.0705108642578
