9b51833,c_9b51833a91b25b8035eb143320177271c8802eb4_0.json,1,0.26242549449383523
cf1fa0b,c_cf1fa0b0ac89ed0f32cb736174e5865ce8677c9d_0.json,2,0.2531104052343882
61870b2,c_61870b2ea1c9ea79c51f53c414394bf510985725_0.json,3,0.2268953597973581
6491613,c_6491613f498454efec6818dda40fb57f8668adcd_0.json,4,0.22673584404545444
1cd0648,c_1cd064884f3a16919da40d1b25244586cd724ab6_0.json,5,0.2140878841754993
5aba567,c_5aba567ed073e836c32c850e1a751955edcce8b7_0.json,6,0.19501240340148351
f7fec8e,c_f7fec8ea4cd47662f0bedc9f94d42e591766f0a6_0.json,7,0.1866493284592674
ac88d66,c_ac88d6619cbd9003444532219ff5f70f5273321f_0.json,8,0.16936729888231072
1bc0788,c_1bc0788a5bd7a68c7d4814636c22034e5f38d121_0.json,9,0.16700379364314744
3bb8b8a,c_3bb8b8a8c9105d984c71898d3a0002ce1e048454_0.json,10,0.1582507440427463
37828fc,c_37828fc073632d90b6fc6dbd78899d76604d06ac_0.json,11,0.1580861979176018
b5bbfa6,c_b5bbfa6b7cc3654aa707fe52925ab482dd5be1e6_0.json,12,0.15357664551330785
f619819,c_f619819cb4173c686f66e616fee74ed77b2485bc_0.json,13,0.1533667777310419
e01860e,c_e01860e166e8c44badf5790ef1dfed491a2199cd_0.json,14,0.1451723023375282
d3dae68,c_d3dae688d38b0634bf341e5a9f80a0d8aa0c8b4d_0.json,15,0.13921818341595338
67948bb,c_67948bb6a2990aab691850034d32d074c1be7eec_0.json,16,0.1380181608010903
66ba4e7,c_66ba4e7a453231006d702e8c7a9a803842b19e28_0.json,17,0.13788351312198732
a55e73c,c_a55e73c6f69ee4dc75ab81d1644d5b4da41bae50_0.json,18,0.13558595690020137
8729afe,c_8729afe5c2857d87b7c5153c98108008ec93f7f8_0.json,19,0.1340772263964254
131c341,c_131c3413efd0691add703494f18d8ab400569510_0.json,20,0.1305038357417304
e22ace6,c_e22ace62764f7ee5ebe908922b6ac2f82432f154_0.json,21,0.12944850795015417
4f70064,c_4f700643c936288fd57b152c3aae0e7906baea17_0.json,22,0.1268434323263582
61d552a,c_61d552a1231ccc9c61dad5ce4ad690fcddefe3a3_0.json,23,0.12374362653565152
5d5aac9,c_5d5aac9033e683e15d7b8bf0d4c4cf17f35ea117_0.json,24,0.12288536316618137
7cebda9,c_7cebda943332cec620720fe47dd9ecd7c7edffa4_0.json,25,0.12093079962638387
5ba2a92,c_5ba2a922ee75fd3012a2aaa6d6842cbad05eb871_0.json,26,0.1197750598134989
709ec2e,c_709ec2e3eff454d2d7d843d2842a9c2950b2e0d1_0.json,27,0.1188817226512423
f64d69d,c_f64d69d92f4d65574aa44335ad844541ec24a9bd_0.json,28,0.11728715079649032
be7e41c,c_be7e41c61ac06c23a769062775cebb8b8a46a518_0.json,29,0.11478767549270807
a6df5db,c_a6df5db642b1e7ed16cffa50f10b1ae6987b3ae3_0.json,30,0.11440675715541138
1dff468,c_1dff4683a6e66f1bc12fe3171ecb31c7cac5a6ca_0.json,31,0.1126682238852944
2dfbd8c,c_2dfbd8ca68ca640c5823bcc5b7e6145703fecca4_0.json,32,0.11189178576530867
2b65d07,c_2b65d07961260c93b067b1e3212214ef242a48d4_0.json,33,0.10998002643298666
d4d5ab2,c_d4d5ab2f358eda681a42c099af10a8fbb6046909_0.json,34,0.10856150727248504
3069602,c_3069602e873e46000163146dd284370ab86ad16c_0.json,35,0.10764395552145822
1252cc6,c_1252cc61fb7bbae4b384e9b674198cabad8988b0_0.json,36,0.10678867568736894
f17ba63,c_f17ba6351bd5b21e6e1d88240e957d278bd19782_0.json,37,0.10670975498388302
ae52d11,c_ae52d115705b8e2ed38e8b8d5fc6c91b2d95287d_0.json,38,0.1066036304622291
754187e,c_754187ee2c30e329e3a940f968103bce68693830_0.json,39,0.10456694699619606
8f1e72d,c_8f1e72d2abde8c41e79f8bdb8764289ce7475569_0.json,40,0.10394145558188161
3fbf582,c_3fbf5824fe0d4b6d1c5914e403016aaa8afd5dcd_0.json,41,0.10121054277513342
a138576,c_a1385769994b70a44c058ea391a4401b94f93505_0.json,42,0.10044838907769793
730bdad,c_730bdade49d7d77cae7de5187ec8ab9088239159_0.json,43,0.09905772770243115
a341784,c_a341784eacb9c056fa92eac0ce031827a1bedbda_0.json,44,0.0962035590334317
2985244,c_29852442ada9ae53f002381c95597fa9f7a596cf_0.json,45,0.09619831439865945
9d3997c,c_9d3997cb5b4ba817707191ce57eb5812105c146d_0.json,46,0.09615101628672817
933d8cb,c_933d8cb389e09cdfbfb8cc856a9eacfd4c862ecb_0.json,47,0.09571325042666357
5fc1112,c_5fc1112d18fa39ba55ce80291ea7197983c90307_0.json,48,0.09487778093103427
3502de0,c_3502de0ed0d928516c0751095af62e48f574f803_0.json,49,0.09313538341604621
782e6e3,c_782e6e3a7c5c827e92f3be6171737c77a4a1967b_0.json,50,0.09267455961737614
2618578,c_2618578f8fed14b65a4ab14916ea61e416113c81_0.json,51,0.09247316038804254
81f38e1,c_81f38e1985bdfafdbe02e32dfb5ccb200fc64eae_0.json,52,0.09212788567838459
7a165b5,c_7a165b54cf13016a9b7942354926ed6576085e61_0.json,53,0.09211785584440513
af3fee5,c_af3fee55f772a068bcbf7403dfc52ff0566203fc_0.json,54,0.09210030002494485
320d5fb,c_320d5fb53f02978e07087a42e77e59bd4a7aaea1_0.json,55,0.09097613381749958
737105e,c_737105e583f803a54ebed0b987489676001bd607_0.json,56,0.0897791551456878
fc00809,c_fc008096cfeff9b5fe3836d5ad1ca962aa28e189_0.json,57,0.08885177822852297
5da9f1f,c_5da9f1f0a4495f9ad46484756653bbccda3224fb_0.json,58,0.0882531582410121
6882033,c_6882033df7b29446d5676d38e908c6e35fed5944_0.json,59,0.08817340408447905
662d9d4,c_662d9d47a69c6c37f8cee6a9b953867c53dd2a1e_0.json,60,0.08788969342977238
146e4ea,c_146e4ea199698cb8c767c19fda471d55b0ec71e4_0.json,61,0.08643050154124499
e31fcdc,c_e31fcdc9e50f5f6a6b38a2a314fbbd091735dc15_0.json,62,0.08585659312612492
3ecc798,c_3ecc798317b5f3c14b6acf87f11a4b599eafe74b_0.json,63,0.0843966701098613
fb112cb,c_fb112cb96034902d2567fa156d7d5a19dca33acf_0.json,64,0.08419327812121247
c275116,c_c27511671b07f19c147f7dd52450a9345efef90d_0.json,65,0.08415956321307128
7196bea,c_7196bea9f6b11c24b1cdff10e6ab99626042500f_0.json,66,0.08396716228495049
50f8352,c_50f8352be19a2de5c96a6817f0108bff70b08183_0.json,67,0.08384609033451496
764c97a,c_764c97ae1e691a53d2612dae15973489e0d25d60_0.json,68,0.08333621910750766
2de3625,c_2de36254c53999e77cf9ff7221cea8206f7e0a46_0.json,69,0.08280189747754718
7edcc2a,c_7edcc2ac9b2a032bf9f4524f384c33f97e5a1453_0.json,70,0.0818673541959849
16a875a,c_16a875a9f25d49933e60998ba5becacb1f64e473_0.json,71,0.08009569889202739
8ed4199,c_8ed41996bf8aea08f7a891559ed4e50c815ee2f6_0.json,72,0.07932356541593177
471b123,c_471b123b91833885f858e70e7aa541db11c24fbe_0.json,73,0.07907795050287647
5c23406,c_5c23406bb8f9c33c29a7b3d6bdeaf4c23fd97980_0.json,74,0.07885604050213657
23ab583,c_23ab583c46a6a20b0c1232ebb91b16d4058c7502_0.json,75,0.0785913175983709
7058997,c_705899795a897fb961956e3161f975fc42bccccf_0.json,76,0.078489462267059
49ce87b,c_49ce87bad3bcd47793fe59bb59de7794bf1b0b14_0.json,77,0.07808675188056924
5791294,c_5791294b7e51757ac54fcdd19943bf211d34e3c3_0.json,78,0.07289857462592364
ad13191,c_ad131914cb64fbdeae9cce1c31ed0d3495e6bab0_0.json,79,0.07252123252096043
4b9b1b0,c_4b9b1b037059855f5d4bf19f7c96de29408725b1_0.json,80,0.07246433356794735
2c88665,c_2c88665e5377d68b5d8e36af0ca58a53e7ce4251_0.json,81,0.07198498563741251
9781fac,c_9781fac6a9589a07ef9d0992a4a242cbcd0d7082_0.json,82,0.0718516729923746
c5e7e6d,c_c5e7e6dea0c31ea54ee07dd07d2d67ad33f5c3ee_0.json,83,0.07160034821549432
2d47683,c_2d47683204c90b9808c66dc0bfcde6e79b2dec4a_0.json,84,0.0713628925709412
2b21a9e,c_2b21a9efe673eca4fa4f443dcd3289e91db80bc9_0.json,85,0.0705590626506748
5f86d9d,c_5f86d9daf469a8cbfa0100997d9f427661623f17_0.json,86,0.07026784410122044
7749b6f,c_7749b6f60605d115375eb3461f0fa5be4d8d7334_0.json,87,0.06951502300690648
6b13e5d,c_6b13e5d6833494c76fe7e1e05183da84e8307364_0.json,88,0.06924098351731756
11f400f,c_11f400f1475d9e9657d7f8570dc6d3afc7d2941a_0.json,89,0.06911445651030812
bac2191,c_bac2191d09c697203ba2a85b333355a6b4d29a4a_0.json,90,0.06897403965938464
e15f585,c_e15f585aa7a15c8502be83ebe5afb2e9d7b00277_0.json,91,0.06876853142857009
ab0b0c0,c_ab0b0c008613afc67c0412c77faadf573ee1325a_0.json,92,0.06812679159372192
d94309e,c_d94309e793a1a10954fd61c3b5fdeb339d393091_0.json,93,0.06683050036921223
e484223,c_e484223b910c2b18ccbf7d5d9aad78369ee7ef8e_0.json,94,0.06610078962666022
c95e6bf,c_c95e6bf1c44e59eb56a1c938a157cb9c9f278762_0.json,95,0.06605778965807074
2d7683e,c_2d7683ed820116b77cba9b4b290cd7ce7dfa5cf4_0.json,96,0.06545970871577356
62b87e1,c_62b87e1bdca8cb1e5e97c8777bfaec33a80c6278_0.json,97,0.0643185377572062
51408b8,c_51408b837e9bb0119f92c01fc7f31ca743f23f7b_0.json,98,0.06407594593032662
09f05a5,c_09f05a5ef994a2622f8f40626b9a75ab559d9d83_0.json,99,0.06400652011982777
edf7a8b,c_edf7a8b5f24edbf5c97b19fbb457758b3fb558a4_0.json,100,0.06394602058219367
09cb162,c_09cb162237c3e70b85e1d8ed7afa886971a417e9_0.json,101,0.06231079608988954
feb6673,c_feb6673de026675d184aef57ad890f855ac4471f_0.json,102,0.062276787215667095
901c8f9,c_901c8f9cccd6a2ab1695e509daea143247c54df4_0.json,103,0.06182803140140758
6e8939a,c_6e8939a2a8b5ed8ac5a40a130d2e79fff9d38abe_0.json,104,0.061268164258405755
8ccf7d9,c_8ccf7d99fcdbf033bb4c9fa1179b78f252250c57_0.json,105,0.06099070644039373
eedb6de,c_eedb6de7442b703c0f0bd9871e87bf1388bcc4f5_0.json,106,0.06049962973477385
34beb47,c_34beb478c9c3bc015a1fc76c33458e99197b6d7c_0.json,107,0.060380376098070454
5907dac,c_5907dacbb86e2adb48fc3b8000bd11c1fefe88ae_0.json,108,0.05874134830525035
4496496,c_449649616844609801bbe8cebb62a1f9765c8455_0.json,109,0.05846397384523139
2ff280d,c_2ff280d45b0fa0dc56b6fadc392ce6733b509d1a_0.json,110,0.05827432340936267
41628fa,c_41628fa07748c93f043eb3657ba34a085745bfee_0.json,111,0.05799996263528928
b2b6373,c_b2b63736af8de8bcef64fcab4c4757f5e8f2d93b_0.json,112,0.057355988190337825
ca2e6f9,c_ca2e6f9892cff4ddf32889470e602f216a1dfc2c_0.json,113,0.05725214973826098
0bf4017,c_0bf40173692e5fc566f4e1307952c289bf788d17_0.json,114,0.05689429380260436
7c7e8c9,c_7c7e8c9b18ee0ed8bc2a0275079c883f2d7d3410_0.json,115,0.05681336445580398
f46b162,c_f46b162929701601c32fd1e1de3f228730836106_0.json,116,0.05622723016925457
eceee04,c_eceee0436909609185f3d52409410b47396902e4_0.json,117,0.05595495784682836
76f1154,c_76f1154551a685fd3606d4263d1ce96ccab1bfb4_0.json,118,0.055726114525327275
b8d9fd9,c_b8d9fd953bb4ecf3e7cc50a19916ac52856eadec_0.json,119,0.05559022171559791
09eec81,c_09eec8108d8ca9757034443410253d2d72176fd5_0.json,120,0.05364300255613075
5de2c95,c_5de2c95b2191d939b9aeeade0c1361d9e5fbec78_0.json,121,0.05274277428974472
f3d24c8,c_f3d24c8444da802fdc81940d5687068b980f1567_0.json,122,0.05212029448520572
e11f6cb,c_e11f6cb52d5fec07a6cd2e148026bca7e37421dc_0.json,123,0.05191441858284651
99c64dd,c_99c64dddfeb2b7888c3d2f01b3bf7068c8c33aa1_0.json,124,0.05186219952747928
7088e03,c_7088e0319f36cd6a007eedc55f62af475cd1a8c7_0.json,125,0.05165721885560082
c95b94a,c_c95b94a159ac01373fc44ac8a761738d73cb5709_0.json,126,0.051041105414396215
b07ed33,c_b07ed33c3ed4d9d982f4cc24ca83eeec05da5588_0.json,127,0.05022439783028099
6459114,c_64591142073946c31f480d5f5f4bba4a67e76893_0.json,128,0.050079931023136126
6f89644,c_6f89644fd5451ef7a8cf2507acde217017412493_0.json,129,0.05003053201610719
3507c38,c_3507c38f1c6a7b5a08e74e4de2da1278259f8e83_0.json,130,0.04998007706425556
948d377,c_948d377c7aafb0ed91a244415df07f3f6c106be2_0.json,131,0.04945669801767083
2bd37ee,c_2bd37ee94298467a336fad2d27b73ca56c6ece15_0.json,132,0.04774116655995786
9df7dec,c_9df7dec0dfaf5d6b19ef08aa45a2001cb2639ae0_0.json,133,0.0472023672654579
a827171,c_a82717107506f4adafd23ec8046ef80cae386ae0_0.json,134,0.04719581803268502
b1cce7c,c_b1cce7cb29c5b2ae78a3bbc42c4cf8f1b9d298ea_0.json,135,0.046090181735341296
6d5f58e,c_6d5f58ef038c3d57a88422f0b75602ed7e7b4f6f_0.json,136,0.046084350093536064
ebf25d7,c_ebf25d728a30b26294d5b70fab3f7a9373afc048_0.json,137,0.04514771604561674
662786e,c_662786e7d3d41a014db73da20f1a9fa4a4a77a6f_0.json,138,0.04460860902231256
4b5c9b7,c_4b5c9b7c5c4d70e0cf6f8944837e54be862a27cc_0.json,139,0.04442809782443735
37390be,c_37390be3c1c2d43fc8a87faa6536bd229caafd22_0.json,140,0.04393269236169184
6195a21,c_6195a21915869c99653640d40a3e4ed6ed26cd77_0.json,141,0.0434117636880782
7bed3d0,c_7bed3d07993517bf9d0dceab264fa07b2b05d0fe_0.json,142,0.04312955181374811
e9faaec,c_e9faaec591c288917951ce77f12a1d9dfb4fbcd1_0.json,143,0.04312654872306676
74ede9d,c_74ede9d43cf84ea6a02b8d8bc829a02eaa240962_0.json,144,0.04282259198408345
0ad0c49,c_0ad0c4977f7b1e93036152641042437523de7eb5_0.json,145,0.04223978834708941
4b933d1,c_4b933d13d84d081b74790b574f54d5c12890816a_0.json,146,0.04219328761968655
8a2bffd,c_8a2bffdfc4ec8c31264a80511173ffe0e34afea4_0.json,147,0.04195540231014694
344a098,c_344a098398daad20b6ca0b94e8e99e195249d0a9_0.json,148,0.041683180896963434
238decb,c_238decb750e62986fb1160d9fe7e0ca204bd56d8_0.json,149,0.041680205540975845
2dd9af8,c_2dd9af87de9fd003ffacde13588472dba78f486e_0.json,150,0.04143446097320935
8906536,c_89065364ba7b0371203bf96d1e16404b3b0c533f_0.json,151,0.0414243296624085
06b9b24,c_06b9b243ce71748609181b6e9f9488621475b8b0_0.json,152,0.04136701915184393
b880525,c_b88052520ece297cef0551a04838dfc2e9e36aa8_0.json,153,0.04107850729793194
ca1c671,c_ca1c671c419e88a18357d497ec3671c73c37452e_0.json,154,0.040835983696231426
36c9bb8,c_36c9bb8649fb8f5689b8ba2b00beff151aa80aaa_0.json,155,0.040702577635771675
24a10ce,c_24a10cedfe7a7db58121619626fc51b31cbe400a_0.json,156,0.03976234721735894
4739c95,c_4739c9557d44e78c093203c91a66f6d30b04d272_0.json,157,0.03964181261331934
2b1cac5,c_2b1cac57696b4a714a40cda93382ecf24b472502_0.json,158,0.039409485419090395
ab84ac9,c_ab84ac9f6fcbd2c88c548bcdfe05a7fd7b11aa6e_0.json,159,0.0385996140130731
478883d,c_478883dc04ab768edc2230f49871993b41899a93_0.json,160,0.03785029321491795
c2ccf8d,c_c2ccf8d4eb1c9ae3372dd0e689c4fe34a8c65a00_0.json,161,0.03748353553310757
b2b44a3,c_b2b44a3b1e90f3fca3d85ab80d4c6a572eb7e8bb_0.json,162,0.0370675344394642
22f728b,c_22f728b2116e5ff7b325cc04dc255f3bfb12ea55_0.json,163,0.03674099180499801
d54aade,c_d54aade4b167dfa1085beb8eff8551145dd46830_0.json,164,0.03645247534009777
cc9fa1e,c_cc9fa1ebf89fd034597e35a7f4c75a3c44db1dfc_0.json,165,0.03624969872905337
dd41415,c_dd4141568a78686519b6f4f4cc16a7826195b820_0.json,166,0.036050251737868244
a2d6f81,c_a2d6f81440ff33f754e9644c0e7a75d5faad4a03_0.json,167,0.035833841065080474
8a0dbdf,c_8a0dbdfc7b0cf58bbccaf691dfe6dacda02b7bb1_0.json,168,0.035593251042854934
df60be4,c_df60be472635eb1498d49409f0023e498b260fa3_0.json,169,0.035484379729047055
d544cc1,c_d544cc17cb818776abe0b848557f252b1dcfc23c_0.json,170,0.03526185036404639
4619fdd,c_4619fdd296bea8bd8d59df878c29f262e5d46ff2_0.json,171,0.03496880406139269
d02976c,c_d02976c62d5b7b483d8d2c81481be8c21b05125c_0.json,172,0.03473522202163759
85eeb5d,c_85eeb5d9ae5a2f0c14fd694a61c6e8d88f37815c_0.json,173,0.03431555055521429
8cecd80,c_8cecd8083cb9cbd75749debc7b373e306c19e8c2_0.json,174,0.033804894274339525
a1dfe97,c_a1dfe9730b592d9ec24ed93a1262e35dbaf44283_0.json,175,0.03340531723920992
393a147,c_393a14769046c20167a73884753cb8c75d0b565c_0.json,176,0.03327684715970125
a118918,c_a118918d14df4d6408e38855edb39d45c638ddbf_0.json,177,0.032938387081263065
2aca89e,c_2aca89e0b96884704c5d2296c2696240b5c7966c_0.json,178,0.032801148641828815
eb0d220,c_eb0d22035221ad3f64093ee8c969c9e543450af8_0.json,179,0.032203794309887845
0a7b41e,c_0a7b41e595b2701113ac8942f32a55b7a5ed8b44_0.json,180,0.031231742311723876
1f5e1c2,c_1f5e1c2f7b36ebf39fca0f544297868529509c4d_0.json,181,0.030906582445522912
2e08922,c_2e089226c4495a4a629e3c05dc15d989e67ca232_0.json,182,0.030448452897250067
9fef513,c_9fef513497b84f20176814de474a9f408f860e0f_0.json,183,0.030246247119698588
5b4a036,c_5b4a036747ae9d97dbb4ba3632c67c257573e90b_0.json,184,0.029882593236322696
ebbfa72,c_ebbfa7277306312d6357c18bc97839489a1e7a24_0.json,185,0.029769709223281815
29ad508,c_29ad5082940a89282684e1136ef8ac18ffc68bba_0.json,186,0.029508207335438574
ac97422,c_ac97422c72402f2970e5d9eab7a727a308399d56_0.json,187,0.029253290439031576
98d8c27,c_98d8c27707fc35ec65a40d178ddb54ac4f97fda1_0.json,188,0.02909980571008086
ff79bf8,c_ff79bf8e5d570ba52ab57372c74bbe9851632360_0.json,189,0.028588708096821236
dcff957,c_dcff95719ade028cef2fef072bcbff2516e76461_0.json,190,0.028364556203898994
54d6421,c_54d6421f4a45248da246f64f802cd00f2b8789a9_0.json,191,0.028027943413275302
29ec1ea,c_29ec1eaa7fc2bf83ab9307aac773acdd9d333330_0.json,192,0.02792578068493523
22a1a66,c_22a1a66cbf14ecdb99685876980286d9288edc41_0.json,193,0.02757716821788725
d9fc9c8,c_d9fc9c845c06c2f7c208c21254f6632ea959929a_0.json,194,0.027386497060437276
54779d9,c_54779d9978f93e0b35e8f2c4e3371321a689bfb1_0.json,195,0.026861314272524583
dc86380,c_dc863809ea2daad78bca8e73ff0c27ebb9527f17_0.json,196,0.026848703238650518
7343f94,c_7343f94f4494dfc16cf0d013f52c7f47397a2e71_0.json,197,0.02669181656247155
b43f0c5,c_b43f0c52ad5d3dc161efd24e5df13788971a9950_0.json,198,0.026436351630707566
57fbffd,c_57fbffde739de7136adb2cf3cc63723a91c5246e_0.json,199,0.026299058826720678
b9e5755,c_b9e5755ace5b07f9e058bbe98d7693b3cabfd07d_0.json,200,0.026269262845115104
cf0c131,c_cf0c131cdcf0ea17b84602af62b9bb693a0d43cd_0.json,201,0.025467163730692466
8603b81,c_8603b81ba56bab82bb8ef64445f7d3f34bbca5e7_0.json,202,0.02517679102367365
4b49375,c_4b49375891f9b0a66b7bd8432c6efc6fb965fae8_0.json,203,0.025095360996643334
eb05a1c,c_eb05a1c840bbc423160281db9bb30fb6132640d8_0.json,204,0.024918588439362788
b7433bd,c_b7433bd909c92ff6c634dc48a767120162abdd78_0.json,205,0.024117365430474824
73ac837,c_73ac83708d7c12c9fd288779301ef329688ef297_0.json,206,0.02346932783640132
09c556f,c_09c556f435e63c5265c5a01af59b4346ad15f456_0.json,207,0.022466810524873315
86296bf,c_86296bfe73d854601ad68f1c72efca5d8a5eee64_0.json,208,0.022007152908393057
bc6cdaa,c_bc6cdaa92e66d65d7283b433fab13f66c459978a_0.json,209,0.0205298503864485
35dbcf0,c_35dbcf0a914c9aff8b0faf76f8d14ebc79af32eb_0.json,210,0.02048348307100356
8377ad8,c_8377ad8d63e3353d4dcc711cdd14ed1b5d97c88a_0.json,211,0.020294110912276064
d488416,c_d488416ab0c20f8faf2139601677ac82d5b7ce2b_0.json,213,0.02015232987125115
f0f19a4,c_f0f19a4c924d9db9a1e2830434061c8640092cc0_0.json,213,0.02015232987125115
8ffed5c,c_8ffed5c09b334980286f1c79db61050ed797eaf7_0.json,214,0.020010214682386285
f6deb26,c_f6deb26e00c59e51c1b4b66583abb629be770a37_0.json,215,0.01990166629753254
91067db,c_91067db79930b61aa63ea4fb3aca143c276eec69_0.json,216,0.019653231457338216
b195559,c_b1955591ff2600530856361066b9b60e18ff1714_0.json,217,0.019634520694000734
056463a,c_056463a529d5f498050e01c1269b89e37eb44c5f_0.json,218,0.019580480486063534
99abd4b,c_99abd4b9445137d7fb73e551138c8926226fc91e_0.json,219,0.019329136825141036
4795221,c_479522112267a0448223d38870bf5d63e77a5c33_0.json,220,0.019081645030892602
e8b9a28,c_e8b9a283e4ba46ec81d02b60f21270c52d8131c0_0.json,221,0.019058655401751
ebc13fd,c_ebc13fdf7060249de3789ea3417de0c0b32d39ff_0.json,222,0.018528398668513635
44ee6ea,c_44ee6ea0489477c81decde2c804c4b4b00712ae7_0.json,223,0.018409338414921428
7d24a77,c_7d24a77965460f8a6a3f61b3c9b49843e0e1def9_0.json,224,0.017811285568888446
f4c7bb0,c_f4c7bb0fa6525e6143d7de21028690addd75e170_0.json,225,0.017625317081884195
016a56f,c_016a56fe478545624794d6394f2e019d98bb569e_0.json,226,0.01739210954215442
5ae19e1,c_5ae19e142d0238454efcf92eab05afc2fed587fc_0.json,227,0.01726993767493168
33a8664,c_33a866471e6fc465c5032d62fad79b12668c633d_0.json,229,0.01660756476568881
a78aeaa,c_a78aeaae21682bf8c88e66f981436a69e4a364f1_0.json,229,0.01660756476568881
fa55b9f,c_fa55b9f9f70c6aa496c7a9a140559e4f6042d4bb_0.json,230,0.01612045958806152
ff09b83,c_ff09b8303a1f16fbb182abb107f728a0a771c0dc_0.json,231,0.01594648249683228
3e80829,c_3e80829a50138b7a403f97d4b1e675832a1d7984_0.json,232,0.01590852420294786
9913eee,c_9913eeefc51dd49e98f829b6d6cff7f443bc6036_0.json,233,0.015752773673555764
3800d1a,c_3800d1aa0c887491d0fed0ed4baee3bb676cb65f_0.json,234,0.014994926462877034
efa3876,c_efa38763986ec045752c4c936b88fac110aeab47_0.json,235,0.014878634933137569
9305049,c_93050498c42a6abc6ec797e7a1c0f693ae3af5d5_0.json,236,0.01486167412970496
6ba43c9,c_6ba43c99fe57d1cf38b02faa6dc9dc6aaf202310_0.json,237,0.014726343146061915
e5e1699,c_e5e16992aa8c8dcf11dfe10814fa543df533b09f_0.json,238,0.014657797985957344
e7d0207,c_e7d020740f96cf34ecbd4e1bf2fc539b36d7241e_0.json,239,0.0144542144051244
e88829a,c_e88829ad7ec380b1d84ed2d769310ccc568f015c_0.json,240,0.014015637240781809
5cb108d,c_5cb108da85d545201a37f758b896351d504ba4a4_0.json,241,0.01359119947971521
39822a4,c_39822a45b523bb196db154af7acf194e07d75543_0.json,242,0.013415038962093728
4f7255f,c_4f7255f676db0c5b384395d8caa8321236fec0a7_0.json,243,0.013102985217870566
1741a0c,c_1741a0c32f8daaf707389e2fd438e5a70fb46cf2_0.json,244,0.0130762928834538
bb917ea,c_bb917ea3979c3eba09121824610a2276014c24f2_0.json,245,0.013023483135235159
b8790f7,c_b8790f7c7e2d687f6e975ee952225af93c8d6fee_0.json,246,0.012978611802351048
865f5f3,c_865f5f3336146b5f3e22844a192b3d1c9537b24d_0.json,247,0.012971799604511225
d58f384,c_d58f384fd3856f1c7e329dffd79359de5fea0567_0.json,248,0.01287756867544354
3b7f56b,c_3b7f56bc1712014bff566149adc1847010fbd313_0.json,249,0.01276804326139025
75e1bac,c_75e1bacbb3f71f3085cfd828316bce83dbe3b912_0.json,250,0.012097410156769017
4e43d66,c_4e43d66d0359077203061e2bfad8f5b2d637ae78_0.json,251,0.012056644273181316
3ca5dbe,c_3ca5dbe0a9f0f734e19f4205df0b13256c296647_0.json,252,0.011821942890336445
ae40faf,c_ae40faf388861a9028fc49e59c5fd36137dfb88f_0.json,253,0.011257487564866553
db204d9,c_db204d977749d6f0aae874e141bd7767738f0974_0.json,254,0.010865100640265246
7ab79a3,c_7ab79a3c35b307474df43a06fed14ed701dd51d2_0.json,255,0.010788996506268411
feca90a,c_feca90ae0f705eba5d76322e1a69199cd6987306_0.json,256,0.010740333063866903
4c6bad9,c_4c6bad9dcae822f35c11818f08e85af92ed887e3_0.json,257,0.010599703010621186
ad178ab,c_ad178abf96dc0922fc7d645595f0d66e27fa5482_0.json,258,0.009541320662524777
5f975fb,c_5f975fb2525c2d5ac7587edcf8ffbd680fa014dc_0.json,259,0.00948621362926938
9aae392,c_9aae3926bbb058d44689bb153a5a32a60af74dcd_0.json,260,0.00937696342017702
d121559,c_d1215591467b36affab7f854078e1649b7c14df7_0.json,261,0.008917035142056218
b424dac,c_b424dace6f6f16f8adacc6e4901d4bba5b70425b_0.json,262,0.008646169085836819
3edad6c,c_3edad6c637cbc9fe364f4c93cb17d82d96b293d1_0.json,263,0.00852555723304027
9fb3472,c_9fb3472848ccbfb399d1fd7a64d1a686ad6621bf_0.json,264,0.008428865463608548
424da8a,c_424da8a095ba143c769db0b799d355c1b2e75127_0.json,265,0.008382868587759829
dcb3d39,c_dcb3d3969b826bf4deffdbe3d4683a82ebc8ad4a_0.json,266,0.008214907446601583
45f912b,c_45f912be6829e2748d7048524bf897b9a2222dac_0.json,267,0.008126744507954253
e3698fc,c_e3698fc8a3842acdc9a1f3cf9c6fa6b07e6ffab2_0.json,268,0.008103911721170975
5bfa59b,c_5bfa59b62638e7fa3c94e79465c7e743b6e7979c_0.json,269,0.008084123579721214
3d3d540,c_3d3d540bb0502d62c7eb9e26b9106df4151b88db_0.json,270,0.007828375087647443
05f77d2,c_05f77d2103864692b7b20bc1533c1416a66ea3a5_0.json,271,0.007308548580114538
621128d,c_621128d7d51e5a7dd1d6ec80ba9728817aa48414_0.json,272,0.007166041550837776
ed31ca9,c_ed31ca9834551c10b149aa8f8b80d024e113f676_0.json,273,0.007048565732663881
fd64513,c_fd645136a3a04e4fa7433c3cfae1fc1b87e07b69_0.json,274,0.0069166077662774494
4b73a38,c_4b73a383398a7bd197ce4a96b662189fe103e0ca_0.json,275,0.006807216012044592
6a130da,c_6a130da30ad4cdd0875c8df29ac170104952fb34_0.json,276,0.006773937864427038
d9892b0,c_d9892b05c19f21a09802334f5bb6f169ac11e246_0.json,277,0.0066652347513112
76916a1,c_76916a195884d691c57ff7ad94b5db61e10f89e3_0.json,278,0.0066648960071371555
2a0f0ec,c_2a0f0ec8a1ee3770a26fcbcc5b9f9a4b7e2510ae_0.json,280,0.006653591281756577
7883390,c_7883390467d211c0e58ead205dbda64d95a78dc2_0.json,280,0.006653591281756577
fe20c19,c_fe20c1999313a1982131b2c26950546849cbea17_0.json,281,0.006606744659425345
4eb1efd,c_4eb1efdf62fa5efab2422803d0f821932dda5c5a_0.json,282,0.006492667455669787
c57a1cb,c_c57a1cb37f6663b7d3a7d74caafc13b6099b0a50_0.json,283,0.006418078082457757
3f14cab,c_3f14cab73c8c2bcdaaaab7799173f8009cf9b681_0.json,284,0.006361715022081715
9b177dd,c_9b177dd2ee270c78ed97c4daf4cff3b05c3b60d6_0.json,285,0.006348596730320066
f65929f,c_f65929f70a4315d5493a9a5c1c4c5e337ca4628b_0.json,286,0.006290082898916194
2d6da71,c_2d6da71a613b691d9fa56c29904990f79cb04a07_0.json,287,0.005849279639064786
faa84af,c_faa84af5851d16b7780c822dbc5a13b71dff8fa1_0.json,288,0.005762346086071735
f67c171,c_f67c1716222919dc589b8bf1f03fc1df042720ed_0.json,289,0.005621413086382643
b062b0e,c_b062b0ed00df00a3f01e53866edfaecf487065ef_0.json,290,0.005608533336386556
0f4731e,c_0f4731e4fd6fd22ad250921f1c28695887f5bda6_0.json,291,0.00552445896378484
499e97a,c_499e97ab21dee7df2845002e0ae36d69b056ed18_0.json,292,0.0053573396998111145
ff0bf89,c_ff0bf89d48836ac2406a8d0e742fa85468b522f4_0.json,293,0.005188318284257587
5431297,c_5431297973c9fa755f5536fd4dccb588f10a5472_0.json,294,0.005178436901220662
80b056c,c_80b056c8e3172bc4ef775c2db2caab045e7febe2_0.json,295,0.005078678507381529
f9a4767,c_f9a4767f3330442c26ca66bcf23b3ec4fa34c956_0.json,296,0.004874823218186997
bf64350,c_bf64350569be97d9dcb419fdd70379a7d7e7d72d_0.json,297,0.004694916051074971
2b5282b,c_2b5282b546b5d5a0c5a99d1e4e20672203909add_0.json,298,0.004509129733196615
d9d9325,c_d9d9325bce00e8c444003dc47c208d7d6dc5b68e_0.json,299,0.00449897325769677
08bf458,c_08bf458d7451c225f0be6a76d17e948382a22dca_0.json,300,0.004488917062464681
