3	252	a07a2f44	c_a07a2f443a5177ad43b3a0e4e803fc55870af13d_0.json	1	146.0740509033203
3	137	34257eff	c_34257eff5201e50739d1387caeb2ec5c5561984d_0.json	2	145.75601196289062
3	176	a50a2032	c_a50a203248662d2b4fe6f5b6952d3066ab3ab8ba_0.json	3	143.5480499267578
3	32	84ee6515	c_84ee6515c0749bf5c546355f4e6805b5b59a7951_0.json	4	143.3519287109375
3	189	9c0cabea	c_9c0cabead7cf075308b11362172ae1a48d41321c_0.json	5	143.1433868408203
3	118	a4894c0c	c_a4894c0c87cf8651b23b4128c438e4dd640acbe9_0.json	6	143.13951110839844
3	45	d5989808	c_d5989808fbc60a14bdb57bb526321fa8b978eb90_0.json	7	142.8524932861328
3	222	cb63f4a9	c_cb63f4a959e30de6882b20af10d189c7307a6da2_0.json	8	142.79721069335938
3	264	3210069a	c_3210069a57d060b1aaec24af66042798c8942ef4_0.json	9	142.71961975097656
3	171	f0648996	c_f06489969a4cdf9578cf5599d4c72c2eae74d40f_0.json	10	142.50840759277344
3	206	d0d8b84c	c_d0d8b84cf19eda43894eebf899db6861de852786_0.json	11	142.40374755859375
3	75	18bfd075	c_18bfd075f26b5377c8cd3a05d954952daf77ba28_0.json	12	142.36534118652344
3	103	c6a5b2d5	c_c6a5b2d5619b3bd7f785a71bdf075c41a0101f1e_0.json	13	142.2550506591797
3	164	5d856dd2	c_5d856dd285cad2a89b6e33f9e93092eab45872c2_0.json	14	142.18246459960938
3	23	c38480da	c_c38480da2f7e5447389494a10032b99810085185_0.json	15	141.8854217529297
3	139	8548bab1	c_8548bab17a99cd737133160fc6032b1587335ffe_0.json	16	141.43045043945312
3	250	fe76026a	c_fe76026a9954af5ea91083b3b1b5f05f18fd581b_0.json	17	141.16860961914062
3	159	b42d42b6	c_b42d42b64c36a2e16beb80ef89e07b7c8315fe64_0.json	18	141.13958740234375
3	173	99776883	c_99776883a5b3ed57538302a0de1cc5d238a5afbf_0.json	19	141.0361785888672
3	71	598c4116	c_598c411603b7e1746771f3f536b06593e8b82291_0.json	20	140.78648376464844
3	243	93333139	c_93333139710428b579e9b9bfb22a431028df4feb_0.json	21	140.78286743164062
3	63	106f454b	c_106f454b4a8c0c7c9a2707858cd07990064c84c1_0.json	22	140.7311553955078
3	136	d577580e	c_d577580efc0f1f0eed5edfc7de22ecdd97c8111c_0.json	23	140.65731811523438
3	73	13672e9f	c_13672e9f995249fb84f532144f5687df424d39a8_0.json	24	140.45616149902344
3	104	01ca2140	c_01ca21405950e0fcc2a724cb34885f930c86c5e2_0.json	25	140.38131713867188
3	87	b84516bd	c_b84516bd74a25a66c1d7d754c0df66d138b566e7_0.json	26	140.380615234375
3	55	9da7d2a6	c_9da7d2a69e0c19bb33a6e3ca18ab1c6a2298d61d_0.json	27	140.376953125
3	210	8494bec8	c_8494bec8ef46972ddd7f7fcfc488592380550b03_0.json	28	139.61170959472656
3	253	b42904f4	c_b42904f491b0f736b112544fa256d7af5955be5a_0.json	29	139.5911102294922
3	285	e17d5c54	c_e17d5c54eebc1dace8466d08907995041c30e04e_0.json	30	139.58584594726562
3	165	dac3995e	c_dac3995e46f798ea7256ad940cfd8fcf7c578b5b_0.json	31	139.57359313964844
3	3	282192ce	c_282192ceff92d8a71b57e6d6cb75664fbaf412ab_0.json	32	139.56881713867188
3	107	3f17959d	c_3f17959da84c68bb15d0eeaa1fb01dd2243cc374_0.json	33	139.5608367919922
3	138	6d998a12	c_6d998a12c101a31048fd175e36c5e5ac56dccda9_0.json	34	139.49481201171875
3	58	f095ceb2	c_f095ceb27daa38033f1e8368c90668403a4fb520_0.json	35	139.45962524414062
3	76	1f85bc36	c_1f85bc361c53b25fdcc0cdea80e84b4424c77ac7_0.json	36	139.2537841796875
3	146	519cfe52	c_519cfe52d88d642c0910b8ea74303130c2348864_0.json	37	139.15272521972656
3	267	a952f092	c_a952f092987217322ceb6ab1d559d0612d02a778_0.json	38	139.0753631591797
3	119	f2786e40	c_f2786e4010e772932d433fba8f873ab552ba2092_0.json	39	138.98046875
3	38	31114f30	c_31114f306900c2ec516a2395fa669156300eb71c_0.json	40	138.64048767089844
3	31	29076a48	c_29076a48666a30252842bb1a3ecce65211fdb61d_0.json	41	138.43519592285156
3	18	81621443	c_81621443ff37fd3bd393f77296fd9e19950d15ee_0.json	42	138.29513549804688
3	29	83a5ba3f	c_83a5ba3fcdcd8b3e39c2414b794fa10cc612f965_0.json	43	137.946533203125
3	209	a8502b5f	c_a8502b5f546eddda66cc5d75c3c4552ea81c9ef5_0.json	44	137.8553009033203
3	117	dceaa674	c_dceaa6745c0e1a96a0f2938e47938c7615f69ae8_0.json	45	137.8330535888672
3	276	71a7599e	c_71a7599e98112c90e3d79518eedf862bd93e4cdd_0.json	46	137.74661254882812
3	156	3f4e9262	c_3f4e9262e796fc78dfc042766ae7b9c54a20150d_0.json	47	137.7362518310547
3	200	33f9ab90	c_33f9ab90afd763002d61f96961d18641b2931f9f_0.json	48	137.73593139648438
3	194	e2df8502	c_e2df85024e2ab99645a788b4b2836ba1cfdb87f5_0.json	49	137.67816162109375
3	270	31a3522f	c_31a3522f4eaf9a94e11fba52fab15e34b70906cf_0.json	50	137.6432647705078
3	91	166c9edc	c_166c9edc5e314ba401e35ae3b50090762a86af9d_0.json	51	137.5936279296875
3	265	2eef8dee	c_2eef8dee31bbaa10ffb1264fbbe9aba1bc92c45b_0.json	52	137.49435424804688
3	214	b7832d43	c_b7832d438495a0cd2c14ccf663f6f1d465fc1551_0.json	53	137.42543029785156
3	178	f5185b02	c_f5185b0229f93097be2433386c2d4022e70545d1_0.json	54	137.30197143554688
3	34	21804202	c_21804202745423b5fcd0a34a2c8c94064416ab3a_0.json	55	137.20286560058594
3	131	e3984983	c_e398498388fe995b20a3fd84a9c359039ec82466_0.json	56	137.10916137695312
3	147	bbeb0c07	c_bbeb0c0754bbbde313c44d6843cfa5aae0fe4220_0.json	57	137.1019744873047
3	126	625914d5	c_625914d5fc719c13e3dbba53dabe113486c6986c_0.json	58	137.0865478515625
3	52	5fc5353d	c_5fc5353dd975e54ad52ed1074cc06c21402a6461_0.json	59	136.9327392578125
3	27	bde6e6b5	c_bde6e6b5fc4e911107d9e014e037990c1f3882c5_0.json	60	136.81568908691406
3	81	fb24a15f	c_fb24a15f937b40d0c890cb6bdba2290debd6aeb1_0.json	61	136.78982543945312
3	251	70280954	c_7028095497c29edde3c0f320080f7d4aa5b22c98_0.json	62	136.75828552246094
3	54	efed0579	c_efed05794b97c19559284aa15e34b7fdc319853b_0.json	63	136.7546844482422
3	155	fe622547	c_fe62254726b67900a16fed2e5ae4206ff96a85cb_0.json	64	136.6464385986328
3	151	2748aabe	c_2748aabedbe18790eccf548f738f188c3c88f446_0.json	65	136.6104736328125
3	59	6e2fc7d9	c_6e2fc7d9aedf30bebd7f9be6e95aa8a0bd3c5493_0.json	66	136.551513671875
3	154	39452a47	c_39452a47b21cbd323a7614b70fadfc55b83007d8_0.json	67	136.528076171875
3	99	2619aba7	c_2619aba78ddf1e3e0a38f7b7c9cccbce225ce864_0.json	68	136.51617431640625
3	47	fb41ecd7	c_fb41ecd7170303482bb50a5731d121110e15ea84_0.json	69	136.4476776123047
3	229	b8c2d9d9	c_b8c2d9d9dc9aab45f83cf49ac93cfa8546e4c08e_0.json	70	136.35043334960938
3	6	dfd60e3e	c_dfd60e3ed99c3d78ea891f7776748e87c5f01864_0.json	71	136.34738159179688
3	193	d911f5f2	c_d911f5f22724170639c9968581764b1a84017b52_0.json	72	136.187255859375
3	123	ac23124f	c_ac23124f18d996dbaf32617e2af3209d141274bc_0.json	73	136.16879272460938
3	108	8fe42694	c_8fe42694a202433d1ce48e4804162d789d2091af_0.json	74	136.15670776367188
3	88	90cb5821	c_90cb58217ebc628734ebbd4ca84e9eea9305dd77_0.json	75	136.1387939453125
3	225	6520641c	c_6520641c1051abe4c7ca9f87068be8832ae61a56_0.json	76	136.11253356933594
3	93	d14d1729	c_d14d17299d655e7556b8da96e86f301068b4af0f_0.json	77	136.10279846191406
3	280	bdf8b566	c_bdf8b5662ee5c1c7bc2d1f7cede945709b27a64e_0.json	78	136.0614776611328
3	168	c50e0968	c_c50e0968c219085d042c8d64d30c716830a3622c_0.json	79	135.98995971679688
3	130	3ac05714	c_3ac057145c42528773c456dc6d622b6aabf26e41_0.json	80	135.9690704345703
3	277	62e27b40	c_62e27b40aaa8ceade29ef0115c596f534e17ddbe_0.json	81	135.9371337890625
3	220	94a4db4f	c_94a4db4fef14db8f1b92dc5191cbdd8c2c1b2101_0.json	82	135.80728149414062
3	132	57d13171	c_57d131714a8b0628e7c85c95589bebabb5a5ca22_0.json	83	135.75953674316406
3	205	d3dee547	c_d3dee54746095efd4a5e15fdc0bbd066c357aed2_0.json	84	135.74945068359375
3	25	e727c992	c_e727c992094a447fea8ef2bf9c18e2d55e680254_0.json	85	135.72361755371094
3	258	71191d31	c_71191d319734c1ddb804a0ffdcb318db41ff619b_0.json	86	135.68731689453125
3	19	a7b192df	c_a7b192dfd931c420763054cc6c73cb79cbcf14c5_0.json	87	135.66554260253906
3	272	02a1e84c	c_02a1e84c122137ab0ad9a7ffde9525f4822c5c3c_0.json	88	135.64535522460938
3	26	c00b6e25	c_c00b6e25b8c636d6bb29d0a2b712c24002915c07_0.json	89	135.6291046142578
3	143	6257f83a	c_6257f83a1fce4c2addba7e3e5c7bcc49d8006897_0.json	90	135.5934295654297
3	191	dce4ad64	c_dce4ad64d1a0b9b62eea667ba4c7c58cea435d2d_0.json	91	135.5888214111328
3	43	4cec5dbc	c_4cec5dbc051e5bd1ba4dff9aa87a5c81ad4f0abd_0.json	92	135.2556915283203
3	97	e988be34	c_e988be3476413d6b12e9fce379fafd4967bf73a2_0.json	93	135.23849487304688
3	72	5563aa73	c_5563aa731f93b0c3c2dd69fc104164eb4cf025df_0.json	94	135.1122589111328
3	158	31d080c3	c_31d080c31f10e40952a113b2cb656a6f5d631dbe_0.json	95	135.0587158203125
3	269	20a88d9b	c_20a88d9b49beda71ddee69af92872716fd00f13a_0.json	96	135.02220153808594
3	35	c76ca5ec	c_c76ca5ec26d4b1fd434bc47271ef54fc58fb35d2_0.json	97	134.99822998046875
3	169	15194a9e	c_15194a9e772c4929ff008333d3537221095d6237_0.json	98	134.88174438476562
3	113	c10a2d73	c_c10a2d739970c3dd19409e958fb4479135a821b9_0.json	99	134.849853515625
3	79	04d863b6	c_04d863b6e0f2a32e8553db67b08e8513fa403321_0.json	100	134.8263397216797
3	129	a175e52e	c_a175e52e191e5380751be4da52fca26122cf8055_0.json	101	134.78042602539062
3	7	7748f47d	c_7748f47dcab2b77d0aeceef6af87b13851c3e7f3_0.json	102	134.75741577148438
3	61	9a0aebb8	c_9a0aebb8790cfa3dc6bd236d6e25b78f7eb87425_0.json	103	134.75502014160156
3	233	356aee75	c_356aee756a4b13c717392032cc70ebfeba2ee0e6_0.json	104	134.73214721679688
3	180	0752e9ac	c_0752e9ac06e72b67554450877251e2eca87c504f_0.json	105	134.7069854736328
3	64	ee0335a9	c_ee0335a99e62b5c61e313a7b290fd8f18cc0fd71_0.json	106	134.69595336914062
3	175	e65d67e1	c_e65d67e1c41746e811503255fadacef6de645eec_0.json	107	134.6955108642578
3	236	b40cb99c	c_b40cb99ccd4407f03d5b8bdf818069c57495b846_0.json	108	134.6896514892578
3	57	5ad899e3	c_5ad899e3b481ba87002ca0a1aac398547b8099e0_0.json	109	134.54397583007812
3	246	0f69bbfd	c_0f69bbfd70f349bf2b072b3ff001a47a8eebc0b8_0.json	110	134.53981018066406
3	196	ce8a31b1	c_ce8a31b1ce8a1a555642b4e05387a5b6b414a688_0.json	111	134.53811645507812
3	78	899036a3	c_899036a36138ab7ae810ec2b351d8226c66908bc_0.json	112	134.5044708251953
3	260	9137228b	c_9137228b9ec7e4f166e8940933420fe62071254c_0.json	113	134.444580078125
3	291	3b8cd11d	c_3b8cd11d086e4e09e801deb114d34abb80175ac0_0.json	114	134.39088439941406
3	69	e0e3ef2a	c_e0e3ef2ae7a2682d488a4141a0ecafd22a20967e_0.json	115	134.38621520996094
3	157	3e7120c8	c_3e7120c8fa69249a264face69d3f69e57b8e9c2b_0.json	116	134.3336181640625
3	122	9897dac9	c_9897dac93ab98edf73a897443243b98ea6f0eb8f_0.json	117	134.29298400878906
3	262	91a01c9c	c_91a01c9c6c0078bbc055a1e05b705edcbefb247f_0.json	118	134.24539184570312
3	190	52d82d1d	c_52d82d1dfff8c2b2ded9d843e0b03017af6d747c_0.json	119	134.10159301757812
3	231	21a3b879	c_21a3b8795df1ac6008a592911afaa5118ad3061a_0.json	120	133.97930908203125
3	127	12cb31c3	c_12cb31c3fe59c7893bae91523e664c84abca93c7_0.json	121	133.88099670410156
3	80	cb74b50f	c_cb74b50ffe49e3b792773258a9ba3af3b5d6577e_0.json	122	133.8743896484375
3	121	e203e82b	c_e203e82bad91eeff6c9f0dda1ddc779f4fa4d14a_0.json	123	133.8511199951172
3	65	e0ee3930	c_e0ee3930349ed31b7e69c987380ee5edaa501602_0.json	124	133.79811096191406
3	120	94c6cc1a	c_94c6cc1a69c575aca1bde1b6efef50cb4c1fe0ee_0.json	125	133.72119140625
3	144	e57f11af	c_e57f11af8917edbab47c7cecf55ff1d1f07dd56a_0.json	126	133.6888427734375
3	82	f023dc16	c_f023dc16c9bd83cc76bb3864b4883f37b6ea712b_0.json	127	133.66212463378906
3	128	0e82d923	c_0e82d923ac13eda54842c0039777c8e99ad8026d_0.json	128	133.55552673339844
3	142	82e6bf97	c_82e6bf9700970395ef234de1609e7e93b20e1a94_0.json	129	133.5465087890625
3	182	66555de5	c_66555de56715ccb185dee4dd2b25b1e93cc5c73e_0.json	130	133.43862915039062
3	37	83b6dede	c_83b6dedef42ab67db1faef06f8595c651f03160d_0.json	131	133.25079345703125
3	245	d6ce22b7	c_d6ce22b75c7d06e24dc2994529dfa79a09016f04_0.json	132	133.06088256835938
3	134	08a3ed25	c_08a3ed259baa23f4320a2b3abf26ed6a09f3dc05_0.json	133	132.95452880859375
3	10	e5afc85e	c_e5afc85e67e21f11f7c5240f3b762ed661910b3d_0.json	134	132.8236083984375
3	124	e8b045b0	c_e8b045b0218f9bf6fca68e088096194c7d17f4e3_0.json	135	132.75892639160156
3	100	d308d513	c_d308d513e2cfb26ae2218c51e3c482eded08ff9d_0.json	136	132.70608520507812
3	282	1cb3d5a7	c_1cb3d5a7c83ec4309582ea7c70b783f4b97a71d0_0.json	137	132.57032775878906
3	149	035f5283	c_035f5283ab5c6e6885610651166631d3461d8a8c_0.json	138	132.5382080078125
3	266	a5973f33	c_a5973f330ff30773c2101343c3d6144cede156ed_0.json	139	132.27992248535156
3	83	f6667a69	c_f6667a69015121a5ddea479d33702273cc96a623_0.json	140	132.24368286132812
3	150	ac731fb4	c_ac731fb44d6a6c6ba33702887a8e8cef43ca9cb7_0.json	141	132.21461486816406
3	248	fab9e0f1	c_fab9e0f107a929697589618995f259992711d263_0.json	142	132.19268798828125
3	21	51901003	c_5190100336e9218a9ca78eca04908b55858671ea_0.json	143	132.0499267578125
3	279	4a2fa90d	c_4a2fa90d456a6c6bd1bf4febf4692ead46a38a20_0.json	144	132.0314178466797
3	111	e38b781e	c_e38b781e13aafdcd2ac5b9c4353b305450628980_0.json	145	131.88107299804688
3	33	752897b3	c_752897b3e5efb8127c3bb797dbdf3bf511ec91b5_0.json	146	131.6343231201172
3	110	f57037a7	c_f57037a7dba457822e233129408b4d71353c0b99_0.json	147	131.58575439453125
3	278	2957b30b	c_2957b30b297caad22f4fcc3c07cf70368dd1282c_0.json	148	131.4829864501953
3	241	2a29c1fe	c_2a29c1fe3ed16cdda533ca23dbe4f350ab6801c0_0.json	149	131.4365234375
3	197	16541c65	c_16541c65bc50f8f303000c727469af7121df2237_0.json	150	131.41603088378906
3	290	ffd08a49	c_ffd08a49645240d4f184f338ecb1175a7b7f0b0c_0.json	151	131.41033935546875
3	133	ed9becff	c_ed9becff200badd785e0d7780c73b3af22a5e0ce_0.json	152	131.30233764648438
3	20	5612674f	c_5612674fb2e4e4a8dbc164cc15d17e00c72860e9_0.json	153	131.27935791015625
3	4	4f10ae2e	c_4f10ae2edef970df9f189754e88d7f92f1b536e1_0.json	154	131.27874755859375
3	28	293d0ddf	c_293d0ddf08193812286ed983c94c675d33ae678a_0.json	155	131.25228881835938
3	188	628ece3a	c_628ece3a5b40c65bc114cb2ffb219599b19db380_0.json	156	131.20050048828125
3	102	76544539	c_765445394812db1c3dedd22cce7749dfb7713971_0.json	157	131.1665802001953
3	11	690728e6	c_690728e6332774663f2ae37d3fd473cbd0ada67f_0.json	158	131.0535888671875
3	135	93691a55	c_93691a5572245cde0526b175960d5cfbe331395a_0.json	159	131.04788208007812
3	234	eda7f6f9	c_eda7f6f9611bd8cf4c1e71f1e16c44611cbfbe7b_0.json	160	131.03713989257812
3	109	2d72fe3f	c_2d72fe3f3bbfaef98d3cd32c8aeb9870ddfd079d_0.json	161	131.0123291015625
3	201	6bc22c07	c_6bc22c07f7036d3bf8031aabf3ed3ac7dbb17e3f_0.json	162	130.99041748046875
3	153	356db132	c_356db13229632472d341d52c02b0f8bf0f267458_0.json	163	130.98204040527344
3	261	695754bb	c_695754bb76162e2349c8a6ebb4b29aef0bd6fe8d_0.json	164	130.88543701171875
3	114	ee113eb4	c_ee113eb4fbe9a51a7a834f6ac9aafda8238be725_0.json	165	130.87918090820312
3	161	0f9ad2eb	c_0f9ad2ebc9f566960829716fde8953acae5993f1_0.json	166	130.8058319091797
3	166	735582af	c_735582af110b5939844936ee63b2eef9c5c321ea_0.json	167	130.8058319091797
3	177	7c80e367	c_7c80e367cb599ec813f3d9bb42a6d2b36b75644c_0.json	168	130.7949676513672
3	237	8c6b42a6	c_8c6b42a65d989469b6e49aeabb1877bae1dc0fd1_0.json	169	130.74940490722656
3	0	71205dde	c_71205dde6b8eda4140c777b4fb71935d73bf2d12_0.json	170	130.711669921875
3	140	83b64a2b	c_83b64a2b5acb327a9a37016b107ababe7244c6da_0.json	171	130.70181274414062
3	92	6a965e8d	c_6a965e8d892f26a5aaa38d9ed0cfec7783208319_0.json	172	130.68179321289062
3	174	fb5e3f40	c_fb5e3f403b8483627d9661fcf2985e78c8640c83_0.json	173	130.67759704589844
3	226	f447e026	c_f447e02651e5d68166f5be85751d41faddfa72c6_0.json	174	130.6142120361328
3	70	9d632c2f	c_9d632c2f513e3b519a4c10a3ba6ad3652cd04b20_0.json	175	130.59768676757812
3	85	c8b8dd87	c_c8b8dd8771cca2b5af498d540fc44806ad40637d_0.json	176	130.50979614257812
3	84	c23fdd2c	c_c23fdd2c3f0bec540bee78c1d292d4c33a588d82_0.json	177	130.4910430908203
3	207	5e2c0d15	c_5e2c0d15f5960a509275a5cb13a49f356e41a02b_0.json	178	130.45556640625
3	98	588d1475	c_588d1475c74314803eec9410b2d94be27cb6036c_0.json	179	130.4200897216797
3	30	d542ac38	c_d542ac38c91731d1fd91feefee6301d90aa44957_0.json	180	130.39952087402344
3	239	58439454	c_584394545559a895bdfe127f3d729eb4841994c6_0.json	181	130.3181610107422
3	115	e133c23d	c_e133c23d6b8eb548fa3852b52740b523dfa2bad3_0.json	182	130.306640625
3	160	13a457cc	c_13a457cc88731927abc43564abd4e2f6c388a6db_0.json	183	130.20626831054688
3	255	fdc79f72	c_fdc79f72dd25b7564aa2ba1c4ad69fa51c54f0f8_0.json	184	130.18368530273438
3	15	ea515a8d	c_ea515a8d142e060b70844a040a94c71439171bf5_0.json	185	130.1809539794922
3	105	f70672ad	c_f70672ad23482f620b4caff5aea6c9271138d8cf_0.json	186	130.12875366210938
3	106	11ba9aed	c_11ba9aed65ce83f7394755fdfc406104177e55d9_0.json	187	130.0825958251953
3	244	4d67ff22	c_4d67ff229be56b150180cd6652d118075d171e05_0.json	188	129.89598083496094
3	36	ec225adf	c_ec225adf2f6ce3ad2681d06ab0aeb83ec1a00f9b_0.json	189	129.89227294921875
3	8	727432fe	c_727432fe12821b9e25e2c5a1758076ad83b098eb_0.json	190	129.72918701171875
3	12	a0c7d998	c_a0c7d99835895fa1836aefcf947228551842167d_0.json	191	129.66969299316406
3	53	2a02fe78	c_2a02fe784259660283fc80124a699ab9c637dd0b_0.json	192	129.65623474121094
3	66	63a28b8f	c_63a28b8f0c1936d502d88614a99abf0aac65b49a_0.json	193	129.6442413330078
3	86	c1b1a1ff	c_c1b1a1ffca322edf9af7689f40d5ae3e0e889661_0.json	194	129.62722778320312
3	1	941f00ce	c_941f00ce535e98f4f45ba838ed92795f7a615508_0.json	195	129.61830139160156
3	96	68e73bed	c_68e73bed684f9fc16e9ed2b4c1e6bdad97071ea5_0.json	196	129.58706665039062
3	13	19e0f44e	c_19e0f44eafe0fb923e292b1dc6dc8706bb8100c0_0.json	197	129.5310516357422
3	50	b8722343	c_b87223431e18100a35be17ed44b40fc9c7ff14e8_0.json	198	129.51766967773438
3	202	a0c1b191	c_a0c1b191fa653c664f966bd12bf2fb929a382a53_0.json	199	129.4137420654297
3	221	981c0002	c_981c0002d5accb9ebc056b7a34025fd814c4e17f_0.json	200	129.37051391601562
3	232	100d5313	c_100d531386e69f70bc73a039b4a5776e4ab36cbf_0.json	201	129.3242950439453
3	5	ddafa8f0	c_ddafa8f0cf6b44ff6df7ff176caeff84be8c260c_0.json	202	129.2166748046875
3	223	cdcca2e6	c_cdcca2e6c4ee0d8d7aa92163cac6aa4b551ef184_0.json	203	129.0977783203125
3	148	79543da9	c_79543da9d084c90e29643c6d47e782ae69a2f314_0.json	204	128.97874450683594
3	181	f6336648	c_f6336648d893f0ad455d53ab85f82128937fa41c_0.json	205	128.8941650390625
3	163	3efc1d8e	c_3efc1d8ea4e1eb677b036e34cc9fe1bc698c0178_0.json	206	128.88818359375
3	274	00e03059	c_00e030595183922b5157358ec502f4ce4f168753_0.json	207	128.7095947265625
3	185	de101068	c_de10106801ea43d169a5b58285a9235ff382981c_0.json	208	128.70281982421875
3	51	66cf3bd9	c_66cf3bd969dac311d4dc50fd9a19ce387095afec_0.json	209	128.67971801757812
3	40	d718e52b	c_d718e52b671b8395084905f8063a09be17caf2b3_0.json	210	128.63807678222656
3	39	10a1327b	c_10a1327b88bdb842bfb58605887175c2bc7b4a75_0.json	211	128.4012451171875
3	263	f7e1454b	c_f7e1454b66dfba0a376ad00162eb741db9bfe7a8_0.json	212	128.18226623535156
3	254	372c15eb	c_372c15eb25b6087d13bc4f107e9a048e69a2a478_0.json	213	128.046875
3	125	ee24bba6	c_ee24bba63143009029408053d153e5cb3cf877a3_0.json	214	128.04025268554688
3	170	71e72607	c_71e7260746a902d1070a190fd78bd560464860b9_0.json	215	128.00091552734375
3	116	79ba87de	c_79ba87de2c46978b3066b97b62e23d53b14aefac_0.json	216	127.99576568603516
3	179	fd997bab	c_fd997bab3ba6b3599d9236dfbfa6f0bc80b4c3b0_0.json	217	127.96481323242188
3	42	124b73fe	c_124b73fed7492b3118c4ea43c28dc0b1bceda032_0.json	218	127.8555679321289
3	49	ddf6ebfb	c_ddf6ebfb1147e0fc3de39050b35cb2bf3857079f_0.json	219	127.8526611328125
3	275	85daf800	c_85daf8002a25291e798e4fb9e7b6e37c2a2ac4ab_0.json	220	127.85110473632812
3	198	6f16107c	c_6f16107c7ebfdaeb23d6bc7a0f01bdc992557074_0.json	221	127.8162612915039
3	17	41d7c62b	c_41d7c62ba2c811904a21f1821cb530ef28b4e547_0.json	222	127.77748107910156
3	101	d99d0bd4	c_d99d0bd4700b43aadbffd159918fb58c7feb52a8_0.json	223	127.74401092529297
3	213	d09530a3	c_d09530a36ddb367da4d47c487496b68d999f7837_0.json	224	127.66392517089844
3	211	98a85c3b	c_98a85c3bfd859e3bcb6670398f3169ff16edcf4e_0.json	225	127.5001449584961
3	44	e983a641	c_e983a64122755c52935c514c784b85036d685c07_0.json	226	127.40424346923828
3	242	6a43ce7a	c_6a43ce7aa8fb6be26fd0559b189dce704a0a32f5_0.json	227	127.38421630859375
3	89	0305a103	c_0305a10301656d73ed010d3443256cc003cf0018_0.json	228	127.34105682373047
3	268	dd61a2d5	c_dd61a2d5258f831bb16a4ef1b94e74048d69058f_0.json	229	127.32356262207031
3	287	bcbf5d68	c_bcbf5d68c9a5499b06f8e4b9dd6db39ee590a54d_0.json	230	127.30392456054688
3	271	95de62c7	c_95de62c7b90ad22b4051f3d4f61d99cec59ec487_0.json	231	127.10211181640625
3	167	b5525f4f	c_b5525f4f214b42c0fb3fb4377aaf07342821a704_0.json	232	127.01770782470703
3	247	165d33f8	c_165d33f8c676d4b5063d1899beab3a352afb7d82_0.json	233	127.01620483398438
3	152	d1c7c8d5	c_d1c7c8d5ecbf919f9f9a5d69faefa2e37f140332_0.json	234	126.92045593261719
3	95	c6812d68	c_c6812d686674e7006b8de12a9a5ba0f69b10fa98_0.json	235	126.79295349121094
3	145	c7e8f035	c_c7e8f03539089ff0cc637756aaf01316c6e9a4f4_0.json	236	126.73193359375
3	184	75106127	c_751061272644721cd1f27fc6ca2ec3acef36bd47_0.json	237	126.67935180664062
3	186	7882213c	c_7882213ce2fde3ef9b990c494f47aeae7b6f6946_0.json	238	126.50248718261719
3	2	0e0d4759	c_0e0d47592c8ce9aac136d336c8ac931a06fd6feb_0.json	239	126.47936248779297
3	141	63ff02e5	c_63ff02e53e5bddd77b8c22af583f2fd0e2bd0c8e_0.json	240	126.39918518066406
3	212	5b74e6da	c_5b74e6da63b1f0ad9972c2ca3f85abcb1080fb53_0.json	241	126.36842346191406
3	9	f0ff6ed7	c_f0ff6ed771ce1a795ec84897254ceb008f0e98a1_0.json	242	126.34811401367188
3	172	bf82e029	c_bf82e029a98865bf4228c6f4dc091bd5deb69f3c_0.json	243	126.29845428466797
3	238	2f76d9d3	c_2f76d9d334ac7470d908ab59feab58249f6ea8ac_0.json	244	126.28388214111328
3	257	26ad9f25	c_26ad9f259e776eb5cea3c283affe385c71ed4486_0.json	245	126.22162628173828
3	16	18f11427	c_18f114279392e140081072ef93f3e01b52b07069_0.json	246	126.2030029296875
3	235	ee2d79cd	c_ee2d79cddbace4618e7ae31f07343f804d800962_0.json	247	126.17560577392578
3	286	9d40f09d	c_9d40f09dfb21f94bf9d058c1b83f46e103984aec_0.json	248	126.00652313232422
3	94	98b5bc5c	c_98b5bc5c91679d112be69caf365310ae6b3a0f32_0.json	249	125.93407440185547
3	90	6fc9947c	c_6fc9947c7d2b10c066a22a0edfa884832bba3e69_0.json	250	125.93365478515625
3	289	59ebd4d8	c_59ebd4d8e3c7bea933ba1ee3a7949468d8619a0f_0.json	251	125.79473114013672
3	199	40446e52	c_40446e524e0fc7591f0f9879ab8c994827175075_0.json	252	125.74266052246094
3	203	38dfda04	c_38dfda04ba5985e228d3f9be61bf9a1fb9481b35_0.json	253	125.66090393066406
3	288	60eaf259	c_60eaf259384a95787e41dc803aee8929c55971b6_0.json	254	125.56187438964844
3	204	a9f3aedc	c_a9f3aedce1578a6b5d8831718ca218a5e9b38770_0.json	255	125.56149291992188
3	249	69187b5e	c_69187b5e3a500878311f2b67ef7385b385845fb6_0.json	256	125.35639953613281
3	22	ab75c6af	c_ab75c6affbd6074d64c5205d14d350f18a816318_0.json	257	125.35494995117188
3	187	65216aec	c_65216aecdc6a6a69f3afdd424f60d6617b7089ec_0.json	258	125.31904602050781
3	14	9121badb	c_9121badb679c4678bc0b83dec478b5ce5478abeb_0.json	259	125.31623077392578
3	216	1b5b070a	c_1b5b070a266b0e1f70302a8d4448d318d7a39a8e_0.json	260	125.30601501464844
3	230	4449af5b	c_4449af5be0d81e35daef251055eca4cbfffd1d5c_0.json	261	125.29850006103516
3	259	0f1e8c3a	c_0f1e8c3acefeaa0d0c0f3e78a1abd7620c9c757f_0.json	262	125.21302032470703
3	41	1078329a	c_1078329ade725b36e3617dd7c6dd7a714810795c_0.json	263	125.0212631225586
3	218	cad66447	c_cad66447478d7d29bc04b3ce6a9049d6912c11b4_0.json	264	124.53491973876953
3	215	2d1d34cc	c_2d1d34cc11798e71ebb1ce1869a30ece43ff1a47_0.json	265	123.96090698242188
3	228	2f7454a0	c_2f7454a01e4c2992bffc3d86137e632e80c5027f_0.json	266	123.75576782226562
3	281	93dcc369	c_93dcc369bdf4423ec7af521d730ecf05f319d974_0.json	267	123.53871154785156
3	273	81b6c117	c_81b6c1171a695a42b72220578d50afb3a43dff2b_0.json	268	123.51721954345703
3	67	306d2404	c_306d24046c948f39f3432fe204764dde130155d8_0.json	269	123.50472259521484
3	77	8d85bf94	c_8d85bf94d9c4d8de84d5655dfbec369f5759bf8e_0.json	270	123.50472259521484
3	284	9f243610	c_9f243610fca08de0998ae66c55bb79eed3c45720_0.json	271	123.46186828613281
3	224	dbf200d0	c_dbf200d03744364dedd37de6437e06db48189d9c_0.json	272	123.38189697265625
3	48	62561200	c_625612006d4a4624e51f31197ca0b924914176e5_0.json	273	123.33720397949219
3	240	5b95cdf0	c_5b95cdf05da5461c7532f4ba4fcf0b6db488b26d_0.json	274	123.32939147949219
3	112	a960c131	c_a960c131869fd549e686c7443f7ee11f57607592_0.json	275	123.27426147460938
3	74	af5537c3	c_af5537c33bbb27c5f577ef5d7c2b8478ceaaefa5_0.json	276	123.25985717773438
3	24	1dcf683d	c_1dcf683da3d9f48ff682e7c9a8a50e02392863b9_0.json	277	123.25719451904297
3	192	0148ae49	c_0148ae493e7a0462e13ea595f2be1dfcc819adba_0.json	278	123.17488098144531
3	292	d7b01850	c_d7b01850ef418b1d261cdb2029f8f85ab4031553_0.json	279	123.10377502441406
3	183	10dc7484	c_10dc7484de512026681252138023e017eeba87f9_0.json	280	123.03740692138672
3	62	36fb7612	c_36fb76122133d84a2cab218dbddc9b6952f59ab7_0.json	281	122.7319107055664
3	162	7932bdb3	c_7932bdb3b8dd51080c252ca5af50cb5b1d19c1b9_0.json	282	121.59686279296875
3	60	5bc00600	c_5bc006005c55912b9c94b9c8273727a7af45f0f0_0.json	283	121.58604431152344
3	68	eed8afb9	c_eed8afb96bb1858d410bd3cafd01f815deb672d4_0.json	284	121.42669677734375
3	217	df9d1bbc	c_df9d1bbcdf99349c471d934ab9df4cc7eae58c59_0.json	285	121.3682861328125
3	56	6b0e4534	c_6b0e4534b45d9344d13b71ff5f5369d6dbefb8c9_0.json	286	121.27491760253906
3	283	4ea5032f	c_4ea5032f95075b87cb8bd68681e4182661e303f1_0.json	287	121.08690643310547
3	256	f9867d5a	c_f9867d5a6169931b7c366735dbc219cc44234aff_0.json	288	120.79159545898438
3	219	a3fbcb04	c_a3fbcb04e2c9f0f21ce4caeb68cfab570be6b6c0_0.json	289	119.5459976196289
3	46	ca867027	c_ca867027ada51ce2cccc8669424495fa41eb45b5_0.json	290	119.27137756347656
3	195	fa0f64df	c_fa0f64dfc26fc48d99a67cb74f641198178dfbc3_0.json	291	119.21153259277344
3	208	d0ff33a6	c_d0ff33a67f6393e4d50d82c5f4db8506a622bd47_0.json	292	119.0518569946289
3	227	875e5cfb	c_875e5cfbc1a13550387262293ccdf450bded8b56_0.json	293	116.52911376953125
